도번,LG부품,LG품명,매핑 자도번,상태,← 담당확정(수정시)
4849A10047A,3H00815H,Expendables_,,미매핑,
4849A10047A,49113007,Solder Soldering,,미매핑,
4849A10047B,49113007,Solder Soldering,,미매핑,
4849A20056J,49112009,Expendables_,,미매핑,
4849A20059D,3H00815J,Expendables_,,미매핑,
4849A20059D,5220A90008C,"Valve,Solenoid",,미매핑,
4849A20060A,3H00815J,Expendables_,,미매핑,
4849A20060B,3H00815J,Expendables_,,미매핑,
4849A20069M,RAC30599303,Solder Soldering,,미매핑,
5211A00011E,3H00815J,Expendables_,,미매핑,
5211A00011P,3H00815J,Expendables_,,미매핑,
5211A10458H,MJU57271809,"Tube,Connector",,미매핑,
5211A10458H,MJU57271810,"Tube,Connector",,미매핑,
5211A10458H,RAC30599301,Solder Soldering,,미매핑,
5211A10480B,RAC30599301,Solder Soldering,,미매핑,
5211A10549A,3H00815J,Expendables_,,미매핑,
5211A10549A,3H01582B,Tie,,미매핑,
5211A10623D,3H00815J,Expendables_,,미매핑,
5211A11023C,3H00815J,Expendables_,,미매핑,
5211A11024A,3H00815E,Expendables_,,미매핑,
5211A11034A,3H00815J,Expendables_,,미매핑,
5211A11065T,3H00815H,Expendables_,,미매핑,
5211A11065T,3H01582B,Tie,,미매핑,
5211A11604A,3H00815J,Expendables_,,미매핑,
5211A11604A,49112009,Expendables_,,미매핑,
5211A11604C,3H00815J,Expendables_,,미매핑,
5211A11604C,49112009,Expendables_,,미매핑,
5211A12001A,3H00815H,Expendables_,,미매핑,
5211A19008C,3H00815H,Expendables_,,미매핑,
5211A19008C,MJU61889106,"Tube,Distributor",,미매핑,
5211A19008D,3H00815H,Expendables_,,미매핑,
5211A19008J,3H00815H,Expendables_,,미매핑,
5211A19008K,3H00815H,Expendables_,,미매핑,
5211A20297Z,3A02531P,"Tube,Distributor",,미매핑,
5211A20297Z,3H00815J,Expendables_,,미매핑,
5211A20349P,3H00815H,Expendables_,,미매핑,
5211A20349P,4930A20053A,"Holder,Sensor",,미매핑,
5211A20349T,3H00815J,Expendables_,,미매핑,
5211A20349Z,RAC30599301,Solder Soldering,,미매핑,
5211A20356M,3H00815J,Expendables_,,미매핑,
5211A20356U,3H00815J,Expendables_,,미매핑,
5211A20356W,3H00815H,Expendables_,,미매핑,
5211A20459E,3H00815H,Expendables_,,미매핑,
5211A20459E,49112009,Expendables_,,미매핑,
5211A20459E,FAD30146403,"Nut,Customized",,미매핑,
5211A20466L,3H00815J,Expendables_,,미매핑,
5211A20466L,3H01582B,Tie,,미매핑,
5211A20466L,49113007,Solder Soldering,,미매핑,
5211A20466L,5410A30055S,"Insulator,Tube",,미매핑,
5211A21806A,3H00739A,Spring,,미매핑,
5211A21806A,49113007,Solder Soldering,,미매핑,
5211A21806A,5006AR4091C,Cap,,미매핑,
5211A21806A,53402025,"Tape,Filament",,미매핑,
5211A21806A,RAC30599301,Solder Soldering,,미매핑,
5211A21811B,3H00815H,Expendables_,,미매핑,
5211A21811B,3H01582B,Tie,,미매핑,
5211A21811B,49112009,Expendables_,,미매핑,
5211A21813B,3H00815J,Expendables_,,미매핑,
5211A21813B,49112009,Expendables_,,미매핑,
5211A21813B,5006AR4091B,Cap,,미매핑,
5211A21904A,3H00815J,Expendables_,,미매핑,
5211A21904M,3H00815J,Expendables_,,미매핑,
5211A21904M,4930A20053A,"Holder,Sensor",,미매핑,
5211A21904N,3H00815J,Expendables_,,미매핑,
5211A22009Q,3H01582B,Tie,,미매핑,
5211A22009Q,RAC30599301,Solder Soldering,,미매핑,
5211A22057R,3H00815J,Expendables_,,미매핑,
5211A22057R,MJU00833201,"Tube,Connector",,미매핑,
5211A22057R,MJU00833501,"Tube,Connector",,미매핑,
5211A22057S,3H00815J,Expendables_,,미매핑,
5211A22057S,MJU00833202,"Tube,Connector",,미매핑,
5211A22057S,MJU00833502,"Tube,Connector",,미매핑,
5211A23366A,3H00815H,Expendables_,,미매핑,
5211A23366A,4010AR3071A,"Socket,Flare",,미매핑,
5211A23366A,4010AR3071B,"Socket,Flare",,미매핑,
5211A23366A,49113007,Solder Soldering,,미매핑,
5211A23366A,53402025,"Tape,Filament",,미매핑,
5211A23366B,3H00815H,Expendables_,,미매핑,
5211A23366B,49113007,Solder Soldering,,미매핑,
5211A23366B,5006AR4091C,Cap,,미매핑,
5211A23366B,53402025,"Tape,Filament",,미매핑,
5211A24134B,3H00815J,Expendables_,,미매핑,
5211A26008A,RAC30599303,Solder Soldering,,미매핑,
5211A29907A,3H00815H,Expendables_,,미매핑,
5211A29907A,49113007,Solder Soldering,,미매핑,
5211A30050D,RAC30599301,Solder Soldering,,미매핑,
5211A30050E,RAC30599301,Solder Soldering,,미매핑,
5211A30369A,3H00815D,Expendables_,,미매핑,
5211A30708S,3H01582B,Tie,,미매핑,
5211A30708S,RAC30599303,Solder Soldering,,미매핑,
5211A30756B,3H00815J,Expendables_,,미매핑,
5211A39010A,3H00815J,Expendables_,,미매핑,
5211AP2678B,RAC30599301,Solder Soldering,,미매핑,
5211AP2678C,RAC30599301,Solder Soldering,,미매핑,
5211AP2678E,3H00815J,Expendables_,,미매핑,
5211AP2678J,RAC30599301,Solder Soldering,,미매핑,
5425AP7108C,3H00815J,Expendables_,,미매핑,
5425AP7108K,3H00815J,Expendables_,,미매핑,
AAB34431202,3H00815H,Expendables_,,미매핑,
AAB34431202,3H01582B,Tie,,미매핑,
AAB73710401,RAC30599301,Solder Soldering,,미매핑,
AAB73710401,RAC30599309,Solder Soldering,,미매핑,
AAB73710402,RAC30599301,Solder Soldering,,미매핑,
AAB73710402,RAC30599309,Solder Soldering,,미매핑,
ACQ30605001,3H01582D,Tie,,미매핑,
ACQ30605001,RAC30599301,Solder Soldering,,미매핑,
ACQ30662801,3H01582C,Tie,,미매핑,
ACQ30662801,3H01582D,Tie,,미매핑,
ACQ30662801,MJU00722801,"Tube,Connector",,미매핑,
ADL76734508,7210A90001C,"Gas,Helium",,미매핑,
ADL76734508,7210QO0001B,"Gas,Nitrogen",,미매핑,
ADM72950701,3H01582G,Tie,,미매핑,
ADM72950701,RAC30599301,Solder Soldering,,미매핑,
ADM72950704,3H01582G,Tie,,미매핑,
ADM72950704,49112009,Expendables_,,미매핑,
ADM72950704,4930A20053A,"Holder,Sensor",,미매핑,
ADM72950704,RAC30599301,Solder Soldering,,미매핑,
ADM72950706,3H01582G,Tie,,미매핑,
ADM72950706,49112009,Expendables_,,미매핑,
ADM72950706,RAC30599301,Solder Soldering,,미매핑,
ADM72950714,3H01582G,Tie,,미매핑,
ADM72950714,49112009,Expendables_,,미매핑,
ADM72950714,RAC30599301,Solder Soldering,,미매핑,
ADM72950717,3H01582G,Tie,,미매핑,
ADM72950717,49112009,Expendables_,,미매핑,
ADM72950717,RAC30599301,Solder Soldering,,미매핑,
ADM73190801,4A00609A,Cap,,미매핑,
ADM73190801,RAC30599301,Solder Soldering,,미매핑,
ADM73210501,49112009,Expendables_,,미매핑,
ADM73210501,4930A20053A,"Holder,Sensor",,미매핑,
ADM73210501,4A00609A,Cap,,미매핑,
ADM73210506,FAB30208603,"Screw,Customized",,미매핑,
ADM73210506,RAB36912801,"Tape,PVC",,미매핑,
ADM73210511,FAB30208603,"Screw,Customized",,미매핑,
ADM73210511,RAB36912801,"Tape,PVC",,미매핑,
ADM73210512,FAB30208603,"Screw,Customized",,미매핑,
ADM73210515,AJR76462624,Tube Assembly,,미매핑,
ADM73210515,FAB30208603,"Screw,Customized",,미매핑,
ADM73210515,RAB36912801,"Tape,PVC",,미매핑,
ADM73210516,FAB30208603,"Screw,Customized",,미매핑,
ADM74930502,FAB30208603,"Screw,Customized",,미매핑,
ADM74930502,RAB36912801,"Tape,PVC",,미매핑,
ADM74930507,FAB30208603,"Screw,Customized",,미매핑,
ADM74930507,RAB36912801,"Tape,PVC",,미매핑,
ADM74930508,FAB30208603,"Screw,Customized",,미매핑,
ADM74930511,FAB30208603,"Screw,Customized",,미매핑,
ADM74930511,RAB36912801,"Tape,PVC",,미매핑,
AFY74109506,RAC30599301,Solder Soldering,,미매핑,
AFY74209501,RAC30599301,Solder Soldering,,미매핑,
AGR30801601,5410A20017R,"Damper,Butyl",,미매핑,
AGR30801602,5410A20017R,"Damper,Butyl",,미매핑,
AHQ37048810,3H00815H,Expendables_,,미매핑,
AHQ37048810,3H01582D,Tie,,미매핑,
AHQ73469301,RAC30599301,Solder Soldering,,미매핑,
AJJ30041801,RAC30599301,Solder Soldering,,미매핑,
AJJ30041802,RAC30599301,Solder Soldering,,미매핑,
AJJ30041901,RAC30599301,Solder Soldering,,미매핑,
AJJ30041902,RAC30599301,Solder Soldering,,미매핑,
AJJ74578304,3H00815J,Expendables_,,미매핑,
AJJ74578304,3H01582B,Tie,,미매핑,
AJJ74578325,3H00815J,Expendables_,,미매핑,
AJJ74578325,3H01582B,Tie,,미매핑,
AJJ75178301,AJR75744102,"Tube Assembly,Suction(Ou",,미매핑,
AJJ75318301,3H00815J,Expendables_,,미매핑,
AJJ75318301,3H01582D,Tie,,미매핑,
AJJ75318301,MJX65116803,"Valve,Service",,미매핑,
AJJ75358401,AJJ73898630,Supporter Assembly,,미매핑,
AJJ75358404,AJJ73898630,Supporter Assembly,,미매핑,
AJJ75358421,EAP63107118,"Coil,Expansion",,미매핑,
AJJ75358421,EAP63107119,"Coil,Expansion",,미매핑,
AJJ75358425,AJJ73898630,Supporter Assembly,,미매핑,
AJJ75358426,AJJ73898630,Supporter Assembly,,미매핑,
AJJ75358426,EAP63107118,"Coil,Expansion",,미매핑,
AJJ75358426,EAP63107119,"Coil,Expansion",,미매핑,
AJJ75358427,AJJ73898630,Supporter Assembly,,미매핑,
AJJ75358428,AJJ73898630,Supporter Assembly,,미매핑,
AJJ75358428,AJR74803522,"Tube Assembly,Condenser(",,미매핑,
AJJ75358441,AJR75744140,"Tube Assembly,Suction(Ou",,미매핑,
AJJ75838620,AJJ73898630,Supporter Assembly,,미매핑,
AJJ75918509,AJR72946503,"Tube Assembly,Suction(Ou",,미매핑,
AJJ75918509,AJR75104017,"Tube Assembly,Expansion",,미매핑,
AJJ75918512,MJX63932317,"Valve,Service",,미매핑,
AJJ75918512,RAC30599303,Solder Soldering,,미매핑,
AJJ76318301,MJX65116803,"Valve,Service",,미매핑,
AJJ76418701,3H00815J,Expendables_,,미매핑,
AJJ76418702,3H00815J,Expendables_,,미매핑,
AJJ76418703,3H00815J,Expendables_,,미매핑,
AJJ76418704,3H00815J,Expendables_,,미매핑,
AJJ76418705,3H00815J,Expendables_,,미매핑,
AJJ76418706,3H00815J,Expendables_,,미매핑,
AJJ76418707,3H00815J,Expendables_,,미매핑,
AJJ76418713,3H00815J,Expendables_,,미매핑,
AJJ76418713,5220A20034C,"Valve,Service",,미매핑,
AJJ76418713,MJX62254001,"Valve,Service",,미매핑,
AJJ76418714,3H00815J,Expendables_,,미매핑,
AJJ76418714,MJX62254001,"Valve,Service",,미매핑,
AJJ76418715,3H00815J,Expendables_,,미매핑,
AJJ76418716,3H00815J,Expendables_,,미매핑,
AJJ76418716,MJX62254101,"Valve,Service",,미매핑,
AJJ76418717,3H00815J,Expendables_,,미매핑,
AJJ76418717,5220A20034C,"Valve,Service",,미매핑,
AJJ76418717,MJX62254001,"Valve,Service",,미매핑,
AJJ76418718,3H00815J,Expendables_,,미매핑,
AJJ76418718,5220A20034C,"Valve,Service",,미매핑,
AJJ76418718,MJX62254001,"Valve,Service",,미매핑,
AJJ76418719,3H00815J,Expendables_,,미매핑,
AJJ76418719,MJX62254001,"Valve,Service",,미매핑,
AJJ76418720,3H00815J,Expendables_,,미매핑,
AJJ76418721,3H00815J,Expendables_,,미매핑,
AJJ76418722,3H00815J,Expendables_,,미매핑,
AJJ76418723,3H00815J,Expendables_,,미매핑,
AJJ76418724,3H00815J,Expendables_,,미매핑,
AJJ76418724,MJU66478104,"Tube,Connector",,미매핑,
AJJ76418725,3H00815J,Expendables_,,미매핑,
AJJ76418727,3H00815J,Expendables_,,미매핑,
AJJ76418728,3H00815J,Expendables_,,미매핑,
AJJ76418729,3H00815J,Expendables_,,미매핑,
AJJ76559001,RAC30599301,Solder Soldering,,미매핑,
AJJ76559002,RAC30599301,Solder Soldering,,미매핑,
AJJ76559003,RAC30599301,Solder Soldering,,미매핑,
AJJ76559004,RAC30599301,Solder Soldering,,미매핑,
AJJ76559005,RAC30599301,Solder Soldering,,미매핑,
AJJ76559006,MJU66478104,"Tube,Connector",,미매핑,
AJJ76559006,RAC30599301,Solder Soldering,,미매핑,
AJJ76559007,RAC30599301,Solder Soldering,,미매핑,
AJJ76559008,RAC30599301,Solder Soldering,,미매핑,
AJJ76559009,RAC30599301,Solder Soldering,,미매핑,
AJJ76559010,RAC30599301,Solder Soldering,,미매핑,
AJJ76559011,RAC30599301,Solder Soldering,,미매핑,
AJJ76559012,RAC30599301,Solder Soldering,,미매핑,
AJJ76559013,RAC30599301,Solder Soldering,,미매핑,
AJJ76559014,RAC30599301,Solder Soldering,,미매핑,
AJJ76559015,RAC30599301,Solder Soldering,,미매핑,
AJJ76559016,RAC30599301,Solder Soldering,,미매핑,
AJJ76559017,RAC30599301,Solder Soldering,,미매핑,
AJJ76559102,RAC30599301,Solder Soldering,,미매핑,
AJJ76559103,RAC30599301,Solder Soldering,,미매핑,
AJJ76559105,MJX62254001,"Valve,Service",,미매핑,
AJJ76559105,MJX62254101,"Valve,Service",,미매핑,
AJJ76559105,RAC30599301,Solder Soldering,,미매핑,
AJJ76559106,RAC30599301,Solder Soldering,,미매핑,
AJJ76595403,AJJ76595404,Supporter Assembly,,미매핑,
AJJ76595403,AJR30059704,"Tube Assembly,Expansion",,미매핑,
AJJ76602101,3H01582D,Tie,,미매핑,
AJJ76602101,MJX63932302,"Valve,Service",,미매핑,
AJL75092114,1SBF0402418,"Screw,Taptite",,미매핑,
AJL75092114,3H01582B,Tie,,미매핑,
AJR30001401,4H00049A,"Tube,Pinch Off",,미매핑,
AJR30001401,5210A23089A,"Tube,Pinch Off",,미매핑,
AJR30001401,RAC30599301,Solder Soldering,,미매핑,
AJR30001601,RAC30599303,Solder Soldering,,미매핑,
AJR30003301,RAC30599301,Solder Soldering,,미매핑,
AJR30004702,3A00375B,"Socket,Flare",,미매핑,
AJR30004702,4930A20053A,"Holder,Sensor",,미매핑,
AJR30004702,MJU00697402,"Tube,Manifold",,미매핑,
AJR30004702,MJU00697501,"Tube,Connector",,미매핑,
AJR30004702,MJU00697502,"Tube,Connector",,미매핑,
AJR30004702,RAC30599303,Solder Soldering,,미매핑,
AJR30004702,RAC30599327,Solder Soldering,,미매핑,
AJR30007101,3H01582D,Tie,,미매핑,
AJR30007101,4930A20053A,"Holder,Sensor",,미매핑,
AJR30007101,5210A22409A,"Tube,Connector",,미매핑,
AJR30007101,MJU66760104,"Tube,Connector",,미매핑,
AJR30007101,RAC30599301,Solder Soldering,,미매핑,
AJR30007102,3H01582D,Tie,,미매핑,
AJR30007102,4930A20053A,"Holder,Sensor",,미매핑,
AJR30007102,5210A22409A,"Tube,Connector",,미매핑,
AJR30007102,5210A22409B,"Tube,Connector",,미매핑,
AJR30007102,MJU64433003,"Tube,Return Bending",,미매핑,
AJR30007102,MJU66573301,"Tube,Connector",,미매핑,
AJR30007102,MJU66760002,"Tube,Connector",,미매핑,
AJR30007102,MJU66760003,"Tube,Connector",,미매핑,
AJR30007102,MJU66760004,"Tube,Connector",,미매핑,
AJR30007102,MJU66760102,"Tube,Connector",,미매핑,
AJR30007102,MJX62771713,"Valve,Check",,미매핑,
AJR30007102,RAC30599301,Solder Soldering,,미매핑,
AJR30007103,3H01582D,Tie,,미매핑,
AJR30007103,4930A20053A,"Holder,Sensor",,미매핑,
AJR30007103,5210A22409A,"Tube,Connector",,미매핑,
AJR30007103,5210A22409B,"Tube,Connector",,미매핑,
AJR30007103,MJU64671101,"Tube,Connector",,미매핑,
AJR30007103,MJU64671102,"Tube,Connector",,미매핑,
AJR30007103,MJU64671103,"Tube,Connector",,미매핑,
AJR30007103,MJU64671104,"Tube,Connector",,미매핑,
AJR30007103,MJU64671105,"Tube,Connector",,미매핑,
AJR30007103,MJU64671109,"Tube,Connector",,미매핑,
AJR30007103,MJU66571301,"Tube,Connector",,미매핑,
AJR30007103,MJU66571302,"Tube,Connector",,미매핑,
AJR30007103,MJU66571304,"Tube,Connector",,미매핑,
AJR30007103,MJU66571305,"Tube,Connector",,미매핑,
AJR30007103,MJU66571306,"Tube,Connector",,미매핑,
AJR30007103,MJX62771713,"Valve,Check",,미매핑,
AJR30007103,RAC30599301,Solder Soldering,,미매핑,
AJR30007104,3H01582B,Tie,,미매핑,
AJR30007104,3H01582D,Tie,,미매핑,
AJR30007104,4930A20053A,"Holder,Sensor",,미매핑,
AJR30007104,MJU64671101,"Tube,Connector",,미매핑,
AJR30007104,MJU64671102,"Tube,Connector",,미매핑,
AJR30007104,MJU64671104,"Tube,Connector",,미매핑,
AJR30007104,MJU64671105,"Tube,Connector",,미매핑,
AJR30007104,MJU64671109,"Tube,Connector",,미매핑,
AJR30007104,MJU66571302,"Tube,Connector",,미매핑,
AJR30007104,MJU66571305,"Tube,Connector",,미매핑,
AJR30007104,MJU66571306,"Tube,Connector",,미매핑,
AJR30007104,MJX62771713,"Valve,Check",,미매핑,
AJR30007104,RAC30599301,Solder Soldering,,미매핑,
AJR30007105,3H01582B,Tie,,미매핑,
AJR30007105,3H01582D,Tie,,미매핑,
AJR30007105,4930A20053A,"Holder,Sensor",,미매핑,
AJR30007105,5210A22409A,"Tube,Connector",,미매핑,
AJR30007105,5210A22409B,"Tube,Connector",,미매핑,
AJR30007105,MJU64671101,"Tube,Connector",,미매핑,
AJR30007105,MJU64671102,"Tube,Connector",,미매핑,
AJR30007105,MJU64671104,"Tube,Connector",,미매핑,
AJR30007105,MJU64671105,"Tube,Connector",,미매핑,
AJR30007105,MJU64671109,"Tube,Connector",,미매핑,
AJR30007105,MJU66571301,"Tube,Connector",,미매핑,
AJR30007105,MJU66571302,"Tube,Connector",,미매핑,
AJR30007105,MJU66571304,"Tube,Connector",,미매핑,
AJR30007105,MJU66571305,"Tube,Connector",,미매핑,
AJR30007105,MJU66571306,"Tube,Connector",,미매핑,
AJR30007105,MJX62771713,"Valve,Check",,미매핑,
AJR30007105,RAC30599301,Solder Soldering,,미매핑,
AJR30007106,3H01582B,Tie,,미매핑,
AJR30007106,3H01582D,Tie,,미매핑,
AJR30007106,4930A20053A,"Holder,Sensor",,미매핑,
AJR30007106,MJX62771713,"Valve,Check",,미매핑,
AJR30007106,RAC30599301,Solder Soldering,,미매핑,
AJR30007601,RAC30599301,Solder Soldering,,미매핑,
AJR30007602,RAC30599301,Solder Soldering,,미매핑,
AJR30007603,RAC30599301,Solder Soldering,,미매핑,
AJR30007603,RAC30599327,Solder Soldering,,미매핑,
AJR30007604,RAC30599301,Solder Soldering,,미매핑,
AJR30008101,3H01582B,Tie,,미매핑,
AJR30008101,RAC30599308,Solder Soldering,,미매핑,
AJR30008201,4H00049A,"Tube,Pinch Off",,미매핑,
AJR30008201,RAC30599301,Solder Soldering,,미매핑,
AJR30008202,RAC30599301,Solder Soldering,,미매핑,
AJR30009001,RAC30599301,Solder Soldering,,미매핑,
AJR30009001,RAC30599327,Solder Soldering,,미매핑,
AJR30009002,RAC30599301,Solder Soldering,,미매핑,
AJR30009003,RAC30599301,Solder Soldering,,미매핑,
AJR30009004,RAC30599301,Solder Soldering,,미매핑,
AJR30009005,RAC30599301,Solder Soldering,,미매핑,
AJR30009401,RAC30599301,Solder Soldering,,미매핑,
AJR30009402,RAC30599301,Solder Soldering,,미매핑,
AJR30009403,RAC30599301,Solder Soldering,,미매핑,
AJR30009701,RAC30599301,Solder Soldering,,미매핑,
AJR30010701,RAC30599301,Solder Soldering,,미매핑,
AJR30010702,RAC30599301,Solder Soldering,,미매핑,
AJR30011101,RAC30599308,Solder Soldering,,미매핑,
AJR30011102,RAC30599308,Solder Soldering,,미매핑,
AJR30012001,3H01582B,Tie,,미매핑,
AJR30012001,4A00609A,Cap,,미매핑,
AJR30012001,EBD60663823,"Sensor,Pressure",,미매핑,
AJR30012001,EBD62165601,"Sensor,Pressure",,미매핑,
AJR30012001,RAC30599301,Solder Soldering,,미매핑,
AJR30012008,3H01582B,Tie,,미매핑,
AJR30012008,4A00609A,Cap,,미매핑,
AJR30012008,MJU66773001,"Tube,Connector",,미매핑,
AJR30012008,RAC30599301,Solder Soldering,,미매핑,
AJR30012008,RAC30599327,Solder Soldering,,미매핑,
AJR30012009,3H01582B,Tie,,미매핑,
AJR30012009,4A00609A,Cap,,미매핑,
AJR30012009,MJU65966728,"Tube,Connector",,미매핑,
AJR30012009,MJU66774606,"Tube,Connector",,미매핑,
AJR30012009,MJU66774607,"Tube,Connector",,미매핑,
AJR30012009,MJX30152802,"Valve,Reverse",,미매핑,
AJR30012009,RAC30599301,Solder Soldering,,미매핑,
AJR30012009,RAC30599327,Solder Soldering,,미매핑,
AJR30012010,3H01582B,Tie,,미매핑,
AJR30012010,4A00609A,Cap,,미매핑,
AJR30012010,MJU65966728,"Tube,Connector",,미매핑,
AJR30012010,MJU66774606,"Tube,Connector",,미매핑,
AJR30012010,MJU66774607,"Tube,Connector",,미매핑,
AJR30012010,MJX30152802,"Valve,Reverse",,미매핑,
AJR30012010,RAC30599301,Solder Soldering,,미매핑,
AJR30012010,RAC30599327,Solder Soldering,,미매핑,
AJR30012011,3H01582B,Tie,,미매핑,
AJR30012011,4A00609A,Cap,,미매핑,
AJR30012011,MJU65966728,"Tube,Connector",,미매핑,
AJR30012011,MJU66774606,"Tube,Connector",,미매핑,
AJR30012011,MJU66774607,"Tube,Connector",,미매핑,
AJR30012011,MJX30152802,"Valve,Reverse",,미매핑,
AJR30012011,RAC30599301,Solder Soldering,,미매핑,
AJR30012011,RAC30599327,Solder Soldering,,미매핑,
AJR30012012,3H01582B,Tie,,미매핑,
AJR30012012,4A00609A,Cap,,미매핑,
AJR30012012,MJU66773001,"Tube,Connector",,미매핑,
AJR30012012,RAC30599301,Solder Soldering,,미매핑,
AJR30012012,RAC30599327,Solder Soldering,,미매핑,
AJR30012013,4A00609A,Cap,,미매핑,
AJR30012013,RAC30599301,Solder Soldering,,미매핑,
AJR30012013,RAC30599327,Solder Soldering,,미매핑,
AJR30012014,3H01582B,Tie,,미매핑,
AJR30012014,4A00609A,Cap,,미매핑,
AJR30012014,RAC30599301,Solder Soldering,,미매핑,
AJR30012014,RAC30599327,Solder Soldering,,미매핑,
AJR30012101,3H00815J,Expendables_,,미매핑,
AJR30012101,3H01582B,Tie,,미매핑,
AJR30012101,4930A20053A,"Holder,Sensor",,미매핑,
AJR30012102,3H00815J,Expendables_,,미매핑,
AJR30012102,3H01582B,Tie,,미매핑,
AJR30012102,4930A20053A,"Holder,Sensor",,미매핑,
AJR30019401,RAC30599301,Solder Soldering,,미매핑,
AJR30019402,RAC30599301,Solder Soldering,,미매핑,
AJR30019801,3H01582B,Tie,,미매핑,
AJR30019801,RAC30599301,Solder Soldering,,미매핑,
AJR30020701,4H00049A,"Tube,Pinch Off",,미매핑,
AJR30020701,RAC30599301,Solder Soldering,,미매핑,
AJR30027701,3H01582B,Tie,,미매핑,
AJR30027701,5224A20005F,Strainer,,미매핑,
AJR30027701,MJU61971306,"Tube,Coupling",,미매핑,
AJR30027701,MJU66749006,"Tube,Connector",,미매핑,
AJR30027701,MJU66749101,"Tube,Connector",,미매핑,
AJR30027701,MJU66800402,"Tube,Connector",,미매핑,
AJR30027701,MJU66800403,"Tube,Connector",,미매핑,
AJR30027701,MJU66800404,"Tube,Connector",,미매핑,
AJR30027701,RAC30599301,Solder Soldering,,미매핑,
AJR30027703,3H01582B,Tie,,미매핑,
AJR30027703,MJU30514504,"Tube,Coupling",,미매핑,
AJR30027703,MJU66749301,"Tube,Connector",,미매핑,
AJR30027703,RAC30599301,Solder Soldering,,미매핑,
AJR30027705,3H01582B,Tie,,미매핑,
AJR30027705,5211A22074A,"Tube Assembly,Connector",,미매핑,
AJR30027705,5224A20005F,Strainer,,미매핑,
AJR30027705,MJU61971306,"Tube,Coupling",,미매핑,
AJR30027705,MJU66749006,"Tube,Connector",,미매핑,
AJR30027705,MJU66749101,"Tube,Connector",,미매핑,
AJR30027705,MJU66800403,"Tube,Connector",,미매핑,
AJR30027705,MJU66800404,"Tube,Connector",,미매핑,
AJR30027705,MJU66800405,"Tube,Connector",,미매핑,
AJR30027705,RAC30599301,Solder Soldering,,미매핑,
AJR30027707,3H01582B,Tie,,미매핑,
AJR30027707,5211A22074A,"Tube Assembly,Connector",,미매핑,
AJR30027707,MJU30514504,"Tube,Coupling",,미매핑,
AJR30027707,MJU66749301,"Tube,Connector",,미매핑,
AJR30027707,RAC30599301,Solder Soldering,,미매핑,
AJR30027710,3H01582B,Tie,,미매핑,
AJR30027710,5211A22074A,"Tube Assembly,Connector",,미매핑,
AJR30027710,5224A20005F,Strainer,,미매핑,
AJR30027710,MJU61971306,"Tube,Coupling",,미매핑,
AJR30027710,MJU66749006,"Tube,Connector",,미매핑,
AJR30027710,MJU66749101,"Tube,Connector",,미매핑,
AJR30027710,MJU66800403,"Tube,Connector",,미매핑,
AJR30027710,MJU66800404,"Tube,Connector",,미매핑,
AJR30027710,MJU66800405,"Tube,Connector",,미매핑,
AJR30027712,3H01582B,Tie,,미매핑,
AJR30027712,5211A22074A,"Tube Assembly,Connector",,미매핑,
AJR30027712,MJU30514504,"Tube,Coupling",,미매핑,
AJR30027712,MJU66749301,"Tube,Connector",,미매핑,
AJR30027713,3H01582B,Tie,,미매핑,
AJR30027713,5224A20005F,Strainer,,미매핑,
AJR30027713,MJU61971306,"Tube,Coupling",,미매핑,
AJR30027713,MJU66749006,"Tube,Connector",,미매핑,
AJR30027713,MJU66749101,"Tube,Connector",,미매핑,
AJR30027713,MJU66800402,"Tube,Connector",,미매핑,
AJR30027713,MJU66800403,"Tube,Connector",,미매핑,
AJR30027713,MJU66800404,"Tube,Connector",,미매핑,
AJR30027713,RAC30599301,Solder Soldering,,미매핑,
AJR30027715,3H01582B,Tie,,미매핑,
AJR30027715,MJU30514504,"Tube,Coupling",,미매핑,
AJR30027715,MJU66749301,"Tube,Connector",,미매핑,
AJR30027715,RAC30599301,Solder Soldering,,미매핑,
AJR30028409,MHT54371601,"Socket,Flare",,미매핑,
AJR30028409,RAC30599309,Solder Soldering,,미매핑,
AJR30028411,RAC30599301,Solder Soldering,,미매핑,
AJR30028411,RAC30599309,Solder Soldering,,미매핑,
AJR30029801,RAC30599301,Solder Soldering,,미매핑,
AJR30029802,RAC30599301,Solder Soldering,,미매핑,
AJR30029901,RAC30599301,Solder Soldering,,미매핑,
AJR30030101,RAC30599301,Solder Soldering,,미매핑,
AJR30030103,RAC30599301,Solder Soldering,,미매핑,
AJR30031101,RAC30599301,Solder Soldering,,미매핑,
AJR30031102,RAC30599301,Solder Soldering,,미매핑,
AJR30031201,RAC30599301,Solder Soldering,,미매핑,
AJR30031202,RAC30599301,Solder Soldering,,미매핑,
AJR30031601,RAC30599301,Solder Soldering,,미매핑,
AJR30031701,RAC30599301,Solder Soldering,,미매핑,
AJR30031801,3H00815G,Expendables_,,미매핑,
AJR30031801,RAC30599301,Solder Soldering,,미매핑,
AJR30031804,3H00815G,Expendables_,,미매핑,
AJR30031804,RAC30599301,Solder Soldering,,미매핑,
AJR30031804,RAC35117410,Solder Soldering,,미매핑,
AJR30033101,3H01582B,Tie,,미매핑,
AJR30033101,3H01582D,Tie,,미매핑,
AJR30033101,EBD64386506,"Sensor Module,Pressure",,미매핑,
AJR30033101,RAC30599301,Solder Soldering,,미매핑,
AJR30037101,RAC30599303,Solder Soldering,,미매핑,
AJR30037109,RAC30599303,Solder Soldering,,미매핑,
AJR30037110,RAC30599303,Solder Soldering,,미매핑,
AJR30037111,RAC30599303,Solder Soldering,,미매핑,
AJR30037301,3H01582C,Tie,,미매핑,
AJR30037301,MEV39836107,Insulator,,미매핑,
AJR30037301,RAC30599303,Solder Soldering,,미매핑,
AJR30037302,MEV39836107,Insulator,,미매핑,
AJR30037302,RAC30599303,Solder Soldering,,미매핑,
AJR30037303,EBD60663823,"Sensor,Pressure",,미매핑,
AJR30037303,RAC30599303,Solder Soldering,,미매핑,
AJR30037304,RAC30599303,Solder Soldering,,미매핑,
AJR30037603,5210A30334L,"Tube,Pinch Off",,미매핑,
AJR30037603,RAC30599303,Solder Soldering,,미매핑,
AJR30037604,5210A30334L,"Tube,Pinch Off",,미매핑,
AJR30037604,RAC30599303,Solder Soldering,,미매핑,
AJR30038101,3H01582D,Tie,,미매핑,
AJR30038101,3H03659N,Strainer,,미매핑,
AJR30038101,5220A30004A,"Valve,Check",,미매핑,
AJR30038101,MJU66824505,"Tube,Connector",,미매핑,
AJR30038101,MJU66824602,"Tube,Connector",,미매핑,
AJR30038101,MJU66824603,"Tube,Connector",,미매핑,
AJR30038101,RAC30599301,Solder Soldering,,미매핑,
AJR30038201,RAC30599301,Solder Soldering,,미매핑,
AJR30038401,RAC30599301,Solder Soldering,,미매핑,
AJR30040301,RAC30599303,Solder Soldering,,미매핑,
AJR30040304,RAC30599303,Solder Soldering,,미매핑,
AJR30046402,3H00815J,Expendables_,,미매핑,
AJR30052102,RAC30599301,Solder Soldering,,미매핑,
AJR30060802,3H01582B,Tie,,미매핑,
AJR30060802,MJX63991702,"Valve,Expansion Body",,미매핑,
AJR30060803,3H01582B,Tie,,미매핑,
AJR30060804,3H01582B,Tie,,미매핑,
AJR30060805,3H01582B,Tie,,미매핑,
AJR30064001,RAC30599301,Solder Soldering,,미매핑,
AJR30064401,3H00815J,Expendables_,,미매핑,
AJR30064601,RAC30599301,Solder Soldering,,미매핑,
AJR30064701,RAC30599301,Solder Soldering,,미매핑,
AJR30064801,RAC30599301,Solder Soldering,,미매핑,
AJR30065807,RAC30599301,Solder Soldering,,미매핑,
AJR30065822,3H01582G,Tie,,미매핑,
AJR30065822,4930A20053A,"Holder,Sensor",,미매핑,
AJR30065822,MJX61537801,"Valve,Solenoid",,미매핑,
AJR30065822,RAC30599301,Solder Soldering,,미매핑,
AJR30065823,4930A20053A,"Holder,Sensor",,미매핑,
AJR30065824,4930A20053A,"Holder,Sensor",,미매핑,
AJR30065824,MJX61537801,"Valve,Solenoid",,미매핑,
AJR30065824,RAC30599301,Solder Soldering,,미매핑,
AJR30065901,AJR73665401,"Tube Assembly,Evaporator",,미매핑,
AJR30065902,AJR73743901,"Tube Assembly,Evaporator",,미매핑,
AJR30073601,3H00815J,Expendables_,,미매핑,
AJR30073601,49112009,Expendables_,,미매핑,
AJR30073602,3H00815J,Expendables_,,미매핑,
AJR30073602,49112009,Expendables_,,미매핑,
AJR30073603,3H00815J,Expendables_,,미매핑,
AJR30073603,49112009,Expendables_,,미매핑,
AJR30073604,3H00815J,Expendables_,,미매핑,
AJR30073604,49112009,Expendables_,,미매핑,
AJR30074501,1MPC0502018,"Screw,Machine",,미매핑,
AJR30074501,EBD62165601,"Sensor,Pressure",,미매핑,
AJR30074601,EBD60663823,"Sensor,Pressure",,미매핑,
AJR30075101,4930A20053A,"Holder,Sensor",,미매핑,
AJR30075101,RAC30599301,Solder Soldering,,미매핑,
AJR30075401,4930A20053A,"Holder,Sensor",,미매핑,
AJR30075401,4A00114D,"Tube,Connector",,미매핑,
AJR30075401,MFN62721711,Mesh,,미매핑,
AJR30075401,MJC62721914,Strainer,,미매핑,
AJR30075401,MJU66779319,"Tube,Connector",,미매핑,
AJR30075401,MJU66894824,"Tube,Connector",,미매핑,
AJR30075401,MJU66894825,"Tube,Connector",,미매핑,
AJR30075401,MJU66928302,"Tube,Connector",,미매핑,
AJR30075401,MJU66928303,"Tube,Connector",,미매핑,
AJR30075401,MJU66928304,"Tube,Connector",,미매핑,
AJR30075401,MJU66928305,"Tube,Connector",,미매핑,
AJR30075401,MJU66928307,"Tube,Connector",,미매핑,
AJR30075401,MJU66928308,"Tube,Connector",,미매핑,
AJR30075401,MJU66928310,"Tube,Connector",,미매핑,
AJR30075401,MJU66928311,"Tube,Connector",,미매핑,
AJR30075401,RAB34470101,"Tape,Filament",,미매핑,
AJR30075401,RAC30599301,Solder Soldering,,미매핑,
AJR30077403,3H00815J,Expendables_,,미매핑,
AJR30077403,49112009,Expendables_,,미매핑,
AJR30077802,5410A20111L,"Damper,Butyl",,미매핑,
AJR30077802,RAC30599308,Solder Soldering,,미매핑,
AJR30077802,RAC30599311,Solder Soldering,,미매핑,
AJR30078601,4H00049A,"Tube,Pinch Off",,미매핑,
AJR30078601,RAC30599303,Solder Soldering,,미매핑,
AJR30078701,4H00049A,"Tube,Pinch Off",,미매핑,
AJR30078701,RAC30599301,Solder Soldering,,미매핑,
AJR30078702,4H00049A,"Tube,Pinch Off",,미매핑,
AJR30078702,RAC30599301,Solder Soldering,,미매핑,
AJR30083101,3H01582B,Tie,,미매핑,
AJR30083101,MJU00892201,"Tube,Connector",,미매핑,
AJR30083101,MJU00893412,"Tube,Connector",,미매핑,
AJR30083101,MJU66466401,"Tube,Connector",,미매핑,
AJR30083101,MJX30152801,"Valve,Reverse",,미매핑,
AJR30083101,MJX30152802,"Valve,Reverse",,미매핑,
AJR30083102,3H01582B,Tie,,미매핑,
AJR30083102,3H01582C,Tie,,미매핑,
AJR30083102,5211A22074A,"Tube Assembly,Connector",,미매핑,
AJR30083102,MJU00892201,"Tube,Connector",,미매핑,
AJR30083102,MJU00893412,"Tube,Connector",,미매핑,
AJR30083102,MJU66466401,"Tube,Connector",,미매핑,
AJR30083102,MJX30152801,"Valve,Reverse",,미매핑,
AJR30083102,MJX30152802,"Valve,Reverse",,미매핑,
AJR30086101,RAC30599301,Solder Soldering,,미매핑,
AJR30086102,RAC30599301,Solder Soldering,,미매핑,
AJR30086201,RAC30599301,Solder Soldering,,미매핑,
AJR30086201,RAC30599327,Solder Soldering,,미매핑,
AJR30087001,3H01582B,Tie,,미매핑,
AJR30087001,3H01582D,Tie,,미매핑,
AJR30087001,EBD64386506,"Sensor Module,Pressure",,미매핑,
AJR30087001,RAC30599301,Solder Soldering,,미매핑,
AJR30087002,3H01582B,Tie,,미매핑,
AJR30087002,3H01582D,Tie,,미매핑,
AJR30087002,RAC30599301,Solder Soldering,,미매핑,
AJR30087301,3H01582D,Tie,,미매핑,
AJR30087301,RAC30599301,Solder Soldering,,미매핑,
AJR30087401,3H01582D,Tie,,미매핑,
AJR30087401,RAC30599301,Solder Soldering,,미매핑,
AJR30089608,RAC30599301,Solder Soldering,,미매핑,
AJR30089609,RAC30599301,Solder Soldering,,미매핑,
AJR30089610,RAC30599301,Solder Soldering,,미매핑,
AJR30089611,RAC30599301,Solder Soldering,,미매핑,
AJR30089612,RAC30599301,Solder Soldering,,미매핑,
AJR30089613,RAC30599301,Solder Soldering,,미매핑,
AJR30089614,RAC30599301,Solder Soldering,,미매핑,
AJR30089615,RAC30599301,Solder Soldering,,미매핑,
AJR30089616,RAC30599301,Solder Soldering,,미매핑,
AJR30089617,RAC30599301,Solder Soldering,,미매핑,
AJR30089618,RAC30599301,Solder Soldering,,미매핑,
AJR30089619,RAC30599301,Solder Soldering,,미매핑,
AJR30089620,RAC30599301,Solder Soldering,,미매핑,
AJR30089621,RAC30599301,Solder Soldering,,미매핑,
AJR30089622,RAC30599301,Solder Soldering,,미매핑,
AJR30089623,RAC30599301,Solder Soldering,,미매핑,
AJR30089624,RAC30599301,Solder Soldering,,미매핑,
AJR30089625,RAC30599301,Solder Soldering,,미매핑,
AJR30089626,RAC30599301,Solder Soldering,,미매핑,
AJR30095101,RAC30599301,Solder Soldering,,미매핑,
AJR30099601,RAC30599301,Solder Soldering,,미매핑,
AJR30100101,MJR61841701,Tie,,미매핑,
AJR30102201,4930A20053A,"Holder,Sensor",,미매핑,
AJR30102201,RAC30599301,Solder Soldering,,미매핑,
AJR30102601,RAC30599301,Solder Soldering,,미매핑,
AJR30102602,RAC30599301,Solder Soldering,,미매핑,
AJR30103101,RAC30599301,Solder Soldering,,미매핑,
AJR30103101,RAC30599327,Solder Soldering,,미매핑,
AJR30103102,RAC30599301,Solder Soldering,,미매핑,
AJR30103102,RAC30599327,Solder Soldering,,미매핑,
AJR30103201,RAC30599301,Solder Soldering,,미매핑,
AJR30103202,RAC30599301,Solder Soldering,,미매핑,
AJR30103203,RAC30599301,Solder Soldering,,미매핑,
AJR30103301,RAC30599301,Solder Soldering,,미매핑,
AJR30103301,RAC30599327,Solder Soldering,,미매핑,
AJR30103401,RAC30599301,Solder Soldering,,미매핑,
AJR30103402,RAC30599301,Solder Soldering,,미매핑,
AJR30106101,4A00114D,"Tube,Connector",,미매핑,
AJR30106101,MJU66932515,"Tube,Connector",,미매핑,
AJR30106101,MJU66932528,"Tube,Connector",,미매핑,
AJR30106101,MJU66932531,"Tube,Connector",,미매핑,
AJR30114001,MJR61841701,Tie,,미매핑,
AJR30116401,RAC30599301,Solder Soldering,,미매핑,
AJR30116701,4H00049A,"Tube,Pinch Off",,미매핑,
AJR30116701,RAC30599301,Solder Soldering,,미매핑,
AJR30117301,RAC30599301,Solder Soldering,,미매핑,
AJR30117302,RAC30599301,Solder Soldering,,미매핑,
AJR30117401,3H01582D,Tie,,미매핑,
AJR30117401,RAC30599301,Solder Soldering,,미매핑,
AJR30117601,RAC30599301,Solder Soldering,,미매핑,
AJR30117902,5410A20111L,"Damper,Butyl",,미매핑,
AJR30117902,RAC30599308,Solder Soldering,,미매핑,
AJR30117902,RAC30599311,Solder Soldering,,미매핑,
AJR30123001,3H01582A,Tie,,미매핑,
AJR30123001,4A00609A,Cap,,미매핑,
AJR30123401,RAC30599303,Solder Soldering,,미매핑,
AJR30125601,MFN62721713,Mesh,,미매핑,
AJR30125601,MJU00752801,"Tube,Connector",,미매핑,
AJR30125601,MJU00752802,"Tube,Connector",,미매핑,
AJR30125601,MJU00752901,"Tube,Connector",,미매핑,
AJR30125601,MJU00776505,"Tube,Connector",,미매핑,
AJR30125601,MJU00776701,"Tube,Connector",,미매핑,
AJR30125601,MJU00776705,"Tube,Connector",,미매핑,
AJR30125601,MJU00776713,"Tube,Connector",,미매핑,
AJR30125601,MJU00776714,"Tube,Connector",,미매핑,
AJR30125601,MJU66478405,"Tube,Connector",,미매핑,
AJR30125601,MJU66478704,"Tube,Connector",,미매핑,
AJR30125601,MJU66478902,"Tube,Connector",,미매핑,
AJR30125601,MJU66479001,"Tube,Connector",,미매핑,
AJR30125601,MJU66479002,"Tube,Connector",,미매핑,
AJR30125601,MJU66904602,"Tube,Connector",,미매핑,
AJR30125601,MJU66904603,"Tube,Connector",,미매핑,
AJR30125601,MJU66904605,"Tube,Connector",,미매핑,
AJR30125601,RAC30599301,Solder Soldering,,미매핑,
AJR30125601,RAC35117403,Solder Soldering,,미매핑,
AJR30125601,RAC35117404,Solder Soldering,,미매핑,
AJR30125601,RAC35117410,Solder Soldering,,미매핑,
AJR30125602,MJU00752901,"Tube,Connector",,미매핑,
AJR30125602,RAC30599301,Solder Soldering,,미매핑,
AJR30125602,RAC35117403,Solder Soldering,,미매핑,
AJR30125602,RAC35117404,Solder Soldering,,미매핑,
AJR30125602,RAC35117410,Solder Soldering,,미매핑,
AJR30125603,MFN62721713,Mesh,,미매핑,
AJR30125603,MJU00752801,"Tube,Connector",,미매핑,
AJR30125603,MJU00752802,"Tube,Connector",,미매핑,
AJR30125603,MJU00752901,"Tube,Connector",,미매핑,
AJR30125603,MJU00776505,"Tube,Connector",,미매핑,
AJR30125603,MJU00776701,"Tube,Connector",,미매핑,
AJR30125603,MJU00776713,"Tube,Connector",,미매핑,
AJR30125603,MJU00776714,"Tube,Connector",,미매핑,
AJR30125603,MJU66478704,"Tube,Connector",,미매핑,
AJR30125603,MJU66478902,"Tube,Connector",,미매핑,
AJR30125603,MJU66479002,"Tube,Connector",,미매핑,
AJR30125603,MJU66904602,"Tube,Connector",,미매핑,
AJR30125603,MJU66904603,"Tube,Connector",,미매핑,
AJR30125603,RAC30599301,Solder Soldering,,미매핑,
AJR30125603,RAC35117403,Solder Soldering,,미매핑,
AJR30125603,RAC35117404,Solder Soldering,,미매핑,
AJR30125603,RAC35117410,Solder Soldering,,미매핑,
AJR30125604,RAC30599301,Solder Soldering,,미매핑,
AJR30125604,RAC35117403,Solder Soldering,,미매핑,
AJR30125604,RAC35117404,Solder Soldering,,미매핑,
AJR30125604,RAC35117410,Solder Soldering,,미매핑,
AJR30133302,3H01582B,Tie,,미매핑,
AJR30133302,RAC30599301,Solder Soldering,,미매핑,
AJR30133302,RAC35117403,Solder Soldering,,미매핑,
AJR30133302,RAC35880501,Solder Soldering,,미매핑,
AJR30133602,3H01582A,Tie,,미매핑,
AJR30133602,MJU00777113,"Tube,Connector",,미매핑,
AJR30133602,MJU00777609,"Tube,Connector",,미매핑,
AJR30133602,MJU00777610,"Tube,Connector",,미매핑,
AJR30133602,MJU66853321,"Tube,Connector",,미매핑,
AJR30133602,MJX30152802,"Valve,Reverse",,미매핑,
AJR30133602,RAC30599301,Solder Soldering,,미매핑,
AJR30133602,RAC35117403,Solder Soldering,,미매핑,
AJR30133602,RAC35117407,Solder Soldering,,미매핑,
AJR30133602,RAC35117409,Solder Soldering,,미매핑,
AJR30133604,3H01582A,Tie,,미매핑,
AJR30133604,MJC62301702,Strainer,,미매핑,
AJR30133604,MJU00776712,"Tube,Connector",,미매핑,
AJR30133604,MJU00777604,"Tube,Connector",,미매핑,
AJR30133604,MJU00777605,"Tube,Connector",,미매핑,
AJR30133604,MJU66853322,"Tube,Connector",,미매핑,
AJR30133604,MJU66853324,"Tube,Connector",,미매핑,
AJR30133604,RAC30599301,Solder Soldering,,미매핑,
AJR30133604,RAC35117401,Solder Soldering,,미매핑,
AJR30133604,RAC35117403,Solder Soldering,,미매핑,
AJR30133604,RAC35117407,Solder Soldering,,미매핑,
AJR30133604,RAC35117408,Solder Soldering,,미매핑,
AJR30133604,RAC35117409,Solder Soldering,,미매핑,
AJR30133605,MJC33815203,Strainer,,미매핑,
AJR30133605,MJU00777001,"Tube,Connector",,미매핑,
AJR30133605,MJU00777012,"Tube,Connector",,미매핑,
AJR30133605,MJU00777102,"Tube,Connector",,미매핑,
AJR30133605,MJU30514504,"Tube,Coupling",,미매핑,
AJR30133605,MJU65528010,"Tube,Connector",,미매핑,
AJR30133605,MJU66749301,"Tube,Connector",,미매핑,
AJR30133605,MJU66853321,"Tube,Connector",,미매핑,
AJR30133605,RAC30599301,Solder Soldering,,미매핑,
AJR30133605,RAC35117403,Solder Soldering,,미매핑,
AJR30133605,RAC35117407,Solder Soldering,,미매핑,
AJR30133605,RAC35117409,Solder Soldering,,미매핑,
AJR30133606,MJU00777113,"Tube,Connector",,미매핑,
AJR30133606,MJU00777609,"Tube,Connector",,미매핑,
AJR30133606,MJU00777610,"Tube,Connector",,미매핑,
AJR30133606,MJU66853321,"Tube,Connector",,미매핑,
AJR30133606,MJX30152802,"Valve,Reverse",,미매핑,
AJR30133606,RAC30599301,Solder Soldering,,미매핑,
AJR30133606,RAC35117407,Solder Soldering,,미매핑,
AJR30133606,RAC35117409,Solder Soldering,,미매핑,
AJR30133607,MJU66853322,"Tube,Connector",,미매핑,
AJR30133607,MJX30152803,"Valve,Reverse",,미매핑,
AJR30133607,RAC30599301,Solder Soldering,,미매핑,
AJR30133607,RAC35117403,Solder Soldering,,미매핑,
AJR30133607,RAC35117408,Solder Soldering,,미매핑,
AJR30133607,RAC35117409,Solder Soldering,,미매핑,
AJR30133701,3H01582D,Tie,,미매핑,
AJR30133701,5210A22409A,"Tube,Connector",,미매핑,
AJR30133701,5210A22409B,"Tube,Connector",,미매핑,
AJR30133701,MBL68702101,Cap,,미매핑,
AJR30133701,MJU00776604,"Tube,Connector",,미매핑,
AJR30133701,MJU00776606,"Tube,Connector",,미매핑,
AJR30133701,MJU00776607,"Tube,Connector",,미매핑,
AJR30133701,MJU00776608,"Tube,Connector",,미매핑,
AJR30133701,MJU00776609,"Tube,Connector",,미매핑,
AJR30133701,MJU00776610,"Tube,Connector",,미매핑,
AJR30133701,MJU00776611,"Tube,Connector",,미매핑,
AJR30133701,MJU00776612,"Tube,Connector",,미매핑,
AJR30133701,MJU00776614,"Tube,Connector",,미매핑,
AJR30133701,MJU00777301,"Tube,Connector",,미매핑,
AJR30133701,MJU00777302,"Tube,Connector",,미매핑,
AJR30133701,MJU65528010,"Tube,Connector",,미매핑,
AJR30133701,MJU65528065,"Tube,Connector",,미매핑,
AJR30133701,MJU66503306,"Tube,Connector",,미매핑,
AJR30133701,MJU66853301,"Tube,Connector",,미매핑,
AJR30133701,MJU66853304,"Tube,Connector",,미매핑,
AJR30133701,RAC30599301,Solder Soldering,,미매핑,
AJR30133701,RAC35117403,Solder Soldering,,미매핑,
AJR30133701,RAC35117407,Solder Soldering,,미매핑,
AJR30133701,RAC35117410,Solder Soldering,,미매핑,
AJR30133702,3H01582D,Tie,,미매핑,
AJR30133702,5210A22409A,"Tube,Connector",,미매핑,
AJR30133702,5210A22409B,"Tube,Connector",,미매핑,
AJR30133702,MBL68702103,Cap,,미매핑,
AJR30133702,MJU00776604,"Tube,Connector",,미매핑,
AJR30133702,MJU00776606,"Tube,Connector",,미매핑,
AJR30133702,MJU00776607,"Tube,Connector",,미매핑,
AJR30133702,MJU00776608,"Tube,Connector",,미매핑,
AJR30133702,MJU00776609,"Tube,Connector",,미매핑,
AJR30133702,MJU00776610,"Tube,Connector",,미매핑,
AJR30133702,MJU00776611,"Tube,Connector",,미매핑,
AJR30133702,MJU00776612,"Tube,Connector",,미매핑,
AJR30133702,MJU00776614,"Tube,Connector",,미매핑,
AJR30133702,MJU00777105,"Tube,Connector",,미매핑,
AJR30133702,MJU00777303,"Tube,Connector",,미매핑,
AJR30133702,MJU00777304,"Tube,Connector",,미매핑,
AJR30133702,MJU65528009,"Tube,Connector",,미매핑,
AJR30133702,MJU65528066,"Tube,Connector",,미매핑,
AJR30133702,MJU66503306,"Tube,Connector",,미매핑,
AJR30133702,MJU66853304,"Tube,Connector",,미매핑,
AJR30133702,RAC30599301,Solder Soldering,,미매핑,
AJR30133702,RAC35117403,Solder Soldering,,미매핑,
AJR30133702,RAC35117409,Solder Soldering,,미매핑,
AJR30133702,RAC35117410,Solder Soldering,,미매핑,
AJR30133703,3H01582D,Tie,,미매핑,
AJR30133703,5210A22409A,"Tube,Connector",,미매핑,
AJR30133703,5210A22409B,"Tube,Connector",,미매핑,
AJR30133703,MBL68702103,Cap,,미매핑,
AJR30133703,MJU00777105,"Tube,Connector",,미매핑,
AJR30133703,MJU00777305,"Tube,Connector",,미매핑,
AJR30133703,MJU00777306,"Tube,Connector",,미매핑,
AJR30133703,MJU00855303,"Tube,Connector",,미매핑,
AJR30133703,MJU00855304,"Tube,Connector",,미매핑,
AJR30133703,MJU00855305,"Tube,Connector",,미매핑,
AJR30133703,MJU00855308,"Tube,Connector",,미매핑,
AJR30133703,MJU00855309,"Tube,Connector",,미매핑,
AJR30133703,MJU00855310,"Tube,Connector",,미매핑,
AJR30133703,MJU65528009,"Tube,Connector",,미매핑,
AJR30133703,MJU65528066,"Tube,Connector",,미매핑,
AJR30133703,MJU66503307,"Tube,Connector",,미매핑,
AJR30133703,MJU66853304,"Tube,Connector",,미매핑,
AJR30133703,RAC30599301,Solder Soldering,,미매핑,
AJR30133703,RAC35117403,Solder Soldering,,미매핑,
AJR30133703,RAC35117409,Solder Soldering,,미매핑,
AJR30133703,RAC35117410,Solder Soldering,,미매핑,
AJR30133709,MBL68702101,Cap,,미매핑,
AJR30133709,MJU00777313,"Tube,Connector",,미매핑,
AJR30133709,MJU00777315,"Tube,Connector",,미매핑,
AJR30133709,MJU00855303,"Tube,Connector",,미매핑,
AJR30133709,MJU00855304,"Tube,Connector",,미매핑,
AJR30133709,MJU00873804,"Tube,Connector",,미매핑,
AJR30133709,MJU00890801,"Tube,Connector",,미매핑,
AJR30133709,MJU65528010,"Tube,Connector",,미매핑,
AJR30133709,MJU66503308,"Tube,Connector",,미매핑,
AJR30133709,MJU66853301,"Tube,Connector",,미매핑,
AJR30133709,MJU66853304,"Tube,Connector",,미매핑,
AJR30133709,MJX62771704,"Valve,Check",,미매핑,
AJR30133709,RAC30599301,Solder Soldering,,미매핑,
AJR30133709,RAC35117403,Solder Soldering,,미매핑,
AJR30133709,RAC35117407,Solder Soldering,,미매핑,
AJR30133709,RAC35117410,Solder Soldering,,미매핑,
AJR30135501,5210A22409B,"Tube,Connector",,미매핑,
AJR30135502,5210A22409B,"Tube,Connector",,미매핑,
AJR30136001,5210A22409B,"Tube,Connector",,미매핑,
AJR30138201,4010AR3071B,"Socket,Flare",,미매핑,
AJR30140101,MCD30221601,"Connector,Hose",,미매핑,
AJR30140101,RAC30599301,Solder Soldering,,미매핑,
AJR30140102,MCD30221601,"Connector,Hose",,미매핑,
AJR30140102,RAC30599301,Solder Soldering,,미매핑,
AJR30140103,MCD30221601,"Connector,Hose",,미매핑,
AJR30140103,RAC30599301,Solder Soldering,,미매핑,
AJR30140104,MCD30221601,"Connector,Hose",,미매핑,
AJR30140104,RAC30599301,Solder Soldering,,미매핑,
AJR30140105,MCD30221601,"Connector,Hose",,미매핑,
AJR30140105,RAC30599301,Solder Soldering,,미매핑,
AJR30140106,MCD30221601,"Connector,Hose",,미매핑,
AJR30140106,RAC30599301,Solder Soldering,,미매핑,
AJR30140301,RAC30599301,Solder Soldering,,미매핑,
AJR30140302,RAC30599301,Solder Soldering,,미매핑,
AJR30157301,3H01582D,Tie,,미매핑,
AJR30157801,3H01582D,Tie,,미매핑,
AJR30161402,MJU00855804,"Tube,Connector",,미매핑,
AJR30161402,RAC30599301,Solder Soldering,,미매핑,
AJR30161402,RAC35117403,Solder Soldering,,미매핑,
AJR30161402,RAC35117409,Solder Soldering,,미매핑,
AJR30161404,MBL68702136,Cap,,미매핑,
AJR30161404,MJU65528066,"Tube,Connector",,미매핑,
AJR30161404,RAC30599301,Solder Soldering,,미매핑,
AJR30161404,RAC35117401,Solder Soldering,,미매핑,
AJR30161404,RAC35117409,Solder Soldering,,미매핑,
AJR30161405,MJU00855818,"Tube,Connector",,미매핑,
AJR30161405,MJU00873804,"Tube,Connector",,미매핑,
AJR30161405,MJU00890801,"Tube,Connector",,미매핑,
AJR30161405,RAC30599301,Solder Soldering,,미매핑,
AJR30161405,RAC35117403,Solder Soldering,,미매핑,
AJR30161405,RAC35117407,Solder Soldering,,미매핑,
AJR30161406,MJU65528065,"Tube,Connector",,미매핑,
AJR30161406,RAC30599301,Solder Soldering,,미매핑,
AJR30161406,RAC35117403,Solder Soldering,,미매핑,
AJR30161406,RAC35117407,Solder Soldering,,미매핑,
AJR30161408,MBL68702135,Cap,,미매핑,
AJR30161408,MJU65528065,"Tube,Connector",,미매핑,
AJR30161408,RAC30599301,Solder Soldering,,미매핑,
AJR30161408,RAC35117401,Solder Soldering,,미매핑,
AJR30161408,RAC35117403,Solder Soldering,,미매핑,
AJR30161408,RAC35117407,Solder Soldering,,미매핑,
AJR30167201,MJU00780003,"Tube,Connector",,미매핑,
AJR30167201,RAC30599303,Solder Soldering,,미매핑,
AJR30359401,3H00815J,Expendables_,,미매핑,
AJR30359801,3H00815J,Expendables_,,미매핑,
AJR30359801,4930A20053A,"Holder,Sensor",,미매핑,
AJR30359801,MJU61889105,"Tube,Distributor",,미매핑,
AJR30359802,3H00815J,Expendables_,,미매핑,
AJR32563602,3H00739D,Spring,,미매핑,
AJR32563602,3H00815H,Expendables_,,미매핑,
AJR32563602,3H01582D,Tie,,미매핑,
AJR32563602,49113007,Solder Soldering,,미매핑,
AJR32563602,4930A20053A,"Holder,Sensor",,미매핑,
AJR32563602,53402025,"Tape,Filament",,미매핑,
AJR32674713,3H00815J,Expendables_,,미매핑,
AJR32674713,49113007,Solder Soldering,,미매핑,
AJR32674713,MJR61841701,Tie,,미매핑,
AJR32846402,3H00815J,Expendables_,,미매핑,
AJR32846402,4H00049A,"Tube,Pinch Off",,미매핑,
AJR32883901,3H00815J,Expendables_,,미매핑,
AJR32883901,49113007,Solder Soldering,,미매핑,
AJR32883902,49113007,Solder Soldering,,미매핑,
AJR32883902,RAC30599301,Solder Soldering,,미매핑,
AJR32883903,49113007,Solder Soldering,,미매핑,
AJR32883903,RAC30599301,Solder Soldering,,미매핑,
AJR32883905,3H00815J,Expendables_,,미매핑,
AJR32883905,49113007,Solder Soldering,,미매핑,
AJR32883905,5410A30055D,"Insulator,Tube",,미매핑,
AJR32883908,49113007,Solder Soldering,,미매핑,
AJR32883908,RAC30599301,Solder Soldering,,미매핑,
AJR32883911,49113007,Solder Soldering,,미매핑,
AJR32883911,RAC30599301,Solder Soldering,,미매핑,
AJR33796501,49113007,Solder Soldering,,미매핑,
AJR33796501,RAC30599301,Solder Soldering,,미매핑,
AJR33796502,3H00815J,Expendables_,,미매핑,
AJR33796502,49113007,Solder Soldering,,미매핑,
AJR33796506,49113007,Solder Soldering,,미매핑,
AJR33796506,MJR61841701,Tie,,미매핑,
AJR33796506,RAC30599308,Solder Soldering,,미매핑,
AJR33796512,3H00815J,Expendables_,,미매핑,
AJR33796512,49113007,Solder Soldering,,미매핑,
AJR33796512,MJR61841701,Tie,,미매핑,
AJR33796513,3H00815J,Expendables_,,미매핑,
AJR33796513,49113007,Solder Soldering,,미매핑,
AJR33796513,MJR61841701,Tie,,미매핑,
AJR33796526,3H00815J,Expendables_,,미매핑,
AJR33796526,49113007,Solder Soldering,,미매핑,
AJR34407805,3A00375B,"Socket,Flare",,미매핑,
AJR34407805,3H00815J,Expendables_,,미매핑,
AJR34407805,49113007,Solder Soldering,,미매핑,
AJR34407805,5410A30055D,"Insulator,Tube",,미매핑,
AJR34511805,3A00375B,"Socket,Flare",,미매핑,
AJR34511805,3H00815J,Expendables_,,미매핑,
AJR34511805,49112009,Expendables_,,미매핑,
AJR34511807,3A00375B,"Socket,Flare",,미매핑,
AJR34511807,3H00815J,Expendables_,,미매핑,
AJR34511807,49112009,Expendables_,,미매핑,
AJR34511808,3A00375B,"Socket,Flare",,미매핑,
AJR34511808,3H00815J,Expendables_,,미매핑,
AJR34511808,49112009,Expendables_,,미매핑,
AJR34511808,4930A20053A,"Holder,Sensor",,미매핑,
AJR34562001,3H00815J,Expendables_,,미매핑,
AJR34565501,RAC30599303,Solder Soldering,,미매핑,
AJR34565804,3H01582B,Tie,,미매핑,
AJR34565804,RAC30599303,Solder Soldering,,미매핑,
AJR34565827,3H01582D,Tie,,미매핑,
AJR34565827,MJU63512503,"Tube,Distributor",,미매핑,
AJR34565827,MJU64093707,"Tube,Condenser",,미매핑,
AJR34565827,MJU64093708,"Tube,Condenser",,미매핑,
AJR34565827,MJU64093709,"Tube,Condenser",,미매핑,
AJR34565827,MJU64093710,"Tube,Condenser",,미매핑,
AJR34565827,RAC30599301,Solder Soldering,,미매핑,
AJR34739801,5210A20322H,"Tube,Pinch Off",,미매핑,
AJR34739801,RAC30599301,Solder Soldering,,미매핑,
AJR34739807,3H00815H,Expendables_,,미매핑,
AJR34739811,RAC30599301,Solder Soldering,,미매핑,
AJR34739816,RAC30599301,Solder Soldering,,미매핑,
AJR34739818,RAC30599303,Solder Soldering,,미매핑,
AJR34739820,4H00049A,"Tube,Pinch Off",,미매핑,
AJR34739820,RAC30599303,Solder Soldering,,미매핑,
AJR34739821,4H00049A,"Tube,Pinch Off",,미매핑,
AJR34739821,RAC30599301,Solder Soldering,,미매핑,
AJR34739824,RAC30599301,Solder Soldering,,미매핑,
AJR34870201,3H00815J,Expendables_,,미매핑,
AJR34870201,3H01582D,Tie,,미매핑,
AJR35724301,3H00815J,Expendables_,,미매핑,
AJR35724301,4H00049A,"Tube,Pinch Off",,미매핑,
AJR35938601,MJU41496002,"Tube,Discharge",,미매핑,
AJR35938601,MJU41496102,"Tube,Discharge",,미매핑,
AJR35938601,MJU41496302,"Tube,Discharge",,미매핑,
AJR35938601,RAC30599301,Solder Soldering,,미매핑,
AJR35948517,4H00006C,"Screw,Customized",,미매핑,
AJR35948517,MJX42581402,"Valve,Service",,미매핑,
AJR35948517,MJX42581602,"Valve,Service",,미매핑,
AJR35948517,RAC30599301,Solder Soldering,,미매핑,
AJR36013006,3H00815J,Expendables_,,미매핑,
AJR36013006,3H01582B,Tie,,미매핑,
AJR36013006,4930A20053A,"Holder,Sensor",,미매핑,
AJR36013006,EBF40271401,"Switch,Pressure",,미매핑,
AJR36013007,3H00815J,Expendables_,,미매핑,
AJR36013007,3H01582B,Tie,,미매핑,
AJR36013007,4930A20053A,"Holder,Sensor",,미매핑,
AJR36089801,4H00049A,"Tube,Pinch Off",,미매핑,
AJR36089801,RAC30599301,Solder Soldering,,미매핑,
AJR36092103,RAC30599301,Solder Soldering,,미매핑,
AJR36092105,RAC30599301,Solder Soldering,,미매핑,
AJR36137805,3H01582B,Tie,,미매핑,
AJR36366801,5220AR3228Y,"Valve,Reverse",,미매핑,
AJR36388608,3H00815J,Expendables_,,미매핑,
AJR36478203,3H00815J,Expendables_,,미매핑,
AJR36479502,3H00815J,Expendables_,,미매핑,
AJR36479502,5220A90010G,"Valve,Expansion Body",,미매핑,
AJR36479502,MJU42132502,"Tube,Connector",,미매핑,
AJR36479502,MJU42132503,"Tube,Connector",,미매핑,
AJR36479508,MJU42132502,"Tube,Connector",,미매핑,
AJR36479508,MJU42132503,"Tube,Connector",,미매핑,
AJR36479508,RAC30599303,Solder Soldering,,미매핑,
AJR36479516,RAC30599301,Solder Soldering,,미매핑,
AJR36479521,RAC30599301,Solder Soldering,,미매핑,
AJR36738203,RAC30599301,Solder Soldering,,미매핑,
AJR36738207,RAC30599301,Solder Soldering,,미매핑,
AJR36852701,3H00815J,Expendables_,,미매핑,
AJR36852701,3H01582B,Tie,,미매핑,
AJR36852701,5410A30055S,"Insulator,Tube",,미매핑,
AJR36852706,RAC30599303,Solder Soldering,,미매핑,
AJR36852706,RAC30599327,Solder Soldering,,미매핑,
AJR36852708,RAC30599303,Solder Soldering,,미매핑,
AJR37042101,3H01582B,Tie,,미매핑,
AJR37042101,RAC30599303,Solder Soldering,,미매핑,
AJR37048414,3H00815J,Expendables_,,미매핑,
AJR37048418,3H00815J,Expendables_,,미매핑,
AJR37048418,MJU61920205,"Tube,Connector",,미매핑,
AJR37103404,3H00815J,Expendables_,,미매핑,
AJR37103404,4930A20053A,"Holder,Sensor",,미매핑,
AJR37103404,4H00049A,"Tube,Pinch Off",,미매핑,
AJR37105401,3H00815J,Expendables_,,미매핑,
AJR37105401,4A00322A,"Valve,Check",,미매핑,
AJR37105401,4A00609A,Cap,,미매핑,
AJR37119901,RAC30599301,Solder Soldering,,미매핑,
AJR37119903,RAC30599301,Solder Soldering,,미매핑,
AJR37161107,4H00049A,"Tube,Pinch Off",,미매핑,
AJR37161107,RAC30599301,Solder Soldering,,미매핑,
AJR37161108,4H00049A,"Tube,Pinch Off",,미매핑,
AJR37161108,RAC30599301,Solder Soldering,,미매핑,
AJR41630601,RAC30599301,Solder Soldering,,미매핑,
AJR49638901,3H00815H,Expendables_,,미매핑,
AJR52676201,3H00815F,Expendables_,,미매핑,
AJR52676201,49113007,Solder Soldering,,미매핑,
AJR52676204,3H00815F,Expendables_,,미매핑,
AJR52676204,4010AR3071B,"Socket,Flare",,미매핑,
AJR52676204,49113007,Solder Soldering,,미매핑,
AJR52737602,3H00815J,Expendables_,,미매핑,
AJR55707008,5410A20111L,"Damper,Butyl",,미매핑,
AJR55707008,MJU47978301,"Tube,Connector",,미매핑,
AJR55707008,MJU47978302,"Tube,Connector",,미매핑,
AJR55707008,RAC30599308,Solder Soldering,,미매핑,
AJR55707008,RAC30599311,Solder Soldering,,미매핑,
AJR55707009,5410A20111L,"Damper,Butyl",,미매핑,
AJR55707009,RAC30599308,Solder Soldering,,미매핑,
AJR55707009,RAC30599311,Solder Soldering,,미매핑,
AJR55707101,5006AR4091C,Cap,,미매핑,
AJR55707101,5410A30055F,"Insulator,Tube",,미매핑,
AJR55707101,RAC30599308,Solder Soldering,,미매핑,
AJR55707101,RAC30599309,Solder Soldering,,미매핑,
AJR56992602,3H01582B,Tie,,미매핑,
AJR56992602,RAC30599301,Solder Soldering,,미매핑,
AJR62820102,4H00049A,"Tube,Pinch Off",,미매핑,
AJR62820102,RAC30599303,Solder Soldering,,미매핑,
AJR65059803,3H01582B,Tie,,미매핑,
AJR65059803,49112009,Expendables_,,미매핑,
AJR65059803,RAC30599303,Solder Soldering,,미매핑,
AJR65059804,3H00815J,Expendables_,,미매핑,
AJR65059804,3H01582B,Tie,,미매핑,
AJR65059804,49112009,Expendables_,,미매핑,
AJR65507613,4930A20053A,"Holder,Sensor",,미매핑,
AJR65507613,RAC30599301,Solder Soldering,,미매핑,
AJR65507704,4930A20053A,"Holder,Sensor",,미매핑,
AJR65507704,5211A22074A,"Tube Assembly,Connector",,미매핑,
AJR65507704,RAC30599301,Solder Soldering,,미매핑,
AJR65507705,4930A20053A,"Holder,Sensor",,미매핑,
AJR65507705,RAC30599301,Solder Soldering,,미매핑,
AJR65507708,4930A20053A,"Holder,Sensor",,미매핑,
AJR65507708,RAC30599301,Solder Soldering,,미매핑,
AJR65507709,4930A20053A,"Holder,Sensor",,미매핑,
AJR65507709,RAC30599301,Solder Soldering,,미매핑,
AJR65507710,4930A20053A,"Holder,Sensor",,미매핑,
AJR65507710,53402025,"Tape,Filament",,미매핑,
AJR65507710,RAC30599301,Solder Soldering,,미매핑,
AJR65507712,RAC30599301,Solder Soldering,,미매핑,
AJR65507715,4930A20053A,"Holder,Sensor",,미매핑,
AJR65507715,RAC30599301,Solder Soldering,,미매핑,
AJR65507716,4930A20053A,"Holder,Sensor",,미매핑,
AJR65507720,4930A20053A,"Holder,Sensor",,미매핑,
AJR65507720,5211A22074A,"Tube Assembly,Connector",,미매핑,
AJR65507720,RAC30599301,Solder Soldering,,미매핑,
AJR65507726,4930A20053A,"Holder,Sensor",,미매핑,
AJR65507726,RAC30599301,Solder Soldering,,미매핑,
AJR65507732,4930A20053A,"Holder,Sensor",,미매핑,
AJR65507732,5211A22074A,"Tube Assembly,Connector",,미매핑,
AJR65507732,RAC30599301,Solder Soldering,,미매핑,
AJR65507733,4930A20053A,"Holder,Sensor",,미매핑,
AJR65507733,5210A22409A,"Tube,Connector",,미매핑,
AJR65507733,5211A22074A,"Tube Assembly,Connector",,미매핑,
AJR65507733,MJU63001003,"Tube,Connector",,미매핑,
AJR65507733,MKW30000003,"Plug,Fusible",,미매핑,
AJR65507733,RAC30599301,Solder Soldering,,미매핑,
AJR65507734,RAC30599301,Solder Soldering,,미매핑,
AJR68031105,3H00815J,Expendables_,,미매핑,
AJR68031105,3H01582D,Tie,,미매핑,
AJR68031105,MJX42581402,"Valve,Service",,미매핑,
AJR68031105,MJX42581602,"Valve,Service",,미매핑,
AJR69417501,RAC30599301,Solder Soldering,,미매핑,
AJR69417505,3H00815J,Expendables_,,미매핑,
AJR69417506,3H00815J,Expendables_,,미매핑,
AJR71429303,RAC30599301,Solder Soldering,,미매핑,
AJR71429307,RAC30599303,Solder Soldering,,미매핑,
AJR71429312,RAC30599303,Solder Soldering,,미매핑,
AJR71429409,3H00815J,Expendables_,,미매핑,
AJR71429409,MJU62128503,"Tube,Connector",,미매핑,
AJR71429410,MJU62128503,"Tube,Connector",,미매핑,
AJR71429410,RAC30599301,Solder Soldering,,미매핑,
AJR71429418,RAC30599303,Solder Soldering,,미매핑,
AJR71429427,RAC30599303,Solder Soldering,,미매핑,
AJR71429433,RAC30599303,Solder Soldering,,미매핑,
AJR71429434,RAC30599303,Solder Soldering,,미매핑,
AJR72367603,3H01582B,Tie,,미매핑,
AJR72367603,49112009,Expendables_,,미매핑,
AJR72367603,MJU61721901,"Tube,Connector",,미매핑,
AJR72367603,RAC30599301,Solder Soldering,,미매핑,
AJR72367604,3H01582B,Tie,,미매핑,
AJR72367604,49112009,Expendables_,,미매핑,
AJR72367604,MJU61721901,"Tube,Connector",,미매핑,
AJR72367604,RAC30599301,Solder Soldering,,미매핑,
AJR72367608,3H01582B,Tie,,미매핑,
AJR72367608,49112009,Expendables_,,미매핑,
AJR72367608,RAC30599301,Solder Soldering,,미매핑,
AJR72367609,3H01582B,Tie,,미매핑,
AJR72367609,49112009,Expendables_,,미매핑,
AJR72367609,RAC30599301,Solder Soldering,,미매핑,
AJR72367702,3H01582B,Tie,,미매핑,
AJR72367702,49112009,Expendables_,,미매핑,
AJR72367702,4H00049A,"Tube,Pinch Off",,미매핑,
AJR72367702,MJU61391901,"Tube,Connector",,미매핑,
AJR72367702,MJU61721901,"Tube,Connector",,미매핑,
AJR72367702,RAC30599301,Solder Soldering,,미매핑,
AJR72367706,3H01582B,Tie,,미매핑,
AJR72367706,49112009,Expendables_,,미매핑,
AJR72367706,RAC30599301,Solder Soldering,,미매핑,
AJR72572908,4A00322A,"Valve,Check",,미매핑,
AJR72572908,4A00609A,Cap,,미매핑,
AJR72572908,4H00049A,"Tube,Pinch Off",,미매핑,
AJR72572908,RAC30599301,Solder Soldering,,미매핑,
AJR72572911,RAC30599301,Solder Soldering,,미매핑,
AJR72586225,RAC30599303,Solder Soldering,,미매핑,
AJR72912302,RAC30599301,Solder Soldering,,미매핑,
AJR72912307,RAC30599301,Solder Soldering,,미매핑,
AJR72914501,3H00815J,Expendables_,,미매핑,
AJR72914502,4930A20053A,"Holder,Sensor",,미매핑,
AJR72914502,RAC30599303,Solder Soldering,,미매핑,
AJR72914508,3H00815J,Expendables_,,미매핑,
AJR72914508,4930A20053A,"Holder,Sensor",,미매핑,
AJR72914511,3H00815J,Expendables_,,미매핑,
AJR72914511,4930A20053A,"Holder,Sensor",,미매핑,
AJR72919805,3H00815J,Expendables_,,미매핑,
AJR72920407,3H00815J,Expendables_,,미매핑,
AJR72928103,RAC30599301,Solder Soldering,,미매핑,
AJR72928401,4930A20053A,"Holder,Sensor",,미매핑,
AJR72928401,5210A22841A,"Tube,Coupling",,미매핑,
AJR72928401,5410A30184N,Insulator,,미매핑,
AJR72928401,MJU61885601,"Tube,Connector",,미매핑,
AJR72928401,RAC30599301,Solder Soldering,,미매핑,
AJR72928402,5210A22841A,"Tube,Coupling",,미매핑,
AJR72928402,5410A30184N,Insulator,,미매핑,
AJR72928402,MJU61885601,"Tube,Connector",,미매핑,
AJR72928402,RAC30599301,Solder Soldering,,미매핑,
AJR72929301,RAC30599301,Solder Soldering,,미매핑,
AJR72929512,3H00815J,Expendables_,,미매핑,
AJR72929515,3H00815J,Expendables_,,미매핑,
AJR72933701,3H00815A,Solder Soldering,,미매핑,
AJR72933701,4930A20053B,"Holder,Sensor",,미매핑,
AJR72933701,4A00114D,"Tube,Connector",,미매핑,
AJR72933701,4H00049A,"Tube,Pinch Off",,미매핑,
AJR72933701,5210A22409A,"Tube,Connector",,미매핑,
AJR72933701,MJU61873701,"Tube,Connector",,미매핑,
AJR72933701,MJU61892301,"Tube,Connector",,미매핑,
AJR72933701,MJU61892401,"Tube,Connector",,미매핑,
AJR72937701,3H01582B,Tie,,미매핑,
AJR72937701,4930A20053A,"Holder,Sensor",,미매핑,
AJR72937701,4H00049A,"Tube,Pinch Off",,미매핑,
AJR72937701,AJR36904201,"Tube Assembly,Expansion",,미매핑,
AJR72937701,AJR72942901,"Tube Assembly,Connector",,미매핑,
AJR72937701,MEV39836107,Insulator,,미매핑,
AJR72937701,RAC30599301,Solder Soldering,,미매핑,
AJR72942401,3H00815J,Expendables_,,미매핑,
AJR72942401,4H00049A,"Tube,Pinch Off",,미매핑,
AJR72942801,RAC30599303,Solder Soldering,,미매핑,
AJR72946403,4H00006C,"Screw,Customized",,미매핑,
AJR72946403,5410A30055S,"Insulator,Tube",,미매핑,
AJR72946403,5410A30279A,"Insulator,Tube",,미매핑,
AJR72946403,MJX62253901,"Valve,Service",,미매핑,
AJR72946422,4930A20053A,"Holder,Sensor",,미매핑,
AJR72946422,4H00006C,"Screw,Customized",,미매핑,
AJR72946422,53402025,"Tape,Filament",,미매핑,
AJR72946422,MJX42581402,"Valve,Service",,미매핑,
AJR72946422,MJX42581602,"Valve,Service",,미매핑,
AJR72946422,RAC30599301,Solder Soldering,,미매핑,
AJR72946424,4930A20053A,"Holder,Sensor",,미매핑,
AJR72946424,4H00006C,"Screw,Customized",,미매핑,
AJR72946424,MJX42581402,"Valve,Service",,미매핑,
AJR72946424,MJX42581602,"Valve,Service",,미매핑,
AJR72946424,RAC30599301,Solder Soldering,,미매핑,
AJR72946603,3H00815J,Expendables_,,미매핑,
AJR72946801,4A00322A,"Valve,Check",,미매핑,
AJR72946801,4A00609A,Cap,,미매핑,
AJR72946801,RAC30599301,Solder Soldering,,미매핑,
AJR72946802,4A00322A,"Valve,Check",,미매핑,
AJR72946802,4A00609A,Cap,,미매핑,
AJR72946802,RAC30599301,Solder Soldering,,미매핑,
AJR72946805,4A00322A,"Valve,Check",,미매핑,
AJR72946805,4A00609A,Cap,,미매핑,
AJR72946805,4H00049A,"Tube,Pinch Off",,미매핑,
AJR72946805,RAC30599301,Solder Soldering,,미매핑,
AJR72946806,4A00322A,"Valve,Check",,미매핑,
AJR72946806,4A00609A,Cap,,미매핑,
AJR72946806,4H00049A,"Tube,Pinch Off",,미매핑,
AJR72946806,RAC30599301,Solder Soldering,,미매핑,
AJR72952503,3H01582B,Tie,,미매핑,
AJR72952503,MJU62097401,"Tube,Connector",,미매핑,
AJR72952503,RAC30599301,Solder Soldering,,미매핑,
AJR72952603,3H01582D,Tie,,미매핑,
AJR72952603,MJU62097401,"Tube,Connector",,미매핑,
AJR72952603,RAC30599301,Solder Soldering,,미매핑,
AJR72953103,3H00815J,Expendables_,,미매핑,
AJR72953103,3H01582B,Tie,,미매핑,
AJR72953103,4930A20053A,"Holder,Sensor",,미매핑,
AJR72953201,3H01582B,Tie,,미매핑,
AJR72953201,5040A20027E,Damper,,미매핑,
AJR72953201,5040A20027F,Damper,,미매핑,
AJR72953201,5040A20027G,Damper,,미매핑,
AJR72953201,RAC30599301,Solder Soldering,,미매핑,
AJR72953301,3H00815J,Expendables_,,미매핑,
AJR72954601,3H00815J,Expendables_,,미매핑,
AJR72954601,5410A30055D,"Insulator,Tube",,미매핑,
AJR72954601,EBD62165601,"Sensor,Pressure",,미매핑,
AJR72954701,3H00815J,Expendables_,,미매핑,
AJR72954701,3H01582B,Tie,,미매핑,
AJR72954701,4H00049A,"Tube,Pinch Off",,미매핑,
AJR72954701,5410A30055D,"Insulator,Tube",,미매핑,
AJR72954801,4930A20053A,"Holder,Sensor",,미매핑,
AJR72954801,5224A20005M,Strainer,,미매핑,
AJR72954801,MJU53401202,"Tube,Connector",,미매핑,
AJR72954801,RAC30599301,Solder Soldering,,미매핑,
AJR72957301,4930A20053A,"Holder,Sensor",,미매핑,
AJR72957301,MEV47266604,Insulator,,미매핑,
AJR72957301,RAC30599301,Solder Soldering,,미매핑,
AJR72957305,4930A20053A,"Holder,Sensor",,미매핑,
AJR72957305,5210A22841A,"Tube,Coupling",,미매핑,
AJR72957305,MEV47266604,Insulator,,미매핑,
AJR72957305,RAC30599301,Solder Soldering,,미매핑,
AJR72961302,3H00815J,Expendables_,,미매핑,
AJR72962402,RAC30599301,Solder Soldering,,미매핑,
AJR72982301,RAC30599301,Solder Soldering,,미매핑,
AJR72982303,3A00375P,"Socket,Flare",,미매핑,
AJR72982303,4H00901F,"Tube,Connector",,미매핑,
AJR72982303,MJU61987003,"Tube,Connector",,미매핑,
AJR72982303,MJU67003101,"Tube,Connector",,미매핑,
AJR72982303,RAC30599301,Solder Soldering,,미매핑,
AJR73003001,RAC30599301,Solder Soldering,,미매핑,
AJR73005001,3H00815J,Expendables_,,미매핑,
AJR73005001,3H01582D,Tie,,미매핑,
AJR73005001,4930A20053A,"Holder,Sensor",,미매핑,
AJR73005505,3H00815J,Expendables_,,미매핑,
AJR73022901,RAC30599301,Solder Soldering,,미매핑,
AJR73023302,3H00815J,Expendables_,,미매핑,
AJR73023302,3H01582B,Tie,,미매핑,
AJR73023304,3H00815J,Expendables_,,미매핑,
AJR73023304,3H01582B,Tie,,미매핑,
AJR73023304,5410A30262C,"Insulator,Tube",,미매핑,
AJR73023306,3H00815J,Expendables_,,미매핑,
AJR73023306,3H01582B,Tie,,미매핑,
AJR73023601,MJU62030601,"Tube,Connector",,미매핑,
AJR73023601,MJU62030701,"Tube,Connector",,미매핑,
AJR73023601,RAC30599301,Solder Soldering,,미매핑,
AJR73023801,3H00815J,Expendables_,,미매핑,
AJR73023801,MAZ61902210,Bracket,,미매핑,
AJR73043202,3H00815J,Expendables_,,미매핑,
AJR73062401,2H00351S,"Tube,Distributor",,미매핑,
AJR73062401,3H00815J,Expendables_,,미매핑,
AJR73062401,49113007,Solder Soldering,,미매핑,
AJR73065501,3H00815J,Expendables_,,미매핑,
AJR73065501,49112009,Expendables_,,미매핑,
AJR73065501,4930A20053A,"Holder,Sensor",,미매핑,
AJR73065601,3H00815J,Expendables_,,미매핑,
AJR73065601,49112009,Expendables_,,미매핑,
AJR73067004,3H00815H,Expendables_,,미매핑,
AJR73067005,3H00815H,Expendables_,,미매핑,
AJR73068715,RAC30599301,Solder Soldering,,미매핑,
AJR73069701,3H01582B,Tie,,미매핑,
AJR73069701,49112009,Expendables_,,미매핑,
AJR73103101,3H00815J,Expendables_,,미매핑,
AJR73103101,5220AR3228Y,"Valve,Reverse",,미매핑,
AJR73103102,3H00815J,Expendables_,,미매핑,
AJR73123101,3A00375B,"Socket,Flare",,미매핑,
AJR73123101,49113007,Solder Soldering,,미매핑,
AJR73123101,RAC30599301,Solder Soldering,,미매핑,
AJR73182701,3H01582B,Tie,,미매핑,
AJR73182701,49112006,Expendables_,,미매핑,
AJR73204003,3H00815J,Expendables_,,미매핑,
AJR73204003,3H01582B,Tie,,미매핑,
AJR73204003,MJX39414110,"Valve,Check",,미매핑,
AJR73204004,3H00815J,Expendables_,,미매핑,
AJR73204004,3H01582B,Tie,,미매핑,
AJR73222701,3H01582B,Tie,,미매핑,
AJR73222701,4A00322A,"Valve,Check",,미매핑,
AJR73222701,4H00049A,"Tube,Pinch Off",,미매핑,
AJR73222701,EBD60663823,"Sensor,Pressure",,미매핑,
AJR73222701,EBD62165601,"Sensor,Pressure",,미매핑,
AJR73222701,MBL53366901,Cap,,미매핑,
AJR73222701,RAC30599301,Solder Soldering,,미매핑,
AJR73222702,3H01582B,Tie,,미매핑,
AJR73222702,4A00322A,"Valve,Check",,미매핑,
AJR73222702,4H00049A,"Tube,Pinch Off",,미매핑,
AJR73222702,EBD60663823,"Sensor,Pressure",,미매핑,
AJR73222702,EBD62165601,"Sensor,Pressure",,미매핑,
AJR73222702,MBL53366901,Cap,,미매핑,
AJR73222702,RAC30599301,Solder Soldering,,미매핑,
AJR73223901,RAC30599301,Solder Soldering,,미매핑,
AJR73224001,3H01582B,Tie,,미매핑,
AJR73224001,MJU61889108,"Tube,Distributor",,미매핑,
AJR73224001,MJU62266801,"Tube,Connector",,미매핑,
AJR73224001,RAC30599301,Solder Soldering,,미매핑,
AJR73323802,RAC30599308,Solder Soldering,,미매핑,
AJR73323802,RAC30599309,Solder Soldering,,미매핑,
AJR73324406,3H00815J,Expendables_,,미매핑,
AJR73324501,RAC30599303,Solder Soldering,,미매핑,
AJR73324503,RAC30599303,Solder Soldering,,미매핑,
AJR73326604,4H00049A,"Tube,Pinch Off",,미매핑,
AJR73326604,RAC30599301,Solder Soldering,,미매핑,
AJR73326605,4H00049A,"Tube,Pinch Off",,미매핑,
AJR73326605,RAC30599301,Solder Soldering,,미매핑,
AJR73326607,4H00049A,"Tube,Pinch Off",,미매핑,
AJR73326607,RAC30599301,Solder Soldering,,미매핑,
AJR73326616,4H00049A,"Tube,Pinch Off",,미매핑,
AJR73326616,RAC30599301,Solder Soldering,,미매핑,
AJR73326624,4H00049A,"Tube,Pinch Off",,미매핑,
AJR73326624,RAC30599301,Solder Soldering,,미매핑,
AJR73326629,4H00049A,"Tube,Pinch Off",,미매핑,
AJR73326629,RAC30599301,Solder Soldering,,미매핑,
AJR73326630,3H00815J,Expendables_,,미매핑,
AJR73326630,4H00049A,"Tube,Pinch Off",,미매핑,
AJR73326631,RAC30599308,Solder Soldering,,미매핑,
AJR73326634,4H00049A,"Tube,Pinch Off",,미매핑,
AJR73327001,RAC30599301,Solder Soldering,,미매핑,
AJR73327002,RAC30599301,Solder Soldering,,미매핑,
AJR73327007,RAC30599301,Solder Soldering,,미매핑,
AJR73342803,3H00815J,Expendables_,,미매핑,
AJR73363201,3H01582B,Tie,,미매핑,
AJR73363201,RAC30599308,Solder Soldering,,미매핑,
AJR73364001,RAC30599301,Solder Soldering,,미매핑,
AJR73364003,5014A20009A,"Damper,Tube",,미매핑,
AJR73364003,RAC30599301,Solder Soldering,,미매핑,
AJR73364004,RAC30599301,Solder Soldering,,미매핑,
AJR73364005,3H01582G,Tie,,미매핑,
AJR73364005,RAC30599301,Solder Soldering,,미매핑,
AJR73364007,RAC30599301,Solder Soldering,,미매핑,
AJR73364008,3H01582G,Tie,,미매핑,
AJR73364008,RAC30599301,Solder Soldering,,미매핑,
AJR73364601,RAC30599303,Solder Soldering,,미매핑,
AJR73382901,RAC30599301,Solder Soldering,,미매핑,
AJR73382904,RAC30599301,Solder Soldering,,미매핑,
AJR73383001,4H00049A,"Tube,Pinch Off",,미매핑,
AJR73383001,5410A30055R,"Insulator,Tube",,미매핑,
AJR73383001,RAC30599301,Solder Soldering,,미매핑,
AJR73383004,5410A30055R,"Insulator,Tube",,미매핑,
AJR73383004,RAC30599301,Solder Soldering,,미매핑,
AJR73562802,3H01582B,Tie,,미매핑,
AJR73562802,4930A20053A,"Holder,Sensor",,미매핑,
AJR73562802,4H00049A,"Tube,Pinch Off",,미매핑,
AJR73562802,EBD60663823,"Sensor,Pressure",,미매핑,
AJR73562802,EBD62165601,"Sensor,Pressure",,미매핑,
AJR73562802,EBE60661401,Solenoid,,미매핑,
AJR73562802,RAC30599301,Solder Soldering,,미매핑,
AJR73564001,3H00815J,Expendables_,,미매핑,
AJR73583302,3H01582B,Tie,,미매핑,
AJR73583302,EBD62165601,"Sensor,Pressure",,미매핑,
AJR73583302,RAC30599301,Solder Soldering,,미매핑,
AJR73663301,4H00049A,"Tube,Pinch Off",,미매핑,
AJR73663301,RAC30599301,Solder Soldering,,미매핑,
AJR73663302,4H00049A,"Tube,Pinch Off",,미매핑,
AJR73663302,RAC30599301,Solder Soldering,,미매핑,
AJR73682802,3H00815J,Expendables_,,미매핑,
AJR73682802,3H01582B,Tie,,미매핑,
AJR73682802,4930A20053A,"Holder,Sensor",,미매핑,
AJR73682803,3H00815J,Expendables_,,미매핑,
AJR73682803,3H01582B,Tie,,미매핑,
AJR73682803,4930A20053A,"Holder,Sensor",,미매핑,
AJR73682805,3H00815J,Expendables_,,미매핑,
AJR73682805,3H01582B,Tie,,미매핑,
AJR73682805,4930A20053A,"Holder,Sensor",,미매핑,
AJR73703801,3H01582B,Tie,,미매핑,
AJR73703801,4930A20053A,"Holder,Sensor",,미매핑,
AJR73703801,4A00322A,"Valve,Check",,미매핑,
AJR73703801,EBD60663823,"Sensor,Pressure",,미매핑,
AJR73703801,EBD62165601,"Sensor,Pressure",,미매핑,
AJR73703801,RAC30599301,Solder Soldering,,미매핑,
AJR73767201,3H01582B,Tie,,미매핑,
AJR73767201,RAC30599301,Solder Soldering,,미매핑,
AJR73767202,3H01582B,Tie,,미매핑,
AJR73767202,RAC30599301,Solder Soldering,,미매핑,
AJR73767204,3H01582B,Tie,,미매핑,
AJR73767204,RAC30599301,Solder Soldering,,미매핑,
AJR73767206,3H01582B,Tie,,미매핑,
AJR73767206,RAC30599301,Solder Soldering,,미매핑,
AJR73767208,RAC30599301,Solder Soldering,,미매핑,
AJR73767304,3H01582B,Tie,,미매핑,
AJR73767304,3H01582D,Tie,,미매핑,
AJR73767304,AJR74488601,"Tube Assembly,Capillary",,미매핑,
AJR73767304,EBD60663823,"Sensor,Pressure",,미매핑,
AJR73767304,RAC30599301,Solder Soldering,,미매핑,
AJR73767306,3H01582B,Tie,,미매핑,
AJR73767306,3H01582D,Tie,,미매핑,
AJR73767306,EAP62126401,"Coil,Expansion",,미매핑,
AJR73767306,RAC30599301,Solder Soldering,,미매핑,
AJR73767314,3H01582B,Tie,,미매핑,
AJR73767314,3H01582D,Tie,,미매핑,
AJR73767314,EAP62126401,"Coil,Expansion",,미매핑,
AJR73767314,EBD60663823,"Sensor,Pressure",,미매핑,
AJR73767314,RAC30599301,Solder Soldering,,미매핑,
AJR73767318,3H01582B,Tie,,미매핑,
AJR73767318,3H01582D,Tie,,미매핑,
AJR73767318,EAP62126401,"Coil,Expansion",,미매핑,
AJR73767318,EBD60663823,"Sensor,Pressure",,미매핑,
AJR73767318,RAC30599301,Solder Soldering,,미매핑,
AJR73767511,3H01582B,Tie,,미매핑,
AJR73767511,3H01582G,Tie,,미매핑,
AJR73767511,4930A20053A,"Holder,Sensor",,미매핑,
AJR73767511,RAC30599301,Solder Soldering,,미매핑,
AJR73767513,3H01582B,Tie,,미매핑,
AJR73767513,3H01582G,Tie,,미매핑,
AJR73767513,4930A20053A,"Holder,Sensor",,미매핑,
AJR73767513,RAC30599301,Solder Soldering,,미매핑,
AJR73767514,3H01582B,Tie,,미매핑,
AJR73767514,3H01582G,Tie,,미매핑,
AJR73767514,4930A20053A,"Holder,Sensor",,미매핑,
AJR73767514,FAB30208603,"Screw,Customized",,미매핑,
AJR73767514,RAC30599301,Solder Soldering,,미매핑,
AJR73767711,3H01582B,Tie,,미매핑,
AJR73767711,4930A20053A,"Holder,Sensor",,미매핑,
AJR73767711,RAC30599301,Solder Soldering,,미매핑,
AJR73767802,3H01582B,Tie,,미매핑,
AJR73767802,4930A20053A,"Holder,Sensor",,미매핑,
AJR73767802,4A00322A,"Valve,Check",,미매핑,
AJR73767802,4A00609A,Cap,,미매핑,
AJR73767802,5210A30334L,"Tube,Pinch Off",,미매핑,
AJR73767802,RAC30599301,Solder Soldering,,미매핑,
AJR73767812,5210A30334L,"Tube,Pinch Off",,미매핑,
AJR73767812,RAC30599301,Solder Soldering,,미매핑,
AJR73767813,4930A20053A,"Holder,Sensor",,미매핑,
AJR73767813,RAC30599301,Solder Soldering,,미매핑,
AJR73767814,3H01582B,Tie,,미매핑,
AJR73767814,RAC30599301,Solder Soldering,,미매핑,
AJR73767818,3H01582B,Tie,,미매핑,
AJR73767818,4930A20053A,"Holder,Sensor",,미매핑,
AJR73767818,5210A30334L,"Tube,Pinch Off",,미매핑,
AJR73767818,5410A21281A,"Insulator,Tube",,미매핑,
AJR73767818,EBD62165601,"Sensor,Pressure",,미매핑,
AJR73767818,RAC30599301,Solder Soldering,,미매핑,
AJR73767821,3H01582B,Tie,,미매핑,
AJR73767821,4930A20053A,"Holder,Sensor",,미매핑,
AJR73767821,4A00322A,"Valve,Check",,미매핑,
AJR73767821,4A00609A,Cap,,미매핑,
AJR73767821,5210A30334L,"Tube,Pinch Off",,미매핑,
AJR73768801,3H01582B,Tie,,미매핑,
AJR73768801,4930A20053A,"Holder,Sensor",,미매핑,
AJR73768801,RAC30599308,Solder Soldering,,미매핑,
AJR73768803,3H01582B,Tie,,미매핑,
AJR73768803,4930A20053A,"Holder,Sensor",,미매핑,
AJR73768803,RAC30599308,Solder Soldering,,미매핑,
AJR73768805,3H00815J,Expendables_,,미매핑,
AJR73768805,3H01582B,Tie,,미매핑,
AJR73786307,1SDTF040267,"Screw,Taptite",,미매핑,
AJR73786307,5014A20009B,"Damper,Tube",,미매핑,
AJR73786307,RAC30599301,Solder Soldering,,미매핑,
AJR73786401,RAC30599301,Solder Soldering,,미매핑,
AJR73786408,RAC30599301,Solder Soldering,,미매핑,
AJR73802904,1SZZA20001L,"Screw,Customized",,미매핑,
AJR73802904,1TTL0402418,"Screw,Tapping",,미매핑,
AJR73802904,3H01582B,Tie,,미매핑,
AJR73802904,RAC30599301,Solder Soldering,,미매핑,
AJR73803001,RAC30599303,Solder Soldering,,미매핑,
AJR73803002,RAC30599303,Solder Soldering,,미매핑,
AJR73804305,3H00815J,Expendables_,,미매핑,
AJR73822503,RAC30599301,Solder Soldering,,미매핑,
AJR73822504,4H00006C,"Screw,Customized",,미매핑,
AJR73822504,RAC30599301,Solder Soldering,,미매핑,
AJR73822506,4H00006C,"Screw,Customized",,미매핑,
AJR73822506,RAC30599301,Solder Soldering,,미매핑,
AJR73822507,4H00006C,"Screw,Customized",,미매핑,
AJR73822507,MJX62451601,"Valve,Service",,미매핑,
AJR73822507,RAC30599301,Solder Soldering,,미매핑,
AJR73822509,4H00006C,"Screw,Customized",,미매핑,
AJR73822509,RAC30599301,Solder Soldering,,미매핑,
AJR73822512,4H00006C,"Screw,Customized",,미매핑,
AJR73822512,EAP30616906,"Coil,Expansion",,미매핑,
AJR73822512,MJX42581402,"Valve,Service",,미매핑,
AJR73822512,MJX42581602,"Valve,Service",,미매핑,
AJR73822512,RAC30599301,Solder Soldering,,미매핑,
AJR73822513,RAC30599301,Solder Soldering,,미매핑,
AJR73822515,MJX42581402,"Valve,Service",,미매핑,
AJR73822515,MJX62451601,"Valve,Service",,미매핑,
AJR73822515,RAC30599301,Solder Soldering,,미매핑,
AJR73822516,4H00006C,"Screw,Customized",,미매핑,
AJR73822516,MJX42581402,"Valve,Service",,미매핑,
AJR73822516,MJX62451601,"Valve,Service",,미매핑,
AJR73822516,RAC30599301,Solder Soldering,,미매핑,
AJR73822520,4H00006C,"Screw,Customized",,미매핑,
AJR73822520,MJX62451601,"Valve,Service",,미매핑,
AJR73822520,RAC30599301,Solder Soldering,,미매핑,
AJR73822522,4H00006C,"Screw,Customized",,미매핑,
AJR73822522,MJX42581402,"Valve,Service",,미매핑,
AJR73822522,MJX42581602,"Valve,Service",,미매핑,
AJR73822522,RAC30599301,Solder Soldering,,미매핑,
AJR73822523,4H00006C,"Screw,Customized",,미매핑,
AJR73822523,EAP30616906,"Coil,Expansion",,미매핑,
AJR73822523,RAC30599301,Solder Soldering,,미매핑,
AJR73822528,4H00006C,"Screw,Customized",,미매핑,
AJR73822528,5014A30001C,"Damper,Tube",,미매핑,
AJR73822528,RAC30599301,Solder Soldering,,미매핑,
AJR73822529,4H00006C,"Screw,Customized",,미매핑,
AJR73822529,RAC30599301,Solder Soldering,,미매핑,
AJR73822530,4H00006C,"Screw,Customized",,미매핑,
AJR73822530,EAP62228706,"Coil,Expansion",,미매핑,
AJR73822530,EBE61441605,Solenoid,,미매핑,
AJR73822530,MJX42581402,"Valve,Service",,미매핑,
AJR73822530,MJX62451601,"Valve,Service",,미매핑,
AJR73822530,RAC30599301,Solder Soldering,,미매핑,
AJR73822536,4H00006C,"Screw,Customized",,미매핑,
AJR73822536,RAC30599301,Solder Soldering,,미매핑,
AJR73822538,4H00006C,"Screw,Customized",,미매핑,
AJR73822538,5014A30001C,"Damper,Tube",,미매핑,
AJR73822538,MKW30000003,"Plug,Fusible",,미매핑,
AJR73822538,RAC30599301,Solder Soldering,,미매핑,
AJR73822540,4H00006C,"Screw,Customized",,미매핑,
AJR73822540,MJU41942219,"Tube,Suction",,미매핑,
AJR73822540,MJU41942220,"Tube,Suction",,미매핑,
AJR73822540,RAC30599301,Solder Soldering,,미매핑,
AJR73822601,3H01582B,Tie,,미매핑,
AJR73822601,49112006,Expendables_,,미매핑,
AJR73823002,3H00815J,Expendables_,,미매핑,
AJR73824601,RAC30599301,Solder Soldering,,미매핑,
AJR73882506,4930A20053A,"Holder,Sensor",,미매핑,
AJR73882506,5210A30334L,"Tube,Pinch Off",,미매핑,
AJR73882506,RAC30599301,Solder Soldering,,미매핑,
AJR73882508,4930A20053A,"Holder,Sensor",,미매핑,
AJR73882508,RAC30599301,Solder Soldering,,미매핑,
AJR73903407,3A00375B,"Socket,Flare",,미매핑,
AJR73903407,4930A20053A,"Holder,Sensor",,미매핑,
AJR73903407,RAC30599303,Solder Soldering,,미매핑,
AJR73909401,4H00049A,"Tube,Pinch Off",,미매핑,
AJR73909401,RAC30599301,Solder Soldering,,미매핑,
AJR73909702,3H01582B,Tie,,미매핑,
AJR73915505,3H01582D,Tie,,미매핑,
AJR73915505,4930A20053A,"Holder,Sensor",,미매핑,
AJR73915505,RAC30599301,Solder Soldering,,미매핑,
AJR73915506,3H01582D,Tie,,미매핑,
AJR73915506,4930A20053A,"Holder,Sensor",,미매핑,
AJR73915506,RAC30599301,Solder Soldering,,미매핑,
AJR73915511,3H01582D,Tie,,미매핑,
AJR73915511,4930A20053A,"Holder,Sensor",,미매핑,
AJR73915511,RAC30599301,Solder Soldering,,미매핑,
AJR73915512,3H01582D,Tie,,미매핑,
AJR73915512,4930A20053A,"Holder,Sensor",,미매핑,
AJR73915512,RAC30599301,Solder Soldering,,미매핑,
AJR73915603,3H01582D,Tie,,미매핑,
AJR73915603,RAC30599301,Solder Soldering,,미매핑,
AJR73915604,3H01582D,Tie,,미매핑,
AJR73915604,RAC30599301,Solder Soldering,,미매핑,
AJR73915605,3H01582B,Tie,,미매핑,
AJR73915605,3H01582D,Tie,,미매핑,
AJR73915605,EBD60663823,"Sensor,Pressure",,미매핑,
AJR73915605,RAC30599301,Solder Soldering,,미매핑,
AJR73915607,3H01582B,Tie,,미매핑,
AJR73915607,3H01582D,Tie,,미매핑,
AJR73915607,EBD60663823,"Sensor,Pressure",,미매핑,
AJR73915607,RAC30599301,Solder Soldering,,미매핑,
AJR73915611,3H01582D,Tie,,미매핑,
AJR73915611,RAC30599301,Solder Soldering,,미매핑,
AJR73915612,3H01582B,Tie,,미매핑,
AJR73915612,3H01582D,Tie,,미매핑,
AJR73915612,EBD60663823,"Sensor,Pressure",,미매핑,
AJR73915612,RAC30599301,Solder Soldering,,미매핑,
AJR73915614,3H01582B,Tie,,미매핑,
AJR73915614,3H01582D,Tie,,미매핑,
AJR73915614,EBD60663823,"Sensor,Pressure",,미매핑,
AJR73915614,RAC30599301,Solder Soldering,,미매핑,
AJR73945001,3H00739A,Spring,,미매핑,
AJR73945001,49112009,Expendables_,,미매핑,
AJR73945001,4930A20053A,"Holder,Sensor",,미매핑,
AJR73945001,RAC30599301,Solder Soldering,,미매핑,
AJR73949101,4930A20053A,"Holder,Sensor",,미매핑,
AJR73949101,4H00049A,"Tube,Pinch Off",,미매핑,
AJR73949101,RAC30599301,Solder Soldering,,미매핑,
AJR73952001,RAC30599301,Solder Soldering,,미매핑,
AJR73952005,RAC30599301,Solder Soldering,,미매핑,
AJR73952006,RAC30599301,Solder Soldering,,미매핑,
AJR73952007,RAC30599301,Solder Soldering,,미매핑,
AJR73952501,3A00375B,"Socket,Flare",,미매핑,
AJR73952501,RAC30599301,Solder Soldering,,미매핑,
AJR73952502,RAC30599301,Solder Soldering,,미매핑,
AJR73952503,RAC30599301,Solder Soldering,,미매핑,
AJR73952509,RAC30599301,Solder Soldering,,미매핑,
AJR73952510,RAC30599301,Solder Soldering,,미매핑,
AJR73952511,RAC30599301,Solder Soldering,,미매핑,
AJR73964301,3H00815H,Expendables_,,미매핑,
AJR73964609,3H01582B,Tie,,미매핑,
AJR73964609,3H01582D,Tie,,미매핑,
AJR73964609,4930A20053A,"Holder,Sensor",,미매핑,
AJR73964902,3H01582B,Tie,,미매핑,
AJR73964902,4930A20053A,"Holder,Sensor",,미매핑,
AJR73964904,3H01582B,Tie,,미매핑,
AJR73964904,4930A20053A,"Holder,Sensor",,미매핑,
AJR73964904,5040A20027E,Damper,,미매핑,
AJR73964904,5040A20027F,Damper,,미매핑,
AJR73964904,5040A20027G,Damper,,미매핑,
AJR73964904,RAC30599301,Solder Soldering,,미매핑,
AJR73964905,3H01582B,Tie,,미매핑,
AJR73964905,4930A20053A,"Holder,Sensor",,미매핑,
AJR73964906,3H01582B,Tie,,미매핑,
AJR73964906,4930A20053A,"Holder,Sensor",,미매핑,
AJR73965502,RAC30599301,Solder Soldering,,미매핑,
AJR73965505,RAC30599301,Solder Soldering,,미매핑,
AJR73965506,RAC30599301,Solder Soldering,,미매핑,
AJR73965601,3H01582B,Tie,,미매핑,
AJR73965601,4930A20053A,"Holder,Sensor",,미매핑,
AJR73965601,5210A22409A,"Tube,Connector",,미매핑,
AJR73965601,5210A28001C,"Tube,Return Bending",,미매핑,
AJR73965601,MJU62788805,"Tube,Connector",,미매핑,
AJR73965601,MJU62788807,"Tube,Connector",,미매핑,
AJR73965601,MJU62788809,"Tube,Connector",,미매핑,
AJR73965601,MJU62789005,"Tube,Capillary Bending",,미매핑,
AJR73965601,MJU62789007,"Tube,Capillary Bending",,미매핑,
AJR73965601,MJU62922101,"Tube,Connector",,미매핑,
AJR73965601,MJU62922103,"Tube,Connector",,미매핑,
AJR73965601,MJU62922105,"Tube,Connector",,미매핑,
AJR73965601,MJU62922107,"Tube,Connector",,미매핑,
AJR73965601,MJU62922109,"Tube,Connector",,미매핑,
AJR73965601,MJU62922111,"Tube,Connector",,미매핑,
AJR73965601,MJU62922113,"Tube,Connector",,미매핑,
AJR73965601,RAC30599308,Solder Soldering,,미매핑,
AJR73965602,3H01582B,Tie,,미매핑,
AJR73965602,4930A20053A,"Holder,Sensor",,미매핑,
AJR73965602,5210A22409A,"Tube,Connector",,미매핑,
AJR73965602,5210A28001C,"Tube,Return Bending",,미매핑,
AJR73965602,MJU62788806,"Tube,Connector",,미매핑,
AJR73965602,MJU62788808,"Tube,Connector",,미매핑,
AJR73965602,MJU62788810,"Tube,Connector",,미매핑,
AJR73965602,MJU62789006,"Tube,Capillary Bending",,미매핑,
AJR73965602,MJU62789008,"Tube,Capillary Bending",,미매핑,
AJR73965602,MJU62922102,"Tube,Connector",,미매핑,
AJR73965602,MJU62922104,"Tube,Connector",,미매핑,
AJR73965602,MJU62922106,"Tube,Connector",,미매핑,
AJR73965602,MJU62922108,"Tube,Connector",,미매핑,
AJR73965602,MJU62922110,"Tube,Connector",,미매핑,
AJR73965602,MJU62922112,"Tube,Connector",,미매핑,
AJR73965602,MJU62922114,"Tube,Connector",,미매핑,
AJR73965602,RAC30599308,Solder Soldering,,미매핑,
AJR73965606,3H01582B,Tie,,미매핑,
AJR73965606,4930A20053A,"Holder,Sensor",,미매핑,
AJR73965606,RAC30599308,Solder Soldering,,미매핑,
AJR73965607,3H01582B,Tie,,미매핑,
AJR73965607,4930A20053A,"Holder,Sensor",,미매핑,
AJR73965607,RAC30599308,Solder Soldering,,미매핑,
AJR73965701,4930A20053A,"Holder,Sensor",,미매핑,
AJR73970508,3H01582D,Tie,,미매핑,
AJR73970508,RAC30599303,Solder Soldering,,미매핑,
AJR73970512,3H01582D,Tie,,미매핑,
AJR73970512,5210A21458Q,Accumulator,,미매핑,
AJR73970512,MJU61848906,"Tube,Connector",,미매핑,
AJR73970512,MJU61848910,"Tube,Connector",,미매핑,
AJR73970512,MJU63031904,"Tube,Suction",,미매핑,
AJR73970512,RAC30599303,Solder Soldering,,미매핑,
AJR73973707,RAC30599301,Solder Soldering,,미매핑,
AJR73980306,4930A20053A,"Holder,Sensor",,미매핑,
AJR73980306,4A00609A,Cap,,미매핑,
AJR73980306,5210A30334L,"Tube,Pinch Off",,미매핑,
AJR73980306,RAC30599301,Solder Soldering,,미매핑,
AJR73980317,3H01582B,Tie,,미매핑,
AJR73980317,4930A20053A,"Holder,Sensor",,미매핑,
AJR73980317,4A00322A,"Valve,Check",,미매핑,
AJR73980317,4A00609A,Cap,,미매핑,
AJR73980317,5210A30334L,"Tube,Pinch Off",,미매핑,
AJR73980317,RAC30599301,Solder Soldering,,미매핑,
AJR73980318,3H01582B,Tie,,미매핑,
AJR73980318,4930A20053A,"Holder,Sensor",,미매핑,
AJR73980318,4A00114D,"Tube,Connector",,미매핑,
AJR73980318,4A00322A,"Valve,Check",,미매핑,
AJR73980318,4A00609A,Cap,,미매핑,
AJR73980318,5210A30334L,"Tube,Pinch Off",,미매핑,
AJR73980318,MJU63067406,"Tube,Connector",,미매핑,
AJR73980318,MJU63067506,"Tube,Connector",,미매핑,
AJR73980318,MJU63754101,"Tube,Connector",,미매핑,
AJR73980318,RAC30599301,Solder Soldering,,미매핑,
AJR73980320,3H01582B,Tie,,미매핑,
AJR73980320,4930A20053A,"Holder,Sensor",,미매핑,
AJR73980320,4A00322A,"Valve,Check",,미매핑,
AJR73980320,4A00609A,Cap,,미매핑,
AJR73980320,5210A30334L,"Tube,Pinch Off",,미매핑,
AJR73980320,RAC30599301,Solder Soldering,,미매핑,
AJR73980322,3H01582B,Tie,,미매핑,
AJR73980322,4930A20053A,"Holder,Sensor",,미매핑,
AJR73980322,5210A30334L,"Tube,Pinch Off",,미매핑,
AJR73980322,RAC30599301,Solder Soldering,,미매핑,
AJR73980323,3H01582B,Tie,,미매핑,
AJR73980323,4930A20053A,"Holder,Sensor",,미매핑,
AJR73980323,4A00322A,"Valve,Check",,미매핑,
AJR73980323,4A00609A,Cap,,미매핑,
AJR73980323,5210A30334L,"Tube,Pinch Off",,미매핑,
AJR73981101,3H01582B,Tie,,미매핑,
AJR73981101,5014A20009A,"Damper,Tube",,미매핑,
AJR73981101,5410A30279A,"Insulator,Tube",,미매핑,
AJR73981101,5410A30279C,"Insulator,Tube",,미매핑,
AJR73981101,RAC30599301,Solder Soldering,,미매핑,
AJR73981102,3H01582B,Tie,,미매핑,
AJR73981104,3H01582B,Tie,,미매핑,
AJR73981104,4H00006C,"Screw,Customized",,미매핑,
AJR73981104,RAC30599301,Solder Soldering,,미매핑,
AJR73981107,3H01582B,Tie,,미매핑,
AJR73981107,RAC30599301,Solder Soldering,,미매핑,
AJR73981108,3H01582B,Tie,,미매핑,
AJR73981108,AJJ73640107,Supporter Assembly,,미매핑,
AJR73981108,RAC30599301,Solder Soldering,,미매핑,
AJR73981109,3H00815J,Expendables_,,미매핑,
AJR73981109,3H01582B,Tie,,미매핑,
AJR73984806,3H00815J,Expendables_,,미매핑,
AJR73988106,1SDTF040267,"Screw,Taptite",,미매핑,
AJR73988106,3H01582B,Tie,,미매핑,
AJR73988106,5220AR3228Y,"Valve,Reverse",,미매핑,
AJR73988106,EAD62115302,"Drawing,Assembly",,미매핑,
AJR73988106,MJR62181902,Tie,,미매핑,
AJR73988106,RAC30599301,Solder Soldering,,미매핑,
AJR73988201,RAC30599301,Solder Soldering,,미매핑,
AJR73988601,3H01582B,Tie,,미매핑,
AJR73988601,RAC30599301,Solder Soldering,,미매핑,
AJR73988604,3H01582B,Tie,,미매핑,
AJR73988604,RAC30599301,Solder Soldering,,미매핑,
AJR74005701,3H01582B,Tie,,미매핑,
AJR74005701,49112009,Expendables_,,미매핑,
AJR74005701,4930A20053B,"Holder,Sensor",,미매핑,
AJR74005701,5210A22409B,"Tube,Connector",,미매핑,
AJR74005701,RAC30599308,Solder Soldering,,미매핑,
AJR74005801,RAC30599301,Solder Soldering,,미매핑,
AJR74007502,3H01582B,Tie,,미매핑,
AJR74007502,RAC30599301,Solder Soldering,,미매핑,
AJR74043402,RAC30599301,Solder Soldering,,미매핑,
AJR74043406,RAC30599301,Solder Soldering,,미매핑,
AJR74043408,RAC30599301,Solder Soldering,,미매핑,
AJR74062502,4H00006C,"Screw,Customized",,미매핑,
AJR74062502,EAP30616906,"Coil,Expansion",,미매핑,
AJR74062502,MJX42581402,"Valve,Service",,미매핑,
AJR74062502,MJX42581602,"Valve,Service",,미매핑,
AJR74062502,RAC30599301,Solder Soldering,,미매핑,
AJR74105602,3H01582B,Tie,,미매핑,
AJR74105602,RAC30599301,Solder Soldering,,미매핑,
AJR74107911,4930A20053A,"Holder,Sensor",,미매핑,
AJR74107911,RAC30599303,Solder Soldering,,미매핑,
AJR74107912,4930A20053A,"Holder,Sensor",,미매핑,
AJR74107912,RAC30599303,Solder Soldering,,미매핑,
AJR74107915,4930A20053A,"Holder,Sensor",,미매핑,
AJR74107915,RAC30599303,Solder Soldering,,미매핑,
AJR74126004,3H01582B,Tie,,미매핑,
AJR74126004,RAC30599303,Solder Soldering,,미매핑,
AJR74145401,4930A20053A,"Holder,Sensor",,미매핑,
AJR74145401,RAC30599301,Solder Soldering,,미매핑,
AJR74145402,4930A20053A,"Holder,Sensor",,미매핑,
AJR74145402,RAC30599301,Solder Soldering,,미매핑,
AJR74145801,3H01582B,Tie,,미매핑,
AJR74145801,RAC30599303,Solder Soldering,,미매핑,
AJR74145802,3H01582B,Tie,,미매핑,
AJR74145802,RAC30599303,Solder Soldering,,미매핑,
AJR74162501,4H00049A,"Tube,Pinch Off",,미매핑,
AJR74162501,RAC30599301,Solder Soldering,,미매핑,
AJR74162503,4H00049A,"Tube,Pinch Off",,미매핑,
AJR74162503,RAC30599301,Solder Soldering,,미매핑,
AJR74162504,RAC30599301,Solder Soldering,,미매핑,
AJR74162602,FAB30208603,"Screw,Customized",,미매핑,
AJR74162602,MJX42581602,"Valve,Service",,미매핑,
AJR74162602,RAC30599301,Solder Soldering,,미매핑,
AJR74162603,FAB30208603,"Screw,Customized",,미매핑,
AJR74162603,MJX42581602,"Valve,Service",,미매핑,
AJR74162603,RAC30599301,Solder Soldering,,미매핑,
AJR74162604,MJX42581602,"Valve,Service",,미매핑,
AJR74162604,RAC30599301,Solder Soldering,,미매핑,
AJR74165705,RAC30599303,Solder Soldering,,미매핑,
AJR74169701,3H01582B,Tie,,미매핑,
AJR74169701,3H01582D,Tie,,미매핑,
AJR74169701,5211A22074A,"Tube Assembly,Connector",,미매핑,
AJR74169701,EBD60663823,"Sensor,Pressure",,미매핑,
AJR74169701,RAC30599301,Solder Soldering,,미매핑,
AJR74169703,3H01582B,Tie,,미매핑,
AJR74169703,3H01582D,Tie,,미매핑,
AJR74169703,5014A20009C,"Damper,Tube",,미매핑,
AJR74169703,EBD60663823,"Sensor,Pressure",,미매핑,
AJR74169703,RAC30599301,Solder Soldering,,미매핑,
AJR74203404,RAC30599301,Solder Soldering,,미매핑,
AJR74204401,4930A20053A,"Holder,Sensor",,미매핑,
AJR74204401,AJU36719734,Valve Assembly,,미매핑,
AJR74204401,RAC30599303,Solder Soldering,,미매핑,
AJR74205202,3H01582B,Tie,,미매핑,
AJR74205202,4H00049A,"Tube,Pinch Off",,미매핑,
AJR74205202,RAC30599303,Solder Soldering,,미매핑,
AJR74207301,3H01582D,Tie,,미매핑,
AJR74207301,4930A20053A,"Holder,Sensor",,미매핑,
AJR74207301,RAC30599301,Solder Soldering,,미매핑,
AJR74224101,RAC30599301,Solder Soldering,,미매핑,
AJR74224202,RAC30599301,Solder Soldering,,미매핑,
AJR74227601,4H00049A,"Tube,Pinch Off",,미매핑,
AJR74227601,RAC30599301,Solder Soldering,,미매핑,
AJR74229901,RAC30599301,Solder Soldering,,미매핑,
AJR74229902,RAC30599301,Solder Soldering,,미매핑,
AJR74230002,5210A30334L,"Tube,Pinch Off",,미매핑,
AJR74230002,RAC30599301,Solder Soldering,,미매핑,
AJR74230302,3H00815H,Expendables_,,미매핑,
AJR74242301,4H00049A,"Tube,Pinch Off",,미매핑,
AJR74242301,RAC30599301,Solder Soldering,,미매핑,
AJR74242310,4H00049A,"Tube,Pinch Off",,미매핑,
AJR74242310,RAC30599301,Solder Soldering,,미매핑,
AJR74242401,RAC30599301,Solder Soldering,,미매핑,
AJR74242408,RAC30599301,Solder Soldering,,미매핑,
AJR74242501,RAC30599301,Solder Soldering,,미매핑,
AJR74242504,RAC30599301,Solder Soldering,,미매핑,
AJR74242509,RAC30599301,Solder Soldering,,미매핑,
AJR74242510,RAC30599301,Solder Soldering,,미매핑,
AJR74242512,RAC30599301,Solder Soldering,,미매핑,
AJR74242514,RAC30599301,Solder Soldering,,미매핑,
AJR74242520,RAC30599301,Solder Soldering,,미매핑,
AJR74243201,4H00049A,"Tube,Pinch Off",,미매핑,
AJR74243201,RAC30599301,Solder Soldering,,미매핑,
AJR74243204,4H00049A,"Tube,Pinch Off",,미매핑,
AJR74243204,RAC30599301,Solder Soldering,,미매핑,
AJR74243206,4H00049A,"Tube,Pinch Off",,미매핑,
AJR74243206,RAC30599301,Solder Soldering,,미매핑,
AJR74243301,RAC30599301,Solder Soldering,,미매핑,
AJR74263316,49113007,Solder Soldering,,미매핑,
AJR74263316,RAC30599301,Solder Soldering,,미매핑,
AJR74263401,RAC30599301,Solder Soldering,,미매핑,
AJR74263402,RAC30599301,Solder Soldering,,미매핑,
AJR74265701,3H01582B,Tie,,미매핑,
AJR74265701,3H01582D,Tie,,미매핑,
AJR74265701,5211A22074A,"Tube Assembly,Connector",,미매핑,
AJR74265701,EAP62126401,"Coil,Expansion",,미매핑,
AJR74265701,EBD60663823,"Sensor,Pressure",,미매핑,
AJR74265701,RAC30599301,Solder Soldering,,미매핑,
AJR74265702,3H01582B,Tie,,미매핑,
AJR74265702,3H01582D,Tie,,미매핑,
AJR74265702,EAP62126401,"Coil,Expansion",,미매핑,
AJR74265702,EBD60663823,"Sensor,Pressure",,미매핑,
AJR74265702,RAC30599301,Solder Soldering,,미매핑,
AJR74266005,RAC30599308,Solder Soldering,,미매핑,
AJR74266005,RAC30599309,Solder Soldering,,미매핑,
AJR74282902,3H00815J,Expendables_,,미매핑,
AJR74282902,3H01582B,Tie,,미매핑,
AJR74282902,4930A20053A,"Holder,Sensor",,미매핑,
AJR74283401,3H01582B,Tie,,미매핑,
AJR74284501,3A00375B,"Socket,Flare",,미매핑,
AJR74284501,RAC30599301,Solder Soldering,,미매핑,
AJR74284505,RAC30599301,Solder Soldering,,미매핑,
AJR74286001,4930A20053A,"Holder,Sensor",,미매핑,
AJR74286001,RAC30599303,Solder Soldering,,미매핑,
AJR74286002,4930A20053A,"Holder,Sensor",,미매핑,
AJR74286002,RAC30599303,Solder Soldering,,미매핑,
AJR74288801,3H01582B,Tie,,미매핑,
AJR74288801,RAC30599301,Solder Soldering,,미매핑,
AJR74288904,4930A20053A,"Holder,Sensor",,미매핑,
AJR74288904,5210A30334L,"Tube,Pinch Off",,미매핑,
AJR74288904,RAC30599301,Solder Soldering,,미매핑,
AJR74289301,3H01582B,Tie,,미매핑,
AJR74291202,4930A20053A,"Holder,Sensor",,미매핑,
AJR74364809,3H00815J,Expendables_,,미매핑,
AJR74364809,3H01582B,Tie,,미매핑,
AJR74364818,3H00815J,Expendables_,,미매핑,
AJR74364818,3H01582B,Tie,,미매핑,
AJR74364818,5224A20005G,Strainer,,미매핑,
AJR74364818,MJU63160502,"Tube,Connector",,미매핑,
AJR74364818,MJU63160507,"Tube,Connector",,미매핑,
AJR74364818,MJU63614801,"Tube,Connector",,미매핑,
AJR74364818,MJU63614904,"Tube,Connector",,미매핑,
AJR74364818,MJU64027007,"Tube,Connector",,미매핑,
AJR74364825,3H01582B,Tie,,미매핑,
AJR74364825,5224A20005G,Strainer,,미매핑,
AJR74364825,MJU63160502,"Tube,Connector",,미매핑,
AJR74364825,MJU63160507,"Tube,Connector",,미매핑,
AJR74364825,MJU63614801,"Tube,Connector",,미매핑,
AJR74364825,MJU66964501,"Tube,Connector",,미매핑,
AJR74364825,MJU66964601,"Tube,Connector",,미매핑,
AJR74364901,RAC30599301,Solder Soldering,,미매핑,
AJR74364902,3H00815J,Expendables_,,미매핑,
AJR74364903,RAC30599301,Solder Soldering,,미매핑,
AJR74364904,3H00815J,Expendables_,,미매핑,
AJR74364911,3H00815J,Expendables_,,미매핑,
AJR74364912,RAC30599301,Solder Soldering,,미매핑,
AJR74364917,RAC30599301,Solder Soldering,,미매핑,
AJR74364918,RAC30599301,Solder Soldering,,미매핑,
AJR74364919,3H00815J,Expendables_,,미매핑,
AJR74364920,RAC30599301,Solder Soldering,,미매핑,
AJR74364921,3H00815J,Expendables_,,미매핑,
AJR74364922,RAC30599301,Solder Soldering,,미매핑,
AJR74364923,RAC30599301,Solder Soldering,,미매핑,
AJR74364924,RAC30599301,Solder Soldering,,미매핑,
AJR74364925,RAC30599301,Solder Soldering,,미매핑,
AJR74365101,3H01582B,Tie,,미매핑,
AJR74365101,4930A20053A,"Holder,Sensor",,미매핑,
AJR74365101,5210A30334L,"Tube,Pinch Off",,미매핑,
AJR74365101,MJU63751101,"Tube,Connector",,미매핑,
AJR74365101,RAC30599301,Solder Soldering,,미매핑,
AJR74365202,3H01582B,Tie,,미매핑,
AJR74365202,4930A20053A,"Holder,Sensor",,미매핑,
AJR74365202,RAC30599301,Solder Soldering,,미매핑,
AJR74365205,3H01582B,Tie,,미매핑,
AJR74365205,4930A20053A,"Holder,Sensor",,미매핑,
AJR74365205,RAC30599301,Solder Soldering,,미매핑,
AJR74366603,4H00006C,"Screw,Customized",,미매핑,
AJR74366603,MJX42581402,"Valve,Service",,미매핑,
AJR74366603,MJX62451601,"Valve,Service",,미매핑,
AJR74366603,RAC30599301,Solder Soldering,,미매핑,
AJR74366605,3H00815J,Expendables_,,미매핑,
AJR74366605,4H00006C,"Screw,Customized",,미매핑,
AJR74366605,MJX62451601,"Valve,Service",,미매핑,
AJR74366606,3H00815J,Expendables_,,미매핑,
AJR74366606,MJU65187806,"Tube,Connector",,미매핑,
AJR74366606,MJU65187807,"Tube,Connector",,미매핑,
AJR74385603,3H01582B,Tie,,미매핑,
AJR74385603,3H01582D,Tie,,미매핑,
AJR74385603,EBD60663823,"Sensor,Pressure",,미매핑,
AJR74385603,RAC30599301,Solder Soldering,,미매핑,
AJR74385604,3H01582B,Tie,,미매핑,
AJR74385604,3H01582D,Tie,,미매핑,
AJR74385604,EBD60663823,"Sensor,Pressure",,미매핑,
AJR74385604,RAC30599301,Solder Soldering,,미매핑,
AJR74385607,3H01582B,Tie,,미매핑,
AJR74385607,3H01582D,Tie,,미매핑,
AJR74385607,RAC30599301,Solder Soldering,,미매핑,
AJR74423402,3H01582B,Tie,,미매핑,
AJR74423402,3H01582D,Tie,,미매핑,
AJR74423402,EBD60663823,"Sensor,Pressure",,미매핑,
AJR74423402,RAC30599301,Solder Soldering,,미매핑,
AJR74423403,3H01582B,Tie,,미매핑,
AJR74423403,3H01582D,Tie,,미매핑,
AJR74423403,EBD60663823,"Sensor,Pressure",,미매핑,
AJR74423403,RAC30599301,Solder Soldering,,미매핑,
AJR74423407,3H01582D,Tie,,미매핑,
AJR74423407,EBD60663823,"Sensor,Pressure",,미매핑,
AJR74423407,RAC30599301,Solder Soldering,,미매핑,
AJR74423601,RAC30599301,Solder Soldering,,미매핑,
AJR74424501,4H00049A,"Tube,Pinch Off",,미매핑,
AJR74424506,4H00049A,"Tube,Pinch Off",,미매핑,
AJR74424616,RAC30599303,Solder Soldering,,미매핑,
AJR74424620,5210A22409C,"Tube,Connector",,미매핑,
AJR74424620,5256A30003C,Muffler,,미매핑,
AJR74424620,MJU63651002,"Tube,Connector",,미매핑,
AJR74424620,MJU63651005,"Tube,Connector",,미매핑,
AJR74424620,MJU63651009,"Tube,Connector",,미매핑,
AJR74425401,4H00049A,"Tube,Pinch Off",,미매핑,
AJR74425403,4H00049A,"Tube,Pinch Off",,미매핑,
AJR74425403,RAC30599301,Solder Soldering,,미매핑,
AJR74425405,4H00049A,"Tube,Pinch Off",,미매핑,
AJR74425405,RAC30599301,Solder Soldering,,미매핑,
AJR74444401,EBD62165607,"Sensor,Pressure",,미매핑,
AJR74444401,RAC30599301,Solder Soldering,,미매핑,
AJR74444402,EBD62165607,"Sensor,Pressure",,미매핑,
AJR74444402,RAC30599301,Solder Soldering,,미매핑,
AJR74444508,4930A20053A,"Holder,Sensor",,미매핑,
AJR74444508,4H00049A,"Tube,Pinch Off",,미매핑,
AJR74444508,RAC30599301,Solder Soldering,,미매핑,
AJR74444509,4H00049A,"Tube,Pinch Off",,미매핑,
AJR74444509,RAC30599301,Solder Soldering,,미매핑,
AJR74462301,3H01582B,Tie,,미매핑,
AJR74462301,3H01582D,Tie,,미매핑,
AJR74462301,4930A20053A,"Holder,Sensor",,미매핑,
AJR74462301,RAC30599301,Solder Soldering,,미매핑,
AJR74462302,3H01582B,Tie,,미매핑,
AJR74462302,3H01582D,Tie,,미매핑,
AJR74462302,4930A20053A,"Holder,Sensor",,미매핑,
AJR74462302,RAC30599301,Solder Soldering,,미매핑,
AJR74462303,3H01582B,Tie,,미매핑,
AJR74462303,3H01582D,Tie,,미매핑,
AJR74462303,4930A20053A,"Holder,Sensor",,미매핑,
AJR74462303,RAC30599301,Solder Soldering,,미매핑,
AJR74465905,RAC30599308,Solder Soldering,,미매핑,
AJR74465905,RAC30599309,Solder Soldering,,미매핑,
AJR74465906,4010AR3071A,"Socket,Flare",,미매핑,
AJR74465906,RAC30599302,Solder Soldering,,미매핑,
AJR74465906,RAC30599309,Solder Soldering,,미매핑,
AJR74482601,RAC30599301,Solder Soldering,,미매핑,
AJR74482801,RAC30599301,Solder Soldering,,미매핑,
AJR74488604,3H01582B,Tie,,미매핑,
AJR74504701,RAC30599301,Solder Soldering,,미매핑,
AJR74504801,RAC30599301,Solder Soldering,,미매핑,
AJR74523201,3H01582D,Tie,,미매핑,
AJR74523201,RAC30599301,Solder Soldering,,미매핑,
AJR74524701,3H01582D,Tie,,미매핑,
AJR74524701,5224A20002F,Strainer,,미매핑,
AJR74524701,RAC30599301,Solder Soldering,,미매핑,
AJR74524702,3H01582D,Tie,,미매핑,
AJR74524702,4980AR4395E,Supporter,,미매핑,
AJR74524702,5224A20002D,Strainer,,미매핑,
AJR74524702,RAC30599301,Solder Soldering,,미매핑,
AJR74524703,3H01582D,Tie,,미매핑,
AJR74524703,4980AR4395E,Supporter,,미매핑,
AJR74524703,5224A20002D,Strainer,,미매핑,
AJR74524703,RAC30599301,Solder Soldering,,미매핑,
AJR74524704,3H01582D,Tie,,미매핑,
AJR74524704,5224A20002F,Strainer,,미매핑,
AJR74524704,MJX62253901,"Valve,Service",,미매핑,
AJR74524704,RAC30599301,Solder Soldering,,미매핑,
AJR74524707,3H01582D,Tie,,미매핑,
AJR74524707,5220A20034C,"Valve,Service",,미매핑,
AJR74524707,RAC30599301,Solder Soldering,,미매핑,
AJR74524708,3H01582D,Tie,,미매핑,
AJR74524708,5224A20002D,Strainer,,미매핑,
AJR74524708,RAC30599301,Solder Soldering,,미매핑,
AJR74524709,3H00815J,Expendables_,,미매핑,
AJR74524709,3H01582D,Tie,,미매핑,
AJR74524709,4980AR4395E,Supporter,,미매핑,
AJR74524709,5220A20034C,"Valve,Service",,미매핑,
AJR74524709,MJU65028701,"Tube,Connector",,미매핑,
AJR74662702,3H00815J,Expendables_,,미매핑,
AJR74662702,49113007,Solder Soldering,,미매핑,
AJR74662703,3H00815J,Expendables_,,미매핑,
AJR74662703,49113007,Solder Soldering,,미매핑,
AJR74662703,5014A30001A,"Damper,Tube",,미매핑,
AJR74663217,4930A20053A,"Holder,Sensor",,미매핑,
AJR74663217,RAC30599301,Solder Soldering,,미매핑,
AJR74683101,3H01582B,Tie,,미매핑,
AJR74683101,4930A20053A,"Holder,Sensor",,미매핑,
AJR74683101,4A00322A,"Valve,Check",,미매핑,
AJR74683101,4A00609A,Cap,,미매핑,
AJR74683101,5210A30334L,"Tube,Pinch Off",,미매핑,
AJR74683101,5410A30055F,"Insulator,Tube",,미매핑,
AJR74683101,EBD62165601,"Sensor,Pressure",,미매핑,
AJR74683101,RAC30599301,Solder Soldering,,미매핑,
AJR74683102,3H01582B,Tie,,미매핑,
AJR74683102,4930A20053A,"Holder,Sensor",,미매핑,
AJR74683102,4A00322A,"Valve,Check",,미매핑,
AJR74683102,4A00609A,Cap,,미매핑,
AJR74683102,5210A30334L,"Tube,Pinch Off",,미매핑,
AJR74683102,5410A30055F,"Insulator,Tube",,미매핑,
AJR74683102,EBD62165601,"Sensor,Pressure",,미매핑,
AJR74683102,MJC62301701,Strainer,,미매핑,
AJR74683102,RAC30599301,Solder Soldering,,미매핑,
AJR74702801,RAC30599301,Solder Soldering,,미매핑,
AJR74702901,4930A20053A,"Holder,Sensor",,미매핑,
AJR74702901,RAC30599301,Solder Soldering,,미매핑,
AJR74803001,3H00815J,Expendables_,,미매핑,
AJR74803001,49112009,Expendables_,,미매핑,
AJR74803002,3H00815J,Expendables_,,미매핑,
AJR74803002,49112009,Expendables_,,미매핑,
AJR74803102,4H00049A,"Tube,Pinch Off",,미매핑,
AJR74803102,RAC30599301,Solder Soldering,,미매핑,
AJR74803514,4930A20053A,"Holder,Sensor",,미매핑,
AJR74803514,MJU65026401,"Tube,Manifold",,미매핑,
AJR74803537,MJU65026413,"Tube,Manifold",,미매핑,
AJR74843701,49113007,Solder Soldering,,미매핑,
AJR74843701,RAC30599301,Solder Soldering,,미매핑,
AJR74843702,49113007,Solder Soldering,,미매핑,
AJR74843702,RAC30599301,Solder Soldering,,미매핑,
AJR74844101,49113007,Solder Soldering,,미매핑,
AJR74844101,RAC30599301,Solder Soldering,,미매핑,
AJR74844102,49113007,Solder Soldering,,미매핑,
AJR74844102,RAC30599301,Solder Soldering,,미매핑,
AJR74844301,RAC30599308,Solder Soldering,,미매핑,
AJR74844301,RAC30599309,Solder Soldering,,미매핑,
AJR74844302,MEJ64687101,"Hose,Air",,미매핑,
AJR74844302,RAC30599308,Solder Soldering,,미매핑,
AJR74844302,RAC30599309,Solder Soldering,,미매핑,
AJR74844307,4930A20053A,"Holder,Sensor",,미매핑,
AJR74844307,RAC30599308,Solder Soldering,,미매핑,
AJR74844307,RAC30599309,Solder Soldering,,미매핑,
AJR74844308,MEJ64687101,"Hose,Air",,미매핑,
AJR74844308,RAC30599308,Solder Soldering,,미매핑,
AJR74844308,RAC30599309,Solder Soldering,,미매핑,
AJR74844309,RAC30599308,Solder Soldering,,미매핑,
AJR74844309,RAC30599309,Solder Soldering,,미매핑,
AJR74844310,4930A20053A,"Holder,Sensor",,미매핑,
AJR74844310,RAC30599308,Solder Soldering,,미매핑,
AJR74844310,RAC30599309,Solder Soldering,,미매핑,
AJR74844311,MEJ64687101,"Hose,Air",,미매핑,
AJR74844311,RAC30599308,Solder Soldering,,미매핑,
AJR74844311,RAC30599309,Solder Soldering,,미매핑,
AJR74844312,RAC30599308,Solder Soldering,,미매핑,
AJR74844312,RAC30599309,Solder Soldering,,미매핑,
AJR74844313,RAC30599308,Solder Soldering,,미매핑,
AJR74844313,RAC30599309,Solder Soldering,,미매핑,
AJR74844314,RAC30599308,Solder Soldering,,미매핑,
AJR74844314,RAC30599309,Solder Soldering,,미매핑,
AJR74844315,RAC30599308,Solder Soldering,,미매핑,
AJR74844315,RAC30599309,Solder Soldering,,미매핑,
AJR74844316,4930A20053A,"Holder,Sensor",,미매핑,
AJR74844316,RAC30599308,Solder Soldering,,미매핑,
AJR74844316,RAC30599309,Solder Soldering,,미매핑,
AJR74844317,RAC30599308,Solder Soldering,,미매핑,
AJR74844317,RAC30599309,Solder Soldering,,미매핑,
AJR74844318,4930A20053A,"Holder,Sensor",,미매핑,
AJR74844318,RAC30599308,Solder Soldering,,미매핑,
AJR74844318,RAC30599309,Solder Soldering,,미매핑,
AJR74844319,RAC30599308,Solder Soldering,,미매핑,
AJR74844319,RAC30599309,Solder Soldering,,미매핑,
AJR74863102,RAC30599306,Solder Soldering,,미매핑,
AJR74923004,RAC30599301,Solder Soldering,,미매핑,
AJR74923004,RAC30599309,Solder Soldering,,미매핑,
AJR74925001,4H00049A,"Tube,Pinch Off",,미매핑,
AJR74925001,RAC30599301,Solder Soldering,,미매핑,
AJR74962901,RAC30599301,Solder Soldering,,미매핑,
AJR74962901,RAC30599309,Solder Soldering,,미매핑,
AJR74962902,MEJ64687101,"Hose,Air",,미매핑,
AJR74962902,RAC30599301,Solder Soldering,,미매핑,
AJR74962902,RAC30599309,Solder Soldering,,미매핑,
AJR74962906,RAC30599301,Solder Soldering,,미매핑,
AJR74962906,RAC30599309,Solder Soldering,,미매핑,
AJR74962907,RAC30599301,Solder Soldering,,미매핑,
AJR74962907,RAC30599309,Solder Soldering,,미매핑,
AJR74963002,3H01582B,Tie,,미매핑,
AJR74963002,MEJ64687101,"Hose,Air",,미매핑,
AJR74963002,RAC30599301,Solder Soldering,,미매핑,
AJR74963002,RAC30599309,Solder Soldering,,미매핑,
AJR74963003,3H01582B,Tie,,미매핑,
AJR74963003,MEJ64687101,"Hose,Air",,미매핑,
AJR74963003,RAC30599301,Solder Soldering,,미매핑,
AJR74963003,RAC30599309,Solder Soldering,,미매핑,
AJR74963101,49113007,Solder Soldering,,미매핑,
AJR74963101,RAC30599301,Solder Soldering,,미매핑,
AJR74964501,4930A20053A,"Holder,Sensor",,미매핑,
AJR74964501,5210A30334L,"Tube,Pinch Off",,미매핑,
AJR74964501,RAC30599301,Solder Soldering,,미매핑,
AJR74964701,3H01582B,Tie,,미매핑,
AJR74964701,3H01582D,Tie,,미매핑,
AJR74964701,4930A20053A,"Holder,Sensor",,미매핑,
AJR74964701,RAC30599301,Solder Soldering,,미매핑,
AJR74964804,RAC30599301,Solder Soldering,,미매핑,
AJR74964807,RAC30599301,Solder Soldering,,미매핑,
AJR74983801,4930A20053A,"Holder,Sensor",,미매핑,
AJR74983802,4930A20053A,"Holder,Sensor",,미매핑,
AJR74983902,3H00815J,Expendables_,,미매핑,
AJR74983902,3H01582B,Tie,,미매핑,
AJR74983902,EBF40271416,"Switch,Pressure",,미매핑,
AJR74983903,3H00815J,Expendables_,,미매핑,
AJR74983903,3H01582B,Tie,,미매핑,
AJR74983903,EBF40271416,"Switch,Pressure",,미매핑,
AJR74983910,3H00815J,Expendables_,,미매핑,
AJR74983910,3H01582B,Tie,,미매핑,
AJR74983910,4A00114C,"Tube,Connector",,미매핑,
AJR74983910,5210A23376A,"Tube,Connector",,미매핑,
AJR74983910,5210A30334M,"Tube,Pinch Off",,미매핑,
AJR74983910,5211A22074A,"Tube Assembly,Connector",,미매핑,
AJR74983910,EBD64386504,"Sensor Module,Pressure",,미매핑,
AJR74983910,EBF40271416,"Switch,Pressure",,미매핑,
AJR74983910,MJU64170104,"Tube,Connector",,미매핑,
AJR74983910,MJU64388005,"Tube,Connector",,미매핑,
AJR74983910,MJU64388203,"Tube,Connector",,미매핑,
AJR74983910,MJU64930001,"Tube,Connector",,미매핑,
AJR74983910,MJU64930102,"Tube,Connector",,미매핑,
AJR74983910,MJU65026902,"Tube,Connector",,미매핑,
AJR74983910,MJU65027002,"Tube,Connector",,미매핑,
AJR74983938,3H00815J,Expendables_,,미매핑,
AJR74983938,3H01582B,Tie,,미매핑,
AJR74983938,4A00114C,"Tube,Connector",,미매핑,
AJR74983938,5210A23376A,"Tube,Connector",,미매핑,
AJR74983938,5210A30334M,"Tube,Pinch Off",,미매핑,
AJR74983938,5211A22074A,"Tube Assembly,Connector",,미매핑,
AJR74983938,EBD64386504,"Sensor Module,Pressure",,미매핑,
AJR74983938,EBF40271428,"Switch,Pressure",,미매핑,
AJR74983938,MJU64170104,"Tube,Connector",,미매핑,
AJR74983938,MJU64388005,"Tube,Connector",,미매핑,
AJR74983938,MJU64388203,"Tube,Connector",,미매핑,
AJR74983938,MJU64930001,"Tube,Connector",,미매핑,
AJR74983938,MJU64930102,"Tube,Connector",,미매핑,
AJR74983938,MJU65026902,"Tube,Connector",,미매핑,
AJR74983938,MJU65027002,"Tube,Connector",,미매핑,
AJR74983939,3H00815J,Expendables_,,미매핑,
AJR74983939,3H01582B,Tie,,미매핑,
AJR74983939,4A00114C,"Tube,Connector",,미매핑,
AJR74983939,5210A23376A,"Tube,Connector",,미매핑,
AJR74983939,5210A30334M,"Tube,Pinch Off",,미매핑,
AJR74983939,5211A22074A,"Tube Assembly,Connector",,미매핑,
AJR74983939,EBD64386504,"Sensor Module,Pressure",,미매핑,
AJR74983939,EBF40271428,"Switch,Pressure",,미매핑,
AJR74983939,MJU64170104,"Tube,Connector",,미매핑,
AJR74983939,MJU64388006,"Tube,Connector",,미매핑,
AJR74983939,MJU64388203,"Tube,Connector",,미매핑,
AJR74983939,MJU64930001,"Tube,Connector",,미매핑,
AJR74983939,MJU64930102,"Tube,Connector",,미매핑,
AJR74983939,MJU65026902,"Tube,Connector",,미매핑,
AJR74983939,MJU65027002,"Tube,Connector",,미매핑,
AJR74984303,3H00815J,Expendables_,,미매핑,
AJR74984303,3H01582D,Tie,,미매핑,
AJR74984303,5210A22409A,"Tube,Connector",,미매핑,
AJR74984303,5210A22409B,"Tube,Connector",,미매핑,
AJR74984303,MJU64427302,"Tube,Connector",,미매핑,
AJR74984303,MJU64671101,"Tube,Connector",,미매핑,
AJR74984303,MJU64671102,"Tube,Connector",,미매핑,
AJR74984303,MJU64671103,"Tube,Connector",,미매핑,
AJR74984303,MJU64671104,"Tube,Connector",,미매핑,
AJR74984303,MJU64671105,"Tube,Connector",,미매핑,
AJR74984303,MJU64671109,"Tube,Connector",,미매핑,
AJR74984303,MJU64708502,"Tube,Connector",,미매핑,
AJR74984303,MJU64708602,"Tube,Connector",,미매핑,
AJR74984304,3H00815J,Expendables_,,미매핑,
AJR74984304,3H01582B,Tie,,미매핑,
AJR74984304,5210A22409A,"Tube,Connector",,미매핑,
AJR74984304,5210A22409B,"Tube,Connector",,미매핑,
AJR74984304,MJU64708502,"Tube,Connector",,미매핑,
AJR74984304,MJU64708602,"Tube,Connector",,미매핑,
AJR74984307,3H00815J,Expendables_,,미매핑,
AJR74984307,3H01582B,Tie,,미매핑,
AJR74984501,MJU64427801,"Tube,Connector",,미매핑,
AJR74984501,RAC30599301,Solder Soldering,,미매핑,
AJR74985201,3H01582B,Tie,,미매핑,
AJR74985201,3H01582D,Tie,,미매핑,
AJR74985201,4930A20053A,"Holder,Sensor",,미매핑,
AJR74985202,3H01582B,Tie,,미매핑,
AJR74985202,3H01582D,Tie,,미매핑,
AJR74985202,4930A20053A,"Holder,Sensor",,미매핑,
AJR74985204,3H01582B,Tie,,미매핑,
AJR74985204,3H01582D,Tie,,미매핑,
AJR74985204,4930A20053A,"Holder,Sensor",,미매핑,
AJR75002401,3H01582B,Tie,,미매핑,
AJR75002401,RAC30599303,Solder Soldering,,미매핑,
AJR75002402,3H01582B,Tie,,미매핑,
AJR75002402,RAC30599303,Solder Soldering,,미매핑,
AJR75044203,1SDTF040267,"Screw,Taptite",,미매핑,
AJR75044203,3H00815J,Expendables_,,미매핑,
AJR75062906,3H01582B,Tie,,미매핑,
AJR75062906,4930A20053A,"Holder,Sensor",,미매핑,
AJR75062906,RAC30599301,Solder Soldering,,미매핑,
AJR75062907,3H01582B,Tie,,미매핑,
AJR75062907,4930A20053A,"Holder,Sensor",,미매핑,
AJR75062907,RAC30599301,Solder Soldering,,미매핑,
AJR75062911,3H01582B,Tie,,미매핑,
AJR75062911,RAC30599301,Solder Soldering,,미매핑,
AJR75102501,4H00049A,"Tube,Pinch Off",,미매핑,
AJR75104017,3H00815J,Expendables_,,미매핑,
AJR75104017,3H01582A,Tie,,미매핑,
AJR75104018,3H00815J,Expendables_,,미매핑,
AJR75104030,RAC30599303,Solder Soldering,,미매핑,
AJR75104601,49112009,Expendables_,,미매핑,
AJR75104601,4930A20053A,"Holder,Sensor",,미매핑,
AJR75104601,RAC30599301,Solder Soldering,,미매핑,
AJR75123701,4H00049A,"Tube,Pinch Off",,미매핑,
AJR75123901,4H00049A,"Tube,Pinch Off",,미매핑,
AJR75123901,RAC30599301,Solder Soldering,,미매핑,
AJR75163201,MCQ69107101,"Damper,Tube",,미매핑,
AJR75462802,3H00815J,Expendables_,,미매핑,
AJR75462802,5210A22409B,"Tube,Connector",,미매핑,
AJR75462802,MJU64407201,"Tube,Connector",,미매핑,
AJR75462802,MJU64687501,"Tube,Connector",,미매핑,
AJR75462802,MJU64687701,"Tube,Connector",,미매핑,
AJR75462802,MJU64688201,"Tube,Connector",,미매핑,
AJR75462802,MJU64688301,"Tube,Connector",,미매핑,
AJR75462802,MJU64688401,"Tube,Connector",,미매핑,
AJR75462802,MJX62771702,"Valve,Check",,미매핑,
AJR75462802,MJX62771705,"Valve,Check",,미매핑,
AJR75462803,3H00815J,Expendables_,,미매핑,
AJR75463001,3H01582B,Tie,,미매핑,
AJR75463001,MJU64688604,"Tube,Connector",,미매핑,
AJR75463001,MJU64688808,"Tube,Connector",,미매핑,
AJR75463001,MJX30152802,"Valve,Reverse",,미매핑,
AJR75463001,RAC30599301,Solder Soldering,,미매핑,
AJR75463002,RAC30599301,Solder Soldering,,미매핑,
AJR75463003,RAC30599301,Solder Soldering,,미매핑,
AJR75463110,3H01582B,Tie,,미매핑,
AJR75463304,3H01582B,Tie,,미매핑,
AJR75463304,4930A20053A,"Holder,Sensor",,미매핑,
AJR75463304,5210A22409A,"Tube,Connector",,미매핑,
AJR75463304,5210A22409B,"Tube,Connector",,미매핑,
AJR75463304,MJU64433003,"Tube,Return Bending",,미매핑,
AJR75463304,MJU64708303,"Tube,Connector",,미매핑,
AJR75463304,MJU64711801,"Tube,Connector",,미매핑,
AJR75463304,MJU64711901,"Tube,Connector",,미매핑,
AJR75463304,MJU64712001,"Tube,Connector",,미매핑,
AJR75463304,MJU64712101,"Tube,Connector",,미매핑,
AJR75463304,MJU64712201,"Tube,Connector",,미매핑,
AJR75463503,3H01582B,Tie,,미매핑,
AJR75464301,49113007,Solder Soldering,,미매핑,
AJR75464301,RAC30599301,Solder Soldering,,미매핑,
AJR75464302,49113007,Solder Soldering,,미매핑,
AJR75464302,RAC30599301,Solder Soldering,,미매핑,
AJR75464602,5210A30334L,"Tube,Pinch Off",,미매핑,
AJR75464602,RAC30599301,Solder Soldering,,미매핑,
AJR75464603,5210A30334L,"Tube,Pinch Off",,미매핑,
AJR75464603,RAC30599301,Solder Soldering,,미매핑,
AJR75482702,3H01582B,Tie,,미매핑,
AJR75482702,5210A28001S,"Tube,Return Bending",,미매핑,
AJR75482702,5210A30334L,"Tube,Pinch Off",,미매핑,
AJR75482702,MJU63000101,"Tube,Connector",,미매핑,
AJR75482702,MJU64727002,"Tube,Connector",,미매핑,
AJR75482702,MJU64727102,"Tube,Connector",,미매핑,
AJR75482702,MJU64727202,"Tube,Connector",,미매핑,
AJR75482702,MJU64727501,"Tube,Connector",,미매핑,
AJR75482702,MJU64727602,"Tube,Connector",,미매핑,
AJR75482702,MJU64727702,"Tube,Connector",,미매핑,
AJR75482702,MJU64727802,"Tube,Connector",,미매핑,
AJR75482702,MJU64727902,"Tube,Connector",,미매핑,
AJR75482702,MJU64728002,"Tube,Connector",,미매핑,
AJR75482702,MJU64728102,"Tube,Connector",,미매핑,
AJR75482702,MJU64729901,"Tube,Connector",,미매핑,
AJR75482702,RAC30599308,Solder Soldering,,미매핑,
AJR75483601,3H01582B,Tie,,미매핑,
AJR75483601,RAC30599301,Solder Soldering,,미매핑,
AJR75483603,3H00815J,Expendables_,,미매핑,
AJR75483603,3H01582B,Tie,,미매핑,
AJR75483702,3H01582D,Tie,,미매핑,
AJR75483702,4930A20053A,"Holder,Sensor",,미매핑,
AJR75483702,5210A22409A,"Tube,Connector",,미매핑,
AJR75483702,5210A22409B,"Tube,Connector",,미매핑,
AJR75483702,MJU64671101,"Tube,Connector",,미매핑,
AJR75483702,MJU64671102,"Tube,Connector",,미매핑,
AJR75483702,MJU64671103,"Tube,Connector",,미매핑,
AJR75483702,MJU64671104,"Tube,Connector",,미매핑,
AJR75483702,MJU64671105,"Tube,Connector",,미매핑,
AJR75483702,MJU64671106,"Tube,Connector",,미매핑,
AJR75483702,MJU64671108,"Tube,Connector",,미매핑,
AJR75483702,MJU64671109,"Tube,Connector",,미매핑,
AJR75483702,RAC30599301,Solder Soldering,,미매핑,
AJR75522802,3H01582B,Tie,,미매핑,
AJR75522802,3H01582D,Tie,,미매핑,
AJR75522802,RAC30599301,Solder Soldering,,미매핑,
AJR75522803,3H01582D,Tie,,미매핑,
AJR75522803,4930A20053A,"Holder,Sensor",,미매핑,
AJR75522803,4H00049A,"Tube,Pinch Off",,미매핑,
AJR75522803,EBD62165607,"Sensor,Pressure",,미매핑,
AJR75522803,MEV39836107,Insulator,,미매핑,
AJR75522803,MJX62472101,"Valve,Service",,미매핑,
AJR75522803,RAC30599301,Solder Soldering,,미매핑,
AJR75522901,3H01582B,Tie,,미매핑,
AJR75522901,4H00049A,"Tube,Pinch Off",,미매핑,
AJR75522901,RAC30599301,Solder Soldering,,미매핑,
AJR75524701,4H00049A,"Tube,Pinch Off",,미매핑,
AJR75543801,RAC30599301,Solder Soldering,,미매핑,
AJR75544201,3H00815J,Expendables_,,미매핑,
AJR75544201,3H01582B,Tie,,미매핑,
AJR75544201,MAZ64571702,Bracket,,미매핑,
AJR75544201,MAZ64571803,Bracket,,미매핑,
AJR75544204,3H00815J,Expendables_,,미매핑,
AJR75544204,3H01582B,Tie,,미매핑,
AJR75544204,4A00114A,"Tube,Connector",,미매핑,
AJR75544204,5224A20005G,Strainer,,미매핑,
AJR75544204,MJU64706601,"Tube,Connector",,미매핑,
AJR75544204,MJU64770301,"Tube,Connector",,미매핑,
AJR75544204,MJU64791301,"Tube,Connector",,미매핑,
AJR75544608,RAC30599301,Solder Soldering,,미매핑,
AJR75545702,RAC30599301,Solder Soldering,,미매핑,
AJR75545703,RAC30599301,Solder Soldering,,미매핑,
AJR75563401,RAC30599301,Solder Soldering,,미매핑,
AJR75563501,3H00815J,Expendables_,,미매핑,
AJR75563502,3H00815J,Expendables_,,미매핑,
AJR75563502,3H01582D,Tie,,미매핑,
AJR75563502,MJU64794404,"Tube,Connector",,미매핑,
AJR75563503,3H00815J,Expendables_,,미매핑,
AJR75563504,3H00815J,Expendables_,,미매핑,
AJR75563602,3H01582D,Tie,,미매핑,
AJR75563602,4930A20053B,"Holder,Sensor",,미매핑,
AJR75563602,5014A30014W,"Damper,Tube",,미매핑,
AJR75563602,5210A22409A,"Tube,Connector",,미매핑,
AJR75563602,5210A22409B,"Tube,Connector",,미매핑,
AJR75563602,MEV55008105,"Insulator,Tube",,미매핑,
AJR75563602,MJU63512509,"Tube,Distributor",,미매핑,
AJR75563602,MJU64809801,"Tube,Connector",,미매핑,
AJR75563602,MJU64809802,"Tube,Connector",,미매핑,
AJR75563602,MJU64809804,"Tube,Connector",,미매핑,
AJR75563602,MJU64809805,"Tube,Connector",,미매핑,
AJR75563602,MJU64809806,"Tube,Connector",,미매핑,
AJR75563602,MJU64809807,"Tube,Connector",,미매핑,
AJR75563602,MJU64809808,"Tube,Connector",,미매핑,
AJR75563602,MJU64809809,"Tube,Connector",,미매핑,
AJR75563602,MJU64809810,"Tube,Connector",,미매핑,
AJR75563602,MJU64933001,"Tube,Connector",,미매핑,
AJR75563602,MJU64933002,"Tube,Connector",,미매핑,
AJR75563602,MJU64979002,"Tube,Connector",,미매핑,
AJR75563602,RAC30599308,Solder Soldering,,미매핑,
AJR75563701,3H01582B,Tie,,미매핑,
AJR75563701,49112009,Expendables_,,미매핑,
AJR75563701,5210A30334L,"Tube,Pinch Off",,미매핑,
AJR75563701,MJU65551001,"Tube,Distributor",,미매핑,
AJR75563702,3H01582B,Tie,,미매핑,
AJR75563702,5210A30334L,"Tube,Pinch Off",,미매핑,
AJR75563702,RAC30599308,Solder Soldering,,미매핑,
AJR75584502,3H00815J,Expendables_,,미매핑,
AJR75604801,3H00815J,Expendables_,,미매핑,
AJR75604801,4H00006C,"Screw,Customized",,미매핑,
AJR75604804,3H00815J,Expendables_,,미매핑,
AJR75604804,4H00006C,"Screw,Customized",,미매핑,
AJR75604804,MJX62451601,"Valve,Service",,미매핑,
AJR75623701,RAC30599301,Solder Soldering,,미매핑,
AJR75623703,RAC30599301,Solder Soldering,,미매핑,
AJR75624402,4H00049A,"Tube,Pinch Off",,미매핑,
AJR75643001,3H01582B,Tie,,미매핑,
AJR75643001,RAC30599301,Solder Soldering,,미매핑,
AJR75643001,RAC30599327,Solder Soldering,,미매핑,
AJR75645201,3H01582B,Tie,,미매핑,
AJR75645201,5210A22409A,"Tube,Connector",,미매핑,
AJR75645201,5210A28001G,"Tube,Return Bending",,미매핑,
AJR75645201,MJU63751101,"Tube,Connector",,미매핑,
AJR75645201,MJU64856701,"Tube,Connector",,미매핑,
AJR75645201,MJU64856801,"Tube,Connector",,미매핑,
AJR75645201,MJU64857001,"Tube,Connector",,미매핑,
AJR75645201,MJU64857101,"Tube,Connector",,미매핑,
AJR75645201,MJU64857201,"Tube,Connector",,미매핑,
AJR75645201,MJU64857301,"Tube,Connector",,미매핑,
AJR75645201,MJU64857401,"Tube,Connector",,미매핑,
AJR75645201,MJU64857501,"Tube,Connector",,미매핑,
AJR75645201,MJU64857601,"Tube,Connector",,미매핑,
AJR75645201,MJU64857701,"Tube,Connector",,미매핑,
AJR75645201,MJU64906401,"Tube,Connector",,미매핑,
AJR75645201,MJU64906501,"Tube,Connector",,미매핑,
AJR75645201,MJU64906601,"Tube,Connector",,미매핑,
AJR75645201,MJU64906701,"Tube,Connector",,미매핑,
AJR75645201,MJU64906801,"Tube,Connector",,미매핑,
AJR75645201,MJU64906901,"Tube,Connector",,미매핑,
AJR75645201,RAC30599308,Solder Soldering,,미매핑,
AJR75645606,4930A20053A,"Holder,Sensor",,미매핑,
AJR75662310,4930A20053A,"Holder,Sensor",,미매핑,
AJR75702302,RAC30599303,Solder Soldering,,미매핑,
AJR75702801,3H01582B,Tie,,미매핑,
AJR75702801,RAC30599308,Solder Soldering,,미매핑,
AJR75704003,3H00815J,Expendables_,,미매핑,
AJR75704003,3H01582B,Tie,,미매핑,
AJR75704003,5210A30334L,"Tube,Pinch Off",,미매핑,
AJR75704003,EBD60663823,"Sensor,Pressure",,미매핑,
AJR75704003,EBD62165601,"Sensor,Pressure",,미매핑,
AJR75704003,MJU61971306,"Tube,Coupling",,미매핑,
AJR75709903,RAC30599301,Solder Soldering,,미매핑,
AJR75710506,RAC30599301,Solder Soldering,,미매핑,
AJR75711401,3H00815J,Expendables_,,미매핑,
AJR75711501,3H00815J,Expendables_,,미매핑,
AJR75711501,3H01582B,Tie,,미매핑,
AJR75711501,5220A20013C,"Valve,Service",,미매핑,
AJR75711503,1MPC0502018,"Screw,Machine",,미매핑,
AJR75711503,3H01582B,Tie,,미매핑,
AJR75711503,5220A20013C,"Valve,Service",,미매핑,
AJR75711503,EAD62115302,"Drawing,Assembly",,미매핑,
AJR75711503,RAC30599303,Solder Soldering,,미매핑,
AJR75711504,5220A20013C,"Valve,Service",,미매핑,
AJR75711504,RAC30599303,Solder Soldering,,미매핑,
AJR75711901,3H00815J,Expendables_,,미매핑,
AJR75711901,4H00006C,"Screw,Customized",,미매핑,
AJR75712801,3H01582D,Tie,,미매핑,
AJR75713001,3H01582D,Tie,,미매핑,
AJR75713101,4H00049A,"Tube,Pinch Off",,미매핑,
AJR75713301,3H01582D,Tie,,미매핑,
AJR75713301,4930A20053A,"Holder,Sensor",,미매핑,
AJR75713301,4H00049A,"Tube,Pinch Off",,미매핑,
AJR75713301,5220A20029M,"Valve,Service",,미매핑,
AJR75713301,5220A20034C,"Valve,Service",,미매핑,
AJR75723702,4930A20053A,"Holder,Sensor",,미매핑,
AJR75723702,RAC30599308,Solder Soldering,,미매핑,
AJR75723702,RAC30599309,Solder Soldering,,미매핑,
AJR75727201,RAC30599307,Solder Soldering,,미매핑,
AJR75743201,RAC30599307,Solder Soldering,,미매핑,
AJR75743209,RAC30599303,Solder Soldering,,미매핑,
AJR75743301,5210A30334L,"Tube,Pinch Off",,미매핑,
AJR75743301,RAC30599301,Solder Soldering,,미매핑,
AJR75744102,RAC30599308,Solder Soldering,,미매핑,
AJR75744115,RAC30599308,Solder Soldering,,미매핑,
AJR75744137,RAC30599308,Solder Soldering,,미매핑,
AJR75744140,RAC30599308,Solder Soldering,,미매핑,
AJR75744401,3H00815J,Expendables_,,미매핑,
AJR75744401,49112009,Expendables_,,미매핑,
AJR75744501,3H00815J,Expendables_,,미매핑,
AJR75744510,5220A20006J,"Valve,Service",,미매핑,
AJR75744510,RAC30599303,Solder Soldering,,미매핑,
AJR75744512,RAC30599303,Solder Soldering,,미매핑,
AJR75744535,RAC30599303,Solder Soldering,,미매핑,
AJR75763701,3H00815J,Expendables_,,미매핑,
AJR75782901,3H00815J,Expendables_,,미매핑,
AJR75784701,1SDTF040267,"Screw,Taptite",,미매핑,
AJR75784701,3H00815J,Expendables_,,미매핑,
AJR75784701,3H01582B,Tie,,미매핑,
AJR75784701,5410A21281J,"Insulator,Tube",,미매핑,
AJR75786301,RAC30599303,Solder Soldering,,미매핑,
AJR75786302,RAC30599303,Solder Soldering,,미매핑,
AJR75802401,4H00049A,"Tube,Pinch Off",,미매핑,
AJR75802401,RAC30599301,Solder Soldering,,미매핑,
AJR75802501,3H00815J,Expendables_,,미매핑,
AJR75802609,RAB36912801,"Tape,PVC",,미매핑,
AJR75802609,RAC30599303,Solder Soldering,,미매핑,
AJR75804101,3H01582B,Tie,,미매핑,
AJR75804101,MJU64688604,"Tube,Connector",,미매핑,
AJR75804101,MJU64688808,"Tube,Connector",,미매핑,
AJR75804101,MJX30152802,"Valve,Reverse",,미매핑,
AJR75804101,RAC30599301,Solder Soldering,,미매핑,
AJR75804102,3H01582B,Tie,,미매핑,
AJR75804102,RAC30599301,Solder Soldering,,미매핑,
AJR75804103,3H01582B,Tie,,미매핑,
AJR75804103,RAC30599301,Solder Soldering,,미매핑,
AJR75805201,4H00049A,"Tube,Pinch Off",,미매핑,
AJR75826401,3H01582D,Tie,,미매핑,
AJR75827603,3H01582D,Tie,,미매핑,
AJR75923201,3H00815J,Expendables_,,미매핑,
AJR75923201,3H01582D,Tie,,미매핑,
AJR75923201,MBF63464202,Bush,,미매핑,
AJR75923201,MJU62987402,"Tube,Connector",,미매핑,
AJR75923201,MJU65148301,"Tube,Connector",,미매핑,
AJR75962501,3H00815J,Expendables_,,미매핑,
AJR75962501,5224A20005X,Strainer,,미매핑,
AJR75962501,MJU64787101,"Tube,Connector",,미매핑,
AJR75962501,MJU65207304,"Tube,Connector",,미매핑,
AJR75983001,3H00815J,Expendables_,,미매핑,
AJR75983001,4H00049A,"Tube,Pinch Off",,미매핑,
AJR75983003,3H00815J,Expendables_,,미매핑,
AJR75983003,MJU65187806,"Tube,Connector",,미매핑,
AJR75983003,MJU65187807,"Tube,Connector",,미매핑,
AJR75983005,3H00815J,Expendables_,,미매핑,
AJR75983005,4H00049A,"Tube,Pinch Off",,미매핑,
AJR75983008,3H00815J,Expendables_,,미매핑,
AJR75983008,MJU65187806,"Tube,Connector",,미매핑,
AJR75983008,MJU65187807,"Tube,Connector",,미매핑,
AJR75983010,3H00815J,Expendables_,,미매핑,
AJR75983010,5211A22074A,"Tube Assembly,Connector",,미매핑,
AJR75983010,5410A21281A,"Insulator,Tube",,미매핑,
AJR75983010,5410A30279C,"Insulator,Tube",,미매핑,
AJR75983010,MKW30000003,"Plug,Fusible",,미매핑,
AJR76264102,3H00815J,Expendables_,,미매핑,
AJR76264102,3H01582B,Tie,,미매핑,
AJR76264102,5210A30334L,"Tube,Pinch Off",,미매핑,
AJR76302601,RAC30599303,Solder Soldering,,미매핑,
AJR76322601,3H01582B,Tie,,미매핑,
AJR76322601,4A00114E,"Tube,Connector",,미매핑,
AJR76322601,5224A20005G,Strainer,,미매핑,
AJR76322601,MJU65626404,"Tube,Connector",,미매핑,
AJR76322601,MJU65626405,"Tube,Connector",,미매핑,
AJR76322601,MJU65626506,"Tube,Connector",,미매핑,
AJR76322601,MJU65626509,"Tube,Connector",,미매핑,
AJR76363001,49113007,Solder Soldering,,미매핑,
AJR76363001,4930A20053A,"Holder,Sensor",,미매핑,
AJR76363001,MJU65588305,"Tube,Connector",,미매핑,
AJR76363001,RAC30599301,Solder Soldering,,미매핑,
AJR76363002,49113007,Solder Soldering,,미매핑,
AJR76363002,4930A20053A,"Holder,Sensor",,미매핑,
AJR76363002,MJU42938502,"Tube,Connector",,미매핑,
AJR76363002,MJU65486405,"Tube,Connector",,미매핑,
AJR76363002,MJU65486416,"Tube,Connector",,미매핑,
AJR76363002,MJU65588306,"Tube,Connector",,미매핑,
AJR76363002,MJU65588310,"Tube,Connector",,미매핑,
AJR76363002,RAC30599301,Solder Soldering,,미매핑,
AJR76363201,3H01582B,Tie,,미매핑,
AJR76402407,3H00815J,Expendables_,,미매핑,
AJR76402407,3H01582B,Tie,,미매핑,
AJR76402407,4930A20053A,"Holder,Sensor",,미매핑,
AJR76402407,4A00322A,"Valve,Check",,미매핑,
AJR76402407,4A00609A,Cap,,미매핑,
AJR76402407,5210A30334L,"Tube,Pinch Off",,미매핑,
AJR76402407,MJU66466401,"Tube,Connector",,미매핑,
AJR76402407,MJX30152801,"Valve,Reverse",,미매핑,
AJR76402409,3H00815J,Expendables_,,미매핑,
AJR76402409,3H01582B,Tie,,미매핑,
AJR76402409,4930A20053A,"Holder,Sensor",,미매핑,
AJR76402409,4A00322A,"Valve,Check",,미매핑,
AJR76402409,4A00609A,Cap,,미매핑,
AJR76402409,5210A30334L,"Tube,Pinch Off",,미매핑,
AJR76402409,MJU66466401,"Tube,Connector",,미매핑,
AJR76442506,RAC30599303,Solder Soldering,,미매핑,
AJR76442506,RAC35117404,Solder Soldering,,미매핑,
AJR76442507,RAC30599303,Solder Soldering,,미매핑,
AJR76442507,RAC35117404,Solder Soldering,,미매핑,
AJR76442702,4H00049A,"Tube,Pinch Off",,미매핑,
AJR76442702,MJU65749903,"Tube,Connector",,미매핑,
AJR76462621,4930A20053B,"Holder,Sensor",,미매핑,
AJR76462621,5210A22409A,"Tube,Connector",,미매핑,
AJR76502606,RAC30599301,Solder Soldering,,미매핑,
AJR76502607,MJU66779305,"Tube,Connector",,미매핑,
AJR76502607,RAC30599301,Solder Soldering,,미매핑,
AJR76502610,AJR30083901,Tube Assembly,,미매핑,
AJR76502610,AJR76462622,Tube Assembly,,미매핑,
AJR76502610,RAC30599301,Solder Soldering,,미매핑,
AJR76502611,AJR76462621,Tube Assembly,,미매핑,
AJR76502611,RAC30599301,Solder Soldering,,미매핑,
AJR76502614,AJR30083901,Tube Assembly,,미매핑,
AJR76502614,AJR76462622,Tube Assembly,,미매핑,
AJR76502614,RAC30599301,Solder Soldering,,미매핑,
AJR76522501,RAC30599301,Solder Soldering,,미매핑,
AJR76523001,3H00815J,Expendables_,,미매핑,
AJR76523001,5410A20111E,"Damper,Butyl",,미매핑,
AJR76523001,EAP63107118,"Coil,Expansion",,미매핑,
AJR76523003,RAC30599303,Solder Soldering,,미매핑,
AJR76523005,3H00815J,Expendables_,,미매핑,
AJR76523005,AJJ73040841,Supporter Assembly,,미매핑,
AJR76523007,1MPC0502018,"Screw,Machine",,미매핑,
AJR76523007,3H00815J,Expendables_,,미매핑,
AJR76523007,AJJ73040841,Supporter Assembly,,미매핑,
AJR76523008,AJJ73040828,Supporter Assembly,,미매핑,
AJR76523008,AJR74424615,"Tube Assembly,Reverse",,미매핑,
AJR76523008,RAC30599303,Solder Soldering,,미매핑,
AJR76523011,3H00815J,Expendables_,,미매핑,
AJR76523011,AJJ73040839,Supporter Assembly,,미매핑,
AJR76523011,AJR71433341,"Tube Assembly,Expansion",,미매핑,
AJR76523011,AJR74424620,"Tube Assembly,Reverse",,미매핑,
AJR76523012,AJJ73040839,Supporter Assembly,,미매핑,
AJR76523012,RAC30599303,Solder Soldering,,미매핑,
AJR76523027,3H00815J,Expendables_,,미매핑,
AJR76562802,4H00049A,"Tube,Pinch Off",,미매핑,
AJR76562802,RAC30599301,Solder Soldering,,미매핑,
AJR76562804,4H00049A,"Tube,Pinch Off",,미매핑,
AJR76562804,RAC30599308,Solder Soldering,,미매핑,
AJR76562811,RAC30599301,Solder Soldering,,미매핑,
AJR76582505,MFN62721710,Mesh,,미매핑,
AJR76582505,MJU66958507,"Tube,Connector",,미매핑,
AJR76582505,MJU66959202,"Tube,Connector",,미매핑,
AJR76582506,4A00114E,"Tube,Connector",,미매핑,
AJR76582506,MFN62721710,Mesh,,미매핑,
AJR76582506,MJU65486405,"Tube,Connector",,미매핑,
AJR76582506,MJU65486429,"Tube,Connector",,미매핑,
AJR76582506,MJU65486430,"Tube,Connector",,미매핑,
AJR76582506,MJU66958503,"Tube,Connector",,미매핑,
AJR76582506,MJU66958508,"Tube,Connector",,미매핑,
AJR76582506,MJU66959201,"Tube,Connector",,미매핑,
AJR76582506,MJU66959604,"Tube,Connector",,미매핑,
AJR76602401,RAC30599301,Solder Soldering,,미매핑,
AJR76663201,49113007,Solder Soldering,,미매핑,
AJR76663201,4930A20053A,"Holder,Sensor",,미매핑,
AJR76663201,RAC30599301,Solder Soldering,,미매핑,
AJR76663202,49113007,Solder Soldering,,미매핑,
AJR76663202,RAC30599301,Solder Soldering,,미매핑,
AJR76663205,49113007,Solder Soldering,,미매핑,
AJR76663205,RAC30599301,Solder Soldering,,미매핑,
AJR76663206,49113007,Solder Soldering,,미매핑,
AJR76663206,4930A20053A,"Holder,Sensor",,미매핑,
AJR76663206,RAC30599301,Solder Soldering,,미매핑,
AJR76663207,49113007,Solder Soldering,,미매핑,
AJR76663207,RAC30599301,Solder Soldering,,미매핑,
AJR76703602,3H00815J,Expendables_,,미매핑,
AJR76703602,3H01582D,Tie,,미매핑,
AJR76703602,4930A20053A,"Holder,Sensor",,미매핑,
AJR76703602,5224A20005L,Strainer,,미매핑,
AJR76703602,MJU63617901,"Tube,Connector",,미매핑,
AJR76703602,MJU65521301,"Tube,Connector",,미매핑,
AJR76703602,MJU65521401,"Tube,Connector",,미매핑,
AJR76703612,3H00815J,Expendables_,,미매핑,
AJR76703612,3H01582D,Tie,,미매핑,
AJR76703612,4930A20053A,"Holder,Sensor",,미매핑,
AJR76742301,49113007,Solder Soldering,,미매핑,
AJR76742301,4930A20053A,"Holder,Sensor",,미매핑,
AJR76742301,RAC30599301,Solder Soldering,,미매핑,
AJR76742302,49113007,Solder Soldering,,미매핑,
AJR76742302,MEJ64687101,"Hose,Air",,미매핑,
AJR76742302,RAC30599301,Solder Soldering,,미매핑,
AJR76742303,49113007,Solder Soldering,,미매핑,
AJR76742303,4930A20053A,"Holder,Sensor",,미매핑,
AJR76742303,RAC30599301,Solder Soldering,,미매핑,
AJR76742304,49113007,Solder Soldering,,미매핑,
AJR76742304,MEJ64687101,"Hose,Air",,미매핑,
AJR76742304,RAC30599301,Solder Soldering,,미매핑,
AJR76742305,49113007,Solder Soldering,,미매핑,
AJR76742305,4930A20053A,"Holder,Sensor",,미매핑,
AJR76742305,RAC30599301,Solder Soldering,,미매핑,
AJR76742306,49113007,Solder Soldering,,미매핑,
AJR76742306,MEJ64687101,"Hose,Air",,미매핑,
AJR76742306,RAC30599301,Solder Soldering,,미매핑,
AJR76742307,49113007,Solder Soldering,,미매핑,
AJR76742307,RAC30599301,Solder Soldering,,미매핑,
AJR76742308,49113007,Solder Soldering,,미매핑,
AJR76742308,RAC30599301,Solder Soldering,,미매핑,
AJR76742309,49113007,Solder Soldering,,미매핑,
AJR76742309,RAC30599301,Solder Soldering,,미매핑,
AJR76742310,49113007,Solder Soldering,,미매핑,
AJR76742310,4930A20053A,"Holder,Sensor",,미매핑,
AJR76742310,RAC30599301,Solder Soldering,,미매핑,
AJR76742311,49113007,Solder Soldering,,미매핑,
AJR76742311,RAC30599301,Solder Soldering,,미매핑,
AJR76742312,49113007,Solder Soldering,,미매핑,
AJR76742312,4930A20053A,"Holder,Sensor",,미매핑,
AJR76742312,RAC30599301,Solder Soldering,,미매핑,
AJR76742313,49113007,Solder Soldering,,미매핑,
AJR76742313,RAC30599301,Solder Soldering,,미매핑,
AJR76742314,49113007,Solder Soldering,,미매핑,
AJR76742314,4930A20053A,"Holder,Sensor",,미매핑,
AJR76742314,RAC30599301,Solder Soldering,,미매핑,
AJR76742315,49113007,Solder Soldering,,미매핑,
AJR76742315,RAC30599301,Solder Soldering,,미매핑,
AJR76823001,RAC30599301,Solder Soldering,,미매핑,
AJR76823002,5006AR4091C,Cap,,미매핑,
AJR76823002,RAC30599301,Solder Soldering,,미매핑,
AJR76823101,3H00815G,Expendables_,,미매핑,
AJR76823101,5410A21281A,"Insulator,Tube",,미매핑,
AJR76823101,MJU66108101,"Tube,Discharge",,미매핑,
AJR76823101,RAC30599301,Solder Soldering,,미매핑,
AJR76882501,RAC30599301,Solder Soldering,,미매핑,
AJR76882502,RAC30599301,Solder Soldering,,미매핑,
AJR76902301,3H00815J,Expendables_,,미매핑,
AJR76902301,3H01582B,Tie,,미매핑,
AJR76902301,4930A20053A,"Holder,Sensor",,미매핑,
AJR76902301,4A00609A,Cap,,미매핑,
AJR76902301,EBD60663823,"Sensor,Pressure",,미매핑,
AJR76902301,EBD62165601,"Sensor,Pressure",,미매핑,
AJR76902302,3H00815J,Expendables_,,미매핑,
AJR76902302,3H01582B,Tie,,미매핑,
AJR76902302,4930A20053A,"Holder,Sensor",,미매핑,
AJR76902302,4A00609A,Cap,,미매핑,
AJR76902302,EBD60663823,"Sensor,Pressure",,미매핑,
AJR76902302,EBD62165601,"Sensor,Pressure",,미매핑,
AJR76982501,3H00815J,Expendables_,,미매핑,
AJR76982501,3H01582B,Tie,,미매핑,
AJR76982501,MJU64706601,"Tube,Connector",,미매핑,
AJR76982502,3H00815J,Expendables_,,미매핑,
AJR76982502,3H01582B,Tie,,미매핑,
AJR76982502,MJU64706601,"Tube,Connector",,미매핑,
AJR77082401,RAC30599301,Solder Soldering,,미매핑,
AJR77082501,RAC30599301,Solder Soldering,,미매핑,
AJR77142502,3H00815J,Expendables_,,미매핑,
AJR77142502,3H01582B,Tie,,미매핑,
AJR77142502,MJU66845501,"Tube,Connector",,미매핑,
AJR77142502,MJU66845502,"Tube,Connector",,미매핑,
AJR77142502,MJU66845503,"Tube,Connector",,미매핑,
AJR77142502,MJU66845504,"Tube,Connector",,미매핑,
AJR77142503,3H00815J,Expendables_,,미매핑,
AJR77142503,3H01582B,Tie,,미매핑,
AJR77142503,MJU66845501,"Tube,Connector",,미매핑,
AJR77142503,MJU66845502,"Tube,Connector",,미매핑,
AJR77142503,MJU66845503,"Tube,Connector",,미매핑,
AJR77142503,MJU66845504,"Tube,Connector",,미매핑,
AJR77143101,RAC30599301,Solder Soldering,,미매핑,
AJR77144201,4H00049A,"Tube,Pinch Off",,미매핑,
AJR77144201,RAC30599301,Solder Soldering,,미매핑,
AJR77144207,4H00049A,"Tube,Pinch Off",,미매핑,
AJR77144207,RAC30599301,Solder Soldering,,미매핑,
AJR77144301,4H00049A,"Tube,Pinch Off",,미매핑,
AJR77144301,RAC30599301,Solder Soldering,,미매핑,
AJR77144302,4H00049A,"Tube,Pinch Off",,미매핑,
AJR77144302,RAC30599301,Solder Soldering,,미매핑,
AJR77144305,4H00049A,"Tube,Pinch Off",,미매핑,
AJR77144305,RAC30599301,Solder Soldering,,미매핑,
AJR77144306,4H00049A,"Tube,Pinch Off",,미매핑,
AJR77144306,RAC30599301,Solder Soldering,,미매핑,
AJR77144602,3H01582B,Tie,,미매핑,
AJR77144602,RAC30599301,Solder Soldering,,미매핑,
AJR77144603,3H01582B,Tie,,미매핑,
AJR77144603,RAC30599301,Solder Soldering,,미매핑,
AJR77144606,3H01582B,Tie,,미매핑,
AJR77144606,RAC30599301,Solder Soldering,,미매핑,
AJR77145701,RAC30599301,Solder Soldering,,미매핑,
AJR77145702,RAC30599301,Solder Soldering,,미매핑,
AJR77163101,3H00815J,Expendables_,,미매핑,
AJR77163101,3H01582B,Tie,,미매핑,
AJR77163101,MEV39836107,Insulator,,미매핑,
AJR77163101,MJU66366806,"Tube,Connector",,미매핑,
AJR77163101,RAC30599309,Solder Soldering,,미매핑,
AJR77163102,3H00815J,Expendables_,,미매핑,
AJR77163102,3H01582B,Tie,,미매핑,
AJR77163102,RAC30599309,Solder Soldering,,미매핑,
AJR77163401,3H00815J,Expendables_,,미매핑,
AJR77163401,3H01582B,Tie,,미매핑,
AJR77164001,3H00815J,Expendables_,,미매핑,
AJR77164001,4A00322A,"Valve,Check",,미매핑,
AJR77164001,4A00609A,Cap,,미매핑,
AJR77167310,3H00815G,Expendables_,,미매핑,
AJR77167310,RAC30599301,Solder Soldering,,미매핑,
AJR77167311,1MPC0502018,"Screw,Machine",,미매핑,
AJR77167311,3H00815G,Expendables_,,미매핑,
AJR77167311,5210A22409A,"Tube,Connector",,미매핑,
AJR77167311,MJU66493704,"Tube,Connector",,미매핑,
AJR77167311,MKW30000003,"Plug,Fusible",,미매핑,
AJR77167311,RAC30599301,Solder Soldering,,미매핑,
AJR77167312,3H00815G,Expendables_,,미매핑,
AJR77167312,RAC30599301,Solder Soldering,,미매핑,
AJR77170601,3H01582B,Tie,,미매핑,
AJR77170601,RAC30599303,Solder Soldering,,미매핑,
AJR77170701,3H01582B,Tie,,미매핑,
AJR77170701,RAC30599308,Solder Soldering,,미매핑,
AJR77170701,RAC30599309,Solder Soldering,,미매핑,
AJR77170901,RAC30599301,Solder Soldering,,미매핑,
AJR77170902,RAC30599301,Solder Soldering,,미매핑,
AJR77171201,3H01582B,Tie,,미매핑,
AJR77171201,5210A28001S,"Tube,Return Bending",,미매핑,
AJR77171201,MJU63000101,"Tube,Connector",,미매핑,
AJR77171201,MJU64727001,"Tube,Connector",,미매핑,
AJR77171201,MJU64727101,"Tube,Connector",,미매핑,
AJR77171201,MJU64727201,"Tube,Connector",,미매핑,
AJR77171201,MJU64727501,"Tube,Connector",,미매핑,
AJR77171201,MJU64727601,"Tube,Connector",,미매핑,
AJR77171201,MJU64727701,"Tube,Connector",,미매핑,
AJR77171201,MJU64727801,"Tube,Connector",,미매핑,
AJR77171201,MJU64727901,"Tube,Connector",,미매핑,
AJR77171201,MJU64728001,"Tube,Connector",,미매핑,
AJR77171201,MJU64728101,"Tube,Connector",,미매핑,
AJR77171201,MJU64729901,"Tube,Connector",,미매핑,
AJR77171201,RAC30599308,Solder Soldering,,미매핑,
AJR77182401,3H00815J,Expendables_,,미매핑,
AJR77182404,3H00815J,Expendables_,,미매핑,
AJR77182405,3H00815J,Expendables_,,미매핑,
AJR77182406,3H00815J,Expendables_,,미매핑,
AJR77182601,RAC30599303,Solder Soldering,,미매핑,
AJR77182602,RAC30599303,Solder Soldering,,미매핑,
AJR77182701,3H01582B,Tie,,미매핑,
AJR77182701,RAC30599308,Solder Soldering,,미매핑,
AJR77183101,3H01582B,Tie,,미매핑,
AJR77183101,RAC30599308,Solder Soldering,,미매핑,
AJR77189101,4930A20053A,"Holder,Sensor",,미매핑,
AJR77189101,RAC30599301,Solder Soldering,,미매핑,
AJR77189101,RAC30599309,Solder Soldering,,미매핑,
AJR77189103,4930A20053A,"Holder,Sensor",,미매핑,
AJR77189103,RAC30599301,Solder Soldering,,미매핑,
AJR77189103,RAC30599309,Solder Soldering,,미매핑,
AJR77189104,MEJ64687101,"Hose,Air",,미매핑,
AJR77189104,RAC30599301,Solder Soldering,,미매핑,
AJR77189104,RAC30599309,Solder Soldering,,미매핑,
AJR77189105,MEJ64687101,"Hose,Air",,미매핑,
AJR77189105,RAC30599301,Solder Soldering,,미매핑,
AJR77189105,RAC30599309,Solder Soldering,,미매핑,
AJR77189106,RAC30599301,Solder Soldering,,미매핑,
AJR77189106,RAC30599309,Solder Soldering,,미매핑,
AJR77202301,3H00815J,Expendables_,,미매핑,
AJR77202301,3H01582B,Tie,,미매핑,
AJR77202301,MJU64428601,"Tube,Connector",,미매핑,
AJR77202403,3H01582B,Tie,,미매핑,
AJR77202403,3H01582D,Tie,,미매핑,
AJR77202404,3H01582B,Tie,,미매핑,
AJR77202404,3H01582D,Tie,,미매핑,
AJR77202405,3H01582D,Tie,,미매핑,
AJR77202405,RAC30599301,Solder Soldering,,미매핑,
AJR77202406,3H01582B,Tie,,미매핑,
AJR77202406,3H01582D,Tie,,미매핑,
AJR77202406,RAC30599301,Solder Soldering,,미매핑,
AJR77202407,3H01582B,Tie,,미매핑,
AJR77202407,3H01582D,Tie,,미매핑,
AJR77202407,RAC30599301,Solder Soldering,,미매핑,
AJR77202901,3H00815J,Expendables_,,미매핑,
AJR77202901,3H01582B,Tie,,미매핑,
AJR77202901,3H01582D,Tie,,미매핑,
AJR77202901,MBF63464202,Bush,,미매핑,
AJR77202901,MJU64870703,"Tube,Capillary Bending",,미매핑,
AJR77202901,MJU66366311,"Tube,Connector",,미매핑,
AJR77202901,RAC30599309,Solder Soldering,,미매핑,
AJR77202902,3H00815J,Expendables_,,미매핑,
AJR77202902,3H01582B,Tie,,미매핑,
AJR77202902,3H01582D,Tie,,미매핑,
AJR77202902,MBF63464202,Bush,,미매핑,
AJR77202902,MJU64870703,"Tube,Capillary Bending",,미매핑,
AJR77202902,MJU66366311,"Tube,Connector",,미매핑,
AJR77202902,RAC30599309,Solder Soldering,,미매핑,
AJR77203703,RAC30599301,Solder Soldering,,미매핑,
AJR77222901,3H01582A,Tie,,미매핑,
AJR77222901,RAC30599301,Solder Soldering,,미매핑,
AJR77222902,AJR77223002,"Tube Assembly,Reverse",,미매핑,
AJR77222902,MJU66566919,"Tube,Connector",,미매핑,
AJR77222902,RAC30599301,Solder Soldering,,미매핑,
AJR77222905,AJR77223005,"Tube Assembly,Reverse",,미매핑,
AJR77222905,RAC30599301,Solder Soldering,,미매핑,
AJR77222906,RAC30599301,Solder Soldering,,미매핑,
AJR77223106,3H00815G,Expendables_,,미매핑,
AJR77223106,RAC30599301,Solder Soldering,,미매핑,
AJR77224001,3H01582B,Tie,,미매핑,
AJR77224001,EBD60663823,"Sensor,Pressure",,미매핑,
AJR77224001,EBD62165601,"Sensor,Pressure",,미매핑,
AJR77224001,RAC30599301,Solder Soldering,,미매핑,
AJR77224002,3H01582B,Tie,,미매핑,
AJR77224002,RAC30599301,Solder Soldering,,미매핑,
AJR77224005,3H01582B,Tie,,미매핑,
AJR77224005,EBD60663823,"Sensor,Pressure",,미매핑,
AJR77224005,EBD62165601,"Sensor,Pressure",,미매핑,
AJR77224005,RAC30599301,Solder Soldering,,미매핑,
AJR77224008,3H01582B,Tie,,미매핑,
AJR77224008,RAC30599301,Solder Soldering,,미매핑,
AJR77224009,3H01582B,Tie,,미매핑,
AJR77224009,RAC30599301,Solder Soldering,,미매핑,
AJR77224010,3H01582B,Tie,,미매핑,
AJR77224010,RAC30599301,Solder Soldering,,미매핑,
AJR77224501,3H01582B,Tie,,미매핑,
AJR77224501,5224A20005G,Strainer,,미매핑,
AJR77224501,AJR77188701,"Tube Assembly,Solenoide",,미매핑,
AJR77224501,AJU73472405,Valve Assembly,,미매핑,
AJR77224501,AJU73472406,Valve Assembly,,미매핑,
AJR77224501,MJU66478501,"Tube,Connector",,미매핑,
AJR77224501,MJU66478801,"Tube,Connector",,미매핑,
AJR77224501,MJU66478901,"Tube,Connector",,미매핑,
AJR77224501,MJU66479001,"Tube,Connector",,미매핑,
AJR77224501,MJU66479101,"Tube,Connector",,미매핑,
AJR77224501,MJU66479201,"Tube,Connector",,미매핑,
AJR77224501,RAC30599301,Solder Soldering,,미매핑,
AJR77224502,3H01582B,Tie,,미매핑,
AJR77224502,5224A20005G,Strainer,,미매핑,
AJR77224502,AJR77188701,"Tube Assembly,Solenoide",,미매핑,
AJR77224502,AJU73472405,Valve Assembly,,미매핑,
AJR77224502,AJU73472406,Valve Assembly,,미매핑,
AJR77224502,MJU66478501,"Tube,Connector",,미매핑,
AJR77224502,MJU66478801,"Tube,Connector",,미매핑,
AJR77224502,MJU66478901,"Tube,Connector",,미매핑,
AJR77224502,MJU66479001,"Tube,Connector",,미매핑,
AJR77224502,MJU66479101,"Tube,Connector",,미매핑,
AJR77224502,MJU66479201,"Tube,Connector",,미매핑,
AJR77224502,RAC30599301,Solder Soldering,,미매핑,
AJR77224503,3H01582B,Tie,,미매핑,
AJR77224503,5224A20005G,Strainer,,미매핑,
AJR77224503,AJR77188701,"Tube Assembly,Solenoide",,미매핑,
AJR77224503,AJU73472406,Valve Assembly,,미매핑,
AJR77224503,EAP65270401,"Coil Module,Gear Expansi",,미매핑,
AJR77224503,MJU66478501,"Tube,Connector",,미매핑,
AJR77224503,MJU66478801,"Tube,Connector",,미매핑,
AJR77224503,MJU66478901,"Tube,Connector",,미매핑,
AJR77224503,MJU66479001,"Tube,Connector",,미매핑,
AJR77224503,MJU66479101,"Tube,Connector",,미매핑,
AJR77224503,MJU66479201,"Tube,Connector",,미매핑,
AJR77224503,RAC30599301,Solder Soldering,,미매핑,
AJR77224504,3H01582B,Tie,,미매핑,
AJR77224504,5224A20005G,Strainer,,미매핑,
AJR77224504,AJR77188701,"Tube Assembly,Solenoide",,미매핑,
AJR77224504,AJU73472406,Valve Assembly,,미매핑,
AJR77224504,EAP65270401,"Coil Module,Gear Expansi",,미매핑,
AJR77224504,MJU66478501,"Tube,Connector",,미매핑,
AJR77224504,MJU66478801,"Tube,Connector",,미매핑,
AJR77224504,MJU66478901,"Tube,Connector",,미매핑,
AJR77224504,MJU66479001,"Tube,Connector",,미매핑,
AJR77224504,MJU66479101,"Tube,Connector",,미매핑,
AJR77224504,MJU66479201,"Tube,Connector",,미매핑,
AJR77224504,RAC30599301,Solder Soldering,,미매핑,
AJR77224505,3H01582B,Tie,,미매핑,
AJR77224505,5224A20005G,Strainer,,미매핑,
AJR77224505,AJR77188701,"Tube Assembly,Solenoide",,미매핑,
AJR77224505,AJU73472405,Valve Assembly,,미매핑,
AJR77224505,AJU73472406,Valve Assembly,,미매핑,
AJR77224505,MJU66478501,"Tube,Connector",,미매핑,
AJR77224505,MJU66478801,"Tube,Connector",,미매핑,
AJR77224505,MJU66478901,"Tube,Connector",,미매핑,
AJR77224505,MJU66479001,"Tube,Connector",,미매핑,
AJR77224505,MJU66479101,"Tube,Connector",,미매핑,
AJR77224505,MJU66479201,"Tube,Connector",,미매핑,
AJR77224505,RAC30599301,Solder Soldering,,미매핑,
AJR77224506,3H01582B,Tie,,미매핑,
AJR77224506,5224A20005G,Strainer,,미매핑,
AJR77224506,AJU73472405,Valve Assembly,,미매핑,
AJR77224506,AJU73472406,Valve Assembly,,미매핑,
AJR77224506,MJU66478404,"Tube,Connector",,미매핑,
AJR77224506,MJU66478501,"Tube,Connector",,미매핑,
AJR77224506,MJU66478801,"Tube,Connector",,미매핑,
AJR77224506,MJU66478901,"Tube,Connector",,미매핑,
AJR77224506,MJU66479001,"Tube,Connector",,미매핑,
AJR77224506,MJU66479101,"Tube,Connector",,미매핑,
AJR77224506,MJU66479201,"Tube,Connector",,미매핑,
AJR77224506,RAC30599301,Solder Soldering,,미매핑,
AJR77224507,5224A20005G,Strainer,,미매핑,
AJR77224507,AJU73472406,Valve Assembly,,미매핑,
AJR77224507,EAP65270401,"Coil Module,Gear Expansi",,미매핑,
AJR77224507,MJU66478501,"Tube,Connector",,미매핑,
AJR77224507,MJU66478801,"Tube,Connector",,미매핑,
AJR77224507,MJU66478901,"Tube,Connector",,미매핑,
AJR77224507,MJU66479001,"Tube,Connector",,미매핑,
AJR77224507,MJU66479101,"Tube,Connector",,미매핑,
AJR77224507,MJU66479201,"Tube,Connector",,미매핑,
AJR77224507,RAC30599301,Solder Soldering,,미매핑,
AJR77224508,5224A20005G,Strainer,,미매핑,
AJR77224508,AJU73472406,Valve Assembly,,미매핑,
AJR77224508,EAP65270401,"Coil Module,Gear Expansi",,미매핑,
AJR77224508,MJU66478501,"Tube,Connector",,미매핑,
AJR77224508,MJU66478801,"Tube,Connector",,미매핑,
AJR77224508,MJU66478901,"Tube,Connector",,미매핑,
AJR77224508,MJU66479001,"Tube,Connector",,미매핑,
AJR77224508,MJU66479101,"Tube,Connector",,미매핑,
AJR77224508,MJU66479201,"Tube,Connector",,미매핑,
AJR77224508,RAC30599301,Solder Soldering,,미매핑,
AJR77224509,3H01582B,Tie,,미매핑,
AJR77224509,5224A20005G,Strainer,,미매핑,
AJR77224509,AJR77188701,"Tube Assembly,Solenoide",,미매핑,
AJR77224509,AJU73472405,Valve Assembly,,미매핑,
AJR77224509,AJU73472406,Valve Assembly,,미매핑,
AJR77224509,MJU66478501,"Tube,Connector",,미매핑,
AJR77224509,MJU66478801,"Tube,Connector",,미매핑,
AJR77224509,MJU66478901,"Tube,Connector",,미매핑,
AJR77224509,MJU66479001,"Tube,Connector",,미매핑,
AJR77224509,MJU66479101,"Tube,Connector",,미매핑,
AJR77224509,MJU66479201,"Tube,Connector",,미매핑,
AJR77224509,RAC30599301,Solder Soldering,,미매핑,
AJR77224510,3H01582B,Tie,,미매핑,
AJR77224510,5224A20005G,Strainer,,미매핑,
AJR77224510,AJR77188701,"Tube Assembly,Solenoide",,미매핑,
AJR77224510,AJU73472405,Valve Assembly,,미매핑,
AJR77224510,AJU73472406,Valve Assembly,,미매핑,
AJR77224510,MJU66478501,"Tube,Connector",,미매핑,
AJR77224510,MJU66478801,"Tube,Connector",,미매핑,
AJR77224510,MJU66478901,"Tube,Connector",,미매핑,
AJR77224510,MJU66479001,"Tube,Connector",,미매핑,
AJR77224510,MJU66479101,"Tube,Connector",,미매핑,
AJR77224510,MJU66479201,"Tube,Connector",,미매핑,
AJR77224510,RAC30599301,Solder Soldering,,미매핑,
AJR77224511,3H01582B,Tie,,미매핑,
AJR77224511,5224A20005G,Strainer,,미매핑,
AJR77224511,AJU73472405,Valve Assembly,,미매핑,
AJR77224511,AJU73472406,Valve Assembly,,미매핑,
AJR77224511,MJU66478501,"Tube,Connector",,미매핑,
AJR77224511,MJU66478801,"Tube,Connector",,미매핑,
AJR77224511,MJU66478901,"Tube,Connector",,미매핑,
AJR77224511,MJU66479001,"Tube,Connector",,미매핑,
AJR77224511,MJU66479101,"Tube,Connector",,미매핑,
AJR77224511,MJU66479201,"Tube,Connector",,미매핑,
AJR77224511,RAC30599301,Solder Soldering,,미매핑,
AJR77224512,5224A20005G,Strainer,,미매핑,
AJR77224512,AJU73472406,Valve Assembly,,미매핑,
AJR77224512,EAP65270401,"Coil Module,Gear Expansi",,미매핑,
AJR77224512,MJU66478501,"Tube,Connector",,미매핑,
AJR77224512,MJU66478801,"Tube,Connector",,미매핑,
AJR77224512,MJU66478901,"Tube,Connector",,미매핑,
AJR77224512,MJU66479001,"Tube,Connector",,미매핑,
AJR77224512,MJU66479101,"Tube,Connector",,미매핑,
AJR77224512,MJU66479201,"Tube,Connector",,미매핑,
AJR77224512,RAC30599301,Solder Soldering,,미매핑,
AJR77224513,5224A20005G,Strainer,,미매핑,
AJR77224513,AJU73472406,Valve Assembly,,미매핑,
AJR77224513,EAP65270401,"Coil Module,Gear Expansi",,미매핑,
AJR77224513,MJU66478501,"Tube,Connector",,미매핑,
AJR77224513,MJU66478801,"Tube,Connector",,미매핑,
AJR77224513,MJU66478901,"Tube,Connector",,미매핑,
AJR77224513,MJU66479001,"Tube,Connector",,미매핑,
AJR77224513,MJU66479101,"Tube,Connector",,미매핑,
AJR77224513,MJU66479201,"Tube,Connector",,미매핑,
AJR77224513,RAC30599301,Solder Soldering,,미매핑,
AJR77224516,5224A20005G,Strainer,,미매핑,
AJR77224516,AJU73472406,Valve Assembly,,미매핑,
AJR77224516,EAP65270401,"Coil Module,Gear Expansi",,미매핑,
AJR77224516,MJU66478501,"Tube,Connector",,미매핑,
AJR77224516,MJU66478801,"Tube,Connector",,미매핑,
AJR77224516,MJU66478901,"Tube,Connector",,미매핑,
AJR77224516,MJU66479001,"Tube,Connector",,미매핑,
AJR77224516,MJU66479101,"Tube,Connector",,미매핑,
AJR77224516,MJU66479201,"Tube,Connector",,미매핑,
AJR77224516,RAC30599301,Solder Soldering,,미매핑,
AJR77224517,5224A20005G,Strainer,,미매핑,
AJR77224517,AJU73472406,Valve Assembly,,미매핑,
AJR77224517,EAP65270401,"Coil Module,Gear Expansi",,미매핑,
AJR77224517,MJU66478501,"Tube,Connector",,미매핑,
AJR77224517,MJU66478801,"Tube,Connector",,미매핑,
AJR77224517,MJU66478901,"Tube,Connector",,미매핑,
AJR77224517,MJU66479001,"Tube,Connector",,미매핑,
AJR77224517,MJU66479101,"Tube,Connector",,미매핑,
AJR77224517,MJU66479201,"Tube,Connector",,미매핑,
AJR77224517,RAC30599301,Solder Soldering,,미매핑,
AJR77224518,4A00114A,"Tube,Connector",,미매핑,
AJR77224518,5224A20005G,Strainer,,미매핑,
AJR77224518,AJU73472406,Valve Assembly,,미매핑,
AJR77224518,EAP65270401,"Coil Module,Gear Expansi",,미매핑,
AJR77224518,MJU66478501,"Tube,Connector",,미매핑,
AJR77224518,MJU66478801,"Tube,Connector",,미매핑,
AJR77224518,MJU66478901,"Tube,Connector",,미매핑,
AJR77224518,MJU66479001,"Tube,Connector",,미매핑,
AJR77224518,MJU66479101,"Tube,Connector",,미매핑,
AJR77224518,MJU66479201,"Tube,Connector",,미매핑,
AJR77224518,MJU66870401,"Tube,Connector",,미매핑,
AJR77224518,RAC30599301,Solder Soldering,,미매핑,
AJR77224519,3H01582B,Tie,,미매핑,
AJR77224519,5224A20005G,Strainer,,미매핑,
AJR77224519,AJR77188701,"Tube Assembly,Solenoide",,미매핑,
AJR77224519,AJU73472405,Valve Assembly,,미매핑,
AJR77224519,AJU73472406,Valve Assembly,,미매핑,
AJR77224519,MJU66478501,"Tube,Connector",,미매핑,
AJR77224519,MJU66478801,"Tube,Connector",,미매핑,
AJR77224519,MJU66478901,"Tube,Connector",,미매핑,
AJR77224519,MJU66479001,"Tube,Connector",,미매핑,
AJR77224519,MJU66479101,"Tube,Connector",,미매핑,
AJR77224519,MJU66479201,"Tube,Connector",,미매핑,
AJR77224519,RAC30599301,Solder Soldering,,미매핑,
AJR77224520,3H01582B,Tie,,미매핑,
AJR77224520,5224A20005G,Strainer,,미매핑,
AJR77224520,AJU73472405,Valve Assembly,,미매핑,
AJR77224520,AJU73472406,Valve Assembly,,미매핑,
AJR77224520,MJU66478501,"Tube,Connector",,미매핑,
AJR77224520,MJU66478801,"Tube,Connector",,미매핑,
AJR77224520,MJU66478901,"Tube,Connector",,미매핑,
AJR77224520,MJU66479001,"Tube,Connector",,미매핑,
AJR77224520,MJU66479101,"Tube,Connector",,미매핑,
AJR77224520,MJU66479201,"Tube,Connector",,미매핑,
AJR77224520,RAC30599301,Solder Soldering,,미매핑,
AJR77224522,5224A20005G,Strainer,,미매핑,
AJR77224522,AJU73472406,Valve Assembly,,미매핑,
AJR77224522,EAP65270401,"Coil Module,Gear Expansi",,미매핑,
AJR77224522,MJU66478501,"Tube,Connector",,미매핑,
AJR77224522,MJU66478801,"Tube,Connector",,미매핑,
AJR77224522,MJU66478901,"Tube,Connector",,미매핑,
AJR77224522,MJU66479001,"Tube,Connector",,미매핑,
AJR77224522,MJU66479101,"Tube,Connector",,미매핑,
AJR77224522,MJU66479201,"Tube,Connector",,미매핑,
AJR77224523,5224A20005G,Strainer,,미매핑,
AJR77224523,AJU73472406,Valve Assembly,,미매핑,
AJR77224523,EAP65270401,"Coil Module,Gear Expansi",,미매핑,
AJR77224523,MJU66478501,"Tube,Connector",,미매핑,
AJR77224523,MJU66478801,"Tube,Connector",,미매핑,
AJR77224523,MJU66478901,"Tube,Connector",,미매핑,
AJR77224523,MJU66479001,"Tube,Connector",,미매핑,
AJR77224523,MJU66479101,"Tube,Connector",,미매핑,
AJR77224523,MJU66479201,"Tube,Connector",,미매핑,
AJR77224523,RAC30599301,Solder Soldering,,미매핑,
AJR77224524,3H01582B,Tie,,미매핑,
AJR77224524,5224A20005G,Strainer,,미매핑,
AJR77224524,AJU73472405,Valve Assembly,,미매핑,
AJR77224524,AJU73472406,Valve Assembly,,미매핑,
AJR77224524,MJU66478501,"Tube,Connector",,미매핑,
AJR77224524,MJU66478801,"Tube,Connector",,미매핑,
AJR77224524,MJU66478901,"Tube,Connector",,미매핑,
AJR77224524,MJU66479001,"Tube,Connector",,미매핑,
AJR77224524,MJU66479101,"Tube,Connector",,미매핑,
AJR77224524,MJU66479201,"Tube,Connector",,미매핑,
AJR77224524,RAC30599301,Solder Soldering,,미매핑,
AJR77224801,3H01582B,Tie,,미매핑,
AJR77224801,5410A30055S,"Insulator,Tube",,미매핑,
AJR77224801,RAC30599301,Solder Soldering,,미매핑,
AJR77224801,RAC35880501,Solder Soldering,,미매핑,
AJR77224805,3H01582B,Tie,,미매핑,
AJR77224805,RAC30599301,Solder Soldering,,미매핑,
AJR77224805,RAC35880501,Solder Soldering,,미매핑,
AJR77224809,3H01582B,Tie,,미매핑,
AJR77224809,RAC30599301,Solder Soldering,,미매핑,
AJR77224809,RAC35880501,Solder Soldering,,미매핑,
AJR77224901,3H00815J,Expendables_,,미매핑,
AJR77224901,3H01582D,Tie,,미매핑,
AJR77224901,4930A20053A,"Holder,Sensor",,미매핑,
AJR77224901,MEG66660106,"Holder,Tubing",,미매핑,
AJR77224901,MJU64671101,"Tube,Connector",,미매핑,
AJR77224901,MJU64671102,"Tube,Connector",,미매핑,
AJR77224901,MJU64671103,"Tube,Connector",,미매핑,
AJR77224901,MJU64671104,"Tube,Connector",,미매핑,
AJR77224901,MJU64671105,"Tube,Connector",,미매핑,
AJR77224901,MJU64671109,"Tube,Connector",,미매핑,
AJR77224901,MJU66571302,"Tube,Connector",,미매핑,
AJR77224901,MJU66571303,"Tube,Connector",,미매핑,
AJR77224901,MJU66571305,"Tube,Connector",,미매핑,
AJR77224901,MJX62771703,"Valve,Check",,미매핑,
AJR77225301,3H00815J,Expendables_,,미매핑,
AJR77225301,3H01582D,Tie,,미매핑,
AJR77225301,4930A20053A,"Holder,Sensor",,미매핑,
AJR77225301,5210A22409A,"Tube,Connector",,미매핑,
AJR77225301,5210A22409B,"Tube,Connector",,미매핑,
AJR77225301,MJU64671101,"Tube,Connector",,미매핑,
AJR77225301,MJU64671102,"Tube,Connector",,미매핑,
AJR77225301,MJU64671103,"Tube,Connector",,미매핑,
AJR77225301,MJU64671104,"Tube,Connector",,미매핑,
AJR77225301,MJU64671105,"Tube,Connector",,미매핑,
AJR77225301,MJU64671109,"Tube,Connector",,미매핑,
AJR77225301,MJU66571301,"Tube,Connector",,미매핑,
AJR77225301,MJU66571302,"Tube,Connector",,미매핑,
AJR77225301,MJU66571304,"Tube,Connector",,미매핑,
AJR77225301,MJU66571305,"Tube,Connector",,미매핑,
AJR77225301,MJU66571306,"Tube,Connector",,미매핑,
AJR77225303,3H00815J,Expendables_,,미매핑,
AJR77225303,3H01582D,Tie,,미매핑,
AJR77225303,4930A20053A,"Holder,Sensor",,미매핑,
AJR77225304,3H00815J,Expendables_,,미매핑,
AJR77225304,3H01582D,Tie,,미매핑,
AJR77225304,4930A20053A,"Holder,Sensor",,미매핑,
AJR77225305,3H00815J,Expendables_,,미매핑,
AJR77225305,3H01582B,Tie,,미매핑,
AJR77225305,3H01582D,Tie,,미매핑,
AJR77225305,4930A20053A,"Holder,Sensor",,미매핑,
AJR77225305,MJU66760006,"Tube,Connector",,미매핑,
AJR77225306,3H00815J,Expendables_,,미매핑,
AJR77225306,3H01582B,Tie,,미매핑,
AJR77225306,3H01582D,Tie,,미매핑,
AJR77225306,4930A20053A,"Holder,Sensor",,미매핑,
AJR77225306,MJU66760006,"Tube,Connector",,미매핑,
AJR77225601,3H01582B,Tie,,미매핑,
AJR77225601,RAC30599301,Solder Soldering,,미매핑,
AJR77225602,3H01582B,Tie,,미매핑,
AJR77225602,RAC30599301,Solder Soldering,,미매핑,
AJR77225605,3H01582B,Tie,,미매핑,
AJR77225605,EBD60663823,"Sensor,Pressure",,미매핑,
AJR77225605,EBD62165601,"Sensor,Pressure",,미매핑,
AJR77225605,RAC30599301,Solder Soldering,,미매핑,
AJR77225607,3H01582B,Tie,,미매핑,
AJR77225607,MJU66571711,"Tube,Connector",,미매핑,
AJR77225607,MJU66571712,"Tube,Connector",,미매핑,
AJR77225607,MJU66571713,"Tube,Connector",,미매핑,
AJR77225607,MJX30152802,"Valve,Reverse",,미매핑,
AJR77225607,RAC30599301,Solder Soldering,,미매핑,
AJR77225608,3H01582B,Tie,,미매핑,
AJR77225608,RAC30599301,Solder Soldering,,미매핑,
AJR77225609,3H01582B,Tie,,미매핑,
AJR77225609,RAC30599301,Solder Soldering,,미매핑,
AJR77225610,3H01582B,Tie,,미매핑,
AJR77225610,RAC30599301,Solder Soldering,,미매핑,
AJR77226301,3H00815J,Expendables_,,미매핑,
AJR77226301,3H01582D,Tie,,미매핑,
AJR77226301,4930A20053A,"Holder,Sensor",,미매핑,
AJR77226302,3H01582D,Tie,,미매핑,
AJR77226302,4930A20053A,"Holder,Sensor",,미매핑,
AJR77226302,RAC30599301,Solder Soldering,,미매핑,
AJR77226303,3H01582D,Tie,,미매핑,
AJR77226303,4930A20053A,"Holder,Sensor",,미매핑,
AJR77226303,RAC30599301,Solder Soldering,,미매핑,
AJR77226304,3H01582B,Tie,,미매핑,
AJR77226304,3H01582D,Tie,,미매핑,
AJR77226304,4930A20053A,"Holder,Sensor",,미매핑,
AJR77226304,5014A30014W,"Damper,Tube",,미매핑,
AJR77226304,MJU66760005,"Tube,Connector",,미매핑,
AJR77226304,RAC30599301,Solder Soldering,,미매핑,
AJR77243801,3H01582D,Tie,,미매핑,
AJR77243801,4930A20053A,"Holder,Sensor",,미매핑,
AJR77263001,3H00815J,Expendables_,,미매핑,
AJR77263001,3H01582D,Tie,,미매핑,
AJR77263001,MJU64671101,"Tube,Connector",,미매핑,
AJR77263001,MJU64671102,"Tube,Connector",,미매핑,
AJR77263001,MJU64671105,"Tube,Connector",,미매핑,
AJR77263001,MJU64671109,"Tube,Connector",,미매핑,
AJR77263001,MJU66471701,"Tube,Connector",,미매핑,
AJR77263001,MJU66471702,"Tube,Connector",,미매핑,
AJR77263001,MJU66471705,"Tube,Connector",,미매핑,
AJR77263001,MJU66471707,"Tube,Connector",,미매핑,
AJR77263001,MJU66503001,"Tube,Connector",,미매핑,
AJR77263001,MJU66503301,"Tube,Connector",,미매핑,
AJR77263002,3H00815J,Expendables_,,미매핑,
AJR77263002,3H01582D,Tie,,미매핑,
AJR77263002,5210A22409A,"Tube,Connector",,미매핑,
AJR77263002,5210A22409B,"Tube,Connector",,미매핑,
AJR77263002,MJU65517901,"Tube,Connector",,미매핑,
AJR77263002,MJU65517902,"Tube,Connector",,미매핑,
AJR77263002,MJU65517903,"Tube,Connector",,미매핑,
AJR77263002,MJU65517904,"Tube,Connector",,미매핑,
AJR77263002,MJU65517905,"Tube,Connector",,미매핑,
AJR77263002,MJU65517906,"Tube,Connector",,미매핑,
AJR77263002,MJU65517908,"Tube,Connector",,미매핑,
AJR77263002,MJU65517910,"Tube,Connector",,미매핑,
AJR77263002,MJU65517911,"Tube,Connector",,미매핑,
AJR77263002,MJU65517912,"Tube,Connector",,미매핑,
AJR77263002,MJU65517913,"Tube,Connector",,미매핑,
AJR77263002,MJU66502902,"Tube,Connector",,미매핑,
AJR77263002,MJU66503002,"Tube,Connector",,미매핑,
AJR77263003,3H00815J,Expendables_,,미매핑,
AJR77263003,3H01582D,Tie,,미매핑,
AJR77263003,MJU65517901,"Tube,Connector",,미매핑,
AJR77263003,MJU65517902,"Tube,Connector",,미매핑,
AJR77263003,MJU65517903,"Tube,Connector",,미매핑,
AJR77263003,MJU65517904,"Tube,Connector",,미매핑,
AJR77263003,MJU65517905,"Tube,Connector",,미매핑,
AJR77263003,MJU65517906,"Tube,Connector",,미매핑,
AJR77263003,MJU65517908,"Tube,Connector",,미매핑,
AJR77263003,MJU65517909,"Tube,Connector",,미매핑,
AJR77263003,MJU65517911,"Tube,Connector",,미매핑,
AJR77263003,MJU65517912,"Tube,Connector",,미매핑,
AJR77263003,MJU65517913,"Tube,Connector",,미매핑,
AJR77263003,MJU66503303,"Tube,Connector",,미매핑,
AJR77263004,3H00815J,Expendables_,,미매핑,
AJR77263004,3H01582D,Tie,,미매핑,
AJR77263004,MJU64671101,"Tube,Connector",,미매핑,
AJR77263004,MJU64671102,"Tube,Connector",,미매핑,
AJR77263004,MJU64671105,"Tube,Connector",,미매핑,
AJR77263004,MJU64671109,"Tube,Connector",,미매핑,
AJR77263004,MJU66471701,"Tube,Connector",,미매핑,
AJR77263004,MJU66471705,"Tube,Connector",,미매핑,
AJR77263004,MJU66471707,"Tube,Connector",,미매핑,
AJR77263004,MJU66503001,"Tube,Connector",,미매핑,
AJR77263004,MJU66503204,"Tube,Connector",,미매핑,
AJR77263004,MJU66503301,"Tube,Connector",,미매핑,
AJR77263005,3H00815J,Expendables_,,미매핑,
AJR77263005,3H01582D,Tie,,미매핑,
AJR77263005,MJU66503303,"Tube,Connector",,미매핑,
AJR77263006,3H00815J,Expendables_,,미매핑,
AJR77263006,3H01582D,Tie,,미매핑,
AJR77263006,MJU66503303,"Tube,Connector",,미매핑,
AJR77263007,3H00815J,Expendables_,,미매핑,
AJR77263007,3H01582D,Tie,,미매핑,
AJR77263007,5210A22409A,"Tube,Connector",,미매핑,
AJR77263007,5210A22409B,"Tube,Connector",,미매핑,
AJR77263007,MJU65517914,"Tube,Connector",,미매핑,
AJR77263007,MJU65517915,"Tube,Connector",,미매핑,
AJR77263007,MJU65517916,"Tube,Connector",,미매핑,
AJR77263007,MJU65517917,"Tube,Connector",,미매핑,
AJR77263007,MJU65517918,"Tube,Connector",,미매핑,
AJR77263007,MJU65517919,"Tube,Connector",,미매핑,
AJR77263007,MJU65517920,"Tube,Connector",,미매핑,
AJR77263007,MJU65517921,"Tube,Connector",,미매핑,
AJR77263007,MJU65517922,"Tube,Connector",,미매핑,
AJR77263007,MJU65517923,"Tube,Connector",,미매핑,
AJR77263007,MJU65517924,"Tube,Connector",,미매핑,
AJR77263007,MJU65517925,"Tube,Connector",,미매핑,
AJR77263008,3H00815J,Expendables_,,미매핑,
AJR77263008,3H01582D,Tie,,미매핑,
AJR77263008,5210A22409A,"Tube,Connector",,미매핑,
AJR77263008,5210A22409B,"Tube,Connector",,미매핑,
AJR77263008,MJU65517914,"Tube,Connector",,미매핑,
AJR77263008,MJU65517915,"Tube,Connector",,미매핑,
AJR77263008,MJU65517916,"Tube,Connector",,미매핑,
AJR77263008,MJU65517917,"Tube,Connector",,미매핑,
AJR77263008,MJU65517918,"Tube,Connector",,미매핑,
AJR77263008,MJU65517919,"Tube,Connector",,미매핑,
AJR77263008,MJU65517920,"Tube,Connector",,미매핑,
AJR77263008,MJU65517921,"Tube,Connector",,미매핑,
AJR77263008,MJU65517922,"Tube,Connector",,미매핑,
AJR77263008,MJU65517923,"Tube,Connector",,미매핑,
AJR77263008,MJU65517924,"Tube,Connector",,미매핑,
AJR77263008,MJU65517925,"Tube,Connector",,미매핑,
AJR77263009,3H00815J,Expendables_,,미매핑,
AJR77263009,3H01582D,Tie,,미매핑,
AJR77263009,5210A22409A,"Tube,Connector",,미매핑,
AJR77263009,5210A22409B,"Tube,Connector",,미매핑,
AJR77263009,MJU64671113,"Tube,Connector",,미매핑,
AJR77263009,MJU64671114,"Tube,Connector",,미매핑,
AJR77263009,MJU64671117,"Tube,Connector",,미매핑,
AJR77263009,MJU64671118,"Tube,Connector",,미매핑,
AJR77263009,MJU66502903,"Tube,Connector",,미매핑,
AJR77263009,MJU66502904,"Tube,Connector",,미매핑,
AJR77263009,MJU66502905,"Tube,Connector",,미매핑,
AJR77263009,MJU66502906,"Tube,Connector",,미매핑,
AJR77263009,MJU66502907,"Tube,Connector",,미매핑,
AJR77263009,MJU66502908,"Tube,Connector",,미매핑,
AJR77263010,3H00815J,Expendables_,,미매핑,
AJR77263010,3H01582D,Tie,,미매핑,
AJR77263011,3H00815J,Expendables_,,미매핑,
AJR77263011,3H01582D,Tie,,미매핑,
AJR77263011,MJU66503303,"Tube,Connector",,미매핑,
AJR77282405,RAC30599308,Solder Soldering,,미매핑,
MJU62078901,7072A90001B,"Tube,Raw",,미매핑,
4849A10047A,3A00183C,"Socket,Flare",(도번직결),도번직하위,
4849A10047A,4848A10002D,Accumulator,(도번직결),도번직하위,
4849A10047A,5210A23654A,"Tube,Suction",(도번직결),도번직하위,
4849A10047A,5210A23654B,"Tube,Suction",(도번직결),도번직하위,
4849A10047A,5210A23655A,"Tube,Suction",(도번직결),도번직하위,
4849A10047A,5210A23656A,"Tube,Suction",(도번직결),도번직하위,
4849A10047A,5210A23656B,"Tube,Suction",(도번직결),도번직하위,
4849A10047A,5410A21254E,"Insulator,Tube",(도번직결),도번직하위,
4849A10047A,5410A21254F,"Insulator,Tube",(도번직결),도번직하위,
4849A10047B,3H00815H,Expendables_,(도번직결),도번직하위,
4849A10047B,4848A10002D,Accumulator,(도번직결),도번직하위,
4849A10047B,5210A23654A,"Tube,Suction",(도번직결),도번직하위,
4849A10047B,5210A23654B,"Tube,Suction",(도번직결),도번직하위,
4849A10047B,5210A23655B,"Tube,Suction",(도번직결),도번직하위,
4849A10047B,5210A23656A,"Tube,Suction",(도번직결),도번직하위,
4849A10047B,5210A23656B,"Tube,Suction",(도번직결),도번직하위,
4849A10047B,5410A21254E,"Insulator,Tube",(도번직결),도번직하위,
4849A10047B,5410A21254F,"Insulator,Tube",(도번직결),도번직하위,
4849A20056J,3H01582E,Tie,(도번직결),도번직하위,
4849A20056J,4848A20005E,Accumulator,(도번직결),도번직하위,
4849A20056J,5014A20009D,"Damper,Tube",(도번직결),도번직하위,
4849A20056J,5210A24019G,"Tube,Connector",(도번직결),도번직하위,
4849A20056J,5210A24019J,"Tube,Connector",(도번직결),도번직하위,
4849A20056J,6600L000023,"Switch,Pressure",(도번직결),도번직하위,
4849A20059D,4848A20002A,Accumulator,(도번직결),도번직하위,
4849A20059D,4930A20053B,"Holder,Sensor",(도번직결),도번직하위,
4849A20059D,4H01037H,"Holder,Sensor",(도번직결),도번직하위,
4849A20059D,5210A22409A,"Tube,Connector",(도번직결),도번직하위,
4849A20059D,5210A23376A,"Tube,Connector",(도번직결),도번직하위,
4849A20059D,5210A24928C,"Tube,Connector",(도번직결),도번직하위,
4849A20059D,5210A24929A,"Tube,Connector",(도번직결),도번직하위,
4849A20059D,5210A24930D,"Tube,Connector",(도번직결),도번직하위,
4849A20059D,5210A25775A,"Tube,Connector",(도번직결),도번직하위,
4849A20059D,5410A28437C,Insulator,(도번직결),도번직하위,
4849A20059D,5410A30055D,"Insulator,Tube",(도번직결),도번직하위,
4849A20059D,MJU34242102,"Tube,Connector",(도번직결),도번직하위,
4849A20060A,4930A20053B,"Holder,Sensor",(도번직결),도번직하위,
4849A20060A,5014A20009D,"Damper,Tube",(도번직결),도번직하위,
4849A20060A,5210A20473A,Accumulator,(도번직결),도번직하위,
4849A20060A,5210A20473B,Accumulator,(도번직결),도번직하위,
4849A20060A,5210A22409A,"Tube,Connector",(도번직결),도번직하위,
4849A20060A,5210A23376A,"Tube,Connector",(도번직결),도번직하위,
4849A20060A,5210A24845B,"Tube,Connector",(도번직결),도번직하위,
4849A20060A,5210A24847A,"Tube,Connector",(도번직결),도번직하위,
4849A20060A,5220A90008C,"Valve,Solenoid",(도번직결),도번직하위,
4849A20060A,6600L000022,"Switch,Pressure",(도번직결),도번직하위,
4849A20060A,MJU34242101,"Tube,Connector",(도번직결),도번직하위,
4849A20060B,4930A20053B,"Holder,Sensor",(도번직결),도번직하위,
4849A20060B,5014A20009D,"Damper,Tube",(도번직결),도번직하위,
4849A20060B,5210A20473A,Accumulator,(도번직결),도번직하위,
4849A20060B,5210A20473B,Accumulator,(도번직결),도번직하위,
4849A20060B,5210A22409A,"Tube,Connector",(도번직결),도번직하위,
4849A20060B,5210A23376A,"Tube,Connector",(도번직결),도번직하위,
4849A20060B,5210A24845B,"Tube,Connector",(도번직결),도번직하위,
4849A20060B,5210A24847D,"Tube,Connector",(도번직결),도번직하위,
4849A20060B,5220A90008C,"Valve,Solenoid",(도번직결),도번직하위,
4849A20060B,MJU34242101,"Tube,Connector",(도번직결),도번직하위,
4849A20069M,3H01582C,Tie,(도번직결),도번직하위,
4849A20069M,4848A20005B,Accumulator,4849A20069M-7-1,자동매핑,
4849A20069M,4930A20053B,"Holder,Sensor",(도번직결),도번직하위,
4849A20069M,4980A21002D,Supporter,4849A20069M-7-1,자동매핑,
4849A20069M,4H00363H,"Damper,Tube",(도번직결),도번직하위,
4849A20069M,5040A20027A,Damper,(도번직결),도번직하위,
4849A20069M,5040A20027G,Damper,(도번직결),도번직하위,
4849A20069M,5210A22409A,"Tube,Connector",(도번직결),도번직하위,
4849A20069M,5410A30055D,"Insulator,Tube",(도번직결),도번직하위,
4849A20069M,6600L000022,"Switch,Pressure",(도번직결),도번직하위,
4849A20069M,MJU42403117,"Tube,Connector",4849A20069M-7-1,자동매핑,
4849A20069M,MJU62192004,"Tube,Connector",4849A20069M-7-1,자동매핑,
5211A00011E,3H01582C,Tie,(도번직결),도번직하위,
5211A00011E,5210A00016L,"Tube,Connector",(도번직결),도번직하위,
5211A00011E,5210A00017F,"Tube,Discharge",(도번직결),도번직하위,
5211A00011E,5210A21310B,"Tube,Connector",(도번직결),도번직하위,
5211A00011E,5210A21311C,"Tube,Connector",(도번직결),도번직하위,
5211A00011E,5210A22520B,"Tube,Connector",(도번직결),도번직하위,
5211A00011E,5220AR3228W,"Valve,Reverse",(도번직결),도번직하위,
5211A00011E,5410A28649A,"Insulator,Foam",(도번직결),도번직하위,
5211A00011E,6600L000016,"Switch,Pressure",(도번직결),도번직하위,
5211A00011E,MJU34799302,"Tube,Connector",(도번직결),도번직하위,
5211A00011P,3H01582C,Tie,(도번직결),도번직하위,
5211A00011P,4H00363A,"Damper,Tube",(도번직결),도번직하위,
5211A00011P,5210A00016L,"Tube,Connector",(도번직결),도번직하위,
5211A00011P,5210A00017F,"Tube,Discharge",(도번직결),도번직하위,
5211A00011P,5210A21310B,"Tube,Connector",(도번직결),도번직하위,
5211A00011P,5210A21311C,"Tube,Connector",(도번직결),도번직하위,
5211A00011P,5210A22520B,"Tube,Connector",(도번직결),도번직하위,
5211A00011P,5220AR3228W,"Valve,Reverse",(도번직결),도번직하위,
5211A00011P,5410A28649A,"Insulator,Foam",(도번직결),도번직하위,
5211A00011P,6600L000016,"Switch,Pressure",(도번직결),도번직하위,
5211A00011P,MJU34799302,"Tube,Connector",(도번직결),도번직하위,
5211A10458H,5210A22041S,"Tube,Manifold",(도번직결),도번직하위,
5211A10458H,5210A22041T,"Tube,Manifold",(도번직결),도번직하위,
5211A10458H,5210A29026B,"Tube,Connector",(도번직결),도번직하위,
5211A10458H,MJU57271806,"Tube,Connector",(도번직결),도번직하위,
5211A10458H,MJU57271807,"Tube,Connector",(도번직결),도번직하위,
5211A10480A,5210A10096A,"Tube,Manifold",(도번직결),도번직하위,
5211A10480A,5210A31545A,"Tube,Connector",(도번직결),도번직하위,
5211A10480B,5210A10097A,"Tube,Manifold",(도번직결),도번직하위,
5211A10480B,5210A31545A,"Tube,Connector",(도번직결),도번직하위,
5211A10480B,5210A31546A,"Tube,Connector",(도번직결),도번직하위,
5211A10480B,5210A31547A,"Tube,Connector",(도번직결),도번직하위,
5211A10480C,5210A10096B,"Tube,Manifold",(도번직결),도번직하위,
5211A10480C,5210A31545A,"Tube,Connector",(도번직결),도번직하위,
5211A10549A,3A00929H,"Tube,Distributor",(도번직결),도번직하위,
5211A10549A,4H00901K,"Tube,Connector",(도번직결),도번직하위,
5211A10549A,5210A22118A,"Tube,Connector",(도번직결),도번직하위,
5211A10549A,5210A23936A,"Tube,Capillary Bending",(도번직결),도번직하위,
5211A10549A,5210A23936B,"Tube,Capillary Bending",(도번직결),도번직하위,
5211A10549A,5210A23936C,"Tube,Capillary Bending",(도번직결),도번직하위,
5211A10549A,5210A23936D,"Tube,Capillary Bending",(도번직결),도번직하위,
5211A10549A,5210A23936E,"Tube,Capillary Bending",(도번직결),도번직하위,
5211A10549A,5210A23936F,"Tube,Capillary Bending",(도번직결),도번직하위,
5211A10549A,5210A23936G,"Tube,Capillary Bending",(도번직결),도번직하위,
5211A10549A,5210A23936H,"Tube,Capillary Bending",(도번직결),도번직하위,
5211A10549A,5210A23936J,"Tube,Capillary Bending",(도번직결),도번직하위,
5211A10549A,5210A30050Y,"Tube,Evaporator",(도번직결),도번직하위,
5211A10623D,5210A25648A,"Tube,Connector",(도번직결),도번직하위,
5211A10623D,5210A25800A,"Tube,Connector",(도번직결),도번직하위,
5211A10623D,5224A20005D,Strainer,(도번직결),도번직하위,
5211A10623D,MJU57396001,"Tube,Connector",(도번직결),도번직하위,
5211A11023C,3H01582C,Tie,(도번직결),도번직하위,
5211A11023C,4A00742F,"Nut,Common",(도번직결),도번직하위,
5211A11023C,5210A22526A,"Tube,Capillary Bending",(도번직결),도번직하위,
5211A11023C,5210A22636C,"Tube,Connector",(도번직결),도번직하위,
5211A11023C,5210A23278A,"Tube,Connector",(도번직결),도번직하위,
5211A11023C,5210A23279A,"Tube,Connector",(도번직결),도번직하위,
5211A11023C,5224A20005L,Strainer,(도번직결),도번직하위,
5211A11024A,3H01582C,Tie,(도번직결),도번직하위,
5211A11024A,3H03659U,Strainer,(도번직결),도번직하위,
5211A11024A,5210A22526A,"Tube,Capillary Bending",(도번직결),도번직하위,
5211A11024A,5210A22770A,"Tube,Connector",(도번직결),도번직하위,
5211A11024A,5210A23407A,"Tube,Connector",(도번직결),도번직하위,
5211A11034A,5210A22976A,"Tube,Manifold",(도번직결),도번직하위,
5211A11034A,5210A25016A,"Tube,Connector",(도번직결),도번직하위,
5211A11034A,5210A25016B,"Tube,Connector",(도번직결),도번직하위,
5211A11034A,5210A25017B,"Tube,Connector",(도번직결),도번직하위,
5211A11065T,5210A22026S,"Tube,Suction",(도번직결),도번직하위,
5211A11065T,5210A23658F,"Tube,Manifold",(도번직결),도번직하위,
5211A11065T,5220A90008C,"Valve,Solenoid",(도번직결),도번직하위,
5211A11065T,5220A90010H,"Valve,Expansion Body",(도번직결),도번직하위,
5211A11065T,5224A20002C,Strainer,(도번직결),도번직하위,
5211A11065T,AJR36675910,"Tube Assembly,Capillary",(도번직결),도번직하위,
5211A11065T,MJU37361101,"Tube,Connector",(도번직결),도번직하위,
5211A11065T,MJU37361108,"Tube,Connector",(도번직결),도번직하위,
5211A11065T,MJU37361307,"Tube,Connector",(도번직결),도번직하위,
5211A11065T,MJU42282503,"Tube,Connector",(도번직결),도번직하위,
5211A11065T,MJU42282703,"Tube,Connector",(도번직결),도번직하위,
5211A11604A,4930A20053B,"Holder,Sensor",(도번직결),도번직하위,
5211A11604A,4A00742C,"Nut,Flare",(도번직결),도번직하위,
5211A11604A,5006AR4091H,Cap,(도번직결),도번직하위,
5211A11604A,5040A20034A,Damper,(도번직결),도번직하위,
5211A11604A,5210A22409B,"Tube,Connector",(도번직결),도번직하위,
5211A11604A,5210A26859A,"Tube,Manifold",(도번직결),도번직하위,
5211A11604A,5210A26860A,"Tube,Connector",(도번직결),도번직하위,
5211A11604A,5210A26861A,"Tube,Connector",(도번직결),도번직하위,
5211A11604A,5210A26862A,"Tube,Connector",(도번직결),도번직하위,
5211A11604A,5210A26863A,"Tube,Connector",(도번직결),도번직하위,
5211A11604A,5210A26864A,"Tube,Connector",(도번직결),도번직하위,
5211A11604A,5410A21331B,"Insulator,Tube",(도번직결),도번직하위,
5211A11604A,6620DG3015H,"Socket,Flare",(도번직결),도번직하위,
5211A11604C,4930A20053B,"Holder,Sensor",(도번직결),도번직하위,
5211A11604C,4A00742C,"Nut,Flare",(도번직결),도번직하위,
5211A11604C,5006AR4091H,Cap,(도번직결),도번직하위,
5211A11604C,5040A20034A,Damper,(도번직결),도번직하위,
5211A11604C,5210A22409B,"Tube,Connector",(도번직결),도번직하위,
5211A11604C,5210A26859D,"Tube,Manifold",5211A11604C-은납,자동매핑,
5211A11604C,5210A26860A,"Tube,Connector",(도번직결),도번직하위,
5211A11604C,5210A26861A,"Tube,Connector",(도번직결),도번직하위,
5211A11604C,5210A26862A,"Tube,Connector",(도번직결),도번직하위,
5211A11604C,5210A26863A,"Tube,Connector",(도번직결),도번직하위,
5211A11604C,5210A26864A,"Tube,Connector",(도번직결),도번직하위,
5211A11604C,5410A21331B,"Insulator,Tube",(도번직결),도번직하위,
5211A11604C,6620DG3015H,"Socket,Flare",5211A11604C-은납,자동매핑,
5211A12001A,3H01582C,Tie,(도번직결),도번직하위,
5211A12001A,4930A20053B,"Holder,Sensor",(도번직결),도번직하위,
5211A12001A,4H01281C,"Tube,Pinch Off",(도번직결),도번직하위,
5211A12001A,5210A20720A,"Tube,Distributor",(도번직결),도번직하위,
5211A12001A,5210A22409A,"Tube,Connector",(도번직결),도번직하위,
5211A12001A,5210A22581A,"Tube,Capillary Bending",(도번직결),도번직하위,
5211A12001A,5210A22581B,"Tube,Capillary Bending",(도번직결),도번직하위,
5211A12001A,5210A22581C,"Tube,Capillary Bending",(도번직결),도번직하위,
5211A12001A,5210A22581D,"Tube,Capillary Bending",(도번직결),도번직하위,
5211A12001A,5210A22581E,"Tube,Capillary Bending",(도번직결),도번직하위,
5211A12001A,5210A22581F,"Tube,Capillary Bending",(도번직결),도번직하위,
5211A12001A,5210A22581G,"Tube,Capillary Bending",(도번직결),도번직하위,
5211A12001A,5210A22581H,"Tube,Capillary Bending",(도번직결),도번직하위,
5211A12001A,5210A22581J,"Tube,Capillary Bending",(도번직결),도번직하위,
5211A12001A,5210A22581P,"Tube,Capillary Bending",(도번직결),도번직하위,
5211A12001A,5210A29019A,"Tube,Connector",(도번직결),도번직하위,
5211A12001A,5210A30050K,"Tube,Evaporator",(도번직결),도번직하위,
5211A12001A,5210A39003F,"Tube,Connector",(도번직결),도번직하위,
5211A19008C,4930A20053B,"Holder,Sensor",(도번직결),도번직하위,
5211A19008C,5210A13011G,"Tube,Connector",(도번직결),도번직하위,
5211A19008C,5210A13011H,"Tube,Connector",(도번직결),도번직하위,
5211A19008C,5210A13011J,"Tube,Connector",(도번직결),도번직하위,
5211A19008C,5210A13011K,"Tube,Connector",(도번직결),도번직하위,
5211A19008C,5210A13011L,"Tube,Connector",(도번직결),도번직하위,
5211A19008C,5210A22409A,"Tube,Connector",(도번직결),도번직하위,
5211A19008C,5210A26647F,"Tube,Connector",(도번직결),도번직하위,
5211A19008C,5210A26647G,"Tube,Connector",(도번직결),도번직하위,
5211A19008C,5210A26647H,"Tube,Connector",(도번직결),도번직하위,
5211A19008C,5257A20010A,Muffler Assembly,(도번직결),도번직하위,
5211A19008C,AJU36719714,Valve Assembly,(도번직결),도번직하위,
5211A19008D,4930A20053B,"Holder,Sensor",(도번직결),도번직하위,
5211A19008D,5210A13011G,"Tube,Connector",(도번직결),도번직하위,
5211A19008D,5210A13011H,"Tube,Connector",(도번직결),도번직하위,
5211A19008D,5210A13011J,"Tube,Connector",(도번직결),도번직하위,
5211A19008D,5210A13011K,"Tube,Connector",(도번직결),도번직하위,
5211A19008D,5210A13011L,"Tube,Connector",(도번직결),도번직하위,
5211A19008D,5210A22409A,"Tube,Connector",(도번직결),도번직하위,
5211A19008D,5210A26647F,"Tube,Connector",(도번직결),도번직하위,
5211A19008D,5210A26647G,"Tube,Connector",(도번직결),도번직하위,
5211A19008D,5210A26647J,"Tube,Connector",(도번직결),도번직하위,
5211A19008D,5257A20010A,Muffler Assembly,(도번직결),도번직하위,
5211A19008D,AJU36719714,Valve Assembly,(도번직결),도번직하위,
5211A19008D,MJU61889106,"Tube,Distributor",(도번직결),도번직하위,
5211A19008J,4930A20053B,"Holder,Sensor",(도번직결),도번직하위,
5211A19008J,5210A13011G,"Tube,Connector",(도번직결),도번직하위,
5211A19008J,5210A13011H,"Tube,Connector",(도번직결),도번직하위,
5211A19008J,5210A13011J,"Tube,Connector",(도번직결),도번직하위,
5211A19008J,5210A13011K,"Tube,Connector",(도번직결),도번직하위,
5211A19008J,5210A13011L,"Tube,Connector",(도번직결),도번직하위,
5211A19008J,5210A22409A,"Tube,Connector",(도번직결),도번직하위,
5211A19008J,5210A26647F,"Tube,Connector",(도번직결),도번직하위,
5211A19008J,5210A26647G,"Tube,Connector",(도번직결),도번직하위,
5211A19008J,5210A26647J,"Tube,Connector",(도번직결),도번직하위,
5211A19008J,5257A20010A,Muffler Assembly,(도번직결),도번직하위,
5211A19008J,7250AR3866W,"Damper,Butyl",(도번직결),도번직하위,
5211A19008J,AJU36719714,Valve Assembly,(도번직결),도번직하위,
5211A19008J,MJU61889106,"Tube,Distributor",(도번직결),도번직하위,
5211A19008K,4930A20053B,"Holder,Sensor",(도번직결),도번직하위,
5211A19008K,5210A13011G,"Tube,Connector",(도번직결),도번직하위,
5211A19008K,5210A13011H,"Tube,Connector",(도번직결),도번직하위,
5211A19008K,5210A13011J,"Tube,Connector",(도번직결),도번직하위,
5211A19008K,5210A13011K,"Tube,Connector",(도번직결),도번직하위,
5211A19008K,5210A13011L,"Tube,Connector",(도번직결),도번직하위,
5211A19008K,5210A22409A,"Tube,Connector",(도번직결),도번직하위,
5211A19008K,5210A26647F,"Tube,Connector",(도번직결),도번직하위,
5211A19008K,5210A26647G,"Tube,Connector",(도번직결),도번직하위,
5211A19008K,5210A26647H,"Tube,Connector",(도번직결),도번직하위,
5211A19008K,5257A20010A,Muffler Assembly,(도번직결),도번직하위,
5211A19008K,7250AR3866W,"Damper,Butyl",(도번직결),도번직하위,
5211A19008K,AJU36719714,Valve Assembly,(도번직결),도번직하위,
5211A19008K,MJU61889106,"Tube,Distributor",(도번직결),도번직하위,
5211A20297Z,3H03750H,"Tube,Capillary",(도번직결),도번직하위,
5211A20297Z,5211AP4052A,"Tube Assembly,Connector",(도번직결),도번직하위,
5211A20349P,5210A20851E,"Tube,Connector",(도번직결),도번직하위,
5211A20349P,5210A22409A,"Tube,Connector",(도번직결),도번직하위,
5211A20349T,4930A20053B,"Holder,Sensor",(도번직결),도번직하위,
5211A20349T,5210A20851E,"Tube,Connector",(도번직결),도번직하위,
5211A20349T,5210A22409B,"Tube,Connector",(도번직결),도번직하위,
5211A20349Z,4930A20053B,"Holder,Sensor",(도번직결),도번직하위,
5211A20349Z,5210A20851M,"Tube,Connector",(도번직결),도번직하위,
5211A20349Z,5210A22409A,"Tube,Connector",(도번직결),도번직하위,
5211A20356M,2H00351D,"Tube,Distributor",(도번직결),도번직하위,
5211A20356M,3H01582A,Tie,(도번직결),도번직하위,
5211A20356M,5211AP4052A,"Tube Assembly,Connector",(도번직결),도번직하위,
5211A20356M,5424AP3074D,"Tube,Capillary",(도번직결),도번직하위,
5211A20356U,2H00351D,"Tube,Distributor",(도번직결),도번직하위,
5211A20356U,3H01582A,Tie,(도번직결),도번직하위,
5211A20356U,5211AP4052A,"Tube Assembly,Connector",(도번직결),도번직하위,
5211A20356U,5424AP3074C,"Tube,Capillary",(도번직결),도번직하위,
5211A20356W,2H00351D,"Tube,Distributor",(도번직결),도번직하위,
5211A20356W,3H01582A,Tie,(도번직결),도번직하위,
5211A20356W,5211AP4052A,"Tube Assembly,Connector",(도번직결),도번직하위,
5211A20356W,5424AP3074C,"Tube,Capillary",(도번직결),도번직하위,
5211A20459E,3A00375E,"Socket,Flare",(도번직결),도번직하위,
5211A20459E,3H01582C,Tie,(도번직결),도번직하위,
5211A20459E,4H00901A,"Tube,Connector",(도번직결),도번직하위,
5211A20459E,5006AR4091H,Cap,(도번직결),도번직하위,
5211A20459E,5210A30554F,"Tube,Connector",(도번직결),도번직하위,
5211A20459E,5210A30846A,"Tube,Connector",(도번직결),도번직하위,
5211A20459E,5400AP3822W,"Insulator,Tube",(도번직결),도번직하위,
5211A20459E,MJU42271901,"Tube,Manifold",(도번직결),도번직하위,
5211A20466L,2H00351Z,"Tube,Distributor",(도번직결),도번직하위,
5211A20466L,4010AR3071C,"Socket,Flare",(도번직결),도번직하위,
5211A20466L,4930A20053B,"Holder,Sensor",(도번직결),도번직하위,
5211A20466L,4A00742A,"Nut,Flare",(도번직결),도번직하위,
5211A20466L,4H01606N,"Tube,Form",(도번직결),도번직하위,
5211A20466L,5210A20859B,"Tube,Connector",(도번직결),도번직하위,
5211A20466L,5210A21160A,"Tube,Capillary Bending",(도번직결),도번직하위,
5211A20466L,5210A21160B,"Tube,Capillary Bending",(도번직결),도번직하위,
5211A20466L,5210A21160C,"Tube,Capillary Bending",(도번직결),도번직하위,
5211A20466L,5210A21160F,"Tube,Capillary Bending",(도번직결),도번직하위,
5211A20466L,5210A21160G,"Tube,Capillary Bending",(도번직결),도번직하위,
5211A20466L,5210A22409A,"Tube,Connector",(도번직결),도번직하위,
5211A20466L,5210A30050K,"Tube,Evaporator",(도번직결),도번직하위,
5211A21806A,3H01420A,"Socket,Flare",(도번직결),도번직하위,
5211A21806A,3H02717A,"Tube,Coupling",(도번직결),도번직하위,
5211A21806A,4930A20053B,"Holder,Sensor",(도번직결),도번직하위,
5211A21806A,4A00742C,"Nut,Flare",(도번직결),도번직하위,
5211A21806A,5210A22409B,"Tube,Connector",(도번직결),도번직하위,
5211A21806A,5210A22690F,"Tube,Condenser",(도번직결),도번직하위,
5211A21806A,5210A26765A,"Tube,Connector",(도번직결),도번직하위,
5211A21806A,5210A26766A,"Tube,Connector",(도번직결),도번직하위,
5211A21806A,5210A26767A,"Tube,Connector",(도번직결),도번직하위,
5211A21811B,4930A20053B,"Holder,Sensor",(도번직결),도번직하위,
5211A21811B,4A00742B,"Nut,Flare",(도번직결),도번직하위,
5211A21811B,5006AR4091D,Cap,(도번직결),도번직하위,
5211A21811B,5040A30013E,Damper,(도번직결),도번직하위,
5211A21811B,5210A22409B,"Tube,Connector",(도번직결),도번직하위,
5211A21811B,5210A26795A,"Tube,Connector",(도번직결),도번직하위,
5211A21811B,5210A26795B,"Tube,Connector",(도번직결),도번직하위,
5211A21811B,5210A26795C,"Tube,Connector",(도번직결),도번직하위,
5211A21811B,5210A26795D,"Tube,Connector",(도번직결),도번직하위,
5211A21811B,5210A26795E,"Tube,Connector",(도번직결),도번직하위,
5211A21811B,5210A26795F,"Tube,Connector",(도번직결),도번직하위,
5211A21811B,5210A26796A,"Tube,Manifold",(도번직결),도번직하위,
5211A21811B,6620DG3014D,"Socket,Flare",(도번직결),도번직하위,
5211A21811B,MJU62922201,"Tube,Connector",(도번직결),도번직하위,
5211A21813B,4930A20053B,"Holder,Sensor",(도번직결),도번직하위,
5211A21813B,4A00742F,"Nut,Common",(도번직결),도번직하위,
5211A21813B,5040A20034A,Damper,(도번직결),도번직하위,
5211A21813B,5210A22409B,"Tube,Connector",(도번직결),도번직하위,
5211A21813B,5210A26786B,"Tube,Manifold",(도번직결),도번직하위,
5211A21813B,5210A26787A,"Tube,Connector",(도번직결),도번직하위,
5211A21813B,5210A26787B,"Tube,Connector",(도번직결),도번직하위,
5211A21813B,5210A26787C,"Tube,Connector",(도번직결),도번직하위,
5211A21813B,5210A26787D,"Tube,Connector",(도번직결),도번직하위,
5211A21813B,5210A26787E,"Tube,Connector",(도번직결),도번직하위,
5211A21813B,5410A21331B,"Insulator,Tube",(도번직결),도번직하위,
5211A21813B,6620DG3015G,"Socket,Flare",(도번직결),도번직하위,
5211A21904A,4930A20053B,"Holder,Sensor",(도번직결),도번직하위,
5211A21904A,5210A20851M,"Tube,Connector",(도번직결),도번직하위,
5211A21904A,5210A22409A,"Tube,Connector",(도번직결),도번직하위,
5211A21904M,5210A20851M,"Tube,Connector",(도번직결),도번직하위,
5211A21904M,5210A22409B,"Tube,Connector",(도번직결),도번직하위,
5211A21904N,4930A20053B,"Holder,Sensor",(도번직결),도번직하위,
5211A21904N,5210A20851M,"Tube,Connector",(도번직결),도번직하위,
5211A21904N,5210A22409A,"Tube,Connector",(도번직결),도번직하위,
5211A22009Q,2H00351U,"Tube,Distributor",(도번직결),도번직하위,
5211A22009Q,4930A20053B,"Holder,Sensor",(도번직결),도번직하위,
5211A22009Q,5210A22409A,"Tube,Connector",(도번직결),도번직하위,
5211A22009Q,5210A28001C,"Tube,Return Bending",(도번직결),도번직하위,
5211A22009Q,5210A32911E,"Tube,Connector",(도번직결),도번직하위,
5211A22009Q,MJU61955708,"Tube,Connector",(도번직결),도번직하위,
5211A22009Q,MJU62090409,"Tube,Capillary Bending",(도번직결),도번직하위,
5211A22009Q,MJU62090410,"Tube,Capillary Bending",(도번직결),도번직하위,
5211A22009Q,MJU62090411,"Tube,Capillary Bending",(도번직결),도번직하위,
5211A22009Q,MJU62090412,"Tube,Capillary Bending",(도번직결),도번직하위,
5211A22057R,3H01582A,Tie,(도번직결),도번직하위,
5211A22057R,4A00114A,"Tube,Connector",(도번직결),도번직하위,
5211A22057R,5210A00039H,"Tube,Connector",(도번직결),도번직하위,
5211A22057R,5210A00039J,"Tube,Connector",(도번직결),도번직하위,
5211A22057R,5210A00039K,"Tube,Connector",(도번직결),도번직하위,
5211A22057R,5224A20002F,Strainer,(도번직결),도번직하위,
5211A22057R,5256A30003U,Muffler,(도번직결),도번직하위,
5211A22057R,5410A21281K,"Insulator,Tube",(도번직결),도번직하위,
5211A22057R,5410A21281L,"Insulator,Tube",(도번직결),도번직하위,
5211A22057R,5410A21281P,"Insulator,Tube",(도번직결),도번직하위,
5211A22057R,5410A30279U,"Insulator,Tube",(도번직결),도번직하위,
5211A22057R,MJC61841303,Strainer,(도번직결),도번직하위,
5211A22057R,MJU65327001,"Tube,Connector",(도번직결),도번직하위,
5211A22057R,MJU65327202,"Tube,Connector",(도번직결),도번직하위,
5211A22057R,MJU65327303,"Tube,Connector",(도번직결),도번직하위,
5211A22057R,MJU65327401,"Tube,Connector",(도번직결),도번직하위,
5211A22057R,MJU65327501,"Tube,Connector",(도번직결),도번직하위,
5211A22057R,MJU65327701,"Tube,Connector",(도번직결),도번직하위,
5211A22057R,MJU65327901,"Tube,Connector",(도번직결),도번직하위,
5211A22057R,MJU65328001,"Tube,Connector",(도번직결),도번직하위,
5211A22057R,MJU65328102,"Tube,Connector",(도번직결),도번직하위,
5211A22057R,MJU66777604,"Tube,Connector",(도번직결),도번직하위,
5211A22057R,MJX63032201,"Valve,Expansion Body",(도번직결),도번직하위,
5211A22057R,MJX63992003,"Valve,Expansion Body",(도번직결),도번직하위,
5211A22057S,3H01582A,Tie,(도번직결),도번직하위,
5211A22057S,4A00114A,"Tube,Connector",(도번직결),도번직하위,
5211A22057S,5210A00039H,"Tube,Connector",(도번직결),도번직하위,
5211A22057S,5210A00039J,"Tube,Connector",(도번직결),도번직하위,
5211A22057S,5210A00039K,"Tube,Connector",(도번직결),도번직하위,
5211A22057S,5224A20002F,Strainer,(도번직결),도번직하위,
5211A22057S,5256A30003U,Muffler,(도번직결),도번직하위,
5211A22057S,5410A21281K,"Insulator,Tube",(도번직결),도번직하위,
5211A22057S,5410A21281L,"Insulator,Tube",(도번직결),도번직하위,
5211A22057S,5410A21281P,"Insulator,Tube",(도번직결),도번직하위,
5211A22057S,5410A30279U,"Insulator,Tube",(도번직결),도번직하위,
5211A22057S,MJC61841303,Strainer,(도번직결),도번직하위,
5211A22057S,MJU65327001,"Tube,Connector",(도번직결),도번직하위,
5211A22057S,MJU65327202,"Tube,Connector",(도번직결),도번직하위,
5211A22057S,MJU65327303,"Tube,Connector",(도번직결),도번직하위,
5211A22057S,MJU65327401,"Tube,Connector",(도번직결),도번직하위,
5211A22057S,MJU65327501,"Tube,Connector",(도번직결),도번직하위,
5211A22057S,MJU65327702,"Tube,Connector",(도번직결),도번직하위,
5211A22057S,MJU65327901,"Tube,Connector",(도번직결),도번직하위,
5211A22057S,MJU65328001,"Tube,Connector",(도번직결),도번직하위,
5211A22057S,MJU65328102,"Tube,Connector",(도번직결),도번직하위,
5211A22057S,MJU66777604,"Tube,Connector",(도번직결),도번직하위,
5211A22057S,MJX63032201,"Valve,Expansion Body",(도번직결),도번직하위,
5211A22057S,MJX63992003,"Valve,Expansion Body",(도번직결),도번직하위,
5211A23366A,3H03659M,Strainer,(도번직결),도번직하위,
5211A23366A,4970AR3432E,Spring,(도번직결),도번직하위,
5211A23366A,4970AR3432F,Spring,(도번직결),도번직하위,
5211A23366A,4A00742B,"Nut,Flare",(도번직결),도번직하위,
5211A23366A,4A00742F,"Nut,Common",(도번직결),도번직하위,
5211A23366A,4H01606M,"Tube,Form",(도번직결),도번직하위,
5211A23366A,5006AR4091D,Cap,(도번직결),도번직하위,
5211A23366A,5210A26658A,"Tube,Connector",(도번직결),도번직하위,
5211A23366A,5210A26667D,"Tube,Connector",(도번직결),도번직하위,
5211A23366A,5210A26667E,"Tube,Connector",(도번직결),도번직하위,
5211A23366A,5211A23363A,"Tube Assembly,Manifold(I",(도번직결),도번직하위,
5211A23366A,5410A20217L,"Insulator,Felt",(도번직결),도번직하위,
5211A23366A,5410A21252N,"Insulator,Tube",(도번직결),도번직하위,
5211A23366B,3A00375D,"Socket,Flare",(도번직결),도번직하위,
5211A23366B,3H01420A,"Socket,Flare",(도번직결),도번직하위,
5211A23366B,3H03659L,Strainer,(도번직결),도번직하위,
5211A23366B,4970AR3432F,Spring,(도번직결),도번직하위,
5211A23366B,4A00742A,"Nut,Flare",(도번직결),도번직하위,
5211A23366B,4A00742C,"Nut,Flare",(도번직결),도번직하위,
5211A23366B,4H01606N,"Tube,Form",(도번직결),도번직하위,
5211A23366B,5210A26658B,"Tube,Connector",(도번직결),도번직하위,
5211A23366B,5210A26667F,"Tube,Connector",(도번직결),도번직하위,
5211A23366B,5210A26667G,"Tube,Connector",(도번직결),도번직하위,
5211A23366B,5211A23363B,"Tube Assembly,Manifold(I",(도번직결),도번직하위,
5211A23366B,5410A21252N,"Insulator,Tube",(도번직결),도번직하위,
5211A24134B,4930A20053B,"Holder,Sensor",(도번직결),도번직하위,
5211A24134B,5014A30001B,"Damper,Tube",(도번직결),도번직하위,
5211A24134B,5210A22409C,"Tube,Connector",(도번직결),도번직하위,
5211A24134B,5210A26754A,"Tube,Suction",(도번직결),도번직하위,
5211A24134B,5210A26755A,"Tube,Condenser",(도번직결),도번직하위,
5211A24134B,5210A26756A,"Tube,Discharge",(도번직결),도번직하위,
5211A24134B,5210A26757A,"Tube,Connector",(도번직결),도번직하위,
5211A24134B,5210A36802A,"Tube,Connector",(도번직결),도번직하위,
5211A24134B,5220AR3228X,"Valve,Reverse",(도번직결),도번직하위,
5211A24134B,5256A30003J,Muffler,(도번직결),도번직하위,
5211A26008A,4930A20053B,"Holder,Sensor",(도번직결),도번직하위,
5211A26008A,5014A30001A,"Damper,Tube",(도번직결),도번직하위,
5211A26008A,5014A30001B,"Damper,Tube",(도번직결),도번직하위,
5211A26008A,5210A22409A,"Tube,Connector",(도번직결),도번직하위,
5211A26008A,5210A25915D,"Tube,Connector",(도번직결),도번직하위,
5211A26008A,5210A25932C,"Tube,Suction",(도번직결),도번직하위,
5211A26008A,5210A26756B,"Tube,Discharge",(도번직결),도번직하위,
5211A26008A,5210A32989C,"Tube,Condenser",(도번직결),도번직하위,
5211A26008A,5210A32990C,"Tube,Connector",(도번직결),도번직하위,
5211A26008A,5210A36802B,"Tube,Connector",(도번직결),도번직하위,
5211A26008A,5220AR3228X,"Valve,Reverse",(도번직결),도번직하위,
5211A26008A,5256A30003J,Muffler,(도번직결),도번직하위,
5211A26008A,6600L000013,"Switch,Pressure",(도번직결),도번직하위,
5211A29907A,3A00375D,"Socket,Flare",(도번직결),도번직하위,
5211A29907A,3H02716A,"Tube,Coupling",(도번직결),도번직하위,
5211A29907A,3H03659L,Strainer,(도번직결),도번직하위,
5211A29907A,4930A20053B,"Holder,Sensor",(도번직결),도번직하위,
5211A29907A,4A00742A,"Nut,Flare",(도번직결),도번직하위,
5211A29907A,4H01606N,"Tube,Form",(도번직결),도번직하위,
5211A29907A,5210A22409A,"Tube,Connector",(도번직결),도번직하위,
5211A29907A,5210A26667G,"Tube,Connector",(도번직결),도번직하위,
5211A29907A,5210A26760A,"Tube,Connector",(도번직결),도번직하위,
5211A29907A,5210A26761A,"Tube,Connector",(도번직결),도번직하위,
5211A29907A,5210A26762A,"Tube,Connector",(도번직결),도번직하위,
5211A29907A,5210A26764A,"Tube,Connector",(도번직결),도번직하위,
5211A29907A,5210A26764B,"Tube,Connector",(도번직결),도번직하위,
5211A29907A,5210A26768A,"Tube,Connector",(도번직결),도번직하위,
5211A29907A,5257A20010B,Muffler Assembly,(도번직결),도번직하위,
5211A29907A,MJX65072205,"Valve Module,Gear Expans",(도번직결),도번직하위,
5211A30050D,5210A30131D,"Tube,Manifold",(도번직결),도번직하위,
5211A30050D,5210AP4184A,"Tube,Connector",(도번직결),도번직하위,
5211A30050E,5210A30131E,"Tube,Manifold",(도번직결),도번직하위,
5211A30050E,5210AP4184A,"Tube,Connector",(도번직결),도번직하위,
5211A30369A,4A00114E,"Tube,Connector",(도번직결),도번직하위,
5211A30369A,5210A20536A,"Tube,Manifold",(도번직결),도번직하위,
5211A30369A,5210A20537A,"Tube,Manifold",(도번직결),도번직하위,
5211A30369A,5210A20539A,"Tube,Connector",(도번직결),도번직하위,
5211A30369A,5210A20540A,"Tube,Connector",(도번직결),도번직하위,
5211A30708S,4H01281C,"Tube,Pinch Off",(도번직결),도번직하위,
5211A30708S,5210A23947D,"Tube,Connector",(도번직결),도번직하위,
5211A30708S,5210A23947E,"Tube,Connector",(도번직결),도번직하위,
5211A30708S,5210A23947F,"Tube,Connector",(도번직결),도번직하위,
5211A30708S,5210A23952A,"Tube,Manifold",(도번직결),도번직하위,
5211A30708S,5210A24129E,"Tube,Capillary Bending",(도번직결),도번직하위,
5211A30708S,5210A30687B,"Tube,Connector",(도번직결),도번직하위,
5211A30708S,5210A30687Y,"Tube,Connector",(도번직결),도번직하위,
5211A30756B,5210A31628B,"Tube,Manifold",(도번직결),도번직하위,
5211A30756B,5210A31629A,"Tube,Evaporator",(도번직결),도번직하위,
5211A30756B,5210A31630A,"Tube,Evaporator",(도번직결),도번직하위,
5211A30756B,5210A31631A,"Tube,Evaporator",(도번직결),도번직하위,
5211A39010A,5210A31619A,"Tube,Evaporator",(도번직결),도번직하위,
5211A39010A,5210A31620A,"Tube,Evaporator",(도번직결),도번직하위,
5211A39010A,5210A31621A,"Tube,Evaporator",(도번직결),도번직하위,
5211A39010A,5210A31622A,"Tube,Evaporator",(도번직결),도번직하위,
5211A39010A,5210A31623A,"Tube,Evaporator",(도번직결),도번직하위,
5211A39010A,5210A31624A,"Tube,Evaporator",(도번직결),도번직하위,
5211A39010A,5210A31625A,"Tube,Evaporator",(도번직결),도번직하위,
5211A39010A,5210A31626A,"Tube,Evaporator",(도번직결),도번직하위,
5211A39010A,5210A31627A,"Tube,Evaporator",(도번직결),도번직하위,
5211A39010A,5210AR3395A,"Tube,Distributor",(도번직결),도번직하위,
5211AP2678B,4H00901F,"Tube,Connector",(도번직결),도번직하위,
5211AP2678B,5210AP2677B,"Tube,Manifold",(도번직결),도번직하위,
5211AP2678B,5210AP3029J,"Tube,Connector",(도번직결),도번직하위,
5211AP2678B,5210AP3920A,"Tube,Connector",(도번직결),도번직하위,
5211AP2678B,5210AP3920E,"Tube,Connector",(도번직결),도번직하위,
5211AP2678B,5210AP3921A,"Tube,Connector",(도번직결),도번직하위,
5211AP2678B,5210AP3922B,"Tube,Connector",(도번직결),도번직하위,
5211AP2678C,4930A20053B,"Holder,Sensor",(도번직결),도번직하위,
5211AP2678C,4H00901F,"Tube,Connector",(도번직결),도번직하위,
5211AP2678C,5210A22409A,"Tube,Connector",(도번직결),도번직하위,
5211AP2678C,5210AP2677B,"Tube,Manifold",(도번직결),도번직하위,
5211AP2678C,5210AP3029J,"Tube,Connector",(도번직결),도번직하위,
5211AP2678C,5210AP3920A,"Tube,Connector",(도번직결),도번직하위,
5211AP2678C,5210AP3920E,"Tube,Connector",(도번직결),도번직하위,
5211AP2678C,5210AP3921A,"Tube,Connector",(도번직결),도번직하위,
5211AP2678C,5210AP3922B,"Tube,Connector",(도번직결),도번직하위,
5211AP2678C,5210AR3055N,"Insulator,Tube",(도번직결),도번직하위,
5211AP2678E,4930A20053B,"Holder,Sensor",(도번직결),도번직하위,
5211AP2678E,4H00901F,"Tube,Connector",(도번직결),도번직하위,
5211AP2678E,5210A22409A,"Tube,Connector",(도번직결),도번직하위,
5211AP2678E,5210AP2677B,"Tube,Manifold",(도번직결),도번직하위,
5211AP2678E,5210AP3029J,"Tube,Connector",(도번직결),도번직하위,
5211AP2678E,5210AP3920A,"Tube,Connector",(도번직결),도번직하위,
5211AP2678E,5210AP3920E,"Tube,Connector",(도번직결),도번직하위,
5211AP2678E,5210AP3921A,"Tube,Connector",(도번직결),도번직하위,
5211AP2678E,5210AP3922B,"Tube,Connector",(도번직결),도번직하위,
5211AP2678E,5210AR3055N,"Insulator,Tube",(도번직결),도번직하위,
5211AP2678J,4930A20053B,"Holder,Sensor",(도번직결),도번직하위,
5211AP2678J,4H00901F,"Tube,Connector",(도번직결),도번직하위,
5211AP2678J,5210A22409A,"Tube,Connector",(도번직결),도번직하위,
5211AP2678J,5210AP2677D,"Tube,Manifold",(도번직결),도번직하위,
5211AP2678J,5210AP3029K,"Tube,Connector",(도번직결),도번직하위,
5211AP2678J,5210AP3920A,"Tube,Connector",(도번직결),도번직하위,
5211AP2678J,5210AP3920E,"Tube,Connector",(도번직결),도번직하위,
5211AP2678J,5210AP3921A,"Tube,Connector",(도번직결),도번직하위,
5211AP2678J,5210AP3922A,"Tube,Connector",(도번직결),도번직하위,
5211AP2678J,5210AR3055N,"Insulator,Tube",(도번직결),도번직하위,
5425AP7108C,3H01372R,"Tube,Capillary",(도번직결),도번직하위,
5425AP7108C,5210AP3394A,"Tube Assembly,Distributo",(도번직결),도번직하위,
5425AP7108C,5211AP4052A,"Tube Assembly,Connector",(도번직결),도번직하위,
5425AP7108K,5210AP3394A,"Tube Assembly,Distributo",(도번직결),도번직하위,
5425AP7108K,5211AP4052A,"Tube Assembly,Connector",(도번직결),도번직하위,
5425AP7108K,5424AP3074J,"Tube,Capillary",(도번직결),도번직하위,
AAB34431202,4930A20053B,"Holder,Sensor",(도번직결),도번직하위,
AAB34431202,5014A20009A,"Damper,Tube",(도번직결),도번직하위,
AAB34431202,5210A21458B,Accumulator,(도번직결),도번직하위,
AAB34431202,5210A22409A,"Tube,Connector",(도번직결),도번직하위,
AAB34431202,MJU39869701,"Tube,Suction",(도번직결),도번직하위,
AAB34431202,MJU39869801,"Tube,Connector",(도번직결),도번직하위,
AAB35754001,5210A22153C,"Tube,Connector",(도번직결),도번직하위,
AAB35754001,ADQ35725501,"Filter Assembly,Air Clea",(도번직결),도번직하위,
AAB35754001,MAA41233101,Accumulator,(도번직결),도번직하위,
AAB35754001,MAZ41232901,Bracket,(도번직결),도번직하위,
AAB35754001,MGJ61936801,Plate,(도번직결),도번직하위,
AAB35754001,MGJ61936802,Plate,(도번직결),도번직하위,
AAB73710401,4848A10002D,Accumulator,(도번직결),도번직하위,
AAB73710401,5210A23654B,"Tube,Suction",(도번직결),도번직하위,
AAB73710401,5210A23655B,"Tube,Suction",(도번직결),도번직하위,
AAB73710401,5210A23656B,"Tube,Suction",(도번직결),도번직하위,
AAB73710401,5410A21254E,"Insulator,Tube",(도번직결),도번직하위,
AAB73710401,5410A21254F,"Insulator,Tube",(도번직결),도번직하위,
AAB73710401,MJU64726101,"Tube,Suction",(도번직결),도번직하위,
AAB73710401,MJU64726102,"Tube,Suction",(도번직결),도번직하위,
AAB73710402,4848A10002D,Accumulator,(도번직결),도번직하위,
AAB73710402,5210A23654B,"Tube,Suction",(도번직결),도번직하위,
AAB73710402,5210A23655A,"Tube,Suction",(도번직결),도번직하위,
AAB73710402,5210A23656B,"Tube,Suction",(도번직결),도번직하위,
AAB73710402,5410A21254E,"Insulator,Tube",(도번직결),도번직하위,
AAB73710402,5410A21254F,"Insulator,Tube",(도번직결),도번직하위,
AAB73710402,MJU64726101,"Tube,Suction",(도번직결),도번직하위,
AAB73710402,MJU64726102,"Tube,Suction",(도번직결),도번직하위,
AAB73710402,MJX62711301,"Valve,Service",(도번직결),도번직하위,
ACQ30605001,4830AG4043B,Bush,(도번직결),도번직하위,
ACQ30605001,4A00114D,"Tube,Connector",(도번직결),도번직하위,
ACQ30605001,4H00006A,"Screw,Customized",ACQ30605001-SUB,자동매핑,
ACQ30605001,5410A30055S,"Insulator,Tube",(도번직결),도번직하위,
ACQ30605001,EAP65270705,"Coil Module,Expansion",(도번직결),도번직하위,
ACQ30605001,MCK62216102,Cover,ACQ30605001-SUB,자동매핑,
ACQ30605001,MJU66954401,"Tube,Connector",(도번직결),도번직하위,
ACQ30605001,MJU66954402,"Tube,Connector",ACQ30605001-4-1,자동매핑,
ACQ30605001,MJU66954403,"Tube,Connector",ACQ30605001-4-1,자동매핑,
ACQ30605001,MJU66954404,"Tube,Connector",(도번직결),도번직하위,
ACQ30605001,MJU66954405,"Tube,Connector",(도번직결),도번직하위,
ACQ30605001,MJU66954406,"Tube,Connector",(도번직결),도번직하위,
ACQ30605001,MJU66954409,"Tube,Connector",(도번직결),도번직하위,
ACQ30605001,MJX63991801,"Valve,Expansion Body",(도번직결),도번직하위,
ACQ30605001,MJX65116803,"Valve,Service",ACQ30605001-SUB,자동매핑,
ACQ30605001,MJX65117002,"Valve,Service",ACQ30605001-SUB,자동매핑,
ACQ30662801,4830AG4043B,Bush,(도번직결),도번직하위,
ACQ30662801,4A00114D,"Tube,Connector",(도번직결),도번직하위,
ACQ30662801,4H00006A,"Screw,Customized",ACQ30662801-SUB,자동매핑,
ACQ30662801,EAP65270705,"Coil Module,Expansion",(도번직결),도번직하위,
ACQ30662801,MCK62216102,Cover,ACQ30662801-SUB,자동매핑,
ACQ30662801,MEG66660106,"Holder,Tubing",(도번직결),도번직하위,
ACQ30662801,MJH63775701,Supporter,(도번직결),도번직하위,
ACQ30662801,MJU00722802,"Tube,Connector",ACQ30662801-16-1,자동매핑,
ACQ30662801,MJU00722803,"Tube,Connector",(도번직결),도번직하위,
ACQ30662801,MJU00722804,"Tube,Connector",(도번직결),도번직하위,
ACQ30662801,MJU00722805,"Tube,Connector",(도번직결),도번직하위,
ACQ30662801,MJU66954406,"Tube,Connector",(도번직결),도번직하위,
ACQ30662801,MJU66954411,"Tube,Connector",(도번직결),도번직하위,
ACQ30662801,MJX62472101,"Valve,Service",ACQ30662801-SUB,자동매핑,
ACQ30662801,MJX62472202,"Valve,Service",ACQ30662801-SUB,자동매핑,
ACQ30662801,MJX63991801,"Valve,Expansion Body",(도번직결),도번직하위,
ADL76734508,3H01582A,Tie,(도번직결),도번직하위,
ADL76734508,4000W4A003A,"Screw,Customized",(도번직결),도번직하위,
ADL76734508,ADL75441515,"Evaporator Assembly,Mult",(도번직결),도번직하위,
ADL76734508,AJR77184711,"Tube Assembly,Discharge(",(도번직결),도번직하위,
ADL76734508,AJR77184807,"Tube Assembly,Suction(In",(도번직결),도번직하위,
ADL76734508,EAD65212036,"Harness,Single",(도번직결),도번직하위,
ADL76734508,EBG61110729,"Thermistor Assembly,NTC",(도번직결),도번직하위,
ADL76734508,MEV37586034,"Insulator,Tube",(도번직결),도번직하위,
ADM72950701,1NHA0801206,"Nut,Common",(도번직결),도번직하위,
ADM72950701,4848A20005A,Accumulator,(도번직결),도번직하위,
ADM72950701,4H00947C,"Nut,Common",(도번직결),도번직하위,
ADM72950701,4H00972Q,"Washer,Customized",(도번직결),도번직하위,
ADM72950701,5014A30014B,"Damper,Tube",(도번직결),도번직하위,
ADM72950701,5014A30014F,"Damper,Tube",(도번직결),도번직하위,
ADM72950701,5224A20005G,Strainer,AJR73665101,자동매핑,
ADM72950701,53402025,"Tape,Filament",(도번직결),도번직하위,
ADM72950701,5410A21320S,Insulator,(도번직결),도번직하위,
ADM72950701,5410A30055V,"Insulator,Tube",(도번직결),도번직하위,
ADM72950701,5410A30055Z,"Insulator,Tube",(도번직결),도번직하위,
ADM72950701,AJR73664801,"Tube Assembly,Condenser(",(도번직결),도번직하위,
ADM72950701,AJR73664901,"Tube Assembly,Condenser(",(도번직결),도번직하위,
ADM72950701,AJR73665001,"Tube Assembly,Evaporator",(도번직결),도번직하위,
ADM72950701,AJR73665101,"Tube Assembly,Evaporator",(도번직결),도번직하위,
ADM72950701,AJR73665201,"Tube Assembly,Condenser(",(도번직결),도번직하위,
ADM72950701,AJR73665401,"Tube Assembly,Evaporator",(도번직결),도번직하위,
ADM72950701,MAZ63206601,Bracket,(도번직결),도번직하위,
ADM72950701,MAZ63206701,Bracket,(도번직결),도번직하위,
ADM72950701,MBL68420201,Cap,(도번직결),도번직하위,
ADM72950701,MDE61861904,"Exchanger,Plate",(도번직결),도번직하위,
ADM72950701,MDE61901701,"Exchanger,Plate",(도번직결),도번직하위,
ADM72950701,MEV31179314,Insulator,(도번직결),도번직하위,
ADM72950701,MEV63370701,Insulator,(도번직결),도번직하위,
ADM72950701,MEV63370702,Insulator,(도번직결),도번직하위,
ADM72950701,MEV63898401,"Insulator,Tube",(도번직결),도번직하위,
ADM72950701,MEV63898402,"Insulator,Tube",(도번직결),도번직하위,
ADM72950701,MJU62357401,"Tube,Connector",(도번직결),도번직하위,
ADM72950701,MJU62389601,"Tube,Connector",(도번직결),도번직하위,
ADM72950704,1NHA1001206,"Nut,Common",(도번직결),도번직하위,
ADM72950704,4848A20005A,Accumulator,(도번직결),도번직하위,
ADM72950704,4H00901J,"Tube,Connector",(도번직결),도번직하위,
ADM72950704,4H00972B,"Washer,Common",(도번직결),도번직하위,
ADM72950704,5014A30014F,"Damper,Tube",(도번직결),도번직하위,
ADM72950704,5210A22409A,"Tube,Connector",AJR73743901,자동매핑,
ADM72950704,5210A22409B,"Tube,Connector",AJR73744402,자동매핑,
ADM72950704,5224A20002W,Strainer,(도번직결),도번직하위,
ADM72950704,5224A20005G,Strainer,AJR73942801,자동매핑,
ADM72950704,5410A21281A,"Insulator,Tube",(도번직결),도번직하위,
ADM72950704,5410A30055S,"Insulator,Tube",(도번직결),도번직하위,
ADM72950704,5410A30055V,"Insulator,Tube",(도번직결),도번직하위,
ADM72950704,5410A30055Z,"Insulator,Tube",(도번직결),도번직하위,
ADM72950704,5410A30279A,"Insulator,Tube",(도번직결),도번직하위,
ADM72950704,5410A30279C,"Insulator,Tube",(도번직결),도번직하위,
ADM72950704,AJR73724002,"Tube Assembly,Condenser(",(도번직결),도번직하위,
ADM72950704,AJR73724102,"Tube Assembly,Condenser(",(도번직결),도번직하위,
ADM72950704,AJR73743901,"Tube Assembly,Evaporator",(도번직결),도번직하위,
ADM72950704,AJR73744402,"Tube Assembly,Condenser(",(도번직결),도번직하위,
ADM72950704,AJR73942801,"Tube Assembly,Condenser(",(도번직결),도번직하위,
ADM72950704,AJU36719728,Valve Assembly,(도번직결),도번직하위,
ADM72950704,EBE60659003,Solenoid,(도번직결),도번직하위,
ADM72950704,MAZ63324901,Bracket,(도번직결),도번직하위,
ADM72950704,MAZ63334101,Bracket,(도번직결),도번직하위,
ADM72950704,MAZ64044501,Bracket,(도번직결),도번직하위,
ADM72950704,MBL68420201,Cap,(도번직결),도번직하위,
ADM72950704,MDE61010802,"Exchanger,Plate",(도번직결),도번직하위,
ADM72950704,MDE61841201,"Exchanger,Plate",(도번직결),도번직하위,
ADM72950704,MEV39836107,Insulator,(도번직결),도번직하위,
ADM72950704,MEV62050301,Insulator,(도번직결),도번직하위,
ADM72950704,MEV62050401,Insulator,(도번직결),도번직하위,
ADM72950704,MEV62128301,Insulator,(도번직결),도번직하위,
ADM72950704,MEV62128401,Insulator,(도번직결),도번직하위,
ADM72950704,MEV64478901,Insulator,(도번직결),도번직하위,
ADM72950704,MJU62287004,"Tube,Connector",(도번직결),도번직하위,
ADM72950704,MJU62287005,"Tube,Connector",(도번직결),도번직하위,
ADM72950704,MJU62326603,"Tube,Connector",(도번직결),도번직하위,
ADM72950704,MJU62326609,"Tube,Connector",(도번직결),도번직하위,
ADM72950704,MJU62326610,"Tube,Connector",(도번직결),도번직하위,
ADM72950706,1NHA1001206,"Nut,Common",(도번직결),도번직하위,
ADM72950706,4848A20005A,Accumulator,(도번직결),도번직하위,
ADM72950706,4H00006A,"Screw,Customized",(도번직결),도번직하위,
ADM72950706,4H00972B,"Washer,Common",(도번직결),도번직하위,
ADM72950706,5014A30014F,"Damper,Tube",(도번직결),도번직하위,
ADM72950706,5410A21281A,"Insulator,Tube",(도번직결),도번직하위,
ADM72950706,5410A30055S,"Insulator,Tube",(도번직결),도번직하위,
ADM72950706,5410A30055V,"Insulator,Tube",(도번직결),도번직하위,
ADM72950706,5410A30055Z,"Insulator,Tube",(도번직결),도번직하위,
ADM72950706,5410A30279A,"Insulator,Tube",(도번직결),도번직하위,
ADM72950706,5410A30279C,"Insulator,Tube",(도번직결),도번직하위,
ADM72950706,AJR73724006,"Tube Assembly,Condenser(",(도번직결),도번직하위,
ADM72950706,AJR73724104,"Tube Assembly,Condenser(",(도번직결),도번직하위,
ADM72950706,AJR73743904,"Tube Assembly,Evaporator",(도번직결),도번직하위,
ADM72950706,AJR73744411,"Tube Assembly,Condenser(",(도번직결),도번직하위,
ADM72950706,AJR73942804,"Tube Assembly,Condenser(",(도번직결),도번직하위,
ADM72950706,AJR76563202,"Tube Assembly,Evaporator",(도번직결),도번직하위,
ADM72950706,AJR76563302,"Tube Assembly,Evaporator",(도번직결),도번직하위,
ADM72950706,EBE60659006,Solenoid,(도번직결),도번직하위,
ADM72950706,MAZ63324901,Bracket,(도번직결),도번직하위,
ADM72950706,MAZ63334101,Bracket,(도번직결),도번직하위,
ADM72950706,MAZ64044501,Bracket,(도번직결),도번직하위,
ADM72950706,MBL68420201,Cap,(도번직결),도번직하위,
ADM72950706,MDE62563301,"Exchanger,Plate",(도번직결),도번직하위,
ADM72950706,MDE62563701,"Exchanger,Plate",(도번직결),도번직하위,
ADM72950706,MEV39836107,Insulator,(도번직결),도번직하위,
ADM72950706,MEV62050301,Insulator,(도번직결),도번직하위,
ADM72950706,MEV62050401,Insulator,(도번직결),도번직하위,
ADM72950706,MEV62128301,Insulator,(도번직결),도번직하위,
ADM72950706,MEV62128401,Insulator,(도번직결),도번직하위,
ADM72950706,MEV64478901,Insulator,(도번직결),도번직하위,
ADM72950714,1NHA1001206,"Nut,Common",(도번직결),도번직하위,
ADM72950714,4848A20005A,Accumulator,(도번직결),도번직하위,
ADM72950714,4H00972B,"Washer,Common",(도번직결),도번직하위,
ADM72950714,5014A30014F,"Damper,Tube",(도번직결),도번직하위,
ADM72950714,5410A21281A,"Insulator,Tube",(도번직결),도번직하위,
ADM72950714,5410A30055S,"Insulator,Tube",(도번직결),도번직하위,
ADM72950714,5410A30055V,"Insulator,Tube",(도번직결),도번직하위,
ADM72950714,5410A30055Z,"Insulator,Tube",(도번직결),도번직하위,
ADM72950714,5410A30279A,"Insulator,Tube",(도번직결),도번직하위,
ADM72950714,5410A30279C,"Insulator,Tube",(도번직결),도번직하위,
ADM72950714,AJR73724004,"Tube Assembly,Condenser(",(도번직결),도번직하위,
ADM72950714,AJR73724103,"Tube Assembly,Condenser(",(도번직결),도번직하위,
ADM72950714,AJR73743901,"Tube Assembly,Evaporator",(도번직결),도번직하위,
ADM72950714,AJR73744406,"Tube Assembly,Condenser(",(도번직결),도번직하위,
ADM72950714,AJR73942801,"Tube Assembly,Condenser(",(도번직결),도번직하위,
ADM72950714,AJR76563201,"Tube Assembly,Evaporator",(도번직결),도번직하위,
ADM72950714,AJR76563301,"Tube Assembly,Evaporator",(도번직결),도번직하위,
ADM72950714,EBE60659006,Solenoid,(도번직결),도번직하위,
ADM72950714,MAZ63324901,Bracket,(도번직결),도번직하위,
ADM72950714,MAZ63334101,Bracket,(도번직결),도번직하위,
ADM72950714,MAZ64044501,Bracket,(도번직결),도번직하위,
ADM72950714,MBL68420201,Cap,(도번직결),도번직하위,
ADM72950714,MDE61010802,"Exchanger,Plate",(도번직결),도번직하위,
ADM72950714,MDE61841201,"Exchanger,Plate",(도번직결),도번직하위,
ADM72950714,MEV39836107,Insulator,(도번직결),도번직하위,
ADM72950714,MEV62050301,Insulator,(도번직결),도번직하위,
ADM72950714,MEV62050401,Insulator,(도번직결),도번직하위,
ADM72950714,MEV62128301,Insulator,(도번직결),도번직하위,
ADM72950714,MEV62128401,Insulator,(도번직결),도번직하위,
ADM72950714,MEV64478901,Insulator,(도번직결),도번직하위,
ADM72950717,1NHA1001206,"Nut,Common",(도번직결),도번직하위,
ADM72950717,3H01582E,Tie,(도번직결),도번직하위,
ADM72950717,4848A20005A,Accumulator,(도번직결),도번직하위,
ADM72950717,4H00006A,"Screw,Customized",(도번직결),도번직하위,
ADM72950717,4H00972B,"Washer,Common",(도번직결),도번직하위,
ADM72950717,5014A30014F,"Damper,Tube",(도번직결),도번직하위,
ADM72950717,5410A21281A,"Insulator,Tube",(도번직결),도번직하위,
ADM72950717,5410A30055S,"Insulator,Tube",(도번직결),도번직하위,
ADM72950717,5410A30055V,"Insulator,Tube",(도번직결),도번직하위,
ADM72950717,5410A30055Z,"Insulator,Tube",(도번직결),도번직하위,
ADM72950717,5410A30279A,"Insulator,Tube",(도번직결),도번직하위,
ADM72950717,5410A30279C,"Insulator,Tube",(도번직결),도번직하위,
ADM72950717,AJR73724007,"Tube Assembly,Condenser(",(도번직결),도번직하위,
ADM72950717,AJR73724104,"Tube Assembly,Condenser(",(도번직결),도번직하위,
ADM72950717,AJR73743904,"Tube Assembly,Evaporator",(도번직결),도번직하위,
ADM72950717,AJR73744411,"Tube Assembly,Condenser(",(도번직결),도번직하위,
ADM72950717,AJR73942804,"Tube Assembly,Condenser(",(도번직결),도번직하위,
ADM72950717,AJR76563202,"Tube Assembly,Evaporator",(도번직결),도번직하위,
ADM72950717,AJR76563303,"Tube Assembly,Evaporator",(도번직결),도번직하위,
ADM72950717,EBE60659006,Solenoid,(도번직결),도번직하위,
ADM72950717,MAZ63324901,Bracket,(도번직결),도번직하위,
ADM72950717,MAZ63334101,Bracket,(도번직결),도번직하위,
ADM72950717,MAZ64044501,Bracket,(도번직결),도번직하위,
ADM72950717,MBL68420201,Cap,(도번직결),도번직하위,
ADM72950717,MDE62563301,"Exchanger,Plate",(도번직결),도번직하위,
ADM72950717,MDE62563701,"Exchanger,Plate",(도번직결),도번직하위,
ADM72950717,MEV39836107,Insulator,(도번직결),도번직하위,
ADM72950717,MEV62050301,Insulator,(도번직결),도번직하위,
ADM72950717,MEV62050401,Insulator,(도번직결),도번직하위,
ADM72950717,MEV62128301,Insulator,(도번직결),도번직하위,
ADM72950717,MEV62128401,Insulator,(도번직결),도번직하위,
ADM72950717,MEV64478901,Insulator,(도번직결),도번직하위,
ADM73190801,1SZZA20001L,"Screw,Customized",(도번직결),도번직하위,
ADM73190801,3H01582C,Tie,(도번직결),도번직하위,
ADM73190801,3H01582E,Tie,(도번직결),도번직하위,
ADM73190801,4010AR3071N,"Socket,Flare",(도번직결),도번직하위,
ADM73190801,4930A20053B,"Holder,Sensor",(도번직결),도번직하위,
ADM73190801,5210A22409A,"Tube,Connector",(도번직결),도번직하위,
ADM73190801,5210A22409B,"Tube,Connector",(도번직결),도번직하위,
ADM73190801,ABA74551701,Bracket Assembly,(도번직결),도번직하위,
ADM73190801,ABA74551801,Bracket Assembly,(도번직결),도번직하위,
ADM73190801,EBD54871404,"Sensor,Flow",(도번직결),도번직하위,
ADM73190801,MAZ63872401,Bracket,(도번직결),도번직하위,
ADM73190801,MAZ63872501,Bracket,(도번직결),도번직하위,
ADM73190801,MDE61010803,"Exchanger,Plate",(도번직결),도번직하위,
ADM73190801,MEG66660103,"Holder,Tubing",(도번직결),도번직하위,
ADM73190801,MEG66660106,"Holder,Tubing",(도번직결),도번직하위,
ADM73190801,MHT62141301,"Socket,Flare",(도번직결),도번직하위,
ADM73190801,MJC57132401,Strainer,(도번직결),도번직하위,
ADM73190801,MJU62096501,"Tube,Connector",(도번직결),도번직하위,
ADM73190801,MJU63478301,"Tube,Connector",(도번직결),도번직하위,
ADM73190801,MJU63478401,"Tube,Connector",(도번직결),도번직하위,
ADM73190801,MJU63499801,"Tube,Connector",(도번직결),도번직하위,
ADM73190801,MJU63499901,"Tube,Connector",(도번직결),도번직하위,
ADM73190801,MJU63500001,"Tube,Connector",(도번직결),도번직하위,
ADM73190801,MJU63500101,"Tube,Connector",(도번직결),도번직하위,
ADM73210501,1SZZA20001L,"Screw,Customized",(도번직결),도번직하위,
ADM73210501,3H01582E,Tie,(도번직결),도번직하위,
ADM73210501,4010AR3071N,"Socket,Flare",(도번직결),도번직하위,
ADM73210501,5210A22409A,"Tube,Connector",(도번직결),도번직하위,
ADM73210501,5210A22409B,"Tube,Connector",(도번직결),도번직하위,
ADM73210501,5210A23376A,"Tube,Connector",(도번직결),도번직하위,
ADM73210501,ABA74551801,Bracket Assembly,(도번직결),도번직하위,
ADM73210501,ABA74570801,Bracket Assembly,(도번직결),도번직하위,
ADM73210501,EBD54871404,"Sensor,Flow",(도번직결),도번직하위,
ADM73210501,EBD60663824,"Sensor,Pressure",(도번직결),도번직하위,
ADM73210501,MAZ63872701,Bracket,(도번직결),도번직하위,
ADM73210501,MAZ63872801,Bracket,(도번직결),도번직하위,
ADM73210501,MDE61010802,"Exchanger,Plate",(도번직결),도번직하위,
ADM73210501,MEG66660103,"Holder,Tubing",(도번직결),도번직하위,
ADM73210501,MEG66660104,"Holder,Tubing",(도번직결),도번직하위,
ADM73210501,MEG66660105,"Holder,Tubing",(도번직결),도번직하위,
ADM73210501,MEV39836107,Insulator,(도번직결),도번직하위,
ADM73210501,MHT62141301,"Socket,Flare",(도번직결),도번직하위,
ADM73210501,MJC57132401,Strainer,(도번직결),도번직하위,
ADM73210501,MJU62096501,"Tube,Connector",(도번직결),도번직하위,
ADM73210501,MJU63477101,"Tube,Connector",(도번직결),도번직하위,
ADM73210501,MJU63477201,"Tube,Connector",(도번직결),도번직하위,
ADM73210501,MJU63477301,"Tube,Connector",(도번직결),도번직하위,
ADM73210501,MJU63477401,"Tube,Connector",(도번직결),도번직하위,
ADM73210501,MJU63477501,"Tube,Connector",(도번직결),도번직하위,
ADM73210501,MJU63501101,"Tube,Connector",(도번직결),도번직하위,
ADM73210506,1NHA1001206,"Nut,Common",(도번직결),도번직하위,
ADM73210506,3H01582E,Tie,(도번직결),도번직하위,
ADM73210506,AJR76462607,Tube Assembly,(도번직결),도번직하위,
ADM73210506,AJR76462608,Tube Assembly,(도번직결),도번직하위,
ADM73210506,AJR76462710,Tube Assembly,(도번직결),도번직하위,
ADM73210506,AJR76462711,Tube Assembly,(도번직결),도번직하위,
ADM73210506,EBD62586401,"Sensor,Flow",(도번직결),도번직하위,
ADM73210506,MAZ66263601,Bracket,(도번직결),도번직하위,
ADM73210506,MAZ67466101,Bracket,(도번직결),도번직하위,
ADM73210506,MDE61010802,"Exchanger,Plate",(도번직결),도번직하위,
ADM73210506,MEG66660103,"Holder,Tubing",(도번직결),도번직하위,
ADM73210506,MEV63370715,Insulator,(도번직결),도번직하위,
ADM73210506,MEV63370716,Insulator,(도번직결),도번직하위,
ADM73210506,MEV63370718,Insulator,(도번직결),도번직하위,
ADM73210506,MEV63370719,Insulator,(도번직결),도번직하위,
ADM73210506,MEV67693206,Insulator,(도번직결),도번직하위,
ADM73210506,MEV67693207,Insulator,(도번직결),도번직하위,
ADM73210506,MEV67693208,Insulator,(도번직결),도번직하위,
ADM73210506,MEV67693209,Insulator,(도번직결),도번직하위,
ADM73210506,MEV67693212,Insulator,(도번직결),도번직하위,
ADM73210511,1NHA1001206,"Nut,Common",(도번직결),도번직하위,
ADM73210511,3H01582E,Tie,(도번직결),도번직하위,
ADM73210511,AJR76462624,Tube Assembly,(도번직결),도번직하위,
ADM73210511,AJR76462626,Tube Assembly,(도번직결),도번직하위,
ADM73210511,AJR76462725,Tube Assembly,(도번직결),도번직하위,
ADM73210511,AJR76462726,Tube Assembly,(도번직결),도번직하위,
ADM73210511,AJR76462903,Tube Assembly,(도번직결),도번직하위,
ADM73210511,MAZ67466101,Bracket,(도번직결),도번직하위,
ADM73210511,MAZ67567501,Bracket,(도번직결),도번직하위,
ADM73210511,MAZ67651701,Bracket,(도번직결),도번직하위,
ADM73210511,MDE61010802,"Exchanger,Plate",(도번직결),도번직하위,
ADM73210511,MEG66660103,"Holder,Tubing",(도번직결),도번직하위,
ADM73210511,MEV63370715,Insulator,(도번직결),도번직하위,
ADM73210511,MEV63370716,Insulator,(도번직결),도번직하위,
ADM73210511,MEV63370718,Insulator,(도번직결),도번직하위,
ADM73210511,MEV63370719,Insulator,(도번직결),도번직하위,
ADM73210511,MEV67693217,Insulator,(도번직결),도번직하위,
ADM73210511,MEV67693218,Insulator,(도번직결),도번직하위,
ADM73210511,MEV67693219,Insulator,(도번직결),도번직하위,
ADM73210511,MEV67693220,Insulator,(도번직결),도번직하위,
ADM73210511,MEV67693221,Insulator,(도번직결),도번직하위,
ADM73210512,ADM73210510,Exchanger Assembly,(도번직결),도번직하위,
ADM73210512,AJR76462903,Tube Assembly,(도번직결),도번직하위,
ADM73210515,1NHA1001206,"Nut,Common",(도번직결),도번직하위,
ADM73210515,3H01582A,Tie,AJR76462903,자동매핑,
ADM73210515,AJR76462634,Tube Assembly,(도번직결),도번직하위,
ADM73210515,AJR76462735,Tube Assembly,(도번직결),도번직하위,
ADM73210515,AJR76462736,Tube Assembly,(도번직결),도번직하위,
ADM73210515,AJR76462903,Tube Assembly,(도번직결),도번직하위,
ADM73210515,MAZ67567501,Bracket,(도번직결),도번직하위,
ADM73210515,MAZ67702101,Bracket,(도번직결),도번직하위,
ADM73210515,MBL65458001,Cap,(도번직결),도번직하위,
ADM73210515,MCQ67968901,"Damper,Vent",(도번직결),도번직하위,
ADM73210515,MCQ70815801,"Damper,Vent",(도번직결),도번직하위,
ADM73210515,MDE62563301,"Exchanger,Plate",(도번직결),도번직하위,
ADM73210515,MEG66660103,"Holder,Tubing",(도번직결),도번직하위,
ADM73210515,MEV63370703,Insulator,(도번직결),도번직하위,
ADM73210515,MEV63370704,Insulator,(도번직결),도번직하위,
ADM73210515,MEV63370709,Insulator,(도번직결),도번직하위,
ADM73210515,MEV63370730,Insulator,(도번직결),도번직하위,
ADM73210515,MEV67693217,Insulator,(도번직결),도번직하위,
ADM73210515,MEV67693218,Insulator,(도번직결),도번직하위,
ADM73210515,MEV67693220,Insulator,(도번직결),도번직하위,
ADM73210515,MEV67693221,Insulator,(도번직결),도번직하위,
ADM73210515,MJX62731401,"Valve,Check",(도번직결),도번직하위,
ADM73210515,RAC30599328,Solder Soldering,AJR76462903,자동매핑,
ADM73210516,ADM73210510,Exchanger Assembly,(도번직결),도번직하위,
ADM73210516,AJR76462903,Tube Assembly,(도번직결),도번직하위,
ADM73210516,MBL68783301,Cap,(도번직결),도번직하위,
ADM74930502,1NHA1001206,"Nut,Common",(도번직결),도번직하위,
ADM74930502,3H01582A,Tie,(도번직결),도번직하위,
ADM74930502,3H01582E,Tie,(도번직결),도번직하위,
ADM74930502,AJR76462605,Tube Assembly,(도번직결),도번직하위,
ADM74930502,AJR76462611,Tube Assembly,(도번직결),도번직하위,
ADM74930502,AJR76462708,Tube Assembly,(도번직결),도번직하위,
ADM74930502,AJR76462709,Tube Assembly,(도번직결),도번직하위,
ADM74930502,EBD62586405,"Sensor,Flow",(도번직결),도번직하위,
ADM74930502,MAZ66263602,Bracket,(도번직결),도번직하위,
ADM74930502,MAZ67466101,Bracket,(도번직결),도번직하위,
ADM74930502,MDE61010803,"Exchanger,Plate",(도번직결),도번직하위,
ADM74930502,MEG66660103,"Holder,Tubing",(도번직결),도번직하위,
ADM74930502,MEG66660107,"Holder,Tubing",(도번직결),도번직하위,
ADM74930502,MEV63370715,Insulator,(도번직결),도번직하위,
ADM74930502,MEV63370716,Insulator,(도번직결),도번직하위,
ADM74930502,MEV63370717,Insulator,(도번직결),도번직하위,
ADM74930502,MEV63370719,Insulator,(도번직결),도번직하위,
ADM74930502,MEV67693206,Insulator,(도번직결),도번직하위,
ADM74930502,MEV67693207,Insulator,(도번직결),도번직하위,
ADM74930502,MEV67693208,Insulator,(도번직결),도번직하위,
ADM74930502,MEV67693209,Insulator,(도번직결),도번직하위,
ADM74930502,MEV67693212,Insulator,(도번직결),도번직하위,
ADM74930507,1NHA1001206,"Nut,Common",(도번직결),도번직하위,
ADM74930507,3H01582A,Tie,AJR76462903,자동매핑,
ADM74930507,AJR76462625,Tube Assembly,(도번직결),도번직하위,
ADM74930507,AJR76462626,Tube Assembly,(도번직결),도번직하위,
ADM74930507,AJR76462725,Tube Assembly,(도번직결),도번직하위,
ADM74930507,AJR76462726,Tube Assembly,(도번직결),도번직하위,
ADM74930507,AJR76462903,Tube Assembly,(도번직결),도번직하위,
ADM74930507,MAZ67466101,Bracket,(도번직결),도번직하위,
ADM74930507,MAZ67567501,Bracket,(도번직결),도번직하위,
ADM74930507,MAZ67651701,Bracket,(도번직결),도번직하위,
ADM74930507,MDE61010803,"Exchanger,Plate",(도번직결),도번직하위,
ADM74930507,MEG66660103,"Holder,Tubing",(도번직결),도번직하위,
ADM74930507,MEV63370715,Insulator,(도번직결),도번직하위,
ADM74930507,MEV63370716,Insulator,(도번직결),도번직하위,
ADM74930507,MEV63370717,Insulator,(도번직결),도번직하위,
ADM74930507,MEV63370719,Insulator,(도번직결),도번직하위,
ADM74930507,MEV67693217,Insulator,(도번직결),도번직하위,
ADM74930507,MEV67693218,Insulator,(도번직결),도번직하위,
ADM74930507,MEV67693219,Insulator,(도번직결),도번직하위,
ADM74930507,MEV67693220,Insulator,(도번직결),도번직하위,
ADM74930507,MEV67693221,Insulator,(도번직결),도번직하위,
ADM74930508,ADM74930506,Exchanger Assembly,(도번직결),도번직하위,
ADM74930508,AJR76462903,Tube Assembly,(도번직결),도번직하위,
ADM74930511,1NHA1001206,"Nut,Common",(도번직결),도번직하위,
ADM74930511,3H01582A,Tie,AJR76462903,자동매핑,
ADM74930511,AJR76462625,Tube Assembly,(도번직결),도번직하위,
ADM74930511,AJR76462634,Tube Assembly,(도번직결),도번직하위,
ADM74930511,AJR76462735,Tube Assembly,(도번직결),도번직하위,
ADM74930511,AJR76462736,Tube Assembly,(도번직결),도번직하위,
ADM74930511,AJR76462903,Tube Assembly,(도번직결),도번직하위,
ADM74930511,MAZ67567501,Bracket,(도번직결),도번직하위,
ADM74930511,MAZ67702101,Bracket,(도번직결),도번직하위,
ADM74930511,MBL65458001,Cap,AJR76462625,자동매핑,
ADM74930511,MCQ67968901,"Damper,Vent",(도번직결),도번직하위,
ADM74930511,MCQ70815801,"Damper,Vent",(도번직결),도번직하위,
ADM74930511,MDE62563302,"Exchanger,Plate",(도번직결),도번직하위,
ADM74930511,MEG66660103,"Holder,Tubing",(도번직결),도번직하위,
ADM74930511,MEV63370703,Insulator,(도번직결),도번직하위,
ADM74930511,MEV63370704,Insulator,(도번직결),도번직하위,
ADM74930511,MEV63370709,Insulator,(도번직결),도번직하위,
ADM74930511,MEV63370729,Insulator,(도번직결),도번직하위,
ADM74930511,MEV67693217,Insulator,(도번직결),도번직하위,
ADM74930511,MEV67693218,Insulator,(도번직결),도번직하위,
ADM74930511,MEV67693220,Insulator,(도번직결),도번직하위,
ADM74930511,MEV67693221,Insulator,(도번직결),도번직하위,
ADM74930511,MJX62731401,"Valve,Check",AJR76462625,자동매핑,
ADM74930511,RAC30599328,Solder Soldering,AJR76462903,자동매핑,
AEG74589804,AJR55829111,Tube Assembly,(도번직결),도번직하위,
AEG74589804,MBN57032311,Case,AEG74589804-가온,자동매핑,
AEG74589804,MDM63461307,Flange,AEG74589804-가온,자동매핑,
AEG74589804,MEE64065103,"Heater,Electric",AEG74589804-가온,자동매핑,
AEG74589804,MJM63824702,Tank,AEG74589804-가온,자동매핑,
AEG74589804,MJU66530301,"Tube,Connector",AEG74589804-가온,자동매핑,
AFY74109506,MFS62323001,Muffler,(도번직결),도번직하위,
AFY74109506,MJU65146102,"Tube,Connector",(도번직결),도번직하위,
AFY74109506,MJU66146122,"Tube,Connector",(도번직결),도번직하위,
AFY74209501,4930A20053B,"Holder,Sensor",(도번직결),도번직하위,
AFY74209501,5210A22409B,"Tube,Connector",(도번직결),도번직하위,
AFY74209501,MFS62323001,Muffler,(도번직결),도번직하위,
AFY74209501,MJU61865215,"Tube,Connector",(도번직결),도번직하위,
AFY74209501,MJU62916401,"Tube,Connector",(도번직결),도번직하위,
AGF04226601,AGG00416301,"Packing Assembly,C/SKD",(도번직결),도번직하위,
AGF04226601,AJR30120801,"Tube Assembly,Manifold(I",(도번직결),도번직하위,
AGF04226602,AGG00416302,"Packing Assembly,C/SKD",(도번직결),도번직하위,
AGF04226602,AJR30120401,"Tube Assembly,Manifold(O",(도번직결),도번직하위,
AGF30024008,AGG00399402,"Packing Assembly,C/SKD",(도번직결),도번직하위,
AGF30024008,MHH62041504,"Separator,Oil",(도번직결),도번직하위,
AGF30058402,AAB32861207,Accumulator Assembly,(도번직결),도번직하위,
AGF30058402,AGF30058502,"Accumulator Assembly,C/S",(도번직결),도번직하위,
AGF30058403,AAB35754002,Accumulator Assembly,(도번직결),도번직하위,
AGF30058403,AGF30058503,"Packing Assembly,C/SKD",(도번직결),도번직하위,
AGF30058404,AGF30058504,"Accumulator,C/SKD PKG",(도번직결),도번직하위,
AGF30058404,MAA63804601,Accumulator,(도번직결),도번직하위,
AGF30058407,5998A20002L,"Separator,Oil",(도번직결),도번직하위,
AGF30058407,AGF30058505,"Separator,Oil,C/SKD PKG",(도번직결),도번직하위,
AGF30444802,5210A21458T,Accumulator,(도번직결),도번직하위,
AGF30444802,AGF30444701,"Accumulator,C/SKD PKG",(도번직결),도번직하위,
AGF30444804,4848A20005L,Accumulator,(도번직결),도번직하위,
AGF30444804,AGF30444703,"Accumulator,C/SKD PKG",(도번직결),도번직하위,
AGR30801601,3H03659Q,Strainer,AGR30801601-AL-1,자동매핑,
AGR30801601,5410A20111N,"Damper,Butyl",(도번직결),도번직하위,
AGR30801601,EAP00689102,"Coil Module,Gear Expansi",(도번직결),도번직하위,
AGR30801601,MJU00800301,"Tube,Evaporator",AGR30801601-AL-1,자동매핑,
AGR30801601,MJU62770538,"Tube,Suction",AGR30801601-AL-1,자동매핑,
AGR30801601,MJU62791728,"Tube,Discharge",(도번직결),도번직하위,
AGR30801601,MJX30151802,"Valve,Gear Expansion",(도번직결),도번직하위,
AGR30801602,3H03659Q,Strainer,AGR30801602-AL-1,자동매핑,
AGR30801602,5410A20111N,"Damper,Butyl",(도번직결),도번직하위,
AGR30801602,EAP00689102,"Coil Module,Gear Expansi",(도번직결),도번직하위,
AGR30801602,MJU00800301,"Tube,Evaporator",AGR30801602-AL-1,자동매핑,
AGR30801602,MJU62770540,"Tube,Suction",AGR30801602-AL-1,자동매핑,
AGR30801602,MJU62791731,"Tube,Discharge",(도번직결),도번직하위,
AGR30801602,MJX30151802,"Valve,Gear Expansion",(도번직결),도번직하위,
AHQ37048810,5210A22526C,"Tube,Capillary Bending",(도번직결),도번직하위,
AHQ37048810,5224A20005M,Strainer,(도번직결),도번직하위,
AHQ37048810,EBD60663824,"Sensor,Pressure",(도번직결),도번직하위,
AHQ37048810,EBF40271404,"Switch,Pressure",(도번직결),도번직하위,
AHQ37048810,MHH42801401,"Separator,Oil",(도번직결),도번직하위,
AHQ37048810,MJU42960002,"Tube,Connector",(도번직결),도번직하위,
AHQ37048810,MJU42960102,"Tube,Connector",(도번직결),도번직하위,
AHQ37048810,MJU61920103,"Tube,Connector",(도번직결),도번직하위,
AHQ37048810,MJU62987402,"Tube,Connector",(도번직결),도번직하위,
AHQ73469301,3H01582E,Tie,AHQ73469301-4-1,자동매핑,
AHQ73469301,5014A20009A,"Damper,Tube",AHQ73469301-4-1,자동매핑,
AHQ73469301,5210A22409A,"Tube,Connector",AHQ73469301-4-1,자동매핑,
AHQ73469301,5998A20002Q,"Separator,Oil",(도번직결),도번직하위,
AHQ73469301,MJU66928201,"Tube,Connector",(도번직결),도번직하위,
AHQ73469301,MJU66928207,"Tube,Connector",AHQ73469301-16-1,자동매핑,
AHQ73469301,MJU66928208,"Tube,Connector",AHQ73469301-4-1,자동매핑,
AHQ73469301,MJU66928209,"Tube,Connector",AHQ73469301-16-1,자동매핑,
AHQ73469301,MJX62771702,"Valve,Check",AHQ73469301-16-1,자동매핑,
AJJ30041801,4H00006A,"Screw,Customized",AJJ30041801-SUB,자동매핑,
AJJ30041801,5210A23089D,"Tube,Pinch Off",(도번직결),도번직하위,
AJJ30041801,MJH57203812,Supporter,AJJ30041801-SUB,자동매핑,
AJJ30041801,MJH62997402,Supporter,AJJ30041801-SUB,자동매핑,
AJJ30041801,MJU00777404,"Tube,Connector",(도번직결),도번직하위,
AJJ30041801,MJU00777405,"Tube,Connector",(도번직결),도번직하위,
AJJ30041801,MJU00814201,"Tube,Connector",(도번직결),도번직하위,
AJJ30041801,MJX65110201,"Valve,Service",AJJ30041801-SUB,자동매핑,
AJJ30041801,MJX65110401,"Valve,Service",AJJ30041801-SUB,자동매핑,
AJJ30041801,MJX65117203,"Valve,Service",AJJ30041801-SUB,자동매핑,
AJJ30041802,4H00006A,"Screw,Customized",AJJ30041802-SUB,자동매핑,
AJJ30041802,5210A23089D,"Tube,Pinch Off",(도번직결),도번직하위,
AJJ30041802,FAB30166601,"Screw,Taptite",AJJ30041802-SUB,자동매핑,
AJJ30041802,MAZ67090901,Bracket,AJJ30041802-SUB,자동매핑,
AJJ30041802,MJH57203812,Supporter,AJJ30041802-SUB,자동매핑,
AJJ30041802,MJU00777401,"Tube,Connector",(도번직결),도번직하위,
AJJ30041802,MJU00777402,"Tube,Connector",(도번직결),도번직하위,
AJJ30041802,MJU00777406,"Tube,Connector",(도번직결),도번직하위,
AJJ30041802,MJX65110301,"Valve,Service",AJJ30041802-SUB,자동매핑,
AJJ30041802,MJX65117202,"Valve,Service",AJJ30041802-SUB,자동매핑,
AJJ30041802,MJX65117203,"Valve,Service",AJJ30041802-SUB,자동매핑,
AJJ30041901,4H00006A,"Screw,Customized",AJJ30041901-SUB,자동매핑,
AJJ30041901,5210A23089D,"Tube,Pinch Off",(도번직결),도번직하위,
AJJ30041901,MAZ65373401,Bracket,AJJ30041901-SUB,자동매핑,
AJJ30041901,MJH57203812,Supporter,AJJ30041901-SUB,자동매핑,
AJJ30041901,MJU00777405,"Tube,Connector",(도번직결),도번직하위,
AJJ30041901,MJU00814201,"Tube,Connector",(도번직결),도번직하위,
AJJ30041901,MJX62792301,"Valve,Service",AJJ30041901-SUB,자동매핑,
AJJ30041901,MJX65110201,"Valve,Service",AJJ30041901-SUB,자동매핑,
AJJ30041901,MJX65117203,"Valve,Service",AJJ30041901-SUB,자동매핑,
AJJ30041902,4H00006A,"Screw,Customized",AJJ30041902-SUB,자동매핑,
AJJ30041902,5210A23089D,"Tube,Pinch Off",(도번직결),도번직하위,
AJJ30041902,MAZ65373401,Bracket,AJJ30041902-SUB,자동매핑,
AJJ30041902,MJH57203812,Supporter,AJJ30041902-SUB,자동매핑,
AJJ30041902,MJU00777402,"Tube,Connector",(도번직결),도번직하위,
AJJ30041902,MJU00777406,"Tube,Connector",(도번직결),도번직하위,
AJJ30041902,MJX62792301,"Valve,Service",AJJ30041902-SUB,자동매핑,
AJJ30041902,MJX65110301,"Valve,Service",AJJ30041902-SUB,자동매핑,
AJJ30041902,MJX65117203,"Valve,Service",AJJ30041902-SUB,자동매핑,
AJJ32486326,3H01582C,Tie,(도번직결),도번직하위,
AJJ32486326,5410A20111T,"Damper,Butyl",(도번직결),도번직하위,
AJJ32486326,AJJ32486325,Supporter Assembly,(도번직결),도번직하위,
AJJ32486326,AJR73968603,"Tube Assembly,Condenser(",(도번직결),도번직하위,
AJJ32486326,EAP62349703,"Coil,Expansion",(도번직결),도번직하위,
AJJ32486326,EAP62349704,"Coil,Expansion",(도번직결),도번직하위,
AJJ32486326,EAP62349706,"Coil,Expansion",(도번직결),도번직하위,
AJJ73040808,4H00006A,"Screw,Customized",AJJ73040808-S3-1,자동매핑,
AJJ73040808,5220A90013B,"Valve,Expansion Body",(도번직결),도번직하위,
AJJ73040808,MCK62216130,Cover,AJJ73040808-S3-1,자동매핑,
AJJ73040808,MJU63319605,"Tube,Connector",(도번직결),도번직하위,
AJJ73040808,MJU63406903,"Tube,Connector",(도번직결),도번직하위,
AJJ73040808,MJX62451602,"Valve,Service",AJJ73040808-S3-1,자동매핑,
AJJ73040808,MJX62472202,"Valve,Service",AJJ73040808-S3-1,자동매핑,
AJJ73040819,4H00006A,"Screw,Customized",AJJ73040819-S3-1,자동매핑,
AJJ73040819,5220A90013J,"Valve,Expansion Body",(도번직결),도번직하위,
AJJ73040819,MCK62216130,Cover,AJJ73040819-S3-1,자동매핑,
AJJ73040819,MJU63319605,"Tube,Connector",(도번직결),도번직하위,
AJJ73040819,MJU63406921,"Tube,Connector",(도번직결),도번직하위,
AJJ73040819,MJX62451602,"Valve,Service",AJJ73040819-S3-1,자동매핑,
AJJ73040819,MJX62472202,"Valve,Service",AJJ73040819-S3-1,자동매핑,
AJJ73898621,AJJ73898601,Supporter Assembly,(도번직결),도번직하위,
AJJ73898621,AJR52737625,"Tube Assembly,Suction(Ou",(도번직결),도번직하위,
AJJ73898621,AJR73968602,"Tube Assembly,Condenser(",(도번직결),도번직하위,
AJJ73898621,EAP62666302,"Coil,Expansion",(도번직결),도번직하위,
AJJ73898621,EAP62666305,"Coil,Expansion",(도번직결),도번직하위,
AJJ73898629,AJJ73898628,Supporter Assembly,(도번직결),도번직하위,
AJJ73898629,AJR52737635,"Tube Assembly,Suction(Ou",(도번직결),도번직하위,
AJJ73898629,AJR73968605,"Tube Assembly,Condenser(",(도번직결),도번직하위,
AJJ73898629,EAP62666305,"Coil,Expansion",(도번직결),도번직하위,
AJJ74578304,3H03659C,Strainer,AJJ74578304-3-1,자동매핑,
AJJ74578304,3H03659N,Strainer,AJJ74578304-3-2,자동매핑,
AJJ74578304,4H00006A,"Screw,Customized",AJJ74578304-SUB,자동매핑,
AJJ74578304,5220A90013B,"Valve,Expansion Body",(도번직결),도번직하위,
AJJ74578304,EAP30616906,"Coil,Expansion",(도번직결),도번직하위,
AJJ74578304,MCK62216130,Cover,AJJ74578304-SUB,자동매핑,
AJJ74578304,MEV39836107,Insulator,(도번직결),도번직하위,
AJJ74578304,MEV40846907,"Insulator,Felt",(도번직결),도번직하위,
AJJ74578304,MJU64226601,"Tube,Connector",AJJ74578304-3-1,자동매핑,
AJJ74578304,MJU64226602,"Tube,Connector",AJJ74578304-3-2,자동매핑,
AJJ74578304,MJU64226603,"Tube,Connector",AJJ74578304-3-2,자동매핑,
AJJ74578304,MJX62472202,"Valve,Service",AJJ74578304-SUB,자동매핑,
AJJ74578304,MJX65117103,"Valve,Service",AJJ74578304-SUB,자동매핑,
AJJ74578325,4H00006A,"Screw,Customized",AJJ74578325-SUB,자동매핑,
AJJ74578325,5220A90013J,"Valve,Expansion Body",(도번직결),도번직하위,
AJJ74578325,5224A20005G,Strainer,(도번직결),도번직하위,
AJJ74578325,EAP65270708,"Coil Module,Expansion",EAP63107103-유,자동매핑,
AJJ74578325,MCK62216130,Cover,AJJ74578325-SUB,자동매핑,
AJJ74578325,MEV39836107,Insulator,EAP63107103-유,자동매핑,
AJJ74578325,MJU63406931,"Tube,Connector",(도번직결),도번직하위,
AJJ74578325,MJU63406932,"Tube,Connector",(도번직결),도번직하위,
AJJ74578325,MJU64226602,"Tube,Connector",(도번직결),도번직하위,
AJJ74578325,MJX62472202,"Valve,Service",AJJ74578325-SUB,자동매핑,
AJJ74578325,MJX65117103,"Valve,Service",AJJ74578325-SUB,자동매핑,
AJJ75178301,5410A20111T,"Damper,Butyl",(도번직결),도번직하위,
AJJ75178301,7250AR7015Q,"Damper,Butyl",(도번직결),도번직하위,
AJJ75178301,AJJ73898601,Supporter Assembly,(도번직결),도번직하위,
AJJ75178301,AJR75662801,"Tube Assembly,Condenser(",(도번직결),도번직하위,
AJJ75178301,EAP62666310,"Coil,Expansion",(도번직결),도번직하위,
AJJ75178301,EAP62666311,"Coil,Expansion",(도번직결),도번직하위,
AJJ75318301,3H03659M,Strainer,(도번직결),도번직하위,
AJJ75318301,4830AG4043B,Bush,(도번직결),도번직하위,
AJJ75318301,4930A20053B,"Holder,Sensor",(도번직결),도번직하위,
AJJ75318301,4H00006A,"Screw,Customized",AJJ75318301-SUB,자동매핑,
AJJ75318301,5014A20009A,"Damper,Tube",(도번직결),도번직하위,
AJJ75318301,5210A22409B,"Tube,Connector",AJJ75318301-1-1,자동매핑,
AJJ75318301,EBD60663822,"Sensor,Pressure",AJJ75318301-S2-2,자동매핑,
AJJ75318301,MCK69410201,Cover,AJJ75318301-SUB,자동매핑,
AJJ75318301,MEV39836107,Insulator,(도번직결),도번직하위,
AJJ75318301,MJU64287701,"Tube,Connector",AJJ75318301-S2-2,자동매핑,
AJJ75318301,MJU64988401,"Tube,Connector",AJJ75318301-1-1,자동매핑,
AJJ75318301,MJU64988801,"Tube,Connector",AJJ75318301-S2-2,자동매핑,
AJJ75318301,MJX65117002,"Valve,Service",AJJ75318301-SUB,자동매핑,
AJJ75358401,5410A20111T,"Damper,Butyl",(도번직결),도번직하위,
AJJ75358401,7250AR7015Q,"Damper,Butyl",(도번직결),도번직하위,
AJJ75358401,AJR74803512,"Tube Assembly,Condenser(",(도번직결),도번직하위,
AJJ75358401,AJR75744119,"Tube Assembly,Suction(Ou",(도번직결),도번직하위,
AJJ75358401,EAP65270719,"Coil Module,Expansion",(도번직결),도번직하위,
AJJ75358401,EAP65270720,"Coil Module,Expansion",(도번직결),도번직하위,
AJJ75358404,3H01582A,Tie,(도번직결),도번직하위,
AJJ75358404,4H00363M,"Damper,Tube",(도번직결),도번직하위,
AJJ75358404,5410A20111T,"Damper,Butyl",(도번직결),도번직하위,
AJJ75358404,7250AR7015Q,"Damper,Butyl",(도번직결),도번직하위,
AJJ75358404,AJR74803512,"Tube Assembly,Condenser(",(도번직결),도번직하위,
AJJ75358404,AJR75744106,"Tube Assembly,Suction(Ou",(도번직결),도번직하위,
AJJ75358404,EAP65270719,"Coil Module,Expansion",(도번직결),도번직하위,
AJJ75358404,EAP65270720,"Coil Module,Expansion",(도번직결),도번직하위,
AJJ75358421,3H01582E,Tie,(도번직결),도번직하위,
AJJ75358421,7250AR7015Q,"Damper,Butyl",(도번직결),도번직하위,
AJJ75358421,AJJ73898637,Supporter Assembly,(도번직결),도번직하위,
AJJ75358421,AJR74803520,"Tube Assembly,Condenser(",(도번직결),도번직하위,
AJJ75358421,AJR75744119,"Tube Assembly,Suction(Ou",(도번직결),도번직하위,
AJJ75358421,MCQ70787001,"Damper,Rubber",(도번직결),도번직하위,
AJJ75358423,5410A20111T,"Damper,Butyl",(도번직결),도번직하위,
AJJ75358423,7250AR7015Q,"Damper,Butyl",(도번직결),도번직하위,
AJJ75358423,AJJ73898636,Supporter Assembly,(도번직결),도번직하위,
AJJ75358423,AJR74803519,"Tube Assembly,Condenser(",(도번직결),도번직하위,
AJJ75358423,AJR75744119,"Tube Assembly,Suction(Ou",(도번직결),도번직하위,
AJJ75358423,EAP63107138,"Coil,Expansion",(도번직결),도번직하위,
AJJ75358423,EAP63107139,"Coil,Expansion",(도번직결),도번직하위,
AJJ75358425,3H01582E,Tie,(도번직결),도번직하위,
AJJ75358425,5006AR7236C,"Nut,Customized",(도번직결),도번직하위,
AJJ75358425,7250AR7015Q,"Damper,Butyl",(도번직결),도번직하위,
AJJ75358425,AJR74803521,"Tube Assembly,Condenser(",(도번직결),도번직하위,
AJJ75358425,AJR75744106,"Tube Assembly,Suction(Ou",(도번직결),도번직하위,
AJJ75358425,EAP65270719,"Coil Module,Expansion",(도번직결),도번직하위,
AJJ75358425,EAP65270720,"Coil Module,Expansion",(도번직결),도번직하위,
AJJ75358425,MCQ70787001,"Damper,Rubber",(도번직결),도번직하위,
AJJ75358426,3H01582E,Tie,(도번직결),도번직하위,
AJJ75358426,5006AR7236C,"Nut,Customized",(도번직결),도번직하위,
AJJ75358426,7250AR7015Q,"Damper,Butyl",(도번직결),도번직하위,
AJJ75358426,AJR74803522,"Tube Assembly,Condenser(",(도번직결),도번직하위,
AJJ75358426,AJR75744125,"Tube Assembly,Suction(Ou",(도번직결),도번직하위,
AJJ75358426,MCQ70787001,"Damper,Rubber",(도번직결),도번직하위,
AJJ75358427,5006AR7236C,"Nut,Customized",(도번직결),도번직하위,
AJJ75358427,5410A20111T,"Damper,Butyl",(도번직결),도번직하위,
AJJ75358427,7250AR7015Q,"Damper,Butyl",(도번직결),도번직하위,
AJJ75358427,AJR74803521,"Tube Assembly,Condenser(",(도번직결),도번직하위,
AJJ75358427,AJR75744106,"Tube Assembly,Suction(Ou",(도번직결),도번직하위,
AJJ75358427,EAP65270719,"Coil Module,Expansion",(도번직결),도번직하위,
AJJ75358427,EAP65270720,"Coil Module,Expansion",(도번직결),도번직하위,
AJJ75358428,5006AR7236C,"Nut,Customized",(도번직결),도번직하위,
AJJ75358428,5410A20111T,"Damper,Butyl",(도번직결),도번직하위,
AJJ75358428,7250AR7015Q,"Damper,Butyl",(도번직결),도번직하위,
AJJ75358428,AJR75744125,"Tube Assembly,Suction(Ou",(도번직결),도번직하위,
AJJ75358428,EAP65270719,"Coil Module,Expansion",(도번직결),도번직하위,
AJJ75358428,EAP65270720,"Coil Module,Expansion",(도번직결),도번직하위,
AJJ75358432,3H01582E,Tie,(도번직결),도번직하위,
AJJ75358432,5006AR7236C,"Nut,Customized",(도번직결),도번직하위,
AJJ75358432,7250AR7015Q,"Damper,Butyl",(도번직결),도번직하위,
AJJ75358432,AJJ73898630,Supporter Assembly,(도번직결),도번직하위,
AJJ75358432,AJR74803529,"Tube Assembly,Condenser(",(도번직결),도번직하위,
AJJ75358432,AJR75744106,"Tube Assembly,Suction(Ou",(도번직결),도번직하위,
AJJ75358432,EAP63771102,"Coil,Expansion",(도번직결),도번직하위,
AJJ75358432,EAP63771103,"Coil,Expansion",(도번직결),도번직하위,
AJJ75358432,MCQ70787001,"Damper,Rubber",(도번직결),도번직하위,
AJJ75358441,5006AR7236C,"Nut,Customized",(도번직결),도번직하위,
AJJ75358441,5410A20111T,"Damper,Butyl",(도번직결),도번직하위,
AJJ75358441,7250AR7015Q,"Damper,Butyl",(도번직결),도번직하위,
AJJ75358441,AJJ73898630,Supporter Assembly,(도번직결),도번직하위,
AJJ75358441,AJR74803542,"Tube Assembly,Condenser(",(도번직결),도번직하위,
AJJ75358441,EAP65270719,"Coil Module,Expansion",(도번직결),도번직하위,
AJJ75358441,EAP65270720,"Coil Module,Expansion",(도번직결),도번직하위,
AJJ75358444,5006AR7236C,"Nut,Customized",(도번직결),도번직하위,
AJJ75358444,5410A20111T,"Damper,Butyl",(도번직결),도번직하위,
AJJ75358444,7250AR7015Q,"Damper,Butyl",(도번직결),도번직하위,
AJJ75358444,AJJ73898647,Supporter Assembly,(도번직결),도번직하위,
AJJ75358444,AJR74803545,"Tube Assembly,Condenser(",(도번직결),도번직하위,
AJJ75358444,AJR75744143,"Tube Assembly,Suction(Ou",(도번직결),도번직하위,
AJJ75358444,EAP65270719,"Coil Module,Expansion",(도번직결),도번직하위,
AJJ75358444,EAP65270720,"Coil Module,Expansion",(도번직결),도번직하위,
AJJ75358446,5006AR7236C,"Nut,Customized",(도번직결),도번직하위,
AJJ75358446,5410A20111T,"Damper,Butyl",(도번직결),도번직하위,
AJJ75358446,7250AR7015Q,"Damper,Butyl",(도번직결),도번직하위,
AJJ75358446,AJJ73898650,Supporter Assembly,(도번직결),도번직하위,
AJJ75358446,AJR74803545,"Tube Assembly,Condenser(",(도번직결),도번직하위,
AJJ75358446,AJR75744143,"Tube Assembly,Suction(Ou",(도번직결),도번직하위,
AJJ75358446,EAP65270719,"Coil Module,Expansion",(도번직결),도번직하위,
AJJ75358446,EAP65270720,"Coil Module,Expansion",(도번직결),도번직하위,
AJJ75358447,5006AR7236C,"Nut,Customized",(도번직결),도번직하위,
AJJ75358447,5410A20111T,"Damper,Butyl",(도번직결),도번직하위,
AJJ75358447,7250AR7015Q,"Damper,Butyl",(도번직결),도번직하위,
AJJ75358447,AJJ73898650,Supporter Assembly,(도번직결),도번직하위,
AJJ75358447,AJR74803546,"Tube Assembly,Condenser(",(도번직결),도번직하위,
AJJ75358447,AJR75744143,"Tube Assembly,Suction(Ou",(도번직결),도번직하위,
AJJ75358447,EAP65285901,"Coil Module,Expansion",(도번직결),도번직하위,
AJJ75358447,EAP65285903,"Coil Module,Expansion",(도번직결),도번직하위,
AJJ75639402,1MPC0502018,"Screw,Machine",(도번직결),도번직하위,
AJJ75639402,5410A20111C,"Damper,Butyl",(도번직결),도번직하위,
AJJ75639402,6141A30003M,"Coil,Expansion",(도번직결),도번직하위,
AJJ75639402,6877A20052V,"Drawing,Assembly",(도번직결),도번직하위,
AJJ75639402,7250AR7015J,"Damper,Butyl",(도번직결),도번직하위,
AJJ75639402,7250AR7015Q,"Damper,Butyl",(도번직결),도번직하위,
AJJ75639402,AJR71429327,"Tube Assembly,Suction(Ou",(도번직결),도번직하위,
AJJ75639402,AJR71429415,"Tube Assembly,Reverse",(도번직결),도번직하위,
AJJ75639402,AJR71433309,"Tube Assembly,Expansion",(도번직결),도번직하위,
AJJ75639406,AJR71429331,"Tube Assembly,Suction(Ou",(도번직결),도번직하위,
AJJ75639406,AJR71429443,"Tube Assembly,Reverse",(도번직결),도번직하위,
AJJ75639406,AJR71433336,"Tube Assembly,Expansion",(도번직결),도번직하위,
AJJ75639408,7250AR7015Q,"Damper,Butyl",(도번직결),도번직하위,
AJJ75639408,AJJ74199001,Supporter Assembly,(도번직결),도번직하위,
AJJ75639408,AJR71429318,"Tube Assembly,Suction(Ou",(도번직결),도번직하위,
AJJ75639408,AJR71429439,"Tube Assembly,Reverse",(도번직결),도번직하위,
AJJ75698804,4H00006A,"Screw,Customized",AJJ75698804-SUB,자동매핑,
AJJ75698804,53402025,"Tape,Filament",(도번직결),도번직하위,
AJJ75698804,MJH57203819,Supporter,AJJ75698804-SUB,자동매핑,
AJJ75698804,MJH65994901,Supporter,AJJ75698804-SUB,자동매핑,
AJJ75698804,MJU00814216,"Tube,Connector",(도번직결),도번직하위,
AJJ75698804,MJX62572804,"Valve,Service",AJJ75698804-SUB,자동매핑,
AJJ75698804,MJX62572810,"Valve,Service",AJJ75698804-SUB,자동매핑,
AJJ75698806,4H00006A,"Screw,Customized",AJJ75698806-SUB,자동매핑,
AJJ75698806,5224A20005P,Strainer,(도번직결),도번직하위,
AJJ75698806,53402025,"Tape,Filament",(도번직결),도번직하위,
AJJ75698806,MJH57203819,Supporter,AJJ75698806-SUB,자동매핑,
AJJ75698806,MJH65994901,Supporter,AJJ75698806-SUB,자동매핑,
AJJ75698806,MJU00814216,"Tube,Connector",(도번직결),도번직하위,
AJJ75698806,MJU66466404,"Tube,Connector",(도번직결),도번직하위,
AJJ75698806,MJX62572804,"Valve,Service",AJJ75698806-SUB,자동매핑,
AJJ75698806,MJX62572810,"Valve,Service",AJJ75698806-SUB,자동매핑,
AJJ75838620,5006AR7236C,"Nut,Customized",(도번직결),도번직하위,
AJJ75838620,5410A20111T,"Damper,Butyl",(도번직결),도번직하위,
AJJ75838620,7250AR7015Q,"Damper,Butyl",(도번직결),도번직하위,
AJJ75838620,AJR74803542,"Tube Assembly,Condenser(",(도번직결),도번직하위,
AJJ75838620,AJR76442510,"Tube Assembly,Suction(Ou",(도번직결),도번직하위,
AJJ75838620,EAP65270719,"Coil Module,Expansion",(도번직결),도번직하위,
AJJ75838620,EAP65270720,"Coil Module,Expansion",(도번직결),도번직하위,
AJJ75838622,5006AR7236C,"Nut,Customized",(도번직결),도번직하위,
AJJ75838622,5410A20111T,"Damper,Butyl",(도번직결),도번직하위,
AJJ75838622,7250AR7015Q,"Damper,Butyl",(도번직결),도번직하위,
AJJ75838622,AJJ73898650,Supporter Assembly,(도번직결),도번직하위,
AJJ75838622,AJR74803545,"Tube Assembly,Condenser(",(도번직결),도번직하위,
AJJ75838622,AJR76442511,"Tube Assembly,Suction(Ou",(도번직결),도번직하위,
AJJ75838622,EAP65270719,"Coil Module,Expansion",(도번직결),도번직하위,
AJJ75838622,EAP65270720,"Coil Module,Expansion",(도번직결),도번직하위,
AJJ75838624,5006AR7236C,"Nut,Customized",(도번직결),도번직하위,
AJJ75838624,5410A20111T,"Damper,Butyl",(도번직결),도번직하위,
AJJ75838624,7250AR7015Q,"Damper,Butyl",(도번직결),도번직하위,
AJJ75838624,AJJ73898650,Supporter Assembly,(도번직결),도번직하위,
AJJ75838624,AJR74803546,"Tube Assembly,Condenser(",(도번직결),도번직하위,
AJJ75838624,AJR76442511,"Tube Assembly,Suction(Ou",(도번직결),도번직하위,
AJJ75838624,EAP65285901,"Coil Module,Expansion",(도번직결),도번직하위,
AJJ75838624,EAP65285903,"Coil Module,Expansion",(도번직결),도번직하위,
AJJ75838625,5006AR7236C,"Nut,Customized",(도번직결),도번직하위,
AJJ75838625,5410A20111T,"Damper,Butyl",(도번직결),도번직하위,
AJJ75838625,7250AR7015Q,"Damper,Butyl",(도번직결),도번직하위,
AJJ75838625,AJJ73898650,Supporter Assembly,(도번직결),도번직하위,
AJJ75838625,AJR74803547,"Tube Assembly,Condenser(",(도번직결),도번직하위,
AJJ75838625,AJR76442511,"Tube Assembly,Suction(Ou",(도번직결),도번직하위,
AJJ75838625,EAP65285904,"Coil Module,Expansion",(도번직결),도번직하위,
AJJ75838625,EAP65285905,"Coil Module,Expansion",(도번직결),도번직하위,
AJJ75918509,3H01582A,Tie,(도번직결),도번직하위,
AJJ75918509,4H00006A,"Screw,Customized",AJJ75918509-SUB,자동매핑,
AJJ75918509,5014A20009B,"Damper,Tube",(도번직결),도번직하위,
AJJ75918509,MJH64434001,Supporter,AJJ75918509-SUB,자동매핑,
AJJ75918509,MJX63932312,"Valve,Service",AJJ75918509-SUB,자동매핑,
AJJ75918509,MJX63932320,"Valve,Service",AJJ75918509-SUB,자동매핑,
AJJ75918512,4H00006A,"Screw,Customized",AJJ75918512-SUB,자동매핑,
AJJ75918512,5256A30002D,Muffler,AJJ75918512-R1-1,자동매핑,
AJJ75918512,7250AR7015Q,"Damper,Butyl",(도번직결),도번직하위,
AJJ75918512,MJH64434001,Supporter,AJJ75918512-SUB,자동매핑,
AJJ75918512,MJU64328315,"Tube,Connector",AJJ75918512-R1-1,자동매핑,
AJJ75918512,MJU64868528,"Tube,Connector",(도번직결),도번직하위,
AJJ75918512,MJX63932312,"Valve,Service",AJJ75918512-SUB,자동매핑,
AJJ76318301,4830AG4043B,Bush,(도번직결),도번직하위,
AJJ76318301,4H00006A,"Screw,Customized",AJJ76318301-SUB,자동매핑,
AJJ76318301,MCK62216134,Cover,AJJ76318301-SUB,자동매핑,
AJJ76318301,MFN62721713,Mesh,(도번직결),도번직하위,
AJJ76318301,MJU66366802,"Tube,Connector",(도번직결),도번직하위,
AJJ76318301,MJU66470001,"Tube,Connector",(도번직결),도번직하위,
AJJ76318301,MJX65117003,"Valve,Service",AJJ76318301-SUB,자동매핑,
AJJ76418701,4H00006A,"Screw,Customized",AJJ76418701-SUB,자동매핑,
AJJ76418701,5210A23089A,"Tube,Pinch Off",(도번직결),도번직하위,
AJJ76418701,MJH57203812,Supporter,AJJ76418701-SUB,자동매핑,
AJJ76418701,MJU00814202,"Tube,Connector",(도번직결),도번직하위,
AJJ76418701,MJU00814207,"Tube,Connector",(도번직결),도번직하위,
AJJ76418701,MJX65110001,"Valve,Service",AJJ76418701-SUB,자동매핑,
AJJ76418701,MJX65110401,"Valve,Service",AJJ76418701-SUB,자동매핑,
AJJ76418702,4H00006A,"Screw,Customized",AJJ76418702-SUB,자동매핑,
AJJ76418702,5210A23089A,"Tube,Pinch Off",(도번직결),도번직하위,
AJJ76418702,MJH57203812,Supporter,AJJ76418702-SUB,자동매핑,
AJJ76418702,MJU00814203,"Tube,Connector",(도번직결),도번직하위,
AJJ76418702,MJU00814207,"Tube,Connector",(도번직결),도번직하위,
AJJ76418702,MJX65110001,"Valve,Service",AJJ76418702-SUB,자동매핑,
AJJ76418702,MJX65117202,"Valve,Service",AJJ76418702-SUB,자동매핑,
AJJ76418703,4H00006A,"Screw,Customized",AJJ76418703-SUB,자동매핑,
AJJ76418703,5210A23089A,"Tube,Pinch Off",(도번직결),도번직하위,
AJJ76418703,MJH57203812,Supporter,AJJ76418703-SUB,자동매핑,
AJJ76418703,MJU00814201,"Tube,Connector",(도번직결),도번직하위,
AJJ76418703,MJU00814203,"Tube,Connector",(도번직결),도번직하위,
AJJ76418703,MJX65110201,"Valve,Service",AJJ76418703-SUB,자동매핑,
AJJ76418703,MJX65117203,"Valve,Service",AJJ76418703-SUB,자동매핑,
AJJ76418704,4H00006A,"Screw,Customized",AJJ76418704-SUB,자동매핑,
AJJ76418704,5210A23089D,"Tube,Pinch Off",(도번직결),도번직하위,
AJJ76418704,MJH57203812,Supporter,AJJ76418704-SUB,자동매핑,
AJJ76418704,MJU00814204,"Tube,Connector",(도번직결),도번직하위,
AJJ76418704,MJU00814208,"Tube,Connector",(도번직결),도번직하위,
AJJ76418704,MJX65110201,"Valve,Service",AJJ76418704-SUB,자동매핑,
AJJ76418704,MJX65117203,"Valve,Service",AJJ76418704-SUB,자동매핑,
AJJ76418705,4H00006A,"Screw,Customized",AJJ76418705-SUB,자동매핑,
AJJ76418705,5210A23089D,"Tube,Pinch Off",(도번직결),도번직하위,
AJJ76418705,MJH57203812,Supporter,AJJ76418705-SUB,자동매핑,
AJJ76418705,MJU00777402,"Tube,Connector",(도번직결),도번직하위,
AJJ76418705,MJU00777406,"Tube,Connector",(도번직결),도번직하위,
AJJ76418705,MJX65110301,"Valve,Service",AJJ76418705-SUB,자동매핑,
AJJ76418705,MJX65117203,"Valve,Service",AJJ76418705-SUB,자동매핑,
AJJ76418706,4H00006A,"Screw,Customized",AJJ76418706-SUB,자동매핑,
AJJ76418706,5210A23089D,"Tube,Pinch Off",(도번직결),도번직하위,
AJJ76418706,MJH57203812,Supporter,AJJ76418706-SUB,자동매핑,
AJJ76418706,MJU00777402,"Tube,Connector",(도번직결),도번직하위,
AJJ76418706,MJU00814208,"Tube,Connector",(도번직결),도번직하위,
AJJ76418706,MJX65110201,"Valve,Service",AJJ76418706-SUB,자동매핑,
AJJ76418706,MJX65117203,"Valve,Service",AJJ76418706-SUB,자동매핑,
AJJ76418707,4H00006A,"Screw,Customized",AJJ76418707-SUB,자동매핑,
AJJ76418707,5210A23089D,"Tube,Pinch Off",(도번직결),도번직하위,
AJJ76418707,MJH57203815,Supporter,AJJ76418707-SUB,자동매핑,
AJJ76418707,MJU00814205,"Tube,Connector",(도번직결),도번직하위,
AJJ76418707,MJU00814209,"Tube,Connector",(도번직결),도번직하위,
AJJ76418707,MJX63952001,"Valve,Service",AJJ76418707-SUB,자동매핑,
AJJ76418707,MJX65110401,"Valve,Service",AJJ76418707-SUB,자동매핑,
AJJ76418713,4H00006A,"Screw,Customized",(도번직결),도번직하위,
AJJ76418713,5210A23089D,"Tube,Pinch Off",AJJ76418713-S3-1,자동매핑,
AJJ76418713,MJH57203807,Supporter,(도번직결),도번직하위,
AJJ76418713,MJU66478103,"Tube,Connector",AJJ76418713-S3-1,자동매핑,
AJJ76418713,MJU66478203,"Tube,Connector",(도번직결),도번직하위,
AJJ76418714,4H00006A,"Screw,Customized",(도번직결),도번직하위,
AJJ76418714,5210A23089D,"Tube,Pinch Off",AJJ76418714-S3-1,자동매핑,
AJJ76418714,MJH57203807,Supporter,(도번직결),도번직하위,
AJJ76418714,MJU66478104,"Tube,Connector",AJJ76418714-S3-1,자동매핑,
AJJ76418714,MJU66478204,"Tube,Connector",(도번직결),도번직하위,
AJJ76418714,MJX65110301,"Valve,Service",(도번직결),도번직하위,
AJJ76418715,4H00006A,"Screw,Customized",(도번직결),도번직하위,
AJJ76418715,5210A23089A,"Tube,Pinch Off",AJJ76418715-S3-1,자동매핑,
AJJ76418715,MJH57203807,Supporter,(도번직결),도번직하위,
AJJ76418715,MJU66478101,"Tube,Connector",AJJ76418715-S3-1,자동매핑,
AJJ76418715,MJU66478201,"Tube,Connector",(도번직결),도번직하위,
AJJ76418715,MJX65110001,"Valve,Service",(도번직결),도번직하위,
AJJ76418715,MJX65110401,"Valve,Service",(도번직결),도번직하위,
AJJ76418716,4H00006A,"Screw,Customized",(도번직결),도번직하위,
AJJ76418716,5210A23089A,"Tube,Pinch Off",AJJ76418716-S3-1,자동매핑,
AJJ76418716,MJH57203807,Supporter,(도번직결),도번직하위,
AJJ76418716,MJU66478102,"Tube,Connector",AJJ76418716-S3-1,자동매핑,
AJJ76418716,MJU66478201,"Tube,Connector",(도번직결),도번직하위,
AJJ76418716,MJX65110001,"Valve,Service",(도번직결),도번직하위,
AJJ76418717,4H00006A,"Screw,Customized",(도번직결),도번직하위,
AJJ76418717,5210A23089A,"Tube,Pinch Off",AJJ76418717-S3-1,자동매핑,
AJJ76418717,MJH57203807,Supporter,(도번직결),도번직하위,
AJJ76418717,MJU66478102,"Tube,Connector",AJJ76418717-S3-1,자동매핑,
AJJ76418717,MJU66478202,"Tube,Connector",(도번직결),도번직하위,
AJJ76418718,4H00006A,"Screw,Customized",AJJ76418718-SUB,자동매핑,
AJJ76418718,5210A23089A,"Tube,Pinch Off",AJJ76418718-S3-1,자동매핑,
AJJ76418718,MJH57203812,Supporter,AJJ76418718-SUB,자동매핑,
AJJ76418718,MJU66478102,"Tube,Connector",AJJ76418718-S3-1,자동매핑,
AJJ76418718,MJU66478202,"Tube,Connector",(도번직결),도번직하위,
AJJ76418719,4H00006A,"Screw,Customized",AJJ76418719-SUB,자동매핑,
AJJ76418719,5210A23089D,"Tube,Pinch Off",AJJ76418719-S3-1,자동매핑,
AJJ76418719,MJH57203812,Supporter,AJJ76418719-SUB,자동매핑,
AJJ76418719,MJU66478104,"Tube,Connector",AJJ76418719-S3-1,자동매핑,
AJJ76418719,MJU66478204,"Tube,Connector",(도번직결),도번직하위,
AJJ76418719,MJX65110301,"Valve,Service",AJJ76418719-SUB,자동매핑,
AJJ76418720,4H00006A,"Screw,Customized",AJJ76418720-SUB,자동매핑,
AJJ76418720,5210A23089A,"Tube,Pinch Off",(도번직결),도번직하위,
AJJ76418720,MAZ65373401,Bracket,AJJ76418720-SUB,자동매핑,
AJJ76418720,MJH57203812,Supporter,AJJ76418720-SUB,자동매핑,
AJJ76418720,MJU00814202,"Tube,Connector",(도번직결),도번직하위,
AJJ76418720,MJU00814207,"Tube,Connector",(도번직결),도번직하위,
AJJ76418720,MJX62792301,"Valve,Service",AJJ76418720-SUB,자동매핑,
AJJ76418720,MJX65110001,"Valve,Service",AJJ76418720-SUB,자동매핑,
AJJ76418720,MJX65110401,"Valve,Service",AJJ76418720-SUB,자동매핑,
AJJ76418721,4H00006A,"Screw,Customized",AJJ76418721-SUB,자동매핑,
AJJ76418721,5210A23089A,"Tube,Pinch Off",(도번직결),도번직하위,
AJJ76418721,MAZ65373401,Bracket,AJJ76418721-SUB,자동매핑,
AJJ76418721,MJH57203812,Supporter,AJJ76418721-SUB,자동매핑,
AJJ76418721,MJU00814203,"Tube,Connector",(도번직결),도번직하위,
AJJ76418721,MJU00814207,"Tube,Connector",(도번직결),도번직하위,
AJJ76418721,MJX62792301,"Valve,Service",AJJ76418721-SUB,자동매핑,
AJJ76418721,MJX65110001,"Valve,Service",AJJ76418721-SUB,자동매핑,
AJJ76418721,MJX65117202,"Valve,Service",AJJ76418721-SUB,자동매핑,
AJJ76418722,4H00006A,"Screw,Customized",AJJ76418722-SUB,자동매핑,
AJJ76418722,5210A23089A,"Tube,Pinch Off",(도번직결),도번직하위,
AJJ76418722,MAZ65373401,Bracket,AJJ76418722-SUB,자동매핑,
AJJ76418722,MJH57203812,Supporter,AJJ76418722-SUB,자동매핑,
AJJ76418722,MJU00814201,"Tube,Connector",(도번직결),도번직하위,
AJJ76418722,MJU00814203,"Tube,Connector",(도번직결),도번직하위,
AJJ76418722,MJX62792301,"Valve,Service",AJJ76418722-SUB,자동매핑,
AJJ76418722,MJX65110201,"Valve,Service",AJJ76418722-SUB,자동매핑,
AJJ76418722,MJX65117203,"Valve,Service",AJJ76418722-SUB,자동매핑,
AJJ76418723,4H00006A,"Screw,Customized",AJJ76418723-SUB,자동매핑,
AJJ76418723,5210A23089D,"Tube,Pinch Off",(도번직결),도번직하위,
AJJ76418723,MAZ65373401,Bracket,AJJ76418723-SUB,자동매핑,
AJJ76418723,MJH57203812,Supporter,AJJ76418723-SUB,자동매핑,
AJJ76418723,MJU00814204,"Tube,Connector",(도번직결),도번직하위,
AJJ76418723,MJU00814208,"Tube,Connector",(도번직결),도번직하위,
AJJ76418723,MJX62792301,"Valve,Service",AJJ76418723-SUB,자동매핑,
AJJ76418723,MJX65110201,"Valve,Service",AJJ76418723-SUB,자동매핑,
AJJ76418723,MJX65117203,"Valve,Service",AJJ76418723-SUB,자동매핑,
AJJ76418724,4H00006A,"Screw,Customized",AJJ76418724-SUB,자동매핑,
AJJ76418724,5210A23089D,"Tube,Pinch Off",(도번직결),도번직하위,
AJJ76418724,MAZ65373401,Bracket,AJJ76418724-SUB,자동매핑,
AJJ76418724,MJH57203812,Supporter,AJJ76418724-SUB,자동매핑,
AJJ76418724,MJU66478204,"Tube,Connector",(도번직결),도번직하위,
AJJ76418724,MJX62792301,"Valve,Service",AJJ76418724-SUB,자동매핑,
AJJ76418724,MJX65110301,"Valve,Service",AJJ76418724-SUB,자동매핑,
AJJ76418724,MJX65117203,"Valve,Service",AJJ76418724-SUB,자동매핑,
AJJ76418725,4H00006A,"Screw,Customized",AJJ76418725-SUB,자동매핑,
AJJ76418725,5210A23089D,"Tube,Pinch Off",(도번직결),도번직하위,
AJJ76418725,MAZ65373401,Bracket,AJJ76418725-SUB,자동매핑,
AJJ76418725,MJH57203812,Supporter,AJJ76418725-SUB,자동매핑,
AJJ76418725,MJU00777402,"Tube,Connector",(도번직결),도번직하위,
AJJ76418725,MJU00814208,"Tube,Connector",(도번직결),도번직하위,
AJJ76418725,MJX62792301,"Valve,Service",AJJ76418725-SUB,자동매핑,
AJJ76418725,MJX65110201,"Valve,Service",AJJ76418725-SUB,자동매핑,
AJJ76418725,MJX65117203,"Valve,Service",AJJ76418725-SUB,자동매핑,
AJJ76418727,4H00006A,"Screw,Customized",AJJ76418727-SUB,자동매핑,
AJJ76418727,5210A23089D,"Tube,Pinch Off",(도번직결),도번직하위,
AJJ76418727,MAZ65373401,Bracket,AJJ76418727-SUB,자동매핑,
AJJ76418727,MJH57203812,Supporter,AJJ76418727-SUB,자동매핑,
AJJ76418727,MJU00814206,"Tube,Connector",(도번직결),도번직하위,
AJJ76418727,MJU00814207,"Tube,Connector",(도번직결),도번직하위,
AJJ76418727,MJX62792301,"Valve,Service",AJJ76418727-SUB,자동매핑,
AJJ76418727,MJX65110001,"Valve,Service",AJJ76418727-SUB,자동매핑,
AJJ76418727,MJX65110401,"Valve,Service",AJJ76418727-SUB,자동매핑,
AJJ76418728,4H00006A,"Screw,Customized",AJJ76418728-SUB,자동매핑,
AJJ76418728,5210A23089D,"Tube,Pinch Off",(도번직결),도번직하위,
AJJ76418728,MAZ65373401,Bracket,AJJ76418728-SUB,자동매핑,
AJJ76418728,MJH57203812,Supporter,AJJ76418728-SUB,자동매핑,
AJJ76418728,MJU00777405,"Tube,Connector",(도번직결),도번직하위,
AJJ76418728,MJU00814207,"Tube,Connector",(도번직결),도번직하위,
AJJ76418728,MJX62792301,"Valve,Service",AJJ76418728-SUB,자동매핑,
AJJ76418728,MJX65110001,"Valve,Service",AJJ76418728-SUB,자동매핑,
AJJ76418728,MJX65117202,"Valve,Service",AJJ76418728-SUB,자동매핑,
AJJ76418729,4H00006A,"Screw,Customized",AJJ76418729-SUB,자동매핑,
AJJ76418729,5210A23089D,"Tube,Pinch Off",(도번직결),도번직하위,
AJJ76418729,MAZ65373401,Bracket,AJJ76418729-SUB,자동매핑,
AJJ76418729,MJH57203812,Supporter,AJJ76418729-SUB,자동매핑,
AJJ76418729,MJU66478115,"Tube,Connector",(도번직결),도번직하위,
AJJ76418729,MJU66478202,"Tube,Connector",(도번직결),도번직하위,
AJJ76418729,MJX62792301,"Valve,Service",AJJ76418729-SUB,자동매핑,
AJJ76418729,MJX65110201,"Valve,Service",AJJ76418729-SUB,자동매핑,
AJJ76418729,MJX65117203,"Valve,Service",AJJ76418729-SUB,자동매핑,
AJJ76559001,4H00006A,"Screw,Customized",AJJ76559001-SUB,자동매핑,
AJJ76559001,5210A23089A,"Tube,Pinch Off",(도번직결),도번직하위,
AJJ76559001,MJH57203812,Supporter,AJJ76559001-SUB,자동매핑,
AJJ76559001,MJH62997402,Supporter,AJJ76559001-SUB,자동매핑,
AJJ76559001,MJU00777404,"Tube,Connector",(도번직결),도번직하위,
AJJ76559001,MJU00814202,"Tube,Connector",(도번직결),도번직하위,
AJJ76559001,MJU00814207,"Tube,Connector",(도번직결),도번직하위,
AJJ76559001,MJX65110001,"Valve,Service",AJJ76559001-SUB,자동매핑,
AJJ76559001,MJX65110401,"Valve,Service",AJJ76559001-SUB,자동매핑,
AJJ76559002,4H00006A,"Screw,Customized",AJJ76559002-SUB,자동매핑,
AJJ76559002,5210A23089A,"Tube,Pinch Off",(도번직결),도번직하위,
AJJ76559002,MJH57203812,Supporter,AJJ76559002-SUB,자동매핑,
AJJ76559002,MJH62997402,Supporter,AJJ76559002-SUB,자동매핑,
AJJ76559002,MJU00777404,"Tube,Connector",(도번직결),도번직하위,
AJJ76559002,MJU00814203,"Tube,Connector",(도번직결),도번직하위,
AJJ76559002,MJU00814207,"Tube,Connector",(도번직결),도번직하위,
AJJ76559002,MJX65110001,"Valve,Service",AJJ76559002-SUB,자동매핑,
AJJ76559002,MJX65110401,"Valve,Service",AJJ76559002-SUB,자동매핑,
AJJ76559002,MJX65117202,"Valve,Service",AJJ76559002-SUB,자동매핑,
AJJ76559003,4H00006A,"Screw,Customized",AJJ76559003-SUB,자동매핑,
AJJ76559003,5210A23089A,"Tube,Pinch Off",(도번직결),도번직하위,
AJJ76559003,MJH57203812,Supporter,AJJ76559003-SUB,자동매핑,
AJJ76559003,MJH62997402,Supporter,AJJ76559003-SUB,자동매핑,
AJJ76559003,MJU00777404,"Tube,Connector",(도번직결),도번직하위,
AJJ76559003,MJU00814201,"Tube,Connector",(도번직결),도번직하위,
AJJ76559003,MJU00814203,"Tube,Connector",(도번직결),도번직하위,
AJJ76559003,MJX65110201,"Valve,Service",AJJ76559003-SUB,자동매핑,
AJJ76559003,MJX65110401,"Valve,Service",AJJ76559003-SUB,자동매핑,
AJJ76559003,MJX65117203,"Valve,Service",AJJ76559003-SUB,자동매핑,
AJJ76559004,4H00006A,"Screw,Customized",AJJ76559004-SUB,자동매핑,
AJJ76559004,5210A23089D,"Tube,Pinch Off",(도번직결),도번직하위,
AJJ76559004,FAB30166601,"Screw,Taptite",AJJ76559004-SUB,자동매핑,
AJJ76559004,MAZ67090901,Bracket,AJJ76559004-SUB,자동매핑,
AJJ76559004,MJH57203812,Supporter,AJJ76559004-SUB,자동매핑,
AJJ76559004,MJU00814204,"Tube,Connector",(도번직결),도번직하위,
AJJ76559004,MJU00814208,"Tube,Connector",(도번직결),도번직하위,
AJJ76559004,MJU00814213,"Tube,Connector",(도번직결),도번직하위,
AJJ76559004,MJX65110201,"Valve,Service",AJJ76559004-SUB,자동매핑,
AJJ76559004,MJX65117202,"Valve,Service",AJJ76559004-SUB,자동매핑,
AJJ76559004,MJX65117203,"Valve,Service",AJJ76559004-SUB,자동매핑,
AJJ76559005,4H00006A,"Screw,Customized",AJJ76559005-SUB,자동매핑,
AJJ76559005,5210A23089D,"Tube,Pinch Off",(도번직결),도번직하위,
AJJ76559005,FAB30166601,"Screw,Taptite",AJJ76559005-SUB,자동매핑,
AJJ76559005,MAZ67090901,Bracket,AJJ76559005-SUB,자동매핑,
AJJ76559005,MJH57203812,Supporter,AJJ76559005-SUB,자동매핑,
AJJ76559005,MJU00777401,"Tube,Connector",(도번직결),도번직하위,
AJJ76559005,MJU00777402,"Tube,Connector",(도번직결),도번직하위,
AJJ76559005,MJU00814208,"Tube,Connector",(도번직결),도번직하위,
AJJ76559005,MJX65110201,"Valve,Service",AJJ76559005-SUB,자동매핑,
AJJ76559005,MJX65117202,"Valve,Service",AJJ76559005-SUB,자동매핑,
AJJ76559005,MJX65117203,"Valve,Service",AJJ76559005-SUB,자동매핑,
AJJ76559006,4H00006A,"Screw,Customized",AJJ76559006-SUB,자동매핑,
AJJ76559006,5210A23089D,"Tube,Pinch Off",(도번직결),도번직하위,
AJJ76559006,FAB30166601,"Screw,Taptite",AJJ76559006-SUB,자동매핑,
AJJ76559006,MAZ67090901,Bracket,AJJ76559006-SUB,자동매핑,
AJJ76559006,MJH57203812,Supporter,AJJ76559006-SUB,자동매핑,
AJJ76559006,MJU66478204,"Tube,Connector",(도번직결),도번직하위,
AJJ76559006,MJU66763702,"Tube,Connector",(도번직결),도번직하위,
AJJ76559006,MJX65110301,"Valve,Service",AJJ76559006-SUB,자동매핑,
AJJ76559006,MJX65117202,"Valve,Service",AJJ76559006-SUB,자동매핑,
AJJ76559006,MJX65117203,"Valve,Service",AJJ76559006-SUB,자동매핑,
AJJ76559007,4H00006A,"Screw,Customized",AJJ76559007-SUB,자동매핑,
AJJ76559007,5210A23089D,"Tube,Pinch Off",(도번직결),도번직하위,
AJJ76559007,FAB30166601,"Screw,Taptite",AJJ76559007-SUB,자동매핑,
AJJ76559007,MAZ67090901,Bracket,AJJ76559007-SUB,자동매핑,
AJJ76559007,MJH57203812,Supporter,AJJ76559007-SUB,자동매핑,
AJJ76559007,MJU00777401,"Tube,Connector",(도번직결),도번직하위,
AJJ76559007,MJU00777402,"Tube,Connector",(도번직결),도번직하위,
AJJ76559007,MJU00777406,"Tube,Connector",(도번직결),도번직하위,
AJJ76559007,MJX65110301,"Valve,Service",AJJ76559007-SUB,자동매핑,
AJJ76559007,MJX65117201,"Valve,Service",AJJ76559007-SUB,자동매핑,
AJJ76559007,MJX65117203,"Valve,Service",AJJ76559007-SUB,자동매핑,
AJJ76559008,4H00006A,"Screw,Customized",AJJ76559008-SUB,자동매핑,
AJJ76559008,5210A23089D,"Tube,Pinch Off",(도번직결),도번직하위,
AJJ76559008,FAB30166601,"Screw,Taptite",AJJ76559008-SUB,자동매핑,
AJJ76559008,MAZ67090901,Bracket,AJJ76559008-SUB,자동매핑,
AJJ76559008,MJH57203812,Supporter,AJJ76559008-SUB,자동매핑,
AJJ76559008,MJU00777406,"Tube,Connector",(도번직결),도번직하위,
AJJ76559008,MJU00814214,"Tube,Connector",(도번직결),도번직하위,
AJJ76559008,MJU66763801,"Tube,Connector",(도번직결),도번직하위,
AJJ76559008,MJX63952001,"Valve,Service",AJJ76559008-SUB,자동매핑,
AJJ76559008,MJX65110301,"Valve,Service",AJJ76559008-SUB,자동매핑,
AJJ76559008,MJX65117203,"Valve,Service",AJJ76559008-SUB,자동매핑,
AJJ76559009,4H00006A,"Screw,Customized",AJJ76559009-SUB,자동매핑,
AJJ76559009,5210A23089D,"Tube,Pinch Off",(도번직결),도번직하위,
AJJ76559009,MJH57203812,Supporter,AJJ76559009-SUB,자동매핑,
AJJ76559009,MJH62997402,Supporter,AJJ76559009-SUB,자동매핑,
AJJ76559009,MJU00777404,"Tube,Connector",(도번직결),도번직하위,
AJJ76559009,MJU00814206,"Tube,Connector",(도번직결),도번직하위,
AJJ76559009,MJU00814207,"Tube,Connector",(도번직결),도번직하위,
AJJ76559009,MJX65110001,"Valve,Service",AJJ76559009-SUB,자동매핑,
AJJ76559009,MJX65110401,"Valve,Service",AJJ76559009-SUB,자동매핑,
AJJ76559010,4H00006A,"Screw,Customized",AJJ76559010-SUB,자동매핑,
AJJ76559010,5210A23089D,"Tube,Pinch Off",(도번직결),도번직하위,
AJJ76559010,MJH57203812,Supporter,AJJ76559010-SUB,자동매핑,
AJJ76559010,MJH62997402,Supporter,AJJ76559010-SUB,자동매핑,
AJJ76559010,MJU00777404,"Tube,Connector",(도번직결),도번직하위,
AJJ76559010,MJU00777405,"Tube,Connector",(도번직결),도번직하위,
AJJ76559010,MJU00814207,"Tube,Connector",(도번직결),도번직하위,
AJJ76559010,MJX65110001,"Valve,Service",AJJ76559010-SUB,자동매핑,
AJJ76559010,MJX65110401,"Valve,Service",AJJ76559010-SUB,자동매핑,
AJJ76559010,MJX65117202,"Valve,Service",AJJ76559010-SUB,자동매핑,
AJJ76559011,4H00006A,"Screw,Customized",AJJ76559011-SUB,자동매핑,
AJJ76559011,5210A23089D,"Tube,Pinch Off",(도번직결),도번직하위,
AJJ76559011,MJH57203812,Supporter,AJJ76559011-SUB,자동매핑,
AJJ76559011,MJH62997402,Supporter,AJJ76559011-SUB,자동매핑,
AJJ76559011,MJU66478115,"Tube,Connector",(도번직결),도번직하위,
AJJ76559011,MJU66478202,"Tube,Connector",(도번직결),도번직하위,
AJJ76559011,MJU66763402,"Tube,Connector",(도번직결),도번직하위,
AJJ76559011,MJX65110201,"Valve,Service",AJJ76559011-SUB,자동매핑,
AJJ76559011,MJX65110401,"Valve,Service",AJJ76559011-SUB,자동매핑,
AJJ76559011,MJX65117203,"Valve,Service",AJJ76559011-SUB,자동매핑,
AJJ76559012,4H00006A,"Screw,Customized",AJJ76559012-SUB,자동매핑,
AJJ76559012,5210A23089D,"Tube,Pinch Off",(도번직결),도번직하위,
AJJ76559012,MJH57203812,Supporter,AJJ76559012-SUB,자동매핑,
AJJ76559012,MJH62997406,Supporter,AJJ76559012-SUB,자동매핑,
AJJ76559012,MJU00777404,"Tube,Connector",(도번직결),도번직하위,
AJJ76559012,MJU00814206,"Tube,Connector",(도번직결),도번직하위,
AJJ76559012,MJU00814207,"Tube,Connector",(도번직결),도번직하위,
AJJ76559012,MJX65110001,"Valve,Service",AJJ76559012-SUB,자동매핑,
AJJ76559012,MJX65110401,"Valve,Service",AJJ76559012-SUB,자동매핑,
AJJ76559013,4H00006A,"Screw,Customized",AJJ76559013-SUB,자동매핑,
AJJ76559013,5210A23089D,"Tube,Pinch Off",(도번직결),도번직하위,
AJJ76559013,MJH57203812,Supporter,AJJ76559013-SUB,자동매핑,
AJJ76559013,MJH62997406,Supporter,AJJ76559013-SUB,자동매핑,
AJJ76559013,MJU00777404,"Tube,Connector",(도번직결),도번직하위,
AJJ76559013,MJU00777405,"Tube,Connector",(도번직결),도번직하위,
AJJ76559013,MJU00814207,"Tube,Connector",(도번직결),도번직하위,
AJJ76559013,MJX65110001,"Valve,Service",AJJ76559013-SUB,자동매핑,
AJJ76559013,MJX65110401,"Valve,Service",AJJ76559013-SUB,자동매핑,
AJJ76559013,MJX65117202,"Valve,Service",AJJ76559013-SUB,자동매핑,
AJJ76559014,4H00006A,"Screw,Customized",AJJ76559014-SUB,자동매핑,
AJJ76559014,5210A23089D,"Tube,Pinch Off",(도번직결),도번직하위,
AJJ76559014,MJH57203812,Supporter,AJJ76559014-SUB,자동매핑,
AJJ76559014,MJH62997406,Supporter,AJJ76559014-SUB,자동매핑,
AJJ76559014,MJU00777404,"Tube,Connector",(도번직결),도번직하위,
AJJ76559014,MJU00777405,"Tube,Connector",(도번직결),도번직하위,
AJJ76559014,MJU00814201,"Tube,Connector",(도번직결),도번직하위,
AJJ76559014,MJX65110201,"Valve,Service",AJJ76559014-SUB,자동매핑,
AJJ76559014,MJX65110401,"Valve,Service",AJJ76559014-SUB,자동매핑,
AJJ76559014,MJX65117203,"Valve,Service",AJJ76559014-SUB,자동매핑,
AJJ76559015,4H00006A,"Screw,Customized",AJJ76559015-SUB,자동매핑,
AJJ76559015,5210A23089D,"Tube,Pinch Off",(도번직결),도번직하위,
AJJ76559015,MBL68783301,Cap,(도번직결),도번직하위,
AJJ76559015,MJH57203812,Supporter,AJJ76559015-SUB,자동매핑,
AJJ76559015,MJH62997406,Supporter,AJJ76559015-SUB,자동매핑,
AJJ76559015,MJU00777404,"Tube,Connector",(도번직결),도번직하위,
AJJ76559015,MJU00814206,"Tube,Connector",(도번직결),도번직하위,
AJJ76559015,MJU00814207,"Tube,Connector",(도번직결),도번직하위,
AJJ76559015,MJX65110001,"Valve,Service",AJJ76559015-SUB,자동매핑,
AJJ76559015,MJX65110401,"Valve,Service",AJJ76559015-SUB,자동매핑,
AJJ76559016,4H00006A,"Screw,Customized",AJJ76559016-SUB,자동매핑,
AJJ76559016,5210A23089D,"Tube,Pinch Off",(도번직결),도번직하위,
AJJ76559016,FAB30166601,"Screw,Taptite",AJJ76559016-SUB,자동매핑,
AJJ76559016,MAZ67090901,Bracket,AJJ76559016-SUB,자동매핑,
AJJ76559016,MBL68783301,Cap,(도번직결),도번직하위,
AJJ76559016,MJH57203812,Supporter,AJJ76559016-SUB,자동매핑,
AJJ76559016,MJU00814204,"Tube,Connector",(도번직결),도번직하위,
AJJ76559016,MJU00814208,"Tube,Connector",(도번직결),도번직하위,
AJJ76559016,MJU00814213,"Tube,Connector",(도번직결),도번직하위,
AJJ76559016,MJX65110201,"Valve,Service",AJJ76559016-SUB,자동매핑,
AJJ76559016,MJX65117202,"Valve,Service",AJJ76559016-SUB,자동매핑,
AJJ76559016,MJX65117203,"Valve,Service",AJJ76559016-SUB,자동매핑,
AJJ76559017,4H00006A,"Screw,Customized",AJJ76559017-SUB,자동매핑,
AJJ76559017,5210A23089D,"Tube,Pinch Off",(도번직결),도번직하위,
AJJ76559017,FAB30166601,"Screw,Taptite",AJJ76559017-SUB,자동매핑,
AJJ76559017,MAZ67090901,Bracket,AJJ76559017-SUB,자동매핑,
AJJ76559017,MBL68783301,Cap,(도번직결),도번직하위,
AJJ76559017,MJH57203812,Supporter,AJJ76559017-SUB,자동매핑,
AJJ76559017,MJU00777401,"Tube,Connector",(도번직결),도번직하위,
AJJ76559017,MJU00777402,"Tube,Connector",(도번직결),도번직하위,
AJJ76559017,MJU00814208,"Tube,Connector",(도번직결),도번직하위,
AJJ76559017,MJX65110201,"Valve,Service",AJJ76559017-SUB,자동매핑,
AJJ76559017,MJX65117202,"Valve,Service",AJJ76559017-SUB,자동매핑,
AJJ76559017,MJX65117203,"Valve,Service",AJJ76559017-SUB,자동매핑,
AJJ76559102,4H00006A,"Screw,Customized",AJJ76559102-SUB,자동매핑,
AJJ76559102,5210A23089D,"Tube,Pinch Off",(도번직결),도번직하위,
AJJ76559102,MJH57203812,Supporter,AJJ76559102-SUB,자동매핑,
AJJ76559102,MJH62997402,Supporter,AJJ76559102-SUB,자동매핑,
AJJ76559102,MJU00814210,"Tube,Connector",(도번직결),도번직하위,
AJJ76559102,MJU00814211,"Tube,Connector",(도번직결),도번직하위,
AJJ76559102,MJU00814212,"Tube,Connector",(도번직결),도번직하위,
AJJ76559102,MJX65110001,"Valve,Service",AJJ76559102-SUB,자동매핑,
AJJ76559102,MJX65110401,"Valve,Service",AJJ76559102-SUB,자동매핑,
AJJ76559103,4H00006A,"Screw,Customized",AJJ76559103-SUB,자동매핑,
AJJ76559103,5210A23089D,"Tube,Pinch Off",(도번직결),도번직하위,
AJJ76559103,MJH57203812,Supporter,AJJ76559103-SUB,자동매핑,
AJJ76559103,MJH62997402,Supporter,AJJ76559103-SUB,자동매핑,
AJJ76559103,MJU00814204,"Tube,Connector",(도번직결),도번직하위,
AJJ76559103,MJU00814211,"Tube,Connector",(도번직결),도번직하위,
AJJ76559103,MJU00814212,"Tube,Connector",(도번직결),도번직하위,
AJJ76559103,MJX65110001,"Valve,Service",AJJ76559103-SUB,자동매핑,
AJJ76559103,MJX65110401,"Valve,Service",AJJ76559103-SUB,자동매핑,
AJJ76559103,MJX65117202,"Valve,Service",AJJ76559103-SUB,자동매핑,
AJJ76559105,4H00006A,"Screw,Customized",AJJ76559105-SUB,자동매핑,
AJJ76559105,5210A23089D,"Tube,Pinch Off",(도번직결),도번직하위,
AJJ76559105,5220A20034C,"Valve,Service",AJJ76559105-SUB,자동매핑,
AJJ76559105,FAB30166601,"Screw,Taptite",AJJ76559105-SUB,자동매핑,
AJJ76559105,MAZ67090901,Bracket,AJJ76559105-SUB,자동매핑,
AJJ76559105,MJH57203812,Supporter,AJJ76559105-SUB,자동매핑,
AJJ76559105,MJU66478203,"Tube,Connector",(도번직결),도번직하위,
AJJ76559105,MJU66763702,"Tube,Connector",(도번직결),도번직하위,
AJJ76559105,MJU66763703,"Tube,Connector",(도번직결),도번직하위,
AJJ76559106,4H00006A,"Screw,Customized",AJJ76559106-SUB,자동매핑,
AJJ76559106,5210A23089D,"Tube,Pinch Off",(도번직결),도번직하위,
AJJ76559106,FAB30166601,"Screw,Taptite",AJJ76559106-SUB,자동매핑,
AJJ76559106,MAZ67090901,Bracket,AJJ76559106-SUB,자동매핑,
AJJ76559106,MJH57203812,Supporter,AJJ76559106-SUB,자동매핑,
AJJ76559106,MJU00777401,"Tube,Connector",(도번직결),도번직하위,
AJJ76559106,MJU00777406,"Tube,Connector",(도번직결),도번직하위,
AJJ76559106,MJU66763703,"Tube,Connector",(도번직결),도번직하위,
AJJ76559106,MJX65110301,"Valve,Service",AJJ76559106-SUB,자동매핑,
AJJ76559106,MJX65117202,"Valve,Service",AJJ76559106-SUB,자동매핑,
AJJ76559106,MJX65117203,"Valve,Service",AJJ76559106-SUB,자동매핑,
AJJ76595403,MJU66894822,"Tube,Connector",(도번직결),도번직하위,
AJJ76602101,4830AG4043B,Bush,(도번직결),도번직하위,
AJJ76602101,4930A20053B,"Holder,Sensor",AJJ76602101-4-1,자동매핑,
AJJ76602101,4H00006A,"Screw,Customized",AJJ76602101-SUB,자동매핑,
AJJ76602101,5210A22409A,"Tube,Connector",AJJ76602101-4-1,자동매핑,
AJJ76602101,5210A23376A,"Tube,Connector",(도번직결),도번직하위,
AJJ76602101,EBD60663822,"Sensor,Pressure",(도번직결),도번직하위,
AJJ76602101,MCK71625901,Cover,AJJ76602101-SUB,자동매핑,
AJJ76602101,MEG66660103,"Holder,Tubing",(도번직결),도번직하위,
AJJ76602101,MEV39836107,Insulator,(도번직결),도번직하위,
AJJ76602101,MJU66909501,"Tube,Connector",AJJ76602101-4-1,자동매핑,
AJJ76602101,MJU66909502,"Tube,Connector",AJJ76602101-12-1,자동매핑,
AJJ76602101,MJX65117002,"Valve,Service",AJJ76602101-SUB,자동매핑,
AJL74852201,MAZ66205401,Bracket,(도번직결),도번직하위,
AJL74852201,MAZ66205402,Bracket,(도번직결),도번직하위,
AJL74852201,MJU65587301,"Tube,Connector",(도번직결),도번직하위,
AJL74852201,MJU65587302,"Tube,Connector",(도번직결),도번직하위,
AJL74852201,MJU65587303,"Tube,Connector",(도번직결),도번직하위,
AJL74852201,MJU65587304,"Tube,Connector",(도번직결),도번직하위,
AJL75092114,3850A24001A,"Label,Sticker",(도번직결),도번직하위,
AJL75092114,3850A24001B,"Label,Sticker",(도번직결),도번직하위,
AJL75092114,3H01582C,Tie,(도번직결),도번직하위,
AJL75092114,4000W4A003A,"Screw,Customized",(도번직결),도번직하위,
AJL75092114,ACQ67876709,Cover Assembly,(도번직결),도번직하위,
AJL75092114,AEG74589807,"Heater Assembly,Electric",(도번직결),도번직하위,
AJL75092114,EAD60750520,"Harness,Multi",(도번직결),도번직하위,
AJL75092114,EAD62490341,"Harness,Single",(도번직결),도번직하위,
AJL75092114,EAD62490342,"Harness,Single",(도번직결),도번직하위,
AJL75092114,EBG63345801,Thermostat,(도번직결),도번직하위,
AJR30001401,MJU62672401,"Tube,Connector",(도번직결),도번직하위,
AJR30001401,MJU66748001,"Tube,Connector",(도번직결),도번직하위,
AJR30001401,MJU66748401,"Tube,Connector",(도번직결),도번직하위,
AJR30001401,MJU66748402,"Tube,Connector",(도번직결),도번직하위,
AJR30001601,MJU66748103,"Tube,Connector",(도번직결),도번직하위,
AJR30001601,MJU66748104,"Tube,Connector",(도번직결),도번직하위,
AJR30001601,MJU66748301,"Tube,Manifold",(도번직결),도번직하위,
AJR30003301,MJU66748601,"Tube,Manifold",(도번직결),도번직하위,
AJR30003301,MJU66748701,"Tube,Connector",(도번직결),도번직하위,
AJR30003301,MJU66748702,"Tube,Connector",(도번직결),도번직하위,
AJR30003301,MJU66748703,"Tube,Connector",(도번직결),도번직하위,
AJR30004702,3H01582A,Tie,(도번직결),도번직하위,
AJR30004702,4A00742B,"Nut,Flare",AJR30004702-SUB,자동매핑,
AJR30004702,5006AR4091D,Cap,AJR30004702-SUB,자동매핑,
AJR30004702,5210A22409B,"Tube,Connector",(도번직결),도번직하위,
AJR30004702,MEV37586030,"Insulator,Tube",(도번직결),도번직하위,
AJR30007101,5210A22409B,"Tube,Connector",AJR30007101-9-4,자동매핑,
AJR30007101,MEG66660106,"Holder,Tubing",(도번직결),도번직하위,
AJR30007101,MJU64433003,"Tube,Return Bending",AJR30007101-9-4,자동매핑,
AJR30007101,MJU66573301,"Tube,Connector",AJR30007101-9-2,자동매핑,
AJR30007101,MJU66573401,"Tube,Connector",AJR30007101-S5-1,자동매핑,
AJR30007101,MJU66759702,"Tube,Connector",AJR30007101-S5-1,자동매핑,
AJR30007101,MJU66759802,"Tube,Connector",AJR30007101-S5-1,자동매핑,
AJR30007101,MJU66759902,"Tube,Connector",(도번직결),도번직하위,
AJR30007101,MJU66760007,"Tube,Connector",AJR30007101-9-3,자동매핑,
AJR30007101,MJU66760008,"Tube,Connector",AJR30007101-9-4,자동매핑,
AJR30007101,MJU66760009,"Tube,Connector",AJR30007101-9-1,자동매핑,
AJR30007101,MJU66760012,"Tube,Connector",AJR30007101-S5-1,자동매핑,
AJR30007101,MJX62771703,"Valve,Check",(도번직결),도번직하위,
AJR30007102,MEG66660106,"Holder,Tubing",(도번직결),도번직하위,
AJR30007102,MJU66573401,"Tube,Connector",(도번직결),도번직하위,
AJR30007102,MJU66759803,"Tube,Connector",(도번직결),도번직하위,
AJR30007102,MJU66759901,"Tube,Connector",(도번직결),도번직하위,
AJR30007102,MJU66760012,"Tube,Connector",(도번직결),도번직하위,
AJR30007102,MJU66796901,"Tube,Connector",(도번직결),도번직하위,
AJR30007103,MEG66660106,"Holder,Tubing",(도번직결),도번직하위,
AJR30007103,MJU66571201,"Tube,Connector",(도번직결),도번직하위,
AJR30007103,MJU66759801,"Tube,Connector",AJR30007103-S5-1,자동매핑,
AJR30007103,MJU66796201,"Tube,Connector",AJR30007103-S5-1,자동매핑,
AJR30007104,5014A30014Z,"Damper,Tube",(도번직결),도번직하위,
AJR30007104,5210A22409A,"Tube,Connector",AJR77225301-1-2(링),자동매핑,
AJR30007104,5210A22409B,"Tube,Connector",AJR77225301-1-1(링),자동매핑,
AJR30007104,MEG66660106,"Holder,Tubing",(도번직결),도번직하위,
AJR30007104,MJU66571201,"Tube,Connector",(도번직결),도번직하위,
AJR30007104,MJU66571301,"Tube,Connector",AJR77225301-1-1(링),자동매핑,
AJR30007104,MJU66571304,"Tube,Connector",AJR77225301-1-2(링),자동매핑,
AJR30007104,MJU66572201,"Tube,Connector",AJR30007104-S5-1,자동매핑,
AJR30007104,MJU66760006,"Tube,Connector",(도번직결),도번직하위,
AJR30007104,MJU66760301,"Tube,Connector",AJR30007104-S5-1,자동매핑,
AJR30007105,5014A30014Z,"Damper,Tube",(도번직결),도번직하위,
AJR30007105,MEG66660106,"Holder,Tubing",(도번직결),도번직하위,
AJR30007105,MJU66571201,"Tube,Connector",(도번직결),도번직하위,
AJR30007105,MJU66760006,"Tube,Connector",(도번직결),도번직하위,
AJR30007105,MJU66796201,"Tube,Connector",AJR30007105-S5-1,자동매핑,
AJR30007105,MJU66796301,"Tube,Connector",AJR30007105-S5-1,자동매핑,
AJR30007106,5014A30014W,"Damper,Tube",(도번직결),도번직하위,
AJR30007106,5210A22409A,"Tube,Connector",AJR30007102-9-4,자동매핑,
AJR30007106,5210A22409B,"Tube,Connector",AJR30007102-9-2,자동매핑,
AJR30007106,MEG66660106,"Holder,Tubing",(도번직결),도번직하위,
AJR30007106,MJU64433003,"Tube,Return Bending",AJR30007102-9-3,자동매핑,
AJR30007106,MJU66573301,"Tube,Connector",AJR30007101-9-2,자동매핑,
AJR30007106,MJU66573401,"Tube,Connector",AJR30007106-S5-1,자동매핑,
AJR30007106,MJU66759901,"Tube,Connector",(도번직결),도번직하위,
AJR30007106,MJU66760002,"Tube,Connector",AJR30007102-9-1,자동매핑,
AJR30007106,MJU66760003,"Tube,Connector",AJR30007102-9-2,자동매핑,
AJR30007106,MJU66760004,"Tube,Connector",AJR30007102-9-3,자동매핑,
AJR30007106,MJU66760005,"Tube,Connector",(도번직결),도번직하위,
AJR30007106,MJU66760102,"Tube,Connector",AJR30007102-9-4,자동매핑,
AJR30007106,MJU66796901,"Tube,Connector",AJR30007106-S5-1,자동매핑,
AJR30007106,MJU66797001,"Tube,Connector",AJR30007106-S5-1,자동매핑,
AJR30007601,3A00375D,"Socket,Flare",AJR30007601-SUB,자동매핑,
AJR30007601,3H01582A,Tie,(도번직결),도번직하위,
AJR30007601,3H03659M,Strainer,(도번직결),도번직하위,
AJR30007601,4930A20053B,"Holder,Sensor",(도번직결),도번직하위,
AJR30007601,4A00742A,"Nut,Flare",AJR30007601-SUB,자동매핑,
AJR30007601,5210A22409A,"Tube,Connector",(도번직결),도번직하위,
AJR30007601,5410A30055S,"Insulator,Tube",(도번직결),도번직하위,
AJR30007601,AJU36719736,Valve Assembly,(도번직결),도번직하위,
AJR30007601,MBL67877901,Cap,AJR30007601-SUB,자동매핑,
AJR30007601,MBL67878001,Cap,AJR30007601-SUB,자동매핑,
AJR30007601,MCQ68044401,"Damper,Butyl",(도번직결),도번직하위,
AJR30007601,MEV67819401,"Insulator,Tube",(도번직결),도번직하위,
AJR30007601,MJU00702201,"Tube,Connector",AJR30007601-SUB,자동매핑,
AJR30007601,MJU63512604,"Tube,Distributor",(도번직결),도번직하위,
AJR30007601,MJU66998814,"Tube,Connector",(도번직결),도번직하위,
AJR30007601,MJU66998815,"Tube,Connector",(도번직결),도번직하위,
AJR30007601,MJU66998816,"Tube,Connector",(도번직결),도번직하위,
AJR30007601,MJU66998817,"Tube,Connector",(도번직결),도번직하위,
AJR30007601,MJU66998903,"Tube,Connector",(도번직결),도번직하위,
AJR30007601,MJU66999003,"Tube,Connector",(도번직결),도번직하위,
AJR30007601,RAC30599327,Solder Soldering,AJR30007601-SUB,자동매핑,
AJR30007602,3A00375A,"Socket,Flare",AJR30007602-SUB,자동매핑,
AJR30007602,3H01582A,Tie,(도번직결),도번직하위,
AJR30007602,3H03659M,Strainer,(도번직결),도번직하위,
AJR30007602,4930A20053B,"Holder,Sensor",(도번직결),도번직하위,
AJR30007602,4A00742F,"Nut,Common",AJR30007602-SUB,자동매핑,
AJR30007602,5210A22409A,"Tube,Connector",(도번직결),도번직하위,
AJR30007602,5410A30055F,"Insulator,Tube",(도번직결),도번직하위,
AJR30007602,5410A30055S,"Insulator,Tube",(도번직결),도번직하위,
AJR30007602,AJU36719736,Valve Assembly,(도번직결),도번직하위,
AJR30007602,MBL67877902,Cap,AJR30007602-SUB,자동매핑,
AJR30007602,MBL67878002,Cap,AJR30007602-SUB,자동매핑,
AJR30007602,MCQ68044401,"Damper,Butyl",(도번직결),도번직하위,
AJR30007602,MJU00702203,"Tube,Connector",AJR30007602-SUB,자동매핑,
AJR30007602,MJU63512604,"Tube,Distributor",(도번직결),도번직하위,
AJR30007602,MJU66998814,"Tube,Connector",(도번직결),도번직하위,
AJR30007602,MJU66998815,"Tube,Connector",(도번직결),도번직하위,
AJR30007602,MJU66998816,"Tube,Connector",(도번직결),도번직하위,
AJR30007602,MJU66998817,"Tube,Connector",(도번직결),도번직하위,
AJR30007602,MJU66998903,"Tube,Connector",(도번직결),도번직하위,
AJR30007602,MJU66999003,"Tube,Connector",(도번직결),도번직하위,
AJR30007602,RAC30599327,Solder Soldering,AJR30007602-SUB,자동매핑,
AJR30007603,3A00375A,"Socket,Flare",AJR30007603-SUB,자동매핑,
AJR30007603,3H01582A,Tie,(도번직결),도번직하위,
AJR30007603,3H03659M,Strainer,(도번직결),도번직하위,
AJR30007603,4930A20053B,"Holder,Sensor",(도번직결),도번직하위,
AJR30007603,4A00742F,"Nut,Common",AJR30007603-SUB,자동매핑,
AJR30007603,5210A22409A,"Tube,Connector",(도번직결),도번직하위,
AJR30007603,5410A30055F,"Insulator,Tube",(도번직결),도번직하위,
AJR30007603,5410A30055S,"Insulator,Tube",(도번직결),도번직하위,
AJR30007603,AJU36719736,Valve Assembly,(도번직결),도번직하위,
AJR30007603,MBL67877902,Cap,AJR30007603-SUB,자동매핑,
AJR30007603,MBL67878002,Cap,AJR30007603-SUB,자동매핑,
AJR30007603,MCQ68044401,"Damper,Butyl",(도번직결),도번직하위,
AJR30007603,MJU00702203,"Tube,Connector",AJR30007603-SUB,자동매핑,
AJR30007603,MJU00702401,"Tube,Connector",AJR30007603-고주파,자동매핑,
AJR30007603,MJU00702402,"Tube,Connector",AJR30007603-고주파,자동매핑,
AJR30007603,MJU00702403,"Tube,Connector",AJR30007603-고주파,자동매핑,
AJR30007603,MJU00702404,"Tube,Connector",AJR30007603-고주파,자동매핑,
AJR30007603,MJU00702405,"Tube,Connector",AJR30007603-고주파,자동매핑,
AJR30007603,MJU00702406,"Tube,Connector",AJR30007603-고주파,자동매핑,
AJR30007603,MJU00702407,"Tube,Connector",AJR30007603-고주파,자동매핑,
AJR30007603,MJU00702408,"Tube,Connector",AJR30007603-고주파,자동매핑,
AJR30007603,MJU00702409,"Tube,Connector",AJR30007603-고주파,자동매핑,
AJR30007603,MJU63512610,"Tube,Distributor",AJR30007603-고주파,자동매핑,
AJR30007603,MJU66998904,"Tube,Connector",(도번직결),도번직하위,
AJR30007603,MJU66999005,"Tube,Connector",(도번직결),도번직하위,
AJR30007604,3A00375D,"Socket,Flare",AJR30007604-SUB,자동매핑,
AJR30007604,4930A20053B,"Holder,Sensor",(도번직결),도번직하위,
AJR30007604,4A00742A,"Nut,Flare",AJR30007604-SUB,자동매핑,
AJR30007604,5210A22409A,"Tube,Connector",(도번직결),도번직하위,
AJR30007604,5410A30055S,"Insulator,Tube",(도번직결),도번직하위,
AJR30007604,MBL67877901,Cap,AJR30007604-SUB,자동매핑,
AJR30007604,MBL67878001,Cap,AJR30007604-SUB,자동매핑,
AJR30007604,MEV67819401,"Insulator,Tube",(도번직결),도번직하위,
AJR30007604,MJU00702201,"Tube,Connector",AJR30007604-SUB,자동매핑,
AJR30007604,MJU00702701,"Tube,Connector",(도번직결),도번직하위,
AJR30007604,MJU63512604,"Tube,Distributor",(도번직결),도번직하위,
AJR30007604,MJU66998814,"Tube,Connector",(도번직결),도번직하위,
AJR30007604,MJU66998815,"Tube,Connector",(도번직결),도번직하위,
AJR30007604,MJU66998816,"Tube,Connector",(도번직결),도번직하위,
AJR30007604,MJU66998817,"Tube,Connector",(도번직결),도번직하위,
AJR30007604,MJU66999003,"Tube,Connector",(도번직결),도번직하위,
AJR30007604,RAC30599327,Solder Soldering,AJR30007604-SUB,자동매핑,
AJR30008101,5210A28001S,"Tube,Return Bending",AJR30008101-F&T,자동매핑,
AJR30008101,5210A30334L,"Tube,Pinch Off",AJR30008101-F&T,자동매핑,
AJR30008101,MJU63000101,"Tube,Connector",AJR30008101-F&T,자동매핑,
AJR30008101,MJU63512511,"Tube,Distributor",AJR30008101-S6-2,자동매핑,
AJR30008101,MJU64727002,"Tube,Connector",AJR30008101-F&T,자동매핑,
AJR30008101,MJU64727102,"Tube,Connector",AJR30008101-F&T,자동매핑,
AJR30008101,MJU64727202,"Tube,Connector",AJR30008101-F&T,자동매핑,
AJR30008101,MJU64727501,"Tube,Connector",AJR30008101-F&T,자동매핑,
AJR30008101,MJU64727602,"Tube,Connector",AJR30008101-F&T,자동매핑,
AJR30008101,MJU64727702,"Tube,Connector",AJR30008101-F&T,자동매핑,
AJR30008101,MJU64727802,"Tube,Connector",AJR30008101-F&T,자동매핑,
AJR30008101,MJU64727902,"Tube,Connector",AJR30008101-F&T,자동매핑,
AJR30008101,MJU64728002,"Tube,Connector",AJR30008101-F&T,자동매핑,
AJR30008101,MJU64728102,"Tube,Connector",AJR30008101-F&T,자동매핑,
AJR30008101,MJU64729901,"Tube,Connector",AJR30008101-F&T,자동매핑,
AJR30008101,MJU66759604,"Tube,Connector",AJR30008101-S6-1,자동매핑,
AJR30008201,MEG65559801,"Holder,Sensor",(도번직결),도번직하위,
AJR30008201,MJU66566808,"Tube,Connector",(도번직결),도번직하위,
AJR30008201,MJU66566906,"Tube,Connector",(도번직결),도번직하위,
AJR30008202,3H01582C,Tie,(도번직결),도번직하위,
AJR30008202,3H01582E,Tie,(도번직결),도번직하위,
AJR30008202,5014A20009B,"Damper,Tube",(도번직결),도번직하위,
AJR30008202,5014A30001C,"Damper,Tube",(도번직결),도번직하위,
AJR30008202,MEG65559801,"Holder,Sensor",(도번직결),도번직하위,
AJR30008202,MEG66660106,"Holder,Tubing",(도번직결),도번직하위,
AJR30008202,MJU66566808,"Tube,Connector",(도번직결),도번직하위,
AJR30008202,MJU66766301,"Tube,Connector",(도번직결),도번직하위,
AJR30009001,3A00375A,"Socket,Flare",AJR30009001-SUB,자동매핑,
AJR30009001,3H03659N,Strainer,(도번직결),도번직하위,
AJR30009001,4930A20053B,"Holder,Sensor",(도번직결),도번직하위,
AJR30009001,4A00742F,"Nut,Common",AJR30009001-SUB,자동매핑,
AJR30009001,5210A22409B,"Tube,Connector",(도번직결),도번직하위,
AJR30009001,5410A30055F,"Insulator,Tube",(도번직결),도번직하위,
AJR30009001,5410A30279K,"Insulator,Tube",(도번직결),도번직하위,
AJR30009001,MBL67877902,Cap,AJR30009001-SUB,자동매핑,
AJR30009001,MBL67878002,Cap,AJR30009001-SUB,자동매핑,
AJR30009001,MJU00702202,"Tube,Connector",AJR30009001-SUB,자동매핑,
AJR30009001,MJU66998307,"Tube,Connector",(도번직결),도번직하위,
AJR30009001,MJU66999103,"Tube,Connector",(도번직결),도번직하위,
AJR30009001,MJU66999308,"Tube,Connector",(도번직결),도번직하위,
AJR30009001,MJU66999309,"Tube,Connector",(도번직결),도번직하위,
AJR30009001,MJU66999402,"Tube,Pinch Off",(도번직결),도번직하위,
AJR30009002,3A00375P,"Socket,Flare",AJR30009002-SUB,자동매핑,
AJR30009002,4930A20053B,"Holder,Sensor",(도번직결),도번직하위,
AJR30009002,4A00742B,"Nut,Flare",AJR30009002-SUB,자동매핑,
AJR30009002,5006AR4091D,Cap,AJR30009002-SUB,자동매핑,
AJR30009002,5210A22409B,"Tube,Connector",(도번직결),도번직하위,
AJR30009002,5224A20002D,Strainer,(도번직결),도번직하위,
AJR30009002,5410A30055D,"Insulator,Tube",(도번직결),도번직하위,
AJR30009002,5410A30055F,"Insulator,Tube",(도번직결),도번직하위,
AJR30009002,MJU00702204,"Tube,Connector",(도번직결),도번직하위,
AJR30009002,MJU00702205,"Tube,Connector",AJR30009002-SUB,자동매핑,
AJR30009002,MJU00702301,"Tube,Connector",(도번직결),도번직하위,
AJR30009002,MJU66999308,"Tube,Connector",(도번직결),도번직하위,
AJR30009002,MJU66999309,"Tube,Connector",(도번직결),도번직하위,
AJR30009002,MJU66999402,"Tube,Pinch Off",(도번직결),도번직하위,
AJR30009002,RAC30599327,Solder Soldering,AJR30009002-SUB,자동매핑,
AJR30009003,3A00375P,"Socket,Flare",AJR30009003-SUB,자동매핑,
AJR30009003,4930A20053B,"Holder,Sensor",(도번직결),도번직하위,
AJR30009003,4A00742B,"Nut,Flare",AJR30009003-SUB,자동매핑,
AJR30009003,5006AR4091D,Cap,AJR30009003-SUB,자동매핑,
AJR30009003,5210A22409B,"Tube,Connector",(도번직결),도번직하위,
AJR30009003,5224A20002D,Strainer,(도번직결),도번직하위,
AJR30009003,5410A30055D,"Insulator,Tube",(도번직결),도번직하위,
AJR30009003,5410A30055F,"Insulator,Tube",(도번직결),도번직하위,
AJR30009003,MJU00702204,"Tube,Connector",(도번직결),도번직하위,
AJR30009003,MJU00702205,"Tube,Connector",AJR30009003-SUB,자동매핑,
AJR30009003,MJU00702302,"Tube,Connector",(도번직결),도번직하위,
AJR30009003,MJU00702501,"Tube,Connector",(도번직결),도번직하위,
AJR30009003,MJU00702502,"Tube,Connector",(도번직결),도번직하위,
AJR30009003,MJU66999302,"Tube,Connector",(도번직결),도번직하위,
AJR30009003,MJU66999305,"Tube,Connector",(도번직결),도번직하위,
AJR30009003,MJU66999306,"Tube,Connector",(도번직결),도번직하위,
AJR30009003,MJU66999307,"Tube,Connector",(도번직결),도번직하위,
AJR30009003,MJU66999401,"Tube,Pinch Off",(도번직결),도번직하위,
AJR30009003,RAC30599327,Solder Soldering,AJR30009003-SUB,자동매핑,
AJR30009004,3A00375A,"Socket,Flare",AJR30009004-SUB,자동매핑,
AJR30009004,4930A20053B,"Holder,Sensor",(도번직결),도번직하위,
AJR30009004,4A00742F,"Nut,Common",AJR30009004-SUB,자동매핑,
AJR30009004,5210A22409B,"Tube,Connector",(도번직결),도번직하위,
AJR30009004,5410A30055F,"Insulator,Tube",(도번직결),도번직하위,
AJR30009004,5410A30279K,"Insulator,Tube",(도번직결),도번직하위,
AJR30009004,MBL67877902,Cap,AJR30009004-SUB,자동매핑,
AJR30009004,MBL67878002,Cap,AJR30009004-SUB,자동매핑,
AJR30009004,MJU00702702,"Tube,Connector",(도번직결),도번직하위,
AJR30009004,MJU00702703,"Tube,Connector",AJR30009004-SUB,자동매핑,
AJR30009004,MJU66999103,"Tube,Connector",(도번직결),도번직하위,
AJR30009004,MJU66999308,"Tube,Connector",(도번직결),도번직하위,
AJR30009004,MJU66999309,"Tube,Connector",(도번직결),도번직하위,
AJR30009004,MJU66999402,"Tube,Pinch Off",(도번직결),도번직하위,
AJR30009004,RAC30599327,Solder Soldering,AJR30009004-SUB,자동매핑,
AJR30009005,3A00375E,"Socket,Flare",AJR30009005-SUB,자동매핑,
AJR30009005,4930A20053B,"Holder,Sensor",(도번직결),도번직하위,
AJR30009005,4A00742C,"Nut,Flare",AJR30009005-SUB,자동매핑,
AJR30009005,5006AR4091H,Cap,AJR30009005-SUB,자동매핑,
AJR30009005,5210A22409B,"Tube,Connector",(도번직결),도번직하위,
AJR30009005,5410A30055F,"Insulator,Tube",(도번직결),도번직하위,
AJR30009005,5410A30279K,"Insulator,Tube",(도번직결),도번직하위,
AJR30009005,MJU00702704,"Tube,Connector",AJR30009005-SUB,자동매핑,
AJR30009005,MJU66999103,"Tube,Connector",(도번직결),도번직하위,
AJR30009005,MJU66999308,"Tube,Connector",(도번직결),도번직하위,
AJR30009005,MJU66999309,"Tube,Connector",(도번직결),도번직하위,
AJR30009005,MJU66999402,"Tube,Pinch Off",(도번직결),도번직하위,
AJR30009005,RAC30599327,Solder Soldering,AJR30009005-SUB,자동매핑,
AJR30009401,3A00375A,"Socket,Flare",AJR30009401-SUB,자동매핑,
AJR30009401,3H01582A,Tie,(도번직결),도번직하위,
AJR30009401,3H03659M,Strainer,(도번직결),도번직하위,
AJR30009401,3H03659N,Strainer,(도번직결),도번직하위,
AJR30009401,4930A20053B,"Holder,Sensor",(도번직결),도번직하위,
AJR30009401,4A00742F,"Nut,Common",AJR30009401-SUB,자동매핑,
AJR30009401,5210A22409A,"Tube,Connector",(도번직결),도번직하위,
AJR30009401,5410A30055F,"Insulator,Tube",(도번직결),도번직하위,
AJR30009401,AJU36719704,Valve Assembly,(도번직결),도번직하위,
AJR30009401,MBL67877902,Cap,AJR30009401-SUB,자동매핑,
AJR30009401,MBL67878002,Cap,AJR30009401-SUB,자동매핑,
AJR30009401,MCQ68044401,"Damper,Butyl",(도번직결),도번직하위,
AJR30009401,MJU00702206,"Tube,Connector",AJR30009401-SUB,자동매핑,
AJR30009401,MJU63512509,"Tube,Distributor",AJR30009401-고주파,자동매핑,
AJR30009401,MJU66998703,"Tube,Connector",AJR30009401-고주파,자동매핑,
AJR30009401,MJU66998704,"Tube,Connector",AJR30009401-고주파,자동매핑,
AJR30009401,MJU66998801,"Tube,Connector",AJR30009401-고주파,자동매핑,
AJR30009401,MJU66998808,"Tube,Connector",AJR30009401-고주파,자동매핑,
AJR30009401,MJU66998809,"Tube,Connector",AJR30009401-고주파,자동매핑,
AJR30009401,MJU66998810,"Tube,Connector",AJR30009401-고주파,자동매핑,
AJR30009401,MJU66998811,"Tube,Connector",AJR30009401-고주파,자동매핑,
AJR30009401,MJU66998812,"Tube,Connector",AJR30009401-고주파,자동매핑,
AJR30009401,MJU66998813,"Tube,Connector",AJR30009401-고주파,자동매핑,
AJR30009401,MJU66998902,"Tube,Connector",(도번직결),도번직하위,
AJR30009401,MJU66999001,"Tube,Connector",(도번직결),도번직하위,
AJR30009401,MJU66999004,"Tube,Connector",(도번직결),도번직하위,
AJR30009401,RAC30599327,Solder Soldering,AJR30009401-SUB,자동매핑,
AJR30009402,3A00375A,"Socket,Flare",AJR30009402-SUB,자동매핑,
AJR30009402,3H01582A,Tie,(도번직결),도번직하위,
AJR30009402,3H03659M,Strainer,(도번직결),도번직하위,
AJR30009402,3H03659N,Strainer,(도번직결),도번직하위,
AJR30009402,4930A20053B,"Holder,Sensor",(도번직결),도번직하위,
AJR30009402,4A00742F,"Nut,Common",AJR30009402-SUB,자동매핑,
AJR30009402,5210A22409A,"Tube,Connector",(도번직결),도번직하위,
AJR30009402,5410A30055F,"Insulator,Tube",(도번직결),도번직하위,
AJR30009402,AJU36719704,Valve Assembly,(도번직결),도번직하위,
AJR30009402,MBL67877902,Cap,AJR30009402-SUB,자동매핑,
AJR30009402,MBL67878002,Cap,AJR30009402-SUB,자동매핑,
AJR30009402,MCQ68044401,"Damper,Butyl",(도번직결),도번직하위,
AJR30009402,MJU00702208,"Tube,Connector",AJR30009402-SUB,자동매핑,
AJR30009402,MJU00702409,"Tube,Connector",AJR30009402-고주파,자동매핑,
AJR30009402,MJU00702410,"Tube,Connector",AJR30009402-고주파,자동매핑,
AJR30009402,MJU00702411,"Tube,Connector",AJR30009402-고주파,자동매핑,
AJR30009402,MJU00702412,"Tube,Connector",AJR30009402-고주파,자동매핑,
AJR30009402,MJU00702413,"Tube,Connector",AJR30009402-고주파,자동매핑,
AJR30009402,MJU00702414,"Tube,Connector",AJR30009402-고주파,자동매핑,
AJR30009402,MJU00702415,"Tube,Connector",AJR30009402-고주파,자동매핑,
AJR30009402,MJU63512507,"Tube,Distributor",AJR30009402-고주파,자동매핑,
AJR30009402,MJU66998902,"Tube,Connector",(도번직결),도번직하위,
AJR30009402,MJU66999001,"Tube,Connector",(도번직결),도번직하위,
AJR30009402,MJU66999004,"Tube,Connector",(도번직결),도번직하위,
AJR30009402,RAC30599327,Solder Soldering,AJR30009402-SUB,자동매핑,
AJR30009403,3A00375A,"Socket,Flare",AJR30009403-SUB,자동매핑,
AJR30009403,4930A20053B,"Holder,Sensor",(도번직결),도번직하위,
AJR30009403,4A00742F,"Nut,Common",AJR30009403-SUB,자동매핑,
AJR30009403,5210A22409A,"Tube,Connector",(도번직결),도번직하위,
AJR30009403,5410A30055F,"Insulator,Tube",(도번직결),도번직하위,
AJR30009403,MBL67877902,Cap,AJR30009403-SUB,자동매핑,
AJR30009403,MBL67878002,Cap,AJR30009403-SUB,자동매핑,
AJR30009403,MJU00702208,"Tube,Connector",AJR30009403-SUB,자동매핑,
AJR30009403,MJU00702409,"Tube,Connector",(도번직결),도번직하위,
AJR30009403,MJU00702410,"Tube,Connector",(도번직결),도번직하위,
AJR30009403,MJU00702411,"Tube,Connector",(도번직결),도번직하위,
AJR30009403,MJU00702412,"Tube,Connector",(도번직결),도번직하위,
AJR30009403,MJU00702413,"Tube,Connector",(도번직결),도번직하위,
AJR30009403,MJU00702414,"Tube,Connector",(도번직결),도번직하위,
AJR30009403,MJU00702415,"Tube,Connector",(도번직결),도번직하위,
AJR30009403,MJU00702705,"Tube,Connector",(도번직결),도번직하위,
AJR30009403,MJU00702706,"Tube,Connector",(도번직결),도번직하위,
AJR30009403,MJU63512507,"Tube,Distributor",(도번직결),도번직하위,
AJR30009403,RAC30599327,Solder Soldering,AJR30009403-SUB,자동매핑,
AJR30009701,3H01582E,Tie,(도번직결),도번직하위,
AJR30009701,5014A20009A,"Damper,Tube",(도번직결),도번직하위,
AJR30009701,MAA63804601,Accumulator,(도번직결),도번직하위,
AJR30009701,MJU66566901,"Tube,Connector",(도번직결),도번직하위,
AJR30010701,3A00375P,"Socket,Flare",AJR30010701-SUB,자동매핑,
AJR30010701,4930A20053B,"Holder,Sensor",(도번직결),도번직하위,
AJR30010701,4A00742B,"Nut,Flare",AJR30010701-SUB,자동매핑,
AJR30010701,5006AR4091D,Cap,AJR30010701-SUB,자동매핑,
AJR30010701,5210A22409B,"Tube,Connector",(도번직결),도번직하위,
AJR30010701,5410A30055D,"Insulator,Tube",(도번직결),도번직하위,
AJR30010701,5410A30055F,"Insulator,Tube",(도번직결),도번직하위,
AJR30010701,MJU00702207,"Tube,Connector",AJR30010701-SUB,자동매핑,
AJR30010701,MJU66999102,"Tube,Connector",(도번직결),도번직하위,
AJR30010701,MJU66999203,"Tube,Connector",(도번직결),도번직하위,
AJR30010701,MJU66999204,"Tube,Connector",(도번직결),도번직하위,
AJR30010701,MJU66999302,"Tube,Connector",(도번직결),도번직하위,
AJR30010701,MJU66999305,"Tube,Connector",(도번직결),도번직하위,
AJR30010701,MJU66999306,"Tube,Connector",(도번직결),도번직하위,
AJR30010701,MJU66999307,"Tube,Connector",(도번직결),도번직하위,
AJR30010701,MJU66999401,"Tube,Pinch Off",(도번직결),도번직하위,
AJR30010701,RAC30599327,Solder Soldering,AJR30010701-SUB,자동매핑,
AJR30010702,3A00375P,"Socket,Flare",AJR30010702-SUB,자동매핑,
AJR30010702,4930A20053B,"Holder,Sensor",(도번직결),도번직하위,
AJR30010702,4A00742B,"Nut,Flare",AJR30010702-SUB,자동매핑,
AJR30010702,5006AR4091D,Cap,AJR30010702-SUB,자동매핑,
AJR30010702,5210A22409B,"Tube,Connector",(도번직결),도번직하위,
AJR30010702,5410A30055D,"Insulator,Tube",(도번직결),도번직하위,
AJR30010702,5410A30055F,"Insulator,Tube",(도번직결),도번직하위,
AJR30010702,MJU00702209,"Tube,Connector",AJR30010702-SUB,자동매핑,
AJR30010702,MJU00702303,"Tube,Connector",(도번직결),도번직하위,
AJR30010702,MJU00702503,"Tube,Connector",(도번직결),도번직하위,
AJR30010702,MJU00702504,"Tube,Connector",(도번직결),도번직하위,
AJR30010702,MJU66999308,"Tube,Connector",(도번직결),도번직하위,
AJR30010702,MJU66999309,"Tube,Connector",(도번직결),도번직하위,
AJR30010702,MJU66999401,"Tube,Pinch Off",(도번직결),도번직하위,
AJR30010702,RAC30599327,Solder Soldering,AJR30010702-SUB,자동매핑,
AJR30011101,3H01582A,Tie,(도번직결),도번직하위,
AJR30011101,4930A20053B,"Holder,Sensor",(도번직결),도번직하위,
AJR30011101,5210A22409A,"Tube,Connector",AJR30011101-SUB,자동매핑,
AJR30011101,5210A28001S,"Tube,Return Bending",AJR30011101-SUB,자동매핑,
AJR30011101,AJU36719729,Valve Assembly,(도번직결),도번직하위,
AJR30011101,MFN62721710,Mesh,(도번직결),도번직하위,
AJR30011101,MJU63512611,"Tube,Distributor",AJR30011101-SUB,자동매핑,
AJR30011101,MJU66792101,"Tube,Connector",AJR30011101-SUB,자동매핑,
AJR30011101,MJU66792102,"Tube,Connector",AJR30011101-SUB,자동매핑,
AJR30011101,MJU66792103,"Tube,Connector",AJR30011101-SUB,자동매핑,
AJR30011101,MJU66792104,"Tube,Connector",AJR30011101-SUB,자동매핑,
AJR30011101,MJU66792105,"Tube,Connector",AJR30011101-SUB,자동매핑,
AJR30011101,MJU66792106,"Tube,Connector",AJR30011101-SUB,자동매핑,
AJR30011101,MJU66792107,"Tube,Connector",AJR30011101-SUB,자동매핑,
AJR30011101,MJU66792108,"Tube,Connector",AJR30011101-SUB,자동매핑,
AJR30011101,MJU66792109,"Tube,Connector",AJR30011101-SUB,자동매핑,
AJR30011101,MJU66792201,"Tube,Connector",(도번직결),도번직하위,
AJR30011101,MJU66792301,"Tube,Connector",(도번직결),도번직하위,
AJR30011101,MJU66792302,"Tube,Connector",(도번직결),도번직하위,
AJR30011101,MJU66792304,"Tube,Connector",(도번직결),도번직하위,
AJR30011102,3H01582A,Tie,(도번직결),도번직하위,
AJR30011102,4930A20053B,"Holder,Sensor",(도번직결),도번직하위,
AJR30011102,5210A22409A,"Tube,Connector",AJR30011101-SUB,자동매핑,
AJR30011102,5210A28001S,"Tube,Return Bending",AJR30011101-SUB,자동매핑,
AJR30011102,AJU36719730,Valve Assembly,(도번직결),도번직하위,
AJR30011102,MFN62721710,Mesh,(도번직결),도번직하위,
AJR30011102,MJU63512611,"Tube,Distributor",AJR30011101-SUB,자동매핑,
AJR30011102,MJU66792101,"Tube,Connector",AJR30011101-SUB,자동매핑,
AJR30011102,MJU66792102,"Tube,Connector",AJR30011101-SUB,자동매핑,
AJR30011102,MJU66792103,"Tube,Connector",AJR30011101-SUB,자동매핑,
AJR30011102,MJU66792104,"Tube,Connector",AJR30011101-SUB,자동매핑,
AJR30011102,MJU66792105,"Tube,Connector",AJR30011101-SUB,자동매핑,
AJR30011102,MJU66792106,"Tube,Connector",AJR30011101-SUB,자동매핑,
AJR30011102,MJU66792107,"Tube,Connector",AJR30011101-SUB,자동매핑,
AJR30011102,MJU66792108,"Tube,Connector",AJR30011101-SUB,자동매핑,
AJR30011102,MJU66792109,"Tube,Connector",AJR30011101-SUB,자동매핑,
AJR30011102,MJU66792201,"Tube,Connector",(도번직결),도번직하위,
AJR30011102,MJU66792301,"Tube,Connector",(도번직결),도번직하위,
AJR30011102,MJU66792303,"Tube,Connector",(도번직결),도번직하위,
AJR30011102,MJU66792304,"Tube,Connector",(도번직결),도번직하위,
AJR30011201,4930A20053B,"Holder,Sensor",(도번직결),도번직하위,
AJR30011201,5210A22409B,"Tube,Connector",(도번직결),도번직하위,
AJR30011201,MJU66792401,"Tube,Connector",(도번직결),도번직하위,
AJR30011201,MJU66792502,"Tube,Connector",(도번직결),도번직하위,
AJR30012001,1MPC0502018,"Screw,Machine",(도번직결),도번직하위,
AJR30012001,3A02080B,"Valve,Reverse",(도번직결),도번직하위,
AJR30012001,4010AR3071N,"Socket,Flare",(도번직결),도번직하위,
AJR30012001,4930A20053B,"Holder,Sensor",(도번직결),도번직하위,
AJR30012001,5210A22409A,"Tube,Connector",(도번직결),도번직하위,
AJR30012001,5210A23376A,"Tube,Connector",(도번직결),도번직하위,
AJR30012001,6141A20010U,Solenoid,(도번직결),도번직하위,
AJR30012001,EBF40271407,"Switch,Pressure",(도번직결),도번직하위,
AJR30012001,MJC62301701,Strainer,(도번직결),도번직하위,
AJR30012001,MJU62096501,"Tube,Connector",(도번직결),도번직하위,
AJR30012001,MJU64067201,"Tube,Connector",(도번직결),도번직하위,
AJR30012001,MJU66773001,"Tube,Connector",(도번직결),도번직하위,
AJR30012001,MJU66773101,"Tube,Connector",(도번직결),도번직하위,
AJR30012001,MJU66773201,"Tube,Connector",(도번직결),도번직하위,
AJR30012001,MJU66773203,"Tube,Connector",(도번직결),도번직하위,
AJR30012001,MJU66773204,"Tube,Connector",(도번직결),도번직하위,
AJR30012001,MJU66774702,"Tube,Connector",(도번직결),도번직하위,
AJR30012001,MJX62731401,"Valve,Check",(도번직결),도번직하위,
AJR30012001,RAC30599327,Solder Soldering,(도번직결),도번직하위,
AJR30012008,1MPC0502018,"Screw,Machine",(도번직결),도번직하위,
AJR30012008,3A02080B,"Valve,Reverse",(도번직결),도번직하위,
AJR30012008,3H01582C,Tie,(도번직결),도번직하위,
AJR30012008,4010AR3071N,"Socket,Flare",AJR30012008-SOCKET,자동매핑,
AJR30012008,4930A20053B,"Holder,Sensor",(도번직결),도번직하위,
AJR30012008,5210A22409A,"Tube,Connector",AJR30012008-S1-2,자동매핑,
AJR30012008,5210A23376A,"Tube,Connector",AJR30012008-20-1,자동매핑,
AJR30012008,6141A20010U,Solenoid,(도번직결),도번직하위,
AJR30012008,EBD64386504,"Sensor Module,Pressure",AJR30012008-20-1,자동매핑,
AJR30012008,EBD64386505,"Sensor Module,Pressure",AJR30012008-S1-2,자동매핑,
AJR30012008,EBF64570401,"Switch Assembly,Pressure",AJR30012008-20-1,자동매핑,
AJR30012008,MEV39836107,Insulator,(도번직결),도번직하위,
AJR30012008,MJC62301701,Strainer,AJR30012008-9-1,자동매핑,
AJR30012008,MJU62096501,"Tube,Connector",AJR30012008-SOCKET,자동매핑,
AJR30012008,MJU64067201,"Tube,Connector",AJR30012008-S1-2,자동매핑,
AJR30012008,MJU66773101,"Tube,Connector",AJR30012008-20-1,자동매핑,
AJR30012008,MJU66773201,"Tube,Connector",AJR30012008-9-1,자동매핑,
AJR30012008,MJU66773203,"Tube,Connector",AJR30012008-S1-2,자동매핑,
AJR30012008,MJU66773204,"Tube,Connector",(도번직결),도번직하위,
AJR30012008,MJU66774702,"Tube,Connector",AJR30012008-9-1,자동매핑,
AJR30012008,MJX62731401,"Valve,Check",(도번직결),도번직하위,
AJR30012009,1MPC0502018,"Screw,Machine",(도번직결),도번직하위,
AJR30012009,3H01582C,Tie,(도번직결),도번직하위,
AJR30012009,4010AR3071N,"Socket,Flare",AJR30012009-SOCKET,자동매핑,
AJR30012009,4930A20053B,"Holder,Sensor",(도번직결),도번직하위,
AJR30012009,5210A22409A,"Tube,Connector",(도번직결),도번직하위,
AJR30012009,6141A20010W,Solenoid,(도번직결),도번직하위,
AJR30012009,EBD64386504,"Sensor Module,Pressure",AJR30012009-20-1,자동매핑,
AJR30012009,EBD64386505,"Sensor Module,Pressure",(도번직결),도번직하위,
AJR30012009,EBF40271407,"Switch,Pressure",AJR30012009-20-1,자동매핑,
AJR30012009,MEV39836107,Insulator,(도번직결),도번직하위,
AJR30012009,MJC62301702,Strainer,(도번직결),도번직하위,
AJR30012009,MJU62096501,"Tube,Connector",AJR30012009-SOCKET,자동매핑,
AJR30012009,MJU65966706,"Tube,Connector",AJR30012009-20-1,자동매핑,
AJR30012009,MJU65966716,"Tube,Connector",AJR30012009-20-1,자동매핑,
AJR30012009,MJU66773002,"Tube,Connector",(도번직결),도번직하위,
AJR30012009,MJU66774701,"Tube,Connector",(도번직결),도번직하위,
AJR30012009,MJX62731401,"Valve,Check",(도번직결),도번직하위,
AJR30012010,1MPC0502018,"Screw,Machine",(도번직결),도번직하위,
AJR30012010,3H01582C,Tie,(도번직결),도번직하위,
AJR30012010,4010AR3071N,"Socket,Flare",AJR30012010-SOCKET,자동매핑,
AJR30012010,4930A20053B,"Holder,Sensor",(도번직결),도번직하위,
AJR30012010,5210A22409A,"Tube,Connector",(도번직결),도번직하위,
AJR30012010,6141A20010W,Solenoid,(도번직결),도번직하위,
AJR30012010,EBD64386504,"Sensor Module,Pressure",AJR30012010-20-1,자동매핑,
AJR30012010,EBD64386505,"Sensor Module,Pressure",(도번직결),도번직하위,
AJR30012010,EBF40271407,"Switch,Pressure",AJR30012010-20-1,자동매핑,
AJR30012010,MEV39836107,Insulator,(도번직결),도번직하위,
AJR30012010,MJC62301702,Strainer,(도번직결),도번직하위,
AJR30012010,MJU62096501,"Tube,Connector",AJR30012010-SOCKET,자동매핑,
AJR30012010,MJU65966705,"Tube,Connector",AJR30012010-20-1,자동매핑,
AJR30012010,MJU66773002,"Tube,Connector",(도번직결),도번직하위,
AJR30012010,MJU66774701,"Tube,Connector",(도번직결),도번직하위,
AJR30012010,MJX62731401,"Valve,Check",(도번직결),도번직하위,
AJR30012011,1MPC0502018,"Screw,Machine",(도번직결),도번직하위,
AJR30012011,3H01582C,Tie,(도번직결),도번직하위,
AJR30012011,4010AR3071N,"Socket,Flare",AJR30012011-SOCKET,자동매핑,
AJR30012011,4930A20053B,"Holder,Sensor",(도번직결),도번직하위,
AJR30012011,4A00114C,"Tube,Connector",AJR30012011-20-1,자동매핑,
AJR30012011,5210A22409A,"Tube,Connector",(도번직결),도번직하위,
AJR30012011,6141A20010W,Solenoid,(도번직결),도번직하위,
AJR30012011,EBD64386504,"Sensor Module,Pressure",AJR30012011-20-1,자동매핑,
AJR30012011,EBD64386505,"Sensor Module,Pressure",(도번직결),도번직하위,
AJR30012011,EBF40271407,"Switch,Pressure",AJR30012011-20-1,자동매핑,
AJR30012011,MEV39836107,Insulator,(도번직결),도번직하위,
AJR30012011,MJC62301702,Strainer,(도번직결),도번직하위,
AJR30012011,MJU62096501,"Tube,Connector",AJR30012011-SOCKET,자동매핑,
AJR30012011,MJU65966702,"Tube,Connector",AJR30012011-20-1,자동매핑,
AJR30012011,MJU65966709,"Tube,Connector",AJR30012011-20-1,자동매핑,
AJR30012011,MJU65966713,"Tube,Connector",AJR30012011-20-1,자동매핑,
AJR30012011,MJU66773002,"Tube,Connector",(도번직결),도번직하위,
AJR30012011,MJU66774701,"Tube,Connector",(도번직결),도번직하위,
AJR30012011,MJX62731401,"Valve,Check",(도번직결),도번직하위,
AJR30012012,1MPC0502018,"Screw,Machine",(도번직결),도번직하위,
AJR30012012,3A02080B,"Valve,Reverse",(도번직결),도번직하위,
AJR30012012,3H01582C,Tie,(도번직결),도번직하위,
AJR30012012,3H01582E,Tie,(도번직결),도번직하위,
AJR30012012,4010AR3071N,"Socket,Flare",AJR30012008-SOCKET,자동매핑,
AJR30012012,4930A20053B,"Holder,Sensor",(도번직결),도번직하위,
AJR30012012,5210A22409A,"Tube,Connector",AJR30012008-S1-2,자동매핑,
AJR30012012,5210A23376A,"Tube,Connector",AJR30012008-S1-1,자동매핑,
AJR30012012,6141A20010U,Solenoid,(도번직결),도번직하위,
AJR30012012,EBD64386504,"Sensor Module,Pressure",AJR30012008-S1-1,자동매핑,
AJR30012012,EBD64386505,"Sensor Module,Pressure",AJR30012008-S1-2,자동매핑,
AJR30012012,EBF64570401,"Switch Assembly,Pressure",AJR30012008-S1-1,자동매핑,
AJR30012012,MEV39836107,Insulator,(도번직결),도번직하위,
AJR30012012,MJC62301701,Strainer,AJR30012008-9-1,자동매핑,
AJR30012012,MJU62096501,"Tube,Connector",AJR30012008-SOCKET,자동매핑,
AJR30012012,MJU64067201,"Tube,Connector",AJR30012008-S1-2,자동매핑,
AJR30012012,MJU66773101,"Tube,Connector",AJR30012008-S1-1,자동매핑,
AJR30012012,MJU66773201,"Tube,Connector",AJR30012008-9-1,자동매핑,
AJR30012012,MJU66773203,"Tube,Connector",AJR30012008-S1-2,자동매핑,
AJR30012012,MJU66773204,"Tube,Connector",(도번직결),도번직하위,
AJR30012012,MJU66774702,"Tube,Connector",AJR30012008-9-1,자동매핑,
AJR30012012,MJX62731401,"Valve,Check",(도번직결),도번직하위,
AJR30012013,1MPC0502018,"Screw,Machine",(도번직결),도번직하위,
AJR30012013,3H01582B,Tie,(도번직결),도번직하위,
AJR30012013,3H01582C,Tie,(도번직결),도번직하위,
AJR30012013,3H01582E,Tie,(도번직결),도번직하위,
AJR30012013,4010AR3071N,"Socket,Flare",AJR30012009-SOCKET,자동매핑,
AJR30012013,4930A20053B,"Holder,Sensor",(도번직결),도번직하위,
AJR30012013,5210A22409A,"Tube,Connector",(도번직결),도번직하위,
AJR30012013,5220A20039A,"Valve,Reverse",(도번직결),도번직하위,
AJR30012013,6141A20010W,Solenoid,(도번직결),도번직하위,
AJR30012013,EBD64386504,"Sensor Module,Pressure",(도번직결),도번직하위,
AJR30012013,EBD64386505,"Sensor Module,Pressure",(도번직결),도번직하위,
AJR30012013,EBF40271407,"Switch,Pressure",(도번직결),도번직하위,
AJR30012013,MEV39836107,Insulator,(도번직결),도번직하위,
AJR30012013,MJC62301702,Strainer,(도번직결),도번직하위,
AJR30012013,MJU62096501,"Tube,Connector",AJR30012009-SOCKET,자동매핑,
AJR30012013,MJU65966706,"Tube,Connector",(도번직결),도번직하위,
AJR30012013,MJU65966711,"Tube,Connector",(도번직결),도번직하위,
AJR30012013,MJU65966716,"Tube,Connector",(도번직결),도번직하위,
AJR30012013,MJU66773002,"Tube,Connector",(도번직결),도번직하위,
AJR30012013,MJU66774601,"Tube,Connector",(도번직결),도번직하위,
AJR30012013,MJU66774602,"Tube,Connector",(도번직결),도번직하위,
AJR30012013,MJU66774701,"Tube,Connector",(도번직결),도번직하위,
AJR30012013,MJX62731401,"Valve,Check",(도번직결),도번직하위,
AJR30012014,1MPC0502018,"Screw,Machine",(도번직결),도번직하위,
AJR30012014,3H01582C,Tie,(도번직결),도번직하위,
AJR30012014,3H01582E,Tie,(도번직결),도번직하위,
AJR30012014,4010AR3071N,"Socket,Flare",AJR30012011-SOCKET,자동매핑,
AJR30012014,4930A20053B,"Holder,Sensor",(도번직결),도번직하위,
AJR30012014,4A00114C,"Tube,Connector",(도번직결),도번직하위,
AJR30012014,5210A22409A,"Tube,Connector",(도번직결),도번직하위,
AJR30012014,5220A20039A,"Valve,Reverse",(도번직결),도번직하위,
AJR30012014,6141A20010W,Solenoid,(도번직결),도번직하위,
AJR30012014,EBD64386504,"Sensor Module,Pressure",(도번직결),도번직하위,
AJR30012014,EBD64386505,"Sensor Module,Pressure",(도번직결),도번직하위,
AJR30012014,EBF40271407,"Switch,Pressure",(도번직결),도번직하위,
AJR30012014,MEV39836107,Insulator,(도번직결),도번직하위,
AJR30012014,MJC62301702,Strainer,(도번직결),도번직하위,
AJR30012014,MJU62096501,"Tube,Connector",AJR30012011-SOCKET,자동매핑,
AJR30012014,MJU65966702,"Tube,Connector",(도번직결),도번직하위,
AJR30012014,MJU65966709,"Tube,Connector",(도번직결),도번직하위,
AJR30012014,MJU65966711,"Tube,Connector",(도번직결),도번직하위,
AJR30012014,MJU65966713,"Tube,Connector",(도번직결),도번직하위,
AJR30012014,MJU66773002,"Tube,Connector",(도번직결),도번직하위,
AJR30012014,MJU66774601,"Tube,Connector",(도번직결),도번직하위,
AJR30012014,MJU66774602,"Tube,Connector",(도번직결),도번직하위,
AJR30012014,MJU66774701,"Tube,Connector",(도번직결),도번직하위,
AJR30012014,MJX62731401,"Valve,Check",(도번직결),도번직하위,
AJR30012101,3H01582E,Tie,(도번직결),도번직하위,
AJR30012101,5014A30014E,"Damper,Tube",(도번직결),도번직하위,
AJR30012101,5210A22409A,"Tube,Connector",AJR30012101-16-3,자동매핑,
AJR30012101,5224A20005D,Strainer,AJR30012101-16-3,자동매핑,
AJR30012101,5224A20005J,Strainer,(도번직결),도번직하위,
AJR30012101,AJR74482401,"Tube Assembly,Connector",AJR74482401-1,자동매핑,
AJR30012101,EAP65270716,"Coil Module,Expansion",(도번직결),도번직하위,
AJR30012101,MFN62721710,Mesh,AJR30012101-16-2,자동매핑,
AJR30012101,MJU63706401,"Tube,Connector",(도번직결),도번직하위,
AJR30012101,MJU63706501,"Tube,Connector",AJR30012101-16-3,자동매핑,
AJR30012101,MJU63707001,"Tube,Connector",(도번직결),도번직하위,
AJR30012101,MJU63751002,"Tube,Connector",AJR30012101-16-3,자동매핑,
AJR30012101,MJU65986405,"Tube,Connector",(도번직결),도번직하위,
AJR30012101,MJU66773701,"Tube,Connector",AJR30012101-16-3,자동매핑,
AJR30012101,MJU66773702,"Tube,Connector",AJR30012101-16-2,자동매핑,
AJR30012101,MJU66773703,"Tube,Connector",AJR30012101-16-2,자동매핑,
AJR30012101,MJX63992003,"Valve,Expansion Body",(도번직결),도번직하위,
AJR30012102,3H01582E,Tie,(도번직결),도번직하위,
AJR30012102,5014A30014E,"Damper,Tube",(도번직결),도번직하위,
AJR30012102,5210A22409A,"Tube,Connector",AJR30012101-16-3,자동매핑,
AJR30012102,5224A20005D,Strainer,AJR30012101-16-3,자동매핑,
AJR30012102,5224A20005J,Strainer,(도번직결),도번직하위,
AJR30012102,AJR74482401,"Tube Assembly,Connector",AJR74482401-1,자동매핑,
AJR30012102,EAP65270717,"Coil Module,Expansion",(도번직결),도번직하위,
AJR30012102,MFN62721710,Mesh,AJR30012101-16-2,자동매핑,
AJR30012102,MJU63706501,"Tube,Connector",AJR30012101-16-3,자동매핑,
AJR30012102,MJU63707001,"Tube,Connector",(도번직결),도번직하위,
AJR30012102,MJU63751002,"Tube,Connector",AJR30012101-16-3,자동매핑,
AJR30012102,MJU65986405,"Tube,Connector",(도번직결),도번직하위,
AJR30012102,MJU66773701,"Tube,Connector",AJR30012101-16-3,자동매핑,
AJR30012102,MJU66773702,"Tube,Connector",AJR30012101-16-2,자동매핑,
AJR30012102,MJU66773703,"Tube,Connector",AJR30012101-16-2,자동매핑,
AJR30012102,MJU66830901,"Tube,Connector",(도번직결),도번직하위,
AJR30012102,MJU66831001,"Tube,Connector",(도번직결),도번직하위,
AJR30012102,MJX63992001,"Valve,Expansion Body",(도번직결),도번직하위,
AJR30019401,3H01582E,Tie,(도번직결),도번직하위,
AJR30019401,5014A20009B,"Damper,Tube",(도번직결),도번직하위,
AJR30019401,5410A21281A,"Insulator,Tube",(도번직결),도번직하위,
AJR30019401,MEG65559801,"Holder,Sensor",(도번직결),도번직하위,
AJR30019401,MJU66777701,"Tube,Discharge",(도번직결),도번직하위,
AJR30019401,MJU66777702,"Tube,Discharge",(도번직결),도번직하위,
AJR30019402,3H01582E,Tie,(도번직결),도번직하위,
AJR30019402,5014A20009B,"Damper,Tube",(도번직결),도번직하위,
AJR30019402,5410A21281A,"Insulator,Tube",(도번직결),도번직하위,
AJR30019402,MEG65559801,"Holder,Sensor",(도번직결),도번직하위,
AJR30019402,MJU66777703,"Tube,Discharge",(도번직결),도번직하위,
AJR30019402,MJU66777704,"Tube,Discharge",(도번직결),도번직하위,
AJR30019801,1SZZA20001L,"Screw,Customized",(도번직결),도번직하위,
AJR30019801,4930A20053B,"Holder,Sensor",(도번직결),도번직하위,
AJR30019801,4A00114D,"Tube,Connector",AJR30019801-3-1,자동매핑,
AJR30019801,5014A20009C,"Damper,Tube",(도번직결),도번직하위,
AJR30019801,5210A22409A,"Tube,Connector",(도번직결),도번직하위,
AJR30019801,5410A20217B,"Insulator,Felt",(도번직결),도번직하위,
AJR30019801,AJU73472403,Valve Assembly,(도번직결),도번직하위,
AJR30019801,EBE60661407,Solenoid,(도번직결),도번직하위,
AJR30019801,MAZ64825101,Bracket,(도번직결),도번직하위,
AJR30019801,MAZ64825201,Bracket,(도번직결),도번직하위,
AJR30019801,MAZ64825301,Bracket,(도번직결),도번직하위,
AJR30019801,MJH63775701,Supporter,(도번직결),도번직하위,
AJR30019801,MJU64428601,"Tube,Connector",(도번직결),도번직하위,
AJR30019801,MJU64731603,"Tube,Connector",AJR30019801-3-1,자동매핑,
AJR30019801,MJU64731604,"Tube,Connector",AJR30019801-3-1,자동매핑,
AJR30019801,MJU64731605,"Tube,Connector",(도번직결),도번직하위,
AJR30019801,MJU66777901,"Tube,Connector",AJR30019801-3-1,자동매핑,
AJR30019801,MJX61841301,"Valve,Solenoid",(도번직결),도번직하위,
AJR30020701,MJU62672401,"Tube,Connector",(도번직결),도번직하위,
AJR30020701,MJU66779308,"Tube,Connector",(도번직결),도번직하위,
AJR30020701,MJU66779501,"Tube,Manifold",(도번직결),도번직하위,
AJR30020701,MJU66779502,"Tube,Manifold",(도번직결),도번직하위,
AJR30025101,3H01582A,Tie,(도번직결),도번직하위,
AJR30025101,4A00114D,"Tube,Connector",(도번직결),도번직하위,
AJR30025101,MEV67729401,Insulator,(도번직결),도번직하위,
AJR30025101,MJU66790801,"Tube,Connector",(도번직결),도번직하위,
AJR30025101,MJU66790802,"Tube,Connector",(도번직결),도번직하위,
AJR30025101,MJU66790803,"Tube,Connector",(도번직결),도번직하위,
AJR30025104,3H01582A,Tie,(도번직결),도번직하위,
AJR30025104,5210A23089A,"Tube,Pinch Off",(도번직결),도번직하위,
AJR30025104,MEV67729404,Insulator,(도번직결),도번직하위,
AJR30025104,MJU66804702,"Tube,Connector",(도번직결),도번직하위,
AJR30025105,3H01582A,Tie,(도번직결),도번직하위,
AJR30025105,5210A23089A,"Tube,Pinch Off",(도번직결),도번직하위,
AJR30025105,MEV67729405,Insulator,(도번직결),도번직하위,
AJR30025105,MJU66804703,"Tube,Connector",(도번직결),도번직하위,
AJR30025401,3H01582A,Tie,(도번직결),도번직하위,
AJR30025401,4930A20053B,"Holder,Sensor",(도번직결),도번직하위,
AJR30025401,5210A22409A,"Tube,Connector",(도번직결),도번직하위,
AJR30025401,AJU75833601,"Valve Assembly,Gear Expa",(도번직결),도번직하위,
AJR30025401,MFN62721710,Mesh,(도번직결),도번직하위,
AJR30025401,MJU66792502,"Tube,Connector",(도번직결),도번직하위,
AJR30025401,MJU66792601,"Tube,Connector",(도번직결),도번직하위,
AJR30025401,MJU66792701,"Tube,Connector",(도번직결),도번직하위,
AJR30025401,MJU66792702,"Tube,Connector",(도번직결),도번직하위,
AJR30025401,MJU66792703,"Tube,Connector",(도번직결),도번직하위,
AJR30025401,MJU66792704,"Tube,Connector",(도번직결),도번직하위,
AJR30025501,3H01582A,Tie,(도번직결),도번직하위,
AJR30025501,4930A20053B,"Holder,Sensor",(도번직결),도번직하위,
AJR30025501,5210A22409A,"Tube,Connector",(도번직결),도번직하위,
AJR30025501,AJU75835101,"Valve Assembly,Gear Expa",(도번직결),도번직하위,
AJR30025501,MFN62721710,Mesh,(도번직결),도번직하위,
AJR30025501,MJU66792502,"Tube,Connector",(도번직결),도번직하위,
AJR30025501,MJU66792603,"Tube,Connector",(도번직결),도번직하위,
AJR30025501,MJU66792701,"Tube,Connector",(도번직결),도번직하위,
AJR30025501,MJU66792702,"Tube,Connector",(도번직결),도번직하위,
AJR30025501,MJU66792703,"Tube,Connector",(도번직결),도번직하위,
AJR30025501,MJU66792704,"Tube,Connector",(도번직결),도번직하위,
AJR30025601,4930A20053B,"Holder,Sensor",(도번직결),도번직하위,
AJR30025601,5210A22409B,"Tube,Connector",(도번직결),도번직하위,
AJR30025601,MJU66792501,"Tube,Connector",(도번직결),도번직하위,
AJR30025601,MJU66792705,"Tube,Connector",(도번직결),도번직하위,
AJR30025701,4930A20053B,"Holder,Sensor",(도번직결),도번직하위,
AJR30025701,5210A22409B,"Tube,Connector",(도번직결),도번직하위,
AJR30025701,MJU66792402,"Tube,Connector",(도번직결),도번직하위,
AJR30025701,MJU66792503,"Tube,Connector",(도번직결),도번직하위,
AJR30027701,1MPC0502018,"Screw,Machine",(도번직결),도번직하위,
AJR30027701,3H01582C,Tie,(도번직결),도번직하위,
AJR30027701,4A00114B,"Tube,Connector",AJR30027701-12-2,자동매핑,
AJR30027701,5014A20009C,"Damper,Tube",(도번직결),도번직하위,
AJR30027701,5210A00039H,"Tube,Connector",AJR30027701-SUB2,자동매핑,
AJR30027701,5210A23376A,"Tube,Connector",AJR30027701-SUB1,자동매핑,
AJR30027701,5220AP3777C,"Valve,Reverse",AJR30027701-SUB2,자동매핑,
AJR30027701,6141A20010W,Solenoid,(도번직결),도번직하위,
AJR30027701,EBD64386504,"Sensor Module,Pressure",(도번직결),도번직하위,
AJR30027701,EBD64386505,"Sensor Module,Pressure",AJR30027701-SUB1,자동매핑,
AJR30027701,EBE60742004,Solenoid,(도번직결),도번직하위,
AJR30027701,EBF40271416,"Switch,Pressure",(도번직결),도번직하위,
AJR30027701,MEG66660104,"Holder,Tubing",(도번직결),도번직하위,
AJR30027701,MEV39836107,Insulator,(도번직결),도번직하위,
AJR30027701,MJU66798601,"Tube,Connector",AJR30027701-SUB2,자동매핑,
AJR30027701,MJU66799003,"Tube,Connector",AJR30027701-12-2,자동매핑,
AJR30027701,MJU66800301,"Tube,Connector",AJR30027701-12-2,자동매핑,
AJR30027701,MJU66800302,"Tube,Connector",AJR30027701-12-2,자동매핑,
AJR30027701,MJU66800303,"Tube,Connector",AJR30027701-12-2,자동매핑,
AJR30027701,MJU66800304,"Tube,Connector",AJR30027701-SUB1,자동매핑,
AJR30027701,MJU66800401,"Tube,Connector",AJR30027701-SUB1,자동매핑,
AJR30027703,1MPC0502018,"Screw,Machine",(도번직결),도번직하위,
AJR30027703,3H01582C,Tie,(도번직결),도번직하위,
AJR30027703,4A00114C,"Tube,Connector",AJR30027703-12-3,자동매핑,
AJR30027703,5014A20009C,"Damper,Tube",(도번직결),도번직하위,
AJR30027703,5210A00039G,"Tube,Connector",AJR30027703-SUB2,자동매핑,
AJR30027703,5210A23376A,"Tube,Connector",AJR30027703-SUB1,자동매핑,
AJR30027703,5220A20039A,"Valve,Reverse",AJR30027703-SUB2,자동매핑,
AJR30027703,5224A20005A,Strainer,AJR30027703-SUB1,자동매핑,
AJR30027703,5410A30055S,"Insulator,Tube",(도번직결),도번직하위,
AJR30027703,6141A20010U,Solenoid,(도번직결),도번직하위,
AJR30027703,EBD64386504,"Sensor Module,Pressure",(도번직결),도번직하위,
AJR30027703,EBD64386505,"Sensor Module,Pressure",AJR30027703-SUB1,자동매핑,
AJR30027703,EBE60742004,Solenoid,(도번직결),도번직하위,
AJR30027703,EBF40271416,"Switch,Pressure",(도번직결),도번직하위,
AJR30027703,MEG66660105,"Holder,Tubing",(도번직결),도번직하위,
AJR30027703,MEG66660106,"Holder,Tubing",(도번직결),도번직하위,
AJR30027703,MEV39836107,Insulator,(도번직결),도번직하위,
AJR30027703,MJC62301702,Strainer,AJR30027703-SUB2,자동매핑,
AJR30027703,MJU66798702,"Tube,Connector",AJR30027703-12-3,자동매핑,
AJR30027703,MJU66798704,"Tube,Connector",AJR30027703-12-3,자동매핑,
AJR30027703,MJU66798802,"Tube,Connector",AJR30027703-12-3,자동매핑,
AJR30027703,MJU66798901,"Tube,Connector",AJR30027703-12-3,자동매핑,
AJR30027703,MJU66799001,"Tube,Connector",(도번직결),도번직하위,
AJR30027703,MJU66799101,"Tube,Connector",AJR30027703-SUB2,자동매핑,
AJR30027703,MJU66799401,"Tube,Connector",AJR30027703-SUB2,자동매핑,
AJR30027703,MJU66799402,"Tube,Connector",AJR30027703-SUB1,자동매핑,
AJR30027703,MJU66799403,"Tube,Connector",AJR30027703-SUB1,자동매핑,
AJR30027703,MJU66799404,"Tube,Connector",AJR30027703-SUB1,자동매핑,
AJR30027703,MJU66799501,"Tube,Connector",AJR30027703-12-3,자동매핑,
AJR30027703,MJU66799601,"Tube,Connector",AJR30027703-SUB1,자동매핑,
AJR30027705,1MPC0502018,"Screw,Machine",(도번직결),도번직하위,
AJR30027705,3H01582C,Tie,(도번직결),도번직하위,
AJR30027705,4A00114B,"Tube,Connector",AJR30027701-12-2,자동매핑,
AJR30027705,5014A20009C,"Damper,Tube",(도번직결),도번직하위,
AJR30027705,5210A00039H,"Tube,Connector",AJR30027705-SUB2,자동매핑,
AJR30027705,5210A23376A,"Tube,Connector",AJR30027705-SUB1,자동매핑,
AJR30027705,5220AP3777C,"Valve,Reverse",AJR30027705-SUB2,자동매핑,
AJR30027705,6141A20010U,Solenoid,(도번직결),도번직하위,
AJR30027705,EBD64386504,"Sensor Module,Pressure",(도번직결),도번직하위,
AJR30027705,EBD64386505,"Sensor Module,Pressure",AJR30027705-SUB1,자동매핑,
AJR30027705,EBE60742004,Solenoid,(도번직결),도번직하위,
AJR30027705,EBF40271416,"Switch,Pressure",(도번직결),도번직하위,
AJR30027705,MEG66660104,"Holder,Tubing",(도번직결),도번직하위,
AJR30027705,MEV39836107,Insulator,(도번직결),도번직하위,
AJR30027705,MJU66798601,"Tube,Connector",AJR30027705-SUB2,자동매핑,
AJR30027705,MJU66799003,"Tube,Connector",AJR30027701-12-2,자동매핑,
AJR30027705,MJU66800301,"Tube,Connector",AJR30027701-12-2,자동매핑,
AJR30027705,MJU66800302,"Tube,Connector",AJR30027701-12-2,자동매핑,
AJR30027705,MJU66800303,"Tube,Connector",AJR30027701-12-2,자동매핑,
AJR30027705,MJU66800304,"Tube,Connector",AJR30027705-SUB1,자동매핑,
AJR30027705,MJU66800401,"Tube,Connector",AJR30027705-SUB1,자동매핑,
AJR30027705,MKW30000003,"Plug,Fusible",(도번직결),도번직하위,
AJR30027707,1MPC0502018,"Screw,Machine",(도번직결),도번직하위,
AJR30027707,3H01582C,Tie,(도번직결),도번직하위,
AJR30027707,4A00114C,"Tube,Connector",AJR30027703-12-3,자동매핑,
AJR30027707,5014A20009C,"Damper,Tube",(도번직결),도번직하위,
AJR30027707,5210A00039G,"Tube,Connector",AJR30027707-SUB2,자동매핑,
AJR30027707,5210A23376A,"Tube,Connector",AJR30027707-SUB1,자동매핑,
AJR30027707,5220A20039A,"Valve,Reverse",AJR30027707-SUB2,자동매핑,
AJR30027707,5224A20005A,Strainer,AJR30027707-SUB1,자동매핑,
AJR30027707,5410A30055S,"Insulator,Tube",(도번직결),도번직하위,
AJR30027707,6141A20010U,Solenoid,(도번직결),도번직하위,
AJR30027707,EBD64386504,"Sensor Module,Pressure",(도번직결),도번직하위,
AJR30027707,EBD64386505,"Sensor Module,Pressure",AJR30027707-SUB1,자동매핑,
AJR30027707,EBE60742004,Solenoid,(도번직결),도번직하위,
AJR30027707,EBF40271416,"Switch,Pressure",(도번직결),도번직하위,
AJR30027707,MEG66660105,"Holder,Tubing",(도번직결),도번직하위,
AJR30027707,MEG66660106,"Holder,Tubing",(도번직결),도번직하위,
AJR30027707,MEV39836107,Insulator,(도번직결),도번직하위,
AJR30027707,MJC62301702,Strainer,AJR30027707-SUB2,자동매핑,
AJR30027707,MJU66798702,"Tube,Connector",AJR30027703-12-3,자동매핑,
AJR30027707,MJU66798704,"Tube,Connector",AJR30027703-12-3,자동매핑,
AJR30027707,MJU66798802,"Tube,Connector",AJR30027703-12-3,자동매핑,
AJR30027707,MJU66798901,"Tube,Connector",AJR30027703-12-3,자동매핑,
AJR30027707,MJU66799001,"Tube,Connector",(도번직결),도번직하위,
AJR30027707,MJU66799101,"Tube,Connector",AJR30027707-SUB2,자동매핑,
AJR30027707,MJU66799401,"Tube,Connector",AJR30027707-SUB2,자동매핑,
AJR30027707,MJU66799403,"Tube,Connector",AJR30027707-SUB1,자동매핑,
AJR30027707,MJU66799404,"Tube,Connector",AJR30027707-SUB1,자동매핑,
AJR30027707,MJU66799408,"Tube,Connector",AJR30027707-SUB1,자동매핑,
AJR30027707,MJU66799501,"Tube,Connector",AJR30027703-12-3,자동매핑,
AJR30027707,MJU66799601,"Tube,Connector",AJR30027707-SUB1,자동매핑,
AJR30027707,MKW30000003,"Plug,Fusible",(도번직결),도번직하위,
AJR30027710,1MPC0502018,"Screw,Machine",(도번직결),도번직하위,
AJR30027710,3H01582C,Tie,(도번직결),도번직하위,
AJR30027710,4A00114B,"Tube,Connector",AJR30027701-12-2,자동매핑,
AJR30027710,5014A20009C,"Damper,Tube",(도번직결),도번직하위,
AJR30027710,5210A00039H,"Tube,Connector",AJR30027710-SUB2,자동매핑,
AJR30027710,5210A23376A,"Tube,Connector",AJR30027710-SUB1,자동매핑,
AJR30027710,5220AP3777C,"Valve,Reverse",AJR30027710-SUB2,자동매핑,
AJR30027710,6141A20010U,Solenoid,(도번직결),도번직하위,
AJR30027710,EBD64386504,"Sensor Module,Pressure",(도번직결),도번직하위,
AJR30027710,EBD64386505,"Sensor Module,Pressure",AJR30027710-SUB1,자동매핑,
AJR30027710,EBE60742004,Solenoid,(도번직결),도번직하위,
AJR30027710,EBF40271416,"Switch,Pressure",(도번직결),도번직하위,
AJR30027710,MEG66660102,"Holder,Tubing",(도번직결),도번직하위,
AJR30027710,MEG66660104,"Holder,Tubing",(도번직결),도번직하위,
AJR30027710,MEG66660106,"Holder,Tubing",(도번직결),도번직하위,
AJR30027710,MEV39836107,Insulator,(도번직결),도번직하위,
AJR30027710,MJU66798601,"Tube,Connector",AJR30027710-SUB2,자동매핑,
AJR30027710,MJU66799003,"Tube,Connector",AJR30027701-12-2,자동매핑,
AJR30027710,MJU66800301,"Tube,Connector",AJR30027701-12-2,자동매핑,
AJR30027710,MJU66800302,"Tube,Connector",AJR30027701-12-2,자동매핑,
AJR30027710,MJU66800303,"Tube,Connector",AJR30027701-12-2,자동매핑,
AJR30027710,MJU66800304,"Tube,Connector",AJR30027710-SUB1,자동매핑,
AJR30027710,MJU66800401,"Tube,Connector",AJR30027710-SUB1,자동매핑,
AJR30027710,MKW30000003,"Plug,Fusible",(도번직결),도번직하위,
AJR30027712,1MPC0502018,"Screw,Machine",(도번직결),도번직하위,
AJR30027712,3H01582C,Tie,(도번직결),도번직하위,
AJR30027712,4A00114C,"Tube,Connector",AJR30027703-12-3,자동매핑,
AJR30027712,5014A20009C,"Damper,Tube",(도번직결),도번직하위,
AJR30027712,5210A00039G,"Tube,Connector",AJR30027712-SUB2,자동매핑,
AJR30027712,5210A23376A,"Tube,Connector",AJR30027712-SUB1,자동매핑,
AJR30027712,5220A20039A,"Valve,Reverse",AJR30027712-SUB2,자동매핑,
AJR30027712,5224A20005A,Strainer,AJR30027712-SUB1,자동매핑,
AJR30027712,5410A30055S,"Insulator,Tube",(도번직결),도번직하위,
AJR30027712,6141A20010U,Solenoid,(도번직결),도번직하위,
AJR30027712,EBD64386504,"Sensor Module,Pressure",(도번직결),도번직하위,
AJR30027712,EBD64386505,"Sensor Module,Pressure",AJR30027712-SUB1,자동매핑,
AJR30027712,EBE60742004,Solenoid,(도번직결),도번직하위,
AJR30027712,EBF40271416,"Switch,Pressure",(도번직결),도번직하위,
AJR30027712,MEG66660105,"Holder,Tubing",(도번직결),도번직하위,
AJR30027712,MEG66660106,"Holder,Tubing",(도번직결),도번직하위,
AJR30027712,MEV39836107,Insulator,(도번직결),도번직하위,
AJR30027712,MJC62301702,Strainer,AJR30027712-SUB2,자동매핑,
AJR30027712,MJU66798702,"Tube,Connector",AJR30027703-12-3,자동매핑,
AJR30027712,MJU66798704,"Tube,Connector",AJR30027703-12-3,자동매핑,
AJR30027712,MJU66798802,"Tube,Connector",AJR30027703-12-3,자동매핑,
AJR30027712,MJU66798901,"Tube,Connector",AJR30027703-12-3,자동매핑,
AJR30027712,MJU66799001,"Tube,Connector",(도번직결),도번직하위,
AJR30027712,MJU66799101,"Tube,Connector",AJR30027712-SUB2,자동매핑,
AJR30027712,MJU66799401,"Tube,Connector",AJR30027712-SUB2,자동매핑,
AJR30027712,MJU66799403,"Tube,Connector",AJR30027712-SUB1,자동매핑,
AJR30027712,MJU66799404,"Tube,Connector",AJR30027712-SUB1,자동매핑,
AJR30027712,MJU66799408,"Tube,Connector",AJR30027712-SUB1,자동매핑,
AJR30027712,MJU66799501,"Tube,Connector",AJR30027703-12-3,자동매핑,
AJR30027712,MJU66799601,"Tube,Connector",AJR30027712-SUB1,자동매핑,
AJR30027712,MKW30000003,"Plug,Fusible",(도번직결),도번직하위,
AJR30027713,1MPC0502018,"Screw,Machine",(도번직결),도번직하위,
AJR30027713,3H01582C,Tie,(도번직결),도번직하위,
AJR30027713,4A00114B,"Tube,Connector",AJR30027701-12-2,자동매핑,
AJR30027713,5014A20009C,"Damper,Tube",(도번직결),도번직하위,
AJR30027713,5210A00039H,"Tube,Connector",AJR30027701-SUB2,자동매핑,
AJR30027713,5210A23376A,"Tube,Connector",AJR30027701-SUB1,자동매핑,
AJR30027713,5220AP3777C,"Valve,Reverse",AJR30027701-SUB2,자동매핑,
AJR30027713,6141A20010U,Solenoid,(도번직결),도번직하위,
AJR30027713,EBD64386504,"Sensor Module,Pressure",(도번직결),도번직하위,
AJR30027713,EBD64386505,"Sensor Module,Pressure",AJR30027701-SUB1,자동매핑,
AJR30027713,EBE60742004,Solenoid,(도번직결),도번직하위,
AJR30027713,EBF40271416,"Switch,Pressure",(도번직결),도번직하위,
AJR30027713,MEG66660104,"Holder,Tubing",(도번직결),도번직하위,
AJR30027713,MEG66660106,"Holder,Tubing",(도번직결),도번직하위,
AJR30027713,MEV39836107,Insulator,(도번직결),도번직하위,
AJR30027713,MJU66798601,"Tube,Connector",AJR30027701-SUB2,자동매핑,
AJR30027713,MJU66799003,"Tube,Connector",AJR30027701-12-2,자동매핑,
AJR30027713,MJU66800301,"Tube,Connector",AJR30027701-12-2,자동매핑,
AJR30027713,MJU66800302,"Tube,Connector",AJR30027701-12-2,자동매핑,
AJR30027713,MJU66800303,"Tube,Connector",AJR30027701-12-2,자동매핑,
AJR30027713,MJU66800304,"Tube,Connector",AJR30027701-SUB1,자동매핑,
AJR30027713,MJU66800401,"Tube,Connector",AJR30027701-SUB1,자동매핑,
AJR30027715,1MPC0502018,"Screw,Machine",(도번직결),도번직하위,
AJR30027715,3H01582C,Tie,(도번직결),도번직하위,
AJR30027715,4A00114C,"Tube,Connector",AJR30027703-12-3,자동매핑,
AJR30027715,5014A20009C,"Damper,Tube",(도번직결),도번직하위,
AJR30027715,5210A00039G,"Tube,Connector",AJR30027703-SUB2,자동매핑,
AJR30027715,5210A23376A,"Tube,Connector",AJR30027703-SUB1,자동매핑,
AJR30027715,5220A20039A,"Valve,Reverse",AJR30027703-SUB2,자동매핑,
AJR30027715,5224A20005A,Strainer,AJR30027703-SUB1,자동매핑,
AJR30027715,5410A30055S,"Insulator,Tube",(도번직결),도번직하위,
AJR30027715,6141A20010U,Solenoid,(도번직결),도번직하위,
AJR30027715,EBD64386504,"Sensor Module,Pressure",(도번직결),도번직하위,
AJR30027715,EBD64386505,"Sensor Module,Pressure",AJR30027703-SUB1,자동매핑,
AJR30027715,EBE60742004,Solenoid,(도번직결),도번직하위,
AJR30027715,EBF40271416,"Switch,Pressure",(도번직결),도번직하위,
AJR30027715,MEG66660105,"Holder,Tubing",(도번직결),도번직하위,
AJR30027715,MEG66660106,"Holder,Tubing",(도번직결),도번직하위,
AJR30027715,MEV39836107,Insulator,(도번직결),도번직하위,
AJR30027715,MJC62301702,Strainer,AJR30027703-SUB2,자동매핑,
AJR30027715,MJU66798702,"Tube,Connector",AJR30027703-12-3,자동매핑,
AJR30027715,MJU66798704,"Tube,Connector",AJR30027703-12-3,자동매핑,
AJR30027715,MJU66798802,"Tube,Connector",AJR30027703-12-3,자동매핑,
AJR30027715,MJU66798901,"Tube,Connector",AJR30027703-12-3,자동매핑,
AJR30027715,MJU66799001,"Tube,Connector",(도번직결),도번직하위,
AJR30027715,MJU66799101,"Tube,Connector",AJR30027703-SUB2,자동매핑,
AJR30027715,MJU66799401,"Tube,Connector",AJR30027703-SUB2,자동매핑,
AJR30027715,MJU66799402,"Tube,Connector",AJR30027703-SUB1,자동매핑,
AJR30027715,MJU66799403,"Tube,Connector",AJR30027703-SUB1,자동매핑,
AJR30027715,MJU66799404,"Tube,Connector",AJR30027703-SUB1,자동매핑,
AJR30027715,MJU66799501,"Tube,Connector",AJR30027703-12-3,자동매핑,
AJR30027715,MJU66799601,"Tube,Connector",AJR30027703-SUB1,자동매핑,
AJR30028409,MBL68420201,Cap,(도번직결),도번직하위,
AJR30028409,MGZ65527208,"Ring,O",(도번직결),도번직하위,
AJR30028409,MJU65006425,"Tube,Connector",(도번직결),도번직하위,
AJR30028409,MJU66803015,"Tube,Connector",(도번직결),도번직하위,
AJR30028409,RAC36134101,Grease,(도번직결),도번직하위,
AJR30028411,4A00114C,"Tube,Connector",AJR30028411-STS,자동매핑,
AJR30028411,MBL68420201,Cap,(도번직결),도번직하위,
AJR30028411,MCD65149203,Connector,AJR30028411-STS,자동매핑,
AJR30028411,MCQ70815801,"Damper,Vent",(도번직결),도번직하위,
AJR30028411,MGZ65527205,"Ring,O",(도번직결),도번직하위,
AJR30028411,MHT54371601,"Socket,Flare",AJR30028411-SUB,자동매핑,
AJR30028411,MJU65006420,"Tube,Connector",(도번직결),도번직하위,
AJR30028411,MJU66803008,"Tube,Connector",AJR30028411-STS,자동매핑,
AJR30028411,MJU66803009,"Tube,Connector",(도번직결),도번직하위,
AJR30028411,MJU66803018,"Tube,Connector",AJR30028411-SUB,자동매핑,
AJR30028411,RAC35117409,Solder Soldering,AJR30028411-STS,자동매핑,
AJR30028411,RAC36134101,Grease,(도번직결),도번직하위,
AJR30029801,MJU66805601,"Tube,Connector",(도번직결),도번직하위,
AJR30029801,MJU66805602,"Tube,Connector",(도번직결),도번직하위,
AJR30029801,MJU66805603,"Tube,Connector",(도번직결),도번직하위,
AJR30029801,MJU66805604,"Tube,Connector",(도번직결),도번직하위,
AJR30029801,MJU66805605,"Tube,Connector",(도번직결),도번직하위,
AJR30029802,MJU66805606,"Tube,Connector",(도번직결),도번직하위,
AJR30029802,MJU66805607,"Tube,Connector",(도번직결),도번직하위,
AJR30029802,MJU66805608,"Tube,Connector",(도번직결),도번직하위,
AJR30029901,3850A24001A,"Label,Sticker",(도번직결),도번직하위,
AJR30029901,3850A24001B,"Label,Sticker",(도번직결),도번직하위,
AJR30029901,3H01582A,Tie,(도번직결),도번직하위,
AJR30029901,3H01582E,Tie,(도번직결),도번직하위,
AJR30029901,5014A30014B,"Damper,Tube",(도번직결),도번직하위,
AJR30029901,5014A30014E,"Damper,Tube",(도번직결),도번직하위,
AJR30029901,AJU36719729,Valve Assembly,(도번직결),도번직하위,
AJR30029901,MJU66806101,"Tube,Connector",(도번직결),도번직하위,
AJR30029901,MJU66806102,"Tube,Connector",(도번직결),도번직하위,
AJR30029901,MJU66806103,"Tube,Connector",(도번직결),도번직하위,
AJR30029901,MJU66806104,"Tube,Connector",(도번직결),도번직하위,
AJR30029901,MJU66806105,"Tube,Connector",(도번직결),도번직하위,
AJR30029901,MJU66806106,"Tube,Connector",(도번직결),도번직하위,
AJR30030101,3850A24001A,"Label,Sticker",(도번직결),도번직하위,
AJR30030101,4930A20053B,"Holder,Sensor",(도번직결),도번직하위,
AJR30030101,5210A22409A,"Tube,Connector",(도번직결),도번직하위,
AJR30030101,MJU66806301,"Tube,Connector",(도번직결),도번직하위,
AJR30030101,MJU66806302,"Tube,Connector",(도번직결),도번직하위,
AJR30030101,MJU66806303,"Tube,Connector",(도번직결),도번직하위,
AJR30030101,MJU66806304,"Tube,Connector",(도번직결),도번직하위,
AJR30030101,MJU66806305,"Tube,Connector",(도번직결),도번직하위,
AJR30030101,MJU66806306,"Tube,Connector",(도번직결),도번직하위,
AJR30030103,4930A20053B,"Holder,Sensor",(도번직결),도번직하위,
AJR30030103,5210A22409A,"Tube,Connector",(도번직결),도번직하위,
AJR30030103,MJU66806302,"Tube,Connector",(도번직결),도번직하위,
AJR30030103,MJU66806303,"Tube,Connector",(도번직결),도번직하위,
AJR30030103,MJU66806304,"Tube,Connector",(도번직결),도번직하위,
AJR30030103,MJU66806305,"Tube,Connector",(도번직결),도번직하위,
AJR30030103,MJU66806306,"Tube,Connector",(도번직결),도번직하위,
AJR30030103,MJU66806311,"Tube,Connector",(도번직결),도번직하위,
AJR30031101,4930A20053B,"Holder,Sensor",(도번직결),도번직하위,
AJR30031101,5210A22409B,"Tube,Connector",(도번직결),도번직하위,
AJR30031101,MJU66825901,"Tube,Connector",(도번직결),도번직하위,
AJR30031101,MJU66826001,"Tube,Connector",(도번직결),도번직하위,
AJR30031101,MJU66826002,"Tube,Connector",(도번직결),도번직하위,
AJR30031101,MJU66826003,"Tube,Connector",(도번직결),도번직하위,
AJR30031101,MJU66826004,"Tube,Connector",(도번직결),도번직하위,
AJR30031101,MJU66826005,"Tube,Connector",(도번직결),도번직하위,
AJR30031101,MJU66826006,"Tube,Connector",(도번직결),도번직하위,
AJR30031102,4930A20053B,"Holder,Sensor",(도번직결),도번직하위,
AJR30031102,5210A22409B,"Tube,Connector",(도번직결),도번직하위,
AJR30031102,5210A23089A,"Tube,Pinch Off",(도번직결),도번직하위,
AJR30031102,5410A21281A,"Insulator,Tube",(도번직결),도번직하위,
AJR30031102,MJU66825901,"Tube,Connector",(도번직결),도번직하위,
AJR30031102,MJU66826001,"Tube,Connector",(도번직결),도번직하위,
AJR30031102,MJU66826002,"Tube,Connector",(도번직결),도번직하위,
AJR30031102,MJU66826003,"Tube,Connector",(도번직결),도번직하위,
AJR30031102,MJU66826004,"Tube,Connector",(도번직결),도번직하위,
AJR30031102,MJU66826005,"Tube,Connector",(도번직결),도번직하위,
AJR30031102,MJU66826006,"Tube,Connector",(도번직결),도번직하위,
AJR30031102,MJU66826007,"Tube,Connector",(도번직결),도번직하위,
AJR30031201,3H01582A,Tie,(도번직결),도번직하위,
AJR30031201,3H03659N,Strainer,(도번직결),도번직하위,
AJR30031201,4930A20053B,"Holder,Sensor",(도번직결),도번직하위,
AJR30031201,5210A22409A,"Tube,Connector",(도번직결),도번직하위,
AJR30031201,5210A28001S,"Tube,Return Bending",(도번직결),도번직하위,
AJR30031201,5410A21281A,"Insulator,Tube",(도번직결),도번직하위,
AJR30031201,AJU75837302,"Valve Assembly,Gear Expa",(도번직결),도번직하위,
AJR30031201,MJU63512511,"Tube,Distributor",AJR30031201-12-1,자동매핑,
AJR30031201,MJU66823801,"Tube,Connector",AJR30031201-12-1,자동매핑,
AJR30031201,MJU66823802,"Tube,Connector",AJR30031201-12-1,자동매핑,
AJR30031201,MJU66823803,"Tube,Connector",AJR30031201-12-1,자동매핑,
AJR30031201,MJU66823804,"Tube,Connector",AJR30031201-12-1,자동매핑,
AJR30031201,MJU66823805,"Tube,Connector",AJR30031201-12-1,자동매핑,
AJR30031201,MJU66823806,"Tube,Connector",AJR30031201-12-1,자동매핑,
AJR30031201,MJU66823807,"Tube,Connector",AJR30031201-12-1,자동매핑,
AJR30031201,MJU66823808,"Tube,Connector",AJR30031201-12-1,자동매핑,
AJR30031201,MJU66823809,"Tube,Connector",AJR30031201-12-1,자동매핑,
AJR30031201,MJU66823810,"Tube,Connector",AJR30031201-12-1,자동매핑,
AJR30031201,MJU66825401,"Tube,Connector",(도번직결),도번직하위,
AJR30031201,MJU66825402,"Tube,Connector",(도번직결),도번직하위,
AJR30031201,MJU66825403,"Tube,Connector",(도번직결),도번직하위,
AJR30031201,MJU66825404,"Tube,Connector",(도번직결),도번직하위,
AJR30031202,3H01582A,Tie,(도번직결),도번직하위,
AJR30031202,3H03659N,Strainer,(도번직결),도번직하위,
AJR30031202,4930A20053B,"Holder,Sensor",(도번직결),도번직하위,
AJR30031202,5210A00039W,"Tube,Connector",(도번직결),도번직하위,
AJR30031202,5210A22409A,"Tube,Connector",(도번직결),도번직하위,
AJR30031202,5210A28001S,"Tube,Return Bending",(도번직결),도번직하위,
AJR30031202,5410A21281A,"Insulator,Tube",(도번직결),도번직하위,
AJR30031202,AJU75837302,"Valve Assembly,Gear Expa",(도번직결),도번직하위,
AJR30031202,MJU63512511,"Tube,Distributor",AJR30031201-12-1,자동매핑,
AJR30031202,MJU66823801,"Tube,Connector",AJR30031201-12-1,자동매핑,
AJR30031202,MJU66823802,"Tube,Connector",AJR30031201-12-1,자동매핑,
AJR30031202,MJU66823803,"Tube,Connector",AJR30031201-12-1,자동매핑,
AJR30031202,MJU66823804,"Tube,Connector",AJR30031201-12-1,자동매핑,
AJR30031202,MJU66823805,"Tube,Connector",AJR30031201-12-1,자동매핑,
AJR30031202,MJU66823806,"Tube,Connector",AJR30031201-12-1,자동매핑,
AJR30031202,MJU66823807,"Tube,Connector",AJR30031201-12-1,자동매핑,
AJR30031202,MJU66823808,"Tube,Connector",AJR30031201-12-1,자동매핑,
AJR30031202,MJU66823809,"Tube,Connector",AJR30031201-12-1,자동매핑,
AJR30031202,MJU66823810,"Tube,Connector",AJR30031201-12-1,자동매핑,
AJR30031202,MJU66825401,"Tube,Connector",(도번직결),도번직하위,
AJR30031202,MJU66825402,"Tube,Connector",(도번직결),도번직하위,
AJR30031202,MJU66825403,"Tube,Connector",(도번직결),도번직하위,
AJR30031202,MJU66825404,"Tube,Connector",(도번직결),도번직하위,
AJR30031202,MJU66825405,"Tube,Connector",(도번직결),도번직하위,
AJR30031601,4930A20053B,"Holder,Sensor",(도번직결),도번직하위,
AJR30031601,5210A22409A,"Tube,Connector",(도번직결),도번직하위,
AJR30031601,MJU66166605,"Tube,Connector",(도번직결),도번직하위,
AJR30031601,MJU66810401,"Tube,Manifold",(도번직결),도번직하위,
AJR30031601,MJU66810501,"Tube,Connector",(도번직결),도번직하위,
AJR30031601,MJU66810502,"Tube,Connector",(도번직결),도번직하위,
AJR30031601,MJU66810503,"Tube,Connector",(도번직결),도번직하위,
AJR30031701,MJU66810402,"Tube,Manifold",(도번직결),도번직하위,
AJR30031701,MJU66810601,"Tube,Connector",(도번직결),도번직하위,
AJR30031701,MJU66810602,"Tube,Connector",(도번직결),도번직하위,
AJR30031801,3H01582A,Tie,(도번직결),도번직하위,
AJR30031801,4010AR3071N,"Socket,Flare",(도번직결),도번직하위,
AJR30031801,MEG66660106,"Holder,Tubing",(도번직결),도번직하위,
AJR30031801,MJU38232201,"Tube,Pinch Off",(도번직결),도번직하위,
AJR30031801,MJU66805505,"Tube,Connector",(도번직결),도번직하위,
AJR30031801,MJU66810701,"Tube,Connector",(도번직결),도번직하위,
AJR30031801,MJU66810702,"Tube,Connector",(도번직결),도번직하위,
AJR30031801,MJX62731401,"Valve,Check",(도번직결),도번직하위,
AJR30031804,3H01582A,Tie,(도번직결),도번직하위,
AJR30031804,4010AR3071N,"Socket,Flare",(도번직결),도번직하위,
AJR30031804,MBL65458001,Cap,(도번직결),도번직하위,
AJR30031804,MEG66660106,"Holder,Tubing",(도번직결),도번직하위,
AJR30031804,MJU38232201,"Tube,Pinch Off",(도번직결),도번직하위,
AJR30031804,MJU66805505,"Tube,Connector",(도번직결),도번직하위,
AJR30031804,MJU66810701,"Tube,Connector",(도번직결),도번직하위,
AJR30031804,MJU66810703,"Tube,Connector",AJR30031804-IS,자동매핑,
AJR30031804,MJU66823601,"Tube,Connector",AJR30031804-IS,자동매핑,
AJR30031804,MJU66823602,"Tube,Connector",AJR30031804-IS,자동매핑,
AJR30031804,MJX62731401,"Valve,Check",(도번직결),도번직하위,
AJR30033101,1MPC0502018,"Screw,Machine",(도번직결),도번직하위,
AJR30033101,3A02080E,"Valve,Reverse",(도번직결),도번직하위,
AJR30033101,3H01582A,Tie,(도번직결),도번직하위,
AJR30033101,3H01582C,Tie,(도번직결),도번직하위,
AJR30033101,4930A20053B,"Holder,Sensor",(도번직결),도번직하위,
AJR30033101,4H00901F,"Tube,Connector",(도번직결),도번직하위,
AJR30033101,5014A20009C,"Damper,Tube",(도번직결),도번직하위,
AJR30033101,5014A30014H,"Damper,Tube",(도번직결),도번직하위,
AJR30033101,5014A30014W,"Damper,Tube",(도번직결),도번직하위,
AJR30033101,5210A22409B,"Tube,Connector",(도번직결),도번직하위,
AJR30033101,5210A22520B,"Tube,Connector",(도번직결),도번직하위,
AJR30033101,5210A23376A,"Tube,Connector",(도번직결),도번직하위,
AJR30033101,EAD62115301,"Drawing,Assembly",(도번직결),도번직하위,
AJR30033101,EBD62165607,"Sensor,Pressure",(도번직결),도번직하위,
AJR30033101,EBE61441604,Solenoid,(도번직결),도번직하위,
AJR30033101,MAA63804704,Accumulator,(도번직결),도번직하위,
AJR30033101,MCQ70869701,"Damper,Rubber",(도번직결),도번직하위,
AJR30033101,MEG66660106,"Holder,Tubing",(도번직결),도번직하위,
AJR30033101,MFN62721713,Mesh,(도번직결),도번직하위,
AJR30033101,MJU00722808,"Tube,Connector",(도번직결),도번직하위,
AJR30033101,MJU00722810,"Tube,Connector",(도번직결),도번직하위,
AJR30033101,MJU00722811,"Tube,Connector",(도번직결),도번직하위,
AJR30033101,MJU00722812,"Tube,Connector",(도번직결),도번직하위,
AJR30033101,MJU00722813,"Tube,Connector",(도번직결),도번직하위,
AJR30033101,MJU00722814,"Tube,Connector",(도번직결),도번직하위,
AJR30033101,MJU64870703,"Tube,Capillary Bending",(도번직결),도번직하위,
AJR30033101,MJU65587603,"Tube,Connector",(도번직결),도번직하위,
AJR30033101,MJU66366304,"Tube,Connector",(도번직결),도번직하위,
AJR30033101,MJU66366305,"Tube,Connector",(도번직결),도번직하위,
AJR30033101,MJU66954303,"Tube,Connector",(도번직결),도번직하위,
AJR30033101,MJU66954305,"Tube,Connector",(도번직결),도번직하위,
AJR30033101,MJU66954307,"Tube,Connector",(도번직결),도번직하위,
AJR30033101,MJU66954310,"Tube,Connector",(도번직결),도번직하위,
AJR30033101,MJU66954311,"Tube,Connector",(도번직결),도번직하위,
AJR30033101,MJX61841306,"Valve,Solenoid",(도번직결),도번직하위,
AJR30037101,3H01582C,Tie,(도번직결),도번직하위,
AJR30037101,4010AR3071N,"Socket,Flare",AJR30037101-SOCKET,자동매핑,
AJR30037101,4930A20053B,"Holder,Sensor",(도번직결),도번직하위,
AJR30037101,5210A22409A,"Tube,Connector",(도번직결),도번직하위,
AJR30037101,5210A23376A,"Tube,Connector",(도번직결),도번직하위,
AJR30037101,EBD64386505,"Sensor Module,Pressure",(도번직결),도번직하위,
AJR30037101,MBL65458001,Cap,(도번직결),도번직하위,
AJR30037101,MEV39836107,Insulator,(도번직결),도번직하위,
AJR30037101,MJC62301701,Strainer,(도번직결),도번직하위,
AJR30037101,MJU62096501,"Tube,Connector",AJR30037101-SOCKET,자동매핑,
AJR30037101,MJU66821101,"Tube,Connector",(도번직결),도번직하위,
AJR30037101,MJU66821201,"Tube,Connector",(도번직결),도번직하위,
AJR30037101,MJU66821301,"Tube,Connector",(도번직결),도번직하위,
AJR30037101,MJX62731401,"Valve,Check",(도번직결),도번직하위,
AJR30037109,3H01582C,Tie,(도번직결),도번직하위,
AJR30037109,4010AR3071N,"Socket,Flare",AJR30037109-은납,자동매핑,
AJR30037109,4930A20053B,"Holder,Sensor",(도번직결),도번직하위,
AJR30037109,5210A22409A,"Tube,Connector",(도번직결),도번직하위,
AJR30037109,5210A23376A,"Tube,Connector",(도번직결),도번직하위,
AJR30037109,EBD64386505,"Sensor Module,Pressure",(도번직결),도번직하위,
AJR30037109,MBL65458001,Cap,(도번직결),도번직하위,
AJR30037109,MJC62301701,Strainer,(도번직결),도번직하위,
AJR30037109,MJU62096501,"Tube,Connector",AJR30037109-은납,자동매핑,
AJR30037109,MJU66821104,"Tube,Connector",(도번직결),도번직하위,
AJR30037109,MJU66821204,"Tube,Connector",(도번직결),도번직하위,
AJR30037109,MJU66821304,"Tube,Connector",(도번직결),도번직하위,
AJR30037109,MJX62731401,"Valve,Check",(도번직결),도번직하위,
AJR30037110,3H01582C,Tie,(도번직결),도번직하위,
AJR30037110,4010AR3071N,"Socket,Flare",AJR30037110-은납,자동매핑,
AJR30037110,4930A20053B,"Holder,Sensor",(도번직결),도번직하위,
AJR30037110,5210A22409A,"Tube,Connector",(도번직결),도번직하위,
AJR30037110,5210A23376A,"Tube,Connector",(도번직결),도번직하위,
AJR30037110,EBD64386505,"Sensor Module,Pressure",(도번직결),도번직하위,
AJR30037110,MBL65458001,Cap,(도번직결),도번직하위,
AJR30037110,MJC62301701,Strainer,(도번직결),도번직하위,
AJR30037110,MJU62096501,"Tube,Connector",AJR30037110-은납,자동매핑,
AJR30037110,MJU66821105,"Tube,Connector",(도번직결),도번직하위,
AJR30037110,MJU66821204,"Tube,Connector",(도번직결),도번직하위,
AJR30037110,MJU66821305,"Tube,Connector",(도번직결),도번직하위,
AJR30037110,MJX62731401,"Valve,Check",(도번직결),도번직하위,
AJR30037111,3H01582C,Tie,(도번직결),도번직하위,
AJR30037111,3H01582E,Tie,(도번직결),도번직하위,
AJR30037111,4010AR3071N,"Socket,Flare",AJR30037111-은납,자동매핑,
AJR30037111,4930A20053B,"Holder,Sensor",(도번직결),도번직하위,
AJR30037111,5014A30001A,"Damper,Tube",(도번직결),도번직하위,
AJR30037111,5210A22409A,"Tube,Connector",(도번직결),도번직하위,
AJR30037111,5210A23376A,"Tube,Connector",(도번직결),도번직하위,
AJR30037111,5410A21281A,"Insulator,Tube",(도번직결),도번직하위,
AJR30037111,EBD64386505,"Sensor Module,Pressure",(도번직결),도번직하위,
AJR30037111,MBL65458001,Cap,(도번직결),도번직하위,
AJR30037111,MJC62301701,Strainer,(도번직결),도번직하위,
AJR30037111,MJU62096501,"Tube,Connector",AJR30037111-은납,자동매핑,
AJR30037111,MJU66821105,"Tube,Connector",(도번직결),도번직하위,
AJR30037111,MJU66821204,"Tube,Connector",(도번직결),도번직하위,
AJR30037111,MJU66821305,"Tube,Connector",(도번직결),도번직하위,
AJR30037111,MJX62731401,"Valve,Check",(도번직결),도번직하위,
AJR30037301,EBD64386505,"Sensor Module,Pressure",(도번직결),도번직하위,
AJR30037301,MJC62301702,Strainer,(도번직결),도번직하위,
AJR30037301,MJU66822301,"Tube,Connector",(도번직결),도번직하위,
AJR30037301,MJU66822401,"Tube,Connector",(도번직결),도번직하위,
AJR30037302,3H01582C,Tie,(도번직결),도번직하위,
AJR30037302,5224A20005A,Strainer,(도번직결),도번직하위,
AJR30037302,EBD64386505,"Sensor Module,Pressure",(도번직결),도번직하위,
AJR30037302,MJU66822302,"Tube,Connector",(도번직결),도번직하위,
AJR30037302,MJU66822402,"Tube,Connector",(도번직결),도번직하위,
AJR30037303,4010AR3071N,"Socket,Flare",(도번직결),도번직하위,
AJR30037303,MBL65458001,Cap,(도번직결),도번직하위,
AJR30037303,MJC62301702,Strainer,(도번직결),도번직하위,
AJR30037303,MJU62096501,"Tube,Connector",(도번직결),도번직하위,
AJR30037303,MJU66822303,"Tube,Connector",(도번직결),도번직하위,
AJR30037303,MJU66822403,"Tube,Connector",(도번직결),도번직하위,
AJR30037303,MJX62731401,"Valve,Check",(도번직결),도번직하위,
AJR30037303,RAC30599327,Solder Soldering,(도번직결),도번직하위,
AJR30037304,3H01582C,Tie,(도번직결),도번직하위,
AJR30037304,5224A20005A,Strainer,(도번직결),도번직하위,
AJR30037304,EBD64386505,"Sensor Module,Pressure",(도번직결),도번직하위,
AJR30037304,MEV39836107,Insulator,(도번직결),도번직하위,
AJR30037304,MJU66822304,"Tube,Connector",(도번직결),도번직하위,
AJR30037304,MJU66822402,"Tube,Connector",(도번직결),도번직하위,
AJR30037603,5210A28001S,"Tube,Return Bending",AJR30037603-20-1,자동매핑,
AJR30037603,MJU64433003,"Tube,Return Bending",AJR30037603-20-2,자동매핑,
AJR30037603,MJU66821503,"Tube,Connector",(도번직결),도번직하위,
AJR30037603,MJU66821602,"Tube,Connector",AJR30037603-20-1,자동매핑,
AJR30037603,MJU66821702,"Tube,Connector",AJR30037603-20-2,자동매핑,
AJR30037604,5210A28001S,"Tube,Return Bending",AJR30037604-20-1,자동매핑,
AJR30037604,MJU64433003,"Tube,Return Bending",AJR30037604-20-2,자동매핑,
AJR30037604,MJU66821504,"Tube,Connector",(도번직결),도번직하위,
AJR30037604,MJU66821702,"Tube,Connector",AJR30037604-20-2,자동매핑,
AJR30037604,MJU66822602,"Tube,Connector",AJR30037604-20-1,자동매핑,
AJR30037604,MJU66823202,"Tube,Connector",(도번직결),도번직하위,
AJR30037604,MJU66823302,"Tube,Connector",(도번직결),도번직하위,
AJR30038101,3850A24001A,"Label,Sticker",(도번직결),도번직하위,
AJR30038101,4930A20053B,"Holder,Sensor",(도번직결),도번직하위,
AJR30038101,4A00114E,"Tube,Connector",AJR30038101-S6-5,자동매핑,
AJR30038101,5210A22409A,"Tube,Connector",AJR30038101-고주파,자동매핑,
AJR30038101,5410A20017R,"Damper,Butyl",(도번직결),도번직하위,
AJR30038101,AJU75837301,"Valve Assembly,Gear Expa",AJR30038101-S6-5,자동매핑,
AJR30038101,MEZ68915106,"Label,Sticker",(도번직결),도번직하위,
AJR30038101,MJU63512514,"Tube,Distributor",AJR30038101-고주파,자동매핑,
AJR30038101,MJU66824401,"Tube,Connector",AJR30038101-고주파,자동매핑,
AJR30038101,MJU66824402,"Tube,Connector",AJR30038101-고주파,자동매핑,
AJR30038101,MJU66824403,"Tube,Connector",AJR30038101-고주파,자동매핑,
AJR30038101,MJU66824404,"Tube,Connector",AJR30038101-고주파,자동매핑,
AJR30038101,MJU66824405,"Tube,Connector",AJR30038101-고주파,자동매핑,
AJR30038101,MJU66824406,"Tube,Connector",AJR30038101-고주파,자동매핑,
AJR30038101,MJU66824407,"Tube,Connector",AJR30038101-고주파,자동매핑,
AJR30038101,MJU66824408,"Tube,Connector",AJR30038101-고주파,자동매핑,
AJR30038101,MJU66824409,"Tube,Connector",AJR30038101-고주파,자동매핑,
AJR30038101,MJU66824410,"Tube,Connector",AJR30038101-고주파,자동매핑,
AJR30038101,MJU66824411,"Tube,Connector",AJR30038101-고주파,자동매핑,
AJR30038101,MJU66824412,"Tube,Connector",AJR30038101-고주파,자동매핑,
AJR30038101,MJU66824501,"Tube,Connector",(도번직결),도번직하위,
AJR30038101,MJU66824502,"Tube,Connector",AJR30038101-S6-4,자동매핑,
AJR30038101,MJU66824503,"Tube,Connector",AJR30038101-S6-5,자동매핑,
AJR30038101,MJU66824504,"Tube,Connector",AJR30038101-S6-2,자동매핑,
AJR30038101,MJU66824506,"Tube,Connector",AJR30038101-S6-5,자동매핑,
AJR30038101,MJU66824507,"Tube,Connector",AJR30038101-S6-2,자동매핑,
AJR30038101,MJU66824601,"Tube,Connector",AJR30038101-S6-4,자동매핑,
AJR30038101,MJX61841301,"Valve,Solenoid",AJR30038101-S6-4,자동매핑,
AJR30038201,MJU64433003,"Tube,Return Bending",AJR30038201-12-5,자동매핑,
AJR30038201,MJU66824801,"Tube,Connector",(도번직결),도번직하위,
AJR30038201,MJU66824901,"Tube,Connector",AJR30038201-12-1,자동매핑,
AJR30038201,MJU66824902,"Tube,Connector",AJR30038201-12-2,자동매핑,
AJR30038201,MJU66824903,"Tube,Connector",AJR30038201-12-3,자동매핑,
AJR30038201,MJU66824904,"Tube,Connector",AJR30038201-12-4,자동매핑,
AJR30038201,MJU66824905,"Tube,Connector",AJR30038201-12-5,자동매핑,
AJR30038201,MJU66824906,"Tube,Connector",(도번직결),도번직하위,
AJR30038401,4930A20053B,"Holder,Sensor",(도번직결),도번직하위,
AJR30038401,5210A22409B,"Tube,Connector",(도번직결),도번직하위,
AJR30038401,MJU66825201,"Tube,Connector",(도번직결),도번직하위,
AJR30038401,MJU66825301,"Tube,Connector",(도번직결),도번직하위,
AJR30038401,MJU66825302,"Tube,Connector",(도번직결),도번직하위,
AJR30040301,5224A20005G,Strainer,(도번직결),도번직하위,
AJR30040301,MJU66818901,"Tube,Connector",(도번직결),도번직하위,
AJR30040301,MJU66829601,"Tube,Connector",(도번직결),도번직하위,
AJR30040301,MJU66829701,"Tube,Connector",(도번직결),도번직하위,
AJR30040301,MJX62771702,"Valve,Check",(도번직결),도번직하위,
AJR30040304,5224A20005G,Strainer,(도번직결),도번직하위,
AJR30040304,MJU66818903,"Tube,Connector",(도번직결),도번직하위,
AJR30040304,MJU66829603,"Tube,Connector",(도번직결),도번직하위,
AJR30040304,MJU66829705,"Tube,Connector",(도번직결),도번직하위,
AJR30040304,MJX62771702,"Valve,Check",(도번직결),도번직하위,
AJR30046402,5210A28001C,"Tube,Return Bending",(도번직결),도번직하위,
AJR30046402,AJR30046902,"Tube Assembly,Manifold(O",(도번직결),도번직하위,
AJR30046402,MJU63669501,"Tube,Connector",(도번직결),도번직하위,
AJR30046402,MJU63669601,"Tube,Connector",(도번직결),도번직하위,
AJR30046402,MJU63689401,"Tube,Connector",(도번직결),도번직하위,
AJR30046402,MJU66853007,"Tube,Connector",(도번직결),도번직하위,
AJR30046402,MJU66853008,"Tube,Connector",(도번직결),도번직하위,
AJR30046402,MJU66853010,"Tube,Connector",(도번직결),도번직하위,
AJR30046402,MJU66853202,"Tube,Connector",(도번직결),도번직하위,
AJR30052102,MAA63804701,Accumulator,(도번직결),도번직하위,
AJR30052102,MJU63001010,"Tube,Connector",(도번직결),도번직하위,
AJR30058801,MJU66748701,"Tube,Connector",(도번직결),도번직하위,
AJR30058801,MJU66748702,"Tube,Connector",(도번직결),도번직하위,
AJR30058801,MJU66748703,"Tube,Connector",(도번직결),도번직하위,
AJR30058801,MJU66894817,"Tube,Connector",(도번직결),도번직하위,
AJR30058801,MJU66894821,"Tube,Connector",(도번직결),도번직하위,
AJR30060704,4930A20053B,"Holder,Sensor",(도번직결),도번직하위,
AJR30060704,5210A20895B,"Tube,Coupling",AJR30060704-16-1,자동매핑,
AJR30060704,5210A22409B,"Tube,Connector",AJR30060704-16-1,자동매핑,
AJR30060704,5410A20111Q,"Damper,Butyl",(도번직결),도번직하위,
AJR30060704,MJU66899503,"Tube,Condenser",AJR30060704-16-1,자동매핑,
AJR30060704,MJU66900103,"Tube,Connector",AJR30060704-16-1,자동매핑,
AJR30060704,MJU66900503,"Tube,Discharge",AJR30060704-16-1,자동매핑,
AJR30060707,4930A20053B,"Holder,Sensor",(도번직결),도번직하위,
AJR30060707,5210A20895B,"Tube,Coupling",AJR30060707-16-1,자동매핑,
AJR30060707,5210A22409B,"Tube,Connector",AJR30060707-16-1,자동매핑,
AJR30060707,5256A30003U,Muffler,AJR30060707-16-1,자동매핑,
AJR30060707,5410A20111Q,"Damper,Butyl",(도번직결),도번직하위,
AJR30060707,MEV67764065,Insulator,(도번직결),도번직하위,
AJR30060707,MJU66899503,"Tube,Condenser",AJR30060707-16-1,자동매핑,
AJR30060707,MJU66900103,"Tube,Connector",AJR30060707-16-1,자동매핑,
AJR30060707,MJU66900504,"Tube,Discharge",AJR30060707-16-1,자동매핑,
AJR30060707,MJU66900505,"Tube,Discharge",AJR30060707-16-1,자동매핑,
AJR30060802,3H00617F,"Damper,Butyl",(도번직결),도번직하위,
AJR30060802,5210A31939A,"Tube,Connector",(도번직결),도번직하위,
AJR30060802,53402025,"Tape,Filament",(도번직결),도번직하위,
AJR30060802,5410A30055E,"Insulator,Tube",(도번직결),도번직하위,
AJR30060802,MEG66703401,"Holder,Connector",(도번직결),도번직하위,
AJR30060802,MJU65026413,"Tube,Manifold",(도번직결),도번직하위,
AJR30060802,MJU66899401,"Tube,Connector",(도번직결),도번직하위,
AJR30060802,MJU66900301,"Tube,Condenser",(도번직결),도번직하위,
AJR30060802,MJU66905702,"Tube,Pinch Off",(도번직결),도번직하위,
AJR30060802,MJU66907001,"Tube,Connector",(도번직결),도번직하위,
AJR30060803,3H00617F,"Damper,Butyl",(도번직결),도번직하위,
AJR30060803,5210A31939A,"Tube,Connector",(도번직결),도번직하위,
AJR30060803,5410A30055E,"Insulator,Tube",(도번직결),도번직하위,
AJR30060803,MEG66703401,"Holder,Connector",(도번직결),도번직하위,
AJR30060803,MJC62721908,Strainer,(도번직결),도번직하위,
AJR30060803,MJU65026413,"Tube,Manifold",(도번직결),도번직하위,
AJR30060803,MJU66899401,"Tube,Connector",(도번직결),도번직하위,
AJR30060803,MJU66900302,"Tube,Condenser",(도번직결),도번직하위,
AJR30060803,MJU66900303,"Tube,Condenser",(도번직결),도번직하위,
AJR30060803,MJU66905702,"Tube,Pinch Off",(도번직결),도번직하위,
AJR30060803,MJU66907001,"Tube,Connector",(도번직결),도번직하위,
AJR30060803,MJX63991702,"Valve,Expansion Body",(도번직결),도번직하위,
AJR30060804,3H00617F,"Damper,Butyl",(도번직결),도번직하위,
AJR30060804,5210A31939A,"Tube,Connector",(도번직결),도번직하위,
AJR30060804,5410A30055E,"Insulator,Tube",(도번직결),도번직하위,
AJR30060804,MEV55008104,"Insulator,Tube",(도번직결),도번직하위,
AJR30060804,MJC62721908,Strainer,(도번직결),도번직하위,
AJR30060804,MJU65026413,"Tube,Manifold",(도번직결),도번직하위,
AJR30060804,MJU66899401,"Tube,Connector",(도번직결),도번직하위,
AJR30060804,MJU66900302,"Tube,Condenser",(도번직결),도번직하위,
AJR30060804,MJU66900303,"Tube,Condenser",(도번직결),도번직하위,
AJR30060804,MJU66905702,"Tube,Pinch Off",(도번직결),도번직하위,
AJR30060804,MJU66907001,"Tube,Connector",(도번직결),도번직하위,
AJR30060804,MJX63991702,"Valve,Expansion Body",(도번직결),도번직하위,
AJR30060805,3H00617F,"Damper,Butyl",(도번직결),도번직하위,
AJR30060805,5210A31939A,"Tube,Connector",AJR30060805-19-1,자동매핑,
AJR30060805,5410A20111Q,"Damper,Butyl",(도번직결),도번직하위,
AJR30060805,5410A30055E,"Insulator,Tube",(도번직결),도번직하위,
AJR30060805,EAP65270721,"Coil Module,Expansion",(도번직결),도번직하위,
AJR30060805,MEV55008104,"Insulator,Tube",(도번직결),도번직하위,
AJR30060805,MEV64850702,Insulator,(도번직결),도번직하위,
AJR30060805,MJU00731901,"Tube,Suction",AJR30060805-4-1,자동매핑,
AJR30060805,MJU00732001,"Tube,Suction",AJR30060805-4-1,자동매핑,
AJR30060805,MJU00732201,"Tube,Suction",AJR30060805-4-1,자동매핑,
AJR30060805,MJU00732401,"Tube,Suction",AJR30060805-19-1,자동매핑,
AJR30060805,MJU65026413,"Tube,Manifold",AJR30060805-19-1,자동매핑,
AJR30060805,MJU66899402,"Tube,Connector",AJR30060805-19-1,자동매핑,
AJR30060805,MJU66900304,"Tube,Condenser",(도번직결),도번직하위,
AJR30060805,MJU66905702,"Tube,Pinch Off",AJR30060805-19-1,자동매핑,
AJR30060805,MJU66907002,"Tube,Connector",AJR30060805-4-1,자동매핑,
AJR30060805,MJX63991702,"Valve,Expansion Body",(도번직결),도번직하위,
AJR30061101,MJU66900003,"Tube,Evaporator",(도번직결),도번직하위,
AJR30061101,MJU66900004,"Tube,Evaporator",(도번직결),도번직하위,
AJR30061101,MJU66900005,"Tube,Evaporator",(도번직결),도번직하위,
AJR30061301,MJU66900801,"Tube,Suction",(도번직결),도번직하위,
AJR30061302,5410A20111Q,"Damper,Butyl",(도번직결),도번직하위,
AJR30061302,MJU66900801,"Tube,Suction",(도번직결),도번직하위,
AJR30061305,5410A20111Q,"Damper,Butyl",(도번직결),도번직하위,
AJR30061305,5410A30055C,"Insulator,Tube",(도번직결),도번직하위,
AJR30061305,MEV55008104,"Insulator,Tube",(도번직결),도번직하위,
AJR30061305,MJU66900801,"Tube,Suction",(도번직결),도번직하위,
AJR30063602,3H01582E,Tie,(도번직결),도번직하위,
AJR30063602,5014A20009B,"Damper,Tube",(도번직결),도번직하위,
AJR30063602,MEG65559801,"Holder,Sensor",(도번직결),도번직하위,
AJR30063602,MFS62323016,Muffler,(도번직결),도번직하위,
AJR30063602,MJU62987410,"Tube,Connector",(도번직결),도번직하위,
AJR30063602,MJU66510720,"Tube,Connector",(도번직결),도번직하위,
AJR30063602,MJU66510825,"Tube,Connector",(도번직결),도번직하위,
AJR30064001,4A00114K,"Tube,Connector",(도번직결),도번직하위,
AJR30064001,MJU66908501,"Tube,Connector",(도번직결),도번직하위,
AJR30064001,MJU66908502,"Tube,Connector",(도번직결),도번직하위,
AJR30064001,MJU66908503,"Tube,Connector",(도번직결),도번직하위,
AJR30064001,MJU66908504,"Tube,Connector",(도번직결),도번직하위,
AJR30064001,MJU66908505,"Tube,Connector",(도번직결),도번직하위,
AJR30064001,MJU66908506,"Tube,Connector",(도번직결),도번직하위,
AJR30064001,MJU66908507,"Tube,Connector",(도번직결),도번직하위,
AJR30064401,3H01582E,Tie,(도번직결),도번직하위,
AJR30064401,MAA63804601,Accumulator,(도번직결),도번직하위,
AJR30064401,MEG66660103,"Holder,Tubing",(도번직결),도번직하위,
AJR30064401,MJU66908801,"Tube,Connector",(도번직결),도번직하위,
AJR30064601,5210A23089A,"Tube,Pinch Off",(도번직결),도번직하위,
AJR30064601,MJU66909101,"Tube,Connector",(도번직결),도번직하위,
AJR30064601,MJU66909102,"Tube,Connector",(도번직결),도번직하위,
AJR30064601,MJU66909103,"Tube,Connector",(도번직결),도번직하위,
AJR30064601,MJU66909104,"Tube,Connector",(도번직결),도번직하위,
AJR30064701,3H01582E,Tie,(도번직결),도번직하위,
AJR30064701,4930A20053B,"Holder,Sensor",(도번직결),도번직하위,
AJR30064701,5014A30001B,"Damper,Tube",(도번직결),도번직하위,
AJR30064701,5210A22409B,"Tube,Connector",(도번직결),도번직하위,
AJR30064701,MEG66660106,"Holder,Tubing",(도번직결),도번직하위,
AJR30064701,MJU65566801,"Tube,Connector",(도번직결),도번직하위,
AJR30064701,MJU66909201,"Tube,Connector",(도번직결),도번직하위,
AJR30064701,MJU66909202,"Tube,Connector",(도번직결),도번직하위,
AJR30064701,MJU66909203,"Tube,Connector",(도번직결),도번직하위,
AJR30064801,3H01582E,Tie,(도번직결),도번직하위,
AJR30064801,MAA63804601,Accumulator,(도번직결),도번직하위,
AJR30064801,MEG66660103,"Holder,Tubing",(도번직결),도번직하위,
AJR30064801,MJU66909701,"Tube,Connector",(도번직결),도번직하위,
AJR30065807,AJU36719731,Valve Assembly,(도번직결),도번직하위,
AJR30065807,MJU62770401,"Tube,Connector",(도번직결),도번직하위,
AJR30065807,MJU62792001,"Tube,Connector",(도번직결),도번직하위,
AJR30065822,5210A22409B,"Tube,Connector",(도번직결),도번직하위,
AJR30065822,5210A23376A,"Tube,Connector",(도번직결),도번직하위,
AJR30065822,EBD60663824,"Sensor,Pressure",(도번직결),도번직하위,
AJR30065822,EBE60659003,Solenoid,(도번직결),도번직하위,
AJR30065822,MEV39836107,Insulator,(도번직결),도번직하위,
AJR30065822,MJU62792702,"Tube,Connector",(도번직결),도번직하위,
AJR30065823,5210A22409A,"Tube,Connector",(도번직결),도번직하위,
AJR30065823,5224A20005G,Strainer,(도번직결),도번직하위,
AJR30065823,AJU36719728,Valve Assembly,(도번직결),도번직하위,
AJR30065823,MJU62326603,"Tube,Connector",(도번직결),도번직하위,
AJR30065823,MJU62326609,"Tube,Connector",(도번직결),도번직하위,
AJR30065823,MJU62326610,"Tube,Connector",(도번직결),도번직하위,
AJR30065824,3H01582A,Tie,(도번직결),도번직하위,
AJR30065824,5014A30014W,"Damper,Tube",(도번직결),도번직하위,
AJR30065824,5210A22409B,"Tube,Connector",(도번직결),도번직하위,
AJR30065824,5210A23376A,"Tube,Connector",(도번직결),도번직하위,
AJR30065824,AJU36719731,Valve Assembly,(도번직결),도번직하위,
AJR30065824,EBD60663824,"Sensor,Pressure",(도번직결),도번직하위,
AJR30065824,EBE60659006,Solenoid,(도번직결),도번직하위,
AJR30065824,EBF30028701,"Switch,Pressure",(도번직결),도번직하위,
AJR30065824,MJU62770401,"Tube,Connector",(도번직결),도번직하위,
AJR30065824,MJU62792001,"Tube,Connector",(도번직결),도번직하위,
AJR30065824,MJU62792706,"Tube,Connector",(도번직결),도번직하위,
AJR30065824,MJU62793401,"Tube,Connector",(도번직결),도번직하위,
AJR30065901,4848A20005A,Accumulator,(도번직결),도번직하위,
AJR30065902,4848A20005A,Accumulator,(도번직결),도번직하위,
AJR30071101,1NHA0801206,"Nut,Common",(도번직결),도번직하위,
AJR30071101,1SZZA20001L,"Screw,Customized",(도번직결),도번직하위,
AJR30071101,3H01582A,Tie,(도번직결),도번직하위,
AJR30071101,4930A20053B,"Holder,Sensor",(도번직결),도번직하위,
AJR30071101,4A00114E,"Tube,Connector",(도번직결),도번직하위,
AJR30071101,4H00947J,"Nut,Common",(도번직결),도번직하위,
AJR30071101,5014A20009C,"Damper,Tube",(도번직결),도번직하위,
AJR30071101,5210A22409A,"Tube,Connector",(도번직결),도번직하위,
AJR30071101,5410A20217B,"Insulator,Felt",MAZ64571803,자동매핑,
AJR30071101,5410A30055S,"Insulator,Tube",(도번직결),도번직하위,
AJR30071101,AJU36719729,Valve Assembly,(도번직결),도번직하위,
AJR30071101,EAP64286603,"Coil Assembly,Expansion",(도번직결),도번직하위,
AJR30071101,MAZ64571803,Bracket,(도번직결),도번직하위,
AJR30071101,MAZ67738101,Bracket,(도번직결),도번직하위,
AJR30071101,MDE62321701,"Exchanger,Plate",(도번직결),도번직하위,
AJR30071101,MEV39836107,Insulator,(도번직결),도번직하위,
AJR30071101,MJU00732801,"Tube,Connector",(도번직결),도번직하위,
AJR30071101,MJU00732901,"Tube,Connector",(도번직결),도번직하위,
AJR30071101,MJU00743201,"Tube,Connector",(도번직결),도번직하위,
AJR30071101,MJU00743301,"Tube,Connector",(도번직결),도번직하위,
AJR30071101,MJU00743601,"Tube,Connector",(도번직결),도번직하위,
AJR30071101,MJU65486405,"Tube,Connector",(도번직결),도번직하위,
AJR30071101,MJU65486429,"Tube,Connector",(도번직결),도번직하위,
AJR30071101,MJU65486430,"Tube,Connector",(도번직결),도번직하위,
AJR30071101,MJU66958401,"Tube,Connector",(도번직결),도번직하위,
AJR30071101,MJU66958403,"Tube,Connector",(도번직결),도번직하위,
AJR30071101,MJU66959604,"Tube,Connector",(도번직결),도번직하위,
AJR30071101,MJX63992001,"Valve,Expansion Body",(도번직결),도번직하위,
AJR30071102,1NHA0801206,"Nut,Common",(도번직결),도번직하위,
AJR30071102,1SZZA20001L,"Screw,Customized",(도번직결),도번직하위,
AJR30071102,3H01582A,Tie,(도번직결),도번직하위,
AJR30071102,4930A20053B,"Holder,Sensor",(도번직결),도번직하위,
AJR30071102,4A00114E,"Tube,Connector",(도번직결),도번직하위,
AJR30071102,4H00947J,"Nut,Common",(도번직결),도번직하위,
AJR30071102,5014A20009C,"Damper,Tube",(도번직결),도번직하위,
AJR30071102,5210A22409A,"Tube,Connector",(도번직결),도번직하위,
AJR30071102,5410A20217B,"Insulator,Felt",MAZ64571803,자동매핑,
AJR30071102,5410A30055S,"Insulator,Tube",(도번직결),도번직하위,
AJR30071102,5410A30279F,"Insulator,Tube",(도번직결),도번직하위,
AJR30071102,AJU36719730,Valve Assembly,(도번직결),도번직하위,
AJR30071102,EAP64286604,"Coil Assembly,Expansion",(도번직결),도번직하위,
AJR30071102,MAZ64571803,Bracket,(도번직결),도번직하위,
AJR30071102,MAZ67738101,Bracket,(도번직결),도번직하위,
AJR30071102,MDE62321701,"Exchanger,Plate",(도번직결),도번직하위,
AJR30071102,MEG66660106,"Holder,Tubing",(도번직결),도번직하위,
AJR30071102,MEV39836107,Insulator,(도번직결),도번직하위,
AJR30071102,MJU00734301,"Tube,Connector",(도번직결),도번직하위,
AJR30071102,MJU00734401,"Tube,Connector",(도번직결),도번직하위,
AJR30071102,MJU00743201,"Tube,Connector",(도번직결),도번직하위,
AJR30071102,MJU00743301,"Tube,Connector",(도번직결),도번직하위,
AJR30071102,MJU00743601,"Tube,Connector",(도번직결),도번직하위,
AJR30071102,MJU65486405,"Tube,Connector",(도번직결),도번직하위,
AJR30071102,MJU65486429,"Tube,Connector",(도번직결),도번직하위,
AJR30071102,MJU65486430,"Tube,Connector",(도번직결),도번직하위,
AJR30071102,MJU66958401,"Tube,Connector",(도번직결),도번직하위,
AJR30071102,MJU66958403,"Tube,Connector",(도번직결),도번직하위,
AJR30071102,MJU66959604,"Tube,Connector",(도번직결),도번직하위,
AJR30071102,MJX63992001,"Valve,Expansion Body",(도번직결),도번직하위,
AJR30073601,2H00351N,"Tube,Distributor",AJR30073601-F&T-1,자동매핑,
AJR30073601,3A00375A,"Socket,Flare",AJR30073601-F&T-2,자동매핑,
AJR30073601,3H03659M,Strainer,AJR68019502-4-2,자동매핑,
AJR30073601,4930A20053B,"Holder,Sensor",AJR30073601-F&T,자동매핑,
AJR30073601,4A00742F,"Nut,Common",AJR30073601-F&T,자동매핑,
AJR30073601,5210A22409A,"Tube,Connector",AJR30073601-F&T-1,자동매핑,
AJR30073601,5410A30055S,"Insulator,Tube",(도번직결),도번직하위,
AJR30073601,7250AR7015J,"Damper,Butyl",AJR30073601-F&T,자동매핑,
AJR30073601,MBL67877902,Cap,AJR30073601-F&T,자동매핑,
AJR30073601,MBL67878002,Cap,AJR30073601-F&T,자동매핑,
AJR30073601,MJU57152701,"Tube,Connector",AJR68019502-4-1,자동매핑,
AJR30073601,MJU57152801,"Tube,Connector",AJR68019502-4-2,자동매핑,
AJR30073601,MJU57152901,"Tube,Connector",AJR30073601-F&T-2,자동매핑,
AJR30073601,MJU63711305,"Tube,Connector",AJR30073601-F&T-1,자동매핑,
AJR30073601,MJU66889701,"Tube,Connector",AJR30073601-F&T-1,자동매핑,
AJR30073601,MJU66889801,"Tube,Connector",AJR30073601-F&T-1,자동매핑,
AJR30073601,MJU66889901,"Tube,Connector",AJR30073601-F&T-1,자동매핑,
AJR30073601,MJU66890001,"Tube,Connector",AJR30073601-F&T-1,자동매핑,
AJR30073601,MJU66890101,"Tube,Connector",AJR30073601-F&T-1,자동매핑,
AJR30073601,MJX65072203,"Valve Module,Gear Expans",AJR30073601-F&T,자동매핑,
AJR30073602,2H00351N,"Tube,Distributor",AJR30073602-F&T-1,자동매핑,
AJR30073602,3H03659M,Strainer,AJR68019502-4-2,자동매핑,
AJR30073602,4010AR3071C,"Socket,Flare",AJR30073602-F&T-2,자동매핑,
AJR30073602,4930A20053B,"Holder,Sensor",(도번직결),도번직하위,
AJR30073602,4A00742A,"Nut,Flare",(도번직결),도번직하위,
AJR30073602,5210A22409A,"Tube,Connector",AJR30073602-F&T-1,자동매핑,
AJR30073602,5410A30055S,"Insulator,Tube",(도번직결),도번직하위,
AJR30073602,7250AR7015J,"Damper,Butyl",(도번직결),도번직하위,
AJR30073602,MBL67877901,Cap,(도번직결),도번직하위,
AJR30073602,MBL67878001,Cap,(도번직결),도번직하위,
AJR30073602,MJU57152701,"Tube,Connector",AJR68019502-4-1,자동매핑,
AJR30073602,MJU57152801,"Tube,Connector",AJR68019502-4-2,자동매핑,
AJR30073602,MJU57152901,"Tube,Connector",AJR30073602-F&T-2,자동매핑,
AJR30073602,MJU63711305,"Tube,Connector",AJR30073602-F&T-1,자동매핑,
AJR30073602,MJU66889701,"Tube,Connector",AJR30073602-F&T-1,자동매핑,
AJR30073602,MJU66889801,"Tube,Connector",AJR30073602-F&T-1,자동매핑,
AJR30073602,MJU66889901,"Tube,Connector",AJR30073602-F&T-1,자동매핑,
AJR30073602,MJU66890001,"Tube,Connector",AJR30073602-F&T-1,자동매핑,
AJR30073602,MJU66890101,"Tube,Connector",AJR30073602-F&T-1,자동매핑,
AJR30073602,MJX65072203,"Valve Module,Gear Expans",(도번직결),도번직하위,
AJR30073603,2H00351N,"Tube,Distributor",AJR30073603-F&T-1,자동매핑,
AJR30073603,3A00375A,"Socket,Flare",AJR30073603-F&T-2,자동매핑,
AJR30073603,3H03659M,Strainer,AJR68019502-4-2,자동매핑,
AJR30073603,4930A20053B,"Holder,Sensor",(도번직결),도번직하위,
AJR30073603,4A00742F,"Nut,Common",(도번직결),도번직하위,
AJR30073603,5210A22409A,"Tube,Connector",AJR30073603-F&T-1,자동매핑,
AJR30073603,5410A30055S,"Insulator,Tube",(도번직결),도번직하위,
AJR30073603,7250AR7015J,"Damper,Butyl",(도번직결),도번직하위,
AJR30073603,MBL67877902,Cap,(도번직결),도번직하위,
AJR30073603,MBL67878002,Cap,(도번직결),도번직하위,
AJR30073603,MCQ68044401,"Damper,Butyl",(도번직결),도번직하위,
AJR30073603,MJU57152702,"Tube,Connector",AJR30073603-F&T-1,자동매핑,
AJR30073603,MJU57152703,"Tube,Connector",AJR30073603-F&T-1,자동매핑,
AJR30073603,MJU57152801,"Tube,Connector",AJR68019502-4-2,자동매핑,
AJR30073603,MJU57152901,"Tube,Connector",AJR30073603-F&T-2,자동매핑,
AJR30073603,MJU63711305,"Tube,Connector",AJR30073603-F&T-1,자동매핑,
AJR30073603,MJU66889701,"Tube,Connector",AJR30073603-F&T-1,자동매핑,
AJR30073603,MJU66889801,"Tube,Connector",AJR30073603-F&T-1,자동매핑,
AJR30073603,MJU66889901,"Tube,Connector",AJR30073603-F&T-1,자동매핑,
AJR30073603,MJU66890001,"Tube,Connector",AJR30073603-F&T-1,자동매핑,
AJR30073603,MJX65072203,"Valve Module,Gear Expans",(도번직결),도번직하위,
AJR30073604,2H00351N,"Tube,Distributor",AJR30073604-F&T-1,자동매핑,
AJR30073604,3H03659M,Strainer,AJR68019502-4-2,자동매핑,
AJR30073604,4010AR3071C,"Socket,Flare",AJR30073604-F&T-2,자동매핑,
AJR30073604,4930A20053B,"Holder,Sensor",AJR30073604-F&T,자동매핑,
AJR30073604,4A00742A,"Nut,Flare",AJR30073604-F&T,자동매핑,
AJR30073604,5210A22409A,"Tube,Connector",AJR30073604-F&T-1,자동매핑,
AJR30073604,5410A30055S,"Insulator,Tube",(도번직결),도번직하위,
AJR30073604,7250AR7015J,"Damper,Butyl",AJR30073604-F&T,자동매핑,
AJR30073604,MBL67877901,Cap,AJR30073604-F&T,자동매핑,
AJR30073604,MBL67878001,Cap,AJR30073604-F&T,자동매핑,
AJR30073604,MCQ68044401,"Damper,Butyl",AJR30073604-F&T,자동매핑,
AJR30073604,MJU57152702,"Tube,Connector",AJR30073604-F&T-1,자동매핑,
AJR30073604,MJU57152703,"Tube,Connector",AJR30073604-F&T-1,자동매핑,
AJR30073604,MJU57152801,"Tube,Connector",AJR68019502-4-2,자동매핑,
AJR30073604,MJU57152901,"Tube,Connector",AJR30073604-F&T-2,자동매핑,
AJR30073604,MJU63711305,"Tube,Connector",AJR30073604-F&T-1,자동매핑,
AJR30073604,MJU66889701,"Tube,Connector",AJR30073604-F&T-1,자동매핑,
AJR30073604,MJU66889801,"Tube,Connector",AJR30073604-F&T-1,자동매핑,
AJR30073604,MJU66889901,"Tube,Connector",AJR30073604-F&T-1,자동매핑,
AJR30073604,MJU66890001,"Tube,Connector",AJR30073604-F&T-1,자동매핑,
AJR30073604,MJX65072203,"Valve Module,Gear Expans",AJR30073604-F&T,자동매핑,
AJR30074501,4A00114C,"Tube,Connector",AJR30027703-12-3,자동매핑,
AJR30074501,EBF40271401,"Switch,Pressure",(도번직결),도번직하위,
AJR30074501,MJU66798702,"Tube,Connector",AJR30027703-12-3,자동매핑,
AJR30074501,MJU66798704,"Tube,Connector",AJR30027703-12-3,자동매핑,
AJR30074501,MJU66798802,"Tube,Connector",AJR30027703-12-3,자동매핑,
AJR30074501,MJU66798901,"Tube,Connector",AJR30027703-12-3,자동매핑,
AJR30074501,MJU66799001,"Tube,Connector",(도번직결),도번직하위,
AJR30074501,MJU66799501,"Tube,Connector",AJR30027703-12-3,자동매핑,
AJR30074601,5210A23376A,"Tube,Connector",(도번직결),도번직하위,
AJR30074601,MJU66799404,"Tube,Connector",(도번직결),도번직하위,
AJR30074601,MJU66799601,"Tube,Connector",(도번직결),도번직하위,
AJR30075101,3H01582E,Tie,(도번직결),도번직하위,
AJR30075101,4A00114B,"Tube,Connector",(도번직결),도번직하위,
AJR30075101,5210A22409B,"Tube,Connector",(도번직결),도번직하위,
AJR30075101,5210A23089A,"Tube,Pinch Off",(도번직결),도번직하위,
AJR30075101,5410A30279C,"Insulator,Tube",(도번직결),도번직하위,
AJR30075101,MEG66660106,"Holder,Tubing",(도번직결),도번직하위,
AJR30075101,MJU66927901,"Tube,Connector",AJR30075101-3-1,자동매핑,
AJR30075101,MJU66927902,"Tube,Connector",AJR30075101-3-1,자동매핑,
AJR30075101,MJU66927903,"Tube,Connector",AJR30075101-3-1,자동매핑,
AJR30075101,MJU66927904,"Tube,Connector",(도번직결),도번직하위,
AJR30075101,MJU66927905,"Tube,Connector",AJR30075101-3-1,자동매핑,
AJR30075101,MJU66928001,"Tube,Connector",AJR30075101-16-1,자동매핑,
AJR30075101,MJU66928002,"Tube,Connector",AJR30075101-3-1,자동매핑,
AJR30075401,1NHA0801206,"Nut,Common",(도번직결),도번직하위,
AJR30075401,3H01582A,Tie,(도번직결),도번직하위,
AJR30075401,3H01582E,Tie,(도번직결),도번직하위,
AJR30075401,4A00114E,"Tube,Connector",AJR30075401-4-6,자동매핑,
AJR30075401,4H00947J,"Nut,Common",(도번직결),도번직하위,
AJR30075401,5014A20009B,"Damper,Tube",(도번직결),도번직하위,
AJR30075401,5014A20009C,"Damper,Tube",(도번직결),도번직하위,
AJR30075401,5014A30001B,"Damper,Tube",(도번직결),도번직하위,
AJR30075401,5210A22409A,"Tube,Connector",AJR30075401-4-5,자동매핑,
AJR30075401,5410A30055C,"Insulator,Tube",(도번직결),도번직하위,
AJR30075401,5410A30055G,"Insulator,Tube",(도번직결),도번직하위,
AJR30075401,EAP65270708,"Coil Module,Expansion",(도번직결),도번직하위,
AJR30075401,EAP65270711,"Coil Module,Expansion",(도번직결),도번직하위,
AJR30075401,EAP65270712,"Coil Module,Expansion",(도번직결),도번직하위,
AJR30075401,MAZ67700001,Bracket,(도번직결),도번직하위,
AJR30075401,MDE62321701,"Exchanger,Plate",(도번직결),도번직하위,
AJR30075401,MEG66660103,"Holder,Tubing",(도번직결),도번직하위,
AJR30075401,MEV39836107,Insulator,(도번직결),도번직하위,
AJR30075401,MJH63775702,Supporter,(도번직결),도번직하위,
AJR30075401,MJR62202101,Tie,(도번직결),도번직하위,
AJR30075401,MJU66928301,"Tube,Connector",AJR30075401-4-6,자동매핑,
AJR30075401,MJU66928312,"Tube,Connector",AJR30075401-4-5,자동매핑,
AJR30075401,MJX63991904,"Valve,Expansion Body",AJR30075401-3-7,자동매핑,
AJR30075401,MJX63991905,"Valve,Expansion Body",AJR30075401-3-7,자동매핑,
AJR30075401,MJX63992001,"Valve,Expansion Body",AJR30075401-4-4,자동매핑,
AJR30077403,2H00351N,"Tube,Distributor",AJR30077403-12-1,자동매핑,
AJR30077403,3A00375A,"Socket,Flare",AJR30077403-은납,자동매핑,
AJR30077403,3H03659M,Strainer,AJR30077403-4-2,자동매핑,
AJR30077403,4930A20053B,"Holder,Sensor",AJR30077403-F&T,자동매핑,
AJR30077403,4A00742F,"Nut,Common",AJR30077403-F&T,자동매핑,
AJR30077403,5210A22409A,"Tube,Connector",AJR30077403-12-1,자동매핑,
AJR30077403,5410A30055S,"Insulator,Tube",(도번직결),도번직하위,
AJR30077403,7250AR7015J,"Damper,Butyl",AJR30077403-F&T,자동매핑,
AJR30077403,MBL67877902,Cap,AJR30077403-F&T,자동매핑,
AJR30077403,MBL67878002,Cap,AJR30077403-F&T,자동매핑,
AJR30077403,MCQ68044401,"Damper,Butyl",AJR30077403-F&T,자동매핑,
AJR30077403,MJU63711305,"Tube,Connector",AJR30077403-12-1,자동매핑,
AJR30077403,MJU66889701,"Tube,Connector",AJR30077403-12-1,자동매핑,
AJR30077403,MJU66889801,"Tube,Connector",AJR30077403-12-1,자동매핑,
AJR30077403,MJU66889901,"Tube,Connector",AJR30077403-12-1,자동매핑,
AJR30077403,MJU66890001,"Tube,Connector",AJR30077403-12-1,자동매핑,
AJR30077403,MJU66929203,"Tube,Connector",AJR30077403-4-2,자동매핑,
AJR30077403,MJU66929204,"Tube,Connector",AJR30077403-은납,자동매핑,
AJR30077403,MJU66929205,"Tube,Connector",AJR30077403-12-1,자동매핑,
AJR30077403,MJU66929206,"Tube,Connector",AJR30077403-F&T-1,자동매핑,
AJR30077403,MJX65072203,"Valve Module,Gear Expans",AJR30077403-F&T,자동매핑,
AJR30077802,3A00375D,"Socket,Flare",AJR30117902-F&T-2,자동매핑,
AJR30077802,3H03659L,Strainer,AJR30117902-F&T-2,자동매핑,
AJR30077802,4930A20053B,"Holder,Sensor",(도번직결),도번직하위,
AJR30077802,4A00742A,"Nut,Flare",(도번직결),도번직하위,
AJR30077802,5210A22409A,"Tube,Connector",AJR30117902-F&T-1,자동매핑,
AJR30077802,5410A30055S,"Insulator,Tube",(도번직결),도번직하위,
AJR30077802,7250AR3866W,"Damper,Butyl",(도번직결),도번직하위,
AJR30077802,MBL67877901,Cap,(도번직결),도번직하위,
AJR30077802,MBL67878001,Cap,(도번직결),도번직하위,
AJR30077802,MCQ68044401,"Damper,Butyl",(도번직결),도번직하위,
AJR30077802,MJU47979201,"Tube,Connector",AJR30117902-F&T-1,자동매핑,
AJR30077802,MJU47979202,"Tube,Connector",AJR30117902-F&T-1,자동매핑,
AJR30077802,MJU47979203,"Tube,Connector",AJR30117902-F&T-1,자동매핑,
AJR30077802,MJU62823101,"Tube,Distributor",AJR30117902-F&T-1,자동매핑,
AJR30077802,MJU66929403,"Tube,Connector",AJR30117902-F&T-2,자동매핑,
AJR30077802,MJU66929404,"Tube,Connector",AJR30117902-F&T-2,자동매핑,
AJR30077802,MJU66929406,"Tube,Connector",AJR30117902-F&T-1,자동매핑,
AJR30077802,MJU66929407,"Tube,Connector",AJR30117902-F&T-1,자동매핑,
AJR30077802,MJX65072201,"Valve Module,Gear Expans",(도번직결),도번직하위,
AJR30078601,MJU66930201,"Tube,Manifold",AJR30078601-12-1,자동매핑,
AJR30078601,MJU66930202,"Tube,Manifold",AJR30078601-12-2,자동매핑,
AJR30078601,MJU66930301,"Tube,Connector",AJR30078601-12-2,자동매핑,
AJR30078601,MJU66930302,"Tube,Connector",AJR30078601-12-3,자동매핑,
AJR30078701,MJU66930203,"Tube,Manifold",(도번직결),도번직하위,
AJR30078701,MJU66930204,"Tube,Manifold",(도번직결),도번직하위,
AJR30078701,MJU66930303,"Tube,Connector",(도번직결),도번직하위,
AJR30078701,MJU66930304,"Tube,Connector",(도번직결),도번직하위,
AJR30078702,MJU66930205,"Tube,Manifold",(도번직결),도번직하위,
AJR30078702,MJU66930206,"Tube,Manifold",(도번직결),도번직하위,
AJR30078702,MJU66930301,"Tube,Connector",(도번직결),도번직하위,
AJR30078702,MJU66930303,"Tube,Connector",(도번직결),도번직하위,
AJR30079101,3A00375A,"Socket,Flare",(도번직결),도번직하위,
AJR30079101,3H01582A,Tie,(도번직결),도번직하위,
AJR30079101,4930A20053B,"Holder,Sensor",(도번직결),도번직하위,
AJR30079101,4A00114D,"Tube,Connector",(도번직결),도번직하위,
AJR30079101,4A00742F,"Nut,Common",(도번직결),도번직하위,
AJR30079101,5210A22409A,"Tube,Connector",(도번직결),도번직하위,
AJR30079101,5410A30055S,"Insulator,Tube",(도번직결),도번직하위,
AJR30079101,AJU36719731,Valve Assembly,(도번직결),도번직하위,
AJR30079101,MBL67877902,Cap,(도번직결),도번직하위,
AJR30079101,MBL67878002,Cap,(도번직결),도번직하위,
AJR30079101,MFN62721710,Mesh,(도번직결),도번직하위,
AJR30079101,MJU63512607,"Tube,Distributor",(도번직결),도번직하위,
AJR30079101,MJU63526201,"Tube,Connector",(도번직결),도번직하위,
AJR30079101,MJU63526202,"Tube,Connector",(도번직결),도번직하위,
AJR30079101,MJU63526203,"Tube,Connector",(도번직결),도번직하위,
AJR30079101,MJU63526204,"Tube,Connector",(도번직결),도번직하위,
AJR30079101,MJU63526205,"Tube,Connector",(도번직결),도번직하위,
AJR30079101,MJU63526206,"Tube,Connector",(도번직결),도번직하위,
AJR30079101,MJU66932512,"Tube,Connector",(도번직결),도번직하위,
AJR30079101,MJU66932513,"Tube,Connector",(도번직결),도번직하위,
AJR30079101,MJU66932514,"Tube,Connector",(도번직결),도번직하위,
AJR30079101,MJU66932515,"Tube,Connector",(도번직결),도번직하위,
AJR30079201,3H01582A,Tie,(도번직결),도번직하위,
AJR30079201,4930A20053B,"Holder,Sensor",(도번직결),도번직하위,
AJR30079201,5210A22409A,"Tube,Connector",(도번직결),도번직하위,
AJR30079201,AJU75837302,"Valve Assembly,Gear Expa",(도번직결),도번직하위,
AJR30079201,MEV39836107,Insulator,(도번직결),도번직하위,
AJR30079201,MFN62721710,Mesh,(도번직결),도번직하위,
AJR30079201,MJU66932507,"Tube,Connector",(도번직결),도번직하위,
AJR30079201,MJU66932508,"Tube,Connector",(도번직결),도번직하위,
AJR30079201,MJU66932516,"Tube,Connector",(도번직결),도번직하위,
AJR30079201,MJU66933501,"Tube,Manifold",(도번직결),도번직하위,
AJR30079301,4930A20053B,"Holder,Sensor",(도번직결),도번직하위,
AJR30079301,5210A22409B,"Tube,Connector",(도번직결),도번직하위,
AJR30079301,MEZ32083428,"Label,Information",(도번직결),도번직하위,
AJR30079301,MJU66932509,"Tube,Connector",(도번직결),도번직하위,
AJR30079301,MJU66933502,"Tube,Manifold",(도번직결),도번직하위,
AJR30079401,MJU66932510,"Tube,Connector",(도번직결),도번직하위,
AJR30079401,MJU66932511,"Tube,Connector",(도번직결),도번직하위,
AJR30079401,MJU66933503,"Tube,Manifold",(도번직결),도번직하위,
AJR30083101,1MPC0502018,"Screw,Machine",(도번직결),도번직하위,
AJR30083101,4A00114C,"Tube,Connector",(도번직결),도번직하위,
AJR30083101,4A00114G,"Tube,Connector",(도번직결),도번직하위,
AJR30083101,5014A20009C,"Damper,Tube",(도번직결),도번직하위,
AJR30083101,5210A00039Z,"Tube,Connector",(도번직결),도번직하위,
AJR30083101,5210A23089A,"Tube,Pinch Off",(도번직결),도번직하위,
AJR30083101,5210A23344N,"Tube,Coupling",(도번직결),도번직하위,
AJR30083101,5210A23376A,"Tube,Connector",(도번직결),도번직하위,
AJR30083101,5224A20005P,Strainer,(도번직결),도번직하위,
AJR30083101,6141A20010U,Solenoid,(도번직결),도번직하위,
AJR30083101,EBD64386504,"Sensor Module,Pressure",(도번직결),도번직하위,
AJR30083101,EBD64386505,"Sensor Module,Pressure",(도번직결),도번직하위,
AJR30083101,EBE60742004,Solenoid,(도번직결),도번직하위,
AJR30083101,EBF40271416,"Switch,Pressure",(도번직결),도번직하위,
AJR30083101,MEG66660105,"Holder,Tubing",(도번직결),도번직하위,
AJR30083101,MEG66660106,"Holder,Tubing",(도번직결),도번직하위,
AJR30083101,MJC62301702,Strainer,(도번직결),도번직하위,
AJR30083101,MJU30514504,"Tube,Coupling",(도번직결),도번직하위,
AJR30083101,MJU65026601,"Tube,Connector",(도번직결),도번직하위,
AJR30083101,MJU66749301,"Tube,Connector",(도번직결),도번직하위,
AJR30083101,MJU66749507,"Tube,Connector",(도번직결),도번직하위,
AJR30083101,MJU66798704,"Tube,Connector",(도번직결),도번직하위,
AJR30083101,MJU66798901,"Tube,Connector",(도번직결),도번직하위,
AJR30083101,MJU66799201,"Tube,Connector",(도번직결),도번직하위,
AJR30083101,MJU66942101,"Tube,Connector",(도번직결),도번직하위,
AJR30083101,MJU66942102,"Tube,Connector",(도번직결),도번직하위,
AJR30083101,MJU66942103,"Tube,Connector",(도번직결),도번직하위,
AJR30083101,MJU66942201,"Tube,Connector",(도번직결),도번직하위,
AJR30083101,MJU66942202,"Tube,Connector",(도번직결),도번직하위,
AJR30083101,MJU66942203,"Tube,Connector",(도번직결),도번직하위,
AJR30083101,MJU66942301,"Tube,Connector",(도번직결),도번직하위,
AJR30083101,MJU66942302,"Tube,Connector",(도번직결),도번직하위,
AJR30083101,MJU66942401,"Tube,Connector",(도번직결),도번직하위,
AJR30083101,MJU66945301,"Tube,Connector",(도번직결),도번직하위,
AJR30083101,MJU66949201,"Tube,Connector",(도번직결),도번직하위,
AJR30083102,1MPC0502018,"Screw,Machine",(도번직결),도번직하위,
AJR30083102,4A00114C,"Tube,Connector",(도번직결),도번직하위,
AJR30083102,4A00114G,"Tube,Connector",(도번직결),도번직하위,
AJR30083102,5014A20009C,"Damper,Tube",(도번직결),도번직하위,
AJR30083102,5210A00039Z,"Tube,Connector",(도번직결),도번직하위,
AJR30083102,5210A23089A,"Tube,Pinch Off",(도번직결),도번직하위,
AJR30083102,5210A23344N,"Tube,Coupling",(도번직결),도번직하위,
AJR30083102,5210A23376A,"Tube,Connector",5211A22074A-1,자동매핑,
AJR30083102,5224A20005P,Strainer,(도번직결),도번직하위,
AJR30083102,6141A20010U,Solenoid,(도번직결),도번직하위,
AJR30083102,EBD64386504,"Sensor Module,Pressure",(도번직결),도번직하위,
AJR30083102,EBD64386505,"Sensor Module,Pressure",(도번직결),도번직하위,
AJR30083102,EBE60742004,Solenoid,(도번직결),도번직하위,
AJR30083102,EBF40271416,"Switch,Pressure",(도번직결),도번직하위,
AJR30083102,MEG66660105,"Holder,Tubing",(도번직결),도번직하위,
AJR30083102,MEG66660106,"Holder,Tubing",(도번직결),도번직하위,
AJR30083102,MEV39836107,Insulator,(도번직결),도번직하위,
AJR30083102,MJC62301702,Strainer,(도번직결),도번직하위,
AJR30083102,MJU30514504,"Tube,Coupling",(도번직결),도번직하위,
AJR30083102,MJU65026601,"Tube,Connector",(도번직결),도번직하위,
AJR30083102,MJU66749301,"Tube,Connector",(도번직결),도번직하위,
AJR30083102,MJU66749507,"Tube,Connector",(도번직결),도번직하위,
AJR30083102,MJU66798704,"Tube,Connector",(도번직결),도번직하위,
AJR30083102,MJU66798901,"Tube,Connector",(도번직결),도번직하위,
AJR30083102,MJU66799201,"Tube,Connector",(도번직결),도번직하위,
AJR30083102,MJU66942101,"Tube,Connector",(도번직결),도번직하위,
AJR30083102,MJU66942102,"Tube,Connector",(도번직결),도번직하위,
AJR30083102,MJU66942103,"Tube,Connector",(도번직결),도번직하위,
AJR30083102,MJU66942201,"Tube,Connector",(도번직결),도번직하위,
AJR30083102,MJU66942203,"Tube,Connector",(도번직결),도번직하위,
AJR30083102,MJU66942204,"Tube,Connector",(도번직결),도번직하위,
AJR30083102,MJU66942301,"Tube,Connector",(도번직결),도번직하위,
AJR30083102,MJU66942302,"Tube,Connector",(도번직결),도번직하위,
AJR30083102,MJU66942401,"Tube,Connector",(도번직결),도번직하위,
AJR30083102,MJU66945301,"Tube,Connector",(도번직결),도번직하위,
AJR30083102,MJU66949201,"Tube,Connector",(도번직결),도번직하위,
AJR30083102,MKW30000003,"Plug,Fusible",(도번직결),도번직하위,
AJR30083901,MFN62721711,Mesh,(도번직결),도번직하위,
AJR30083901,MJU66779318,"Tube,Connector",(도번직결),도번직하위,
AJR30083901,MJU66779319,"Tube,Connector",(도번직결),도번직하위,
AJR30083901,MJX63991904,"Valve,Expansion Body",(도번직결),도번직하위,
AJR30086101,3H01582A,Tie,(도번직결),도번직하위,
AJR30086101,3H01582E,Tie,(도번직결),도번직하위,
AJR30086101,5014A30014B,"Damper,Tube",(도번직결),도번직하위,
AJR30086101,5210A00039E,"Tube,Connector",(도번직결),도번직하위,
AJR30086101,AJU36719704,Valve Assembly,(도번직결),도번직하위,
AJR30086101,MFN62721710,Mesh,(도번직결),도번직하위,
AJR30086101,MJU66951201,"Tube,Connector",(도번직결),도번직하위,
AJR30086101,MJU66951404,"Tube,Connector",(도번직결),도번직하위,
AJR30086101,MJU66951405,"Tube,Connector",(도번직결),도번직하위,
AJR30086101,MJU66951406,"Tube,Connector",(도번직결),도번직하위,
AJR30086101,MJU66951502,"Tube,Connector",(도번직결),도번직하위,
AJR30086102,3H01582A,Tie,(도번직결),도번직하위,
AJR30086102,3H01582E,Tie,(도번직결),도번직하위,
AJR30086102,5014A30014B,"Damper,Tube",(도번직결),도번직하위,
AJR30086102,5210A00039E,"Tube,Connector",(도번직결),도번직하위,
AJR30086102,AJU36719716,Valve Assembly,(도번직결),도번직하위,
AJR30086102,MFN62721710,Mesh,(도번직결),도번직하위,
AJR30086102,MJU66951201,"Tube,Connector",(도번직결),도번직하위,
AJR30086102,MJU66951404,"Tube,Connector",(도번직결),도번직하위,
AJR30086102,MJU66951405,"Tube,Connector",(도번직결),도번직하위,
AJR30086102,MJU66951406,"Tube,Connector",(도번직결),도번직하위,
AJR30086102,MJU66951502,"Tube,Connector",(도번직결),도번직하위,
AJR30086201,4930A20053B,"Holder,Sensor",(도번직결),도번직하위,
AJR30086201,5210A22409B,"Tube,Connector",(도번직결),도번직하위,
AJR30086201,MJU38232201,"Tube,Pinch Off",(도번직결),도번직하위,
AJR30086201,MJU66166605,"Tube,Connector",(도번직결),도번직하위,
AJR30086201,MJU66810501,"Tube,Connector",(도번직결),도번직하위,
AJR30086201,MJU66810502,"Tube,Connector",(도번직결),도번직하위,
AJR30086201,MJU66810503,"Tube,Connector",(도번직결),도번직하위,
AJR30086201,MJU66951301,"Tube,Manifold",(도번직결),도번직하위,
AJR30086201,MJU66951901,"Tube,Connector",(도번직결),도번직하위,
AJR30086201,MJU66952201,"Tube,Connector",(도번직결),도번직하위,
AJR30087001,1MPC0502018,"Screw,Machine",(도번직결),도번직하위,
AJR30087001,3A02080E,"Valve,Reverse",(도번직결),도번직하위,
AJR30087001,3H01582A,Tie,(도번직결),도번직하위,
AJR30087001,3H01582C,Tie,(도번직결),도번직하위,
AJR30087001,4930A20053B,"Holder,Sensor",(도번직결),도번직하위,
AJR30087001,5014A20009C,"Damper,Tube",(도번직결),도번직하위,
AJR30087001,5014A30014G,"Damper,Tube",(도번직결),도번직하위,
AJR30087001,5014A30014H,"Damper,Tube",(도번직결),도번직하위,
AJR30087001,5210A22409B,"Tube,Connector",(도번직결),도번직하위,
AJR30087001,5210A22520B,"Tube,Connector",(도번직결),도번직하위,
AJR30087001,5210A23376A,"Tube,Connector",(도번직결),도번직하위,
AJR30087001,EAD62115301,"Drawing,Assembly",(도번직결),도번직하위,
AJR30087001,EBD62165607,"Sensor,Pressure",(도번직결),도번직하위,
AJR30087001,EBE61441604,Solenoid,(도번직결),도번직하위,
AJR30087001,MAA63804701,Accumulator,(도번직결),도번직하위,
AJR30087001,MEG66660106,"Holder,Tubing",(도번직결),도번직하위,
AJR30087001,MJU64870703,"Tube,Capillary Bending",(도번직결),도번직하위,
AJR30087001,MJU65587603,"Tube,Connector",(도번직결),도번직하위,
AJR30087001,MJU66366304,"Tube,Connector",(도번직결),도번직하위,
AJR30087001,MJU66366305,"Tube,Connector",(도번직결),도번직하위,
AJR30087001,MJU66954301,"Tube,Connector",(도번직결),도번직하위,
AJR30087001,MJU66954302,"Tube,Connector",(도번직결),도번직하위,
AJR30087001,MJU66954303,"Tube,Connector",(도번직결),도번직하위,
AJR30087001,MJU66954304,"Tube,Connector",(도번직결),도번직하위,
AJR30087001,MJU66954305,"Tube,Connector",(도번직결),도번직하위,
AJR30087001,MJU66954306,"Tube,Connector",(도번직결),도번직하위,
AJR30087001,MJU66954307,"Tube,Connector",(도번직결),도번직하위,
AJR30087001,MJU66954308,"Tube,Connector",(도번직결),도번직하위,
AJR30087001,MJU66954309,"Tube,Connector",(도번직결),도번직하위,
AJR30087001,MJU66954310,"Tube,Connector",(도번직결),도번직하위,
AJR30087001,MJU66954311,"Tube,Connector",(도번직결),도번직하위,
AJR30087001,MJX61841306,"Valve,Solenoid",(도번직결),도번직하위,
AJR30087002,1MPC0502018,"Screw,Machine",(도번직결),도번직하위,
AJR30087002,3A02080E,"Valve,Reverse",(도번직결),도번직하위,
AJR30087002,3H01582A,Tie,(도번직결),도번직하위,
AJR30087002,3H01582C,Tie,(도번직결),도번직하위,
AJR30087002,4930A20053B,"Holder,Sensor",(도번직결),도번직하위,
AJR30087002,5014A20009C,"Damper,Tube",(도번직결),도번직하위,
AJR30087002,5014A30014G,"Damper,Tube",(도번직결),도번직하위,
AJR30087002,5014A30014H,"Damper,Tube",(도번직결),도번직하위,
AJR30087002,5210A22409B,"Tube,Connector",(도번직결),도번직하위,
AJR30087002,5210A22520B,"Tube,Connector",(도번직결),도번직하위,
AJR30087002,5210A23376A,"Tube,Connector",(도번직결),도번직하위,
AJR30087002,EAD62115301,"Drawing,Assembly",(도번직결),도번직하위,
AJR30087002,EBD62165607,"Sensor,Pressure",(도번직결),도번직하위,
AJR30087002,EBD64386506,"Sensor Module,Pressure",(도번직결),도번직하위,
AJR30087002,EBE61441604,Solenoid,(도번직결),도번직하위,
AJR30087002,MAA63804704,Accumulator,(도번직결),도번직하위,
AJR30087002,MEG66660106,"Holder,Tubing",(도번직결),도번직하위,
AJR30087002,MJU64870703,"Tube,Capillary Bending",(도번직결),도번직하위,
AJR30087002,MJU65587603,"Tube,Connector",(도번직결),도번직하위,
AJR30087002,MJU66366304,"Tube,Connector",(도번직결),도번직하위,
AJR30087002,MJU66366305,"Tube,Connector",(도번직결),도번직하위,
AJR30087002,MJU66954301,"Tube,Connector",(도번직결),도번직하위,
AJR30087002,MJU66954302,"Tube,Connector",(도번직결),도번직하위,
AJR30087002,MJU66954303,"Tube,Connector",(도번직결),도번직하위,
AJR30087002,MJU66954304,"Tube,Connector",(도번직결),도번직하위,
AJR30087002,MJU66954305,"Tube,Connector",(도번직결),도번직하위,
AJR30087002,MJU66954306,"Tube,Connector",(도번직결),도번직하위,
AJR30087002,MJU66954307,"Tube,Connector",(도번직결),도번직하위,
AJR30087002,MJU66954308,"Tube,Connector",(도번직결),도번직하위,
AJR30087002,MJU66954309,"Tube,Connector",(도번직결),도번직하위,
AJR30087002,MJU66954310,"Tube,Connector",(도번직결),도번직하위,
AJR30087002,MJU66954311,"Tube,Connector",(도번직결),도번직하위,
AJR30087002,MJX61841306,"Valve,Solenoid",(도번직결),도번직하위,
AJR30087301,1MPC0502018,"Screw,Machine",(도번직결),도번직하위,
AJR30087301,3H01582C,Tie,(도번직결),도번직하위,
AJR30087301,4930A20053B,"Holder,Sensor",(도번직결),도번직하위,
AJR30087301,5014A30014W,"Damper,Tube",(도번직결),도번직하위,
AJR30087301,5210A22409B,"Tube,Connector",(도번직결),도번직하위,
AJR30087301,5210A22520B,"Tube,Connector",(도번직결),도번직하위,
AJR30087301,EAD62115301,"Drawing,Assembly",(도번직결),도번직하위,
AJR30087301,EBD64386506,"Sensor Module,Pressure",(도번직결),도번직하위,
AJR30087301,EBD64386507,"Sensor Module,Pressure",(도번직결),도번직하위,
AJR30087301,EBE61441604,Solenoid,(도번직결),도번직하위,
AJR30087301,MEG66660106,"Holder,Tubing",(도번직결),도번직하위,
AJR30087301,MJU64870703,"Tube,Capillary Bending",(도번직결),도번직하위,
AJR30087301,MJU65587603,"Tube,Connector",(도번직결),도번직하위,
AJR30087301,MJU66366304,"Tube,Connector",(도번직결),도번직하위,
AJR30087301,MJU66366305,"Tube,Connector",(도번직결),도번직하위,
AJR30087301,MJU66366306,"Tube,Connector",(도번직결),도번직하위,
AJR30087301,MJU66954601,"Tube,Connector",(도번직결),도번직하위,
AJR30087301,MJU66954602,"Tube,Connector",(도번직결),도번직하위,
AJR30087301,MJU66954603,"Tube,Connector",(도번직결),도번직하위,
AJR30087301,MJU66954604,"Tube,Connector",(도번직결),도번직하위,
AJR30087301,MJU66954605,"Tube,Connector",(도번직결),도번직하위,
AJR30087301,MJU66954606,"Tube,Connector",(도번직결),도번직하위,
AJR30087301,MJU66954607,"Tube,Connector",(도번직결),도번직하위,
AJR30087301,MJU66954608,"Tube,Connector",(도번직결),도번직하위,
AJR30087301,MJU66954609,"Tube,Connector",(도번직결),도번직하위,
AJR30087301,MJU66954610,"Tube,Connector",(도번직결),도번직하위,
AJR30087301,MJX61841306,"Valve,Solenoid",(도번직결),도번직하위,
AJR30087301,MJX65075502,"Valve,Reverse",(도번직결),도번직하위,
AJR30087401,3H03659L,Strainer,(도번직결),도번직하위,
AJR30087401,4A00114F,"Tube,Connector",(도번직결),도번직하위,
AJR30087401,EAP65270705,"Coil Module,Expansion",(도번직결),도번직하위,
AJR30087401,MJU64189801,"Tube,Connector",AJR30087401-4-1,자동매핑,
AJR30087401,MJU66954701,"Tube,Connector",AJR30087401-4-1,자동매핑,
AJR30087401,MJU66954704,"Tube,Connector",(도번직결),도번직하위,
AJR30087401,MJU66954705,"Tube,Connector",(도번직결),도번직하위,
AJR30087401,MJU66954706,"Tube,Connector",(도번직결),도번직하위,
AJR30087401,MJU66954707,"Tube,Connector",(도번직결),도번직하위,
AJR30087401,MJU66954708,"Tube,Connector",(도번직결),도번직하위,
AJR30087401,MJU66954709,"Tube,Connector",(도번직결),도번직하위,
AJR30087401,MJX63991701,"Valve,Expansion Body",(도번직결),도번직하위,
AJR30089601,5210A28001C,"Tube,Return Bending",AJR74364918-4-3,자동매핑,
AJR30089601,MJU63669501,"Tube,Connector",AJR74364918-4-1,자동매핑,
AJR30089601,MJU63669601,"Tube,Connector",AJR74364918-4-3,자동매핑,
AJR30089601,MJU63687701,"Tube,Connector",AJR74364918-4-2,자동매핑,
AJR30089601,MJU63691201,"Tube,Connector",(도번직결),도번직하위,
AJR30089601,MJU66960801,"Tube,Connector",(도번직결),도번직하위,
AJR30089601,MJU66960901,"Tube,Connector",(도번직결),도번직하위,
AJR30089601,MJU66961001,"Tube,Connector",AJR30089601-4-1,자동매핑,
AJR30089602,5410A30279D,"Insulator,Tube",(도번직결),도번직하위,
AJR30089602,MJU64433003,"Tube,Return Bending",AJR74364919-4-3,자동매핑,
AJR30089602,MJU64959109,"Tube,Connector",AJR74364919-4-1,자동매핑,
AJR30089602,MJU64959111,"Tube,Connector",AJR74364919-4-3,자동매핑,
AJR30089602,MJU64959112,"Tube,Connector",AJR30089602-4-3,자동매핑,
AJR30089602,MJU66964701,"Tube,Connector",AJR30089602-4-1,자동매핑,
AJR30089602,MJU66964801,"Tube,Connector",AJR30089602-4-2,자동매핑,
AJR30089602,MJU66965101,"Tube,Connector",(도번직결),도번직하위,
AJR30089603,5410A30279D,"Insulator,Tube",(도번직결),도번직하위,
AJR30089603,MJU63669512,"Tube,Connector",AJR30089603-4-2,자동매핑,
AJR30089603,MJU64433003,"Tube,Return Bending",AJR74364921-4-4,자동매핑,
AJR30089603,MJU64959113,"Tube,Connector",AJR74364921-4-1,자동매핑,
AJR30089603,MJU64959115,"Tube,Connector",AJR74364921-4-4,자동매핑,
AJR30089603,MJU66965201,"Tube,Connector",AJR30089603-4-1,자동매핑,
AJR30089603,MJU66967601,"Tube,Connector",(도번직결),도번직하위,
AJR30089603,MJU66967701,"Tube,Connector",AJR30089603-4-3,자동매핑,
AJR30089604,MJU63669606,"Tube,Connector",AJR74364920-1-2,자동매핑,
AJR30089604,MJU64433003,"Tube,Return Bending",AJR74364920-1-2,자동매핑,
AJR30089604,MJU66965301,"Tube,Connector",AJR30089604-1-1,자동매핑,
AJR30089604,MJU66967801,"Tube,Connector",(도번직결),도번직하위,
AJR30089604,MJU66967901,"Tube,Connector",AJR30089604-1-2,자동매핑,
AJR30089604,MJU66968001,"Tube,Connector",AJR30089604-1-3,자동매핑,
AJR30089604,MJU66968101,"Tube,Connector",(도번직결),도번직하위,
AJR30089604,MJU66968201,"Tube,Connector",(도번직결),도번직하위,
AJR30089608,MJU64433003,"Tube,Return Bending",AJR30089608-4-4,자동매핑,
AJR30089608,MJU64959134,"Tube,Connector",AJR30089608-4-3,자동매핑,
AJR30089608,MJU64959135,"Tube,Connector",AJR30089608-4-2,자동매핑,
AJR30089608,MJU64959136,"Tube,Connector",AJR30089608-4-1,자동매핑,
AJR30089608,MJU64959137,"Tube,Connector",AJR30089608-4-4,자동매핑,
AJR30089608,MJU64967703,"Tube,Connector",(도번직결),도번직하위,
AJR30089609,5410A30279D,"Insulator,Tube",(도번직결),도번직하위,
AJR30089609,MJU64433003,"Tube,Return Bending",AJR30089609-4-5,자동매핑,
AJR30089609,MJU64959134,"Tube,Connector",AJR30089609-4-4,자동매핑,
AJR30089609,MJU64959136,"Tube,Connector",AJR30089609-4-1,자동매핑,
AJR30089609,MJU64959137,"Tube,Connector",AJR30089609-4-3,자동매핑,
AJR30089609,MJU66960804,"Tube,Connector",(도번직결),도번직하위,
AJR30089609,MJU66965303,"Tube,Connector",AJR30089609-4-5,자동매핑,
AJR30089609,MJU66967904,"Tube,Connector",AJR30089609-4-2,자동매핑,
AJR30089610,MJU63669535,"Tube,Connector",AJR30089610-4-3,자동매핑,
AJR30089610,MJU63669536,"Tube,Connector",AJR30089610-4-2,자동매핑,
AJR30089610,MJU63669745,"Tube,Connector",(도번직결),도번직하위,
AJR30089610,MJU64433003,"Tube,Return Bending",AJR30089610-4-3,자동매핑,
AJR30089610,MJU64959136,"Tube,Connector",AJR30089610-4-1,자동매핑,
AJR30089611,MJU64433003,"Tube,Return Bending",AJR30089611-4-4,자동매핑,
AJR30089611,MJU64959138,"Tube,Connector",AJR30089611-4-2,자동매핑,
AJR30089611,MJU64959139,"Tube,Connector",AJR30089611-4-3,자동매핑,
AJR30089611,MJU64959140,"Tube,Connector",AJR30089611-4-1,자동매핑,
AJR30089611,MJU64959141,"Tube,Connector",AJR30089611-4-4,자동매핑,
AJR30089611,MJU64967704,"Tube,Connector",(도번직결),도번직하위,
AJR30089612,5410A30279D,"Insulator,Tube",(도번직결),도번직하위,
AJR30089612,MJU63669539,"Tube,Connector",AJR30089612-4-2,자동매핑,
AJR30089612,MJU64433003,"Tube,Return Bending",AJR30089612-4-5,자동매핑,
AJR30089612,MJU64959138,"Tube,Connector",AJR30089612-4-4,자동매핑,
AJR30089612,MJU64959140,"Tube,Connector",AJR30089612-4-1,자동매핑,
AJR30089612,MJU66960805,"Tube,Connector",(도번직결),도번직하위,
AJR30089612,MJU66965304,"Tube,Connector",AJR30089612-4-5,자동매핑,
AJR30089612,MJU66967905,"Tube,Connector",AJR30089612-4-3,자동매핑,
AJR30089613,MJU63669537,"Tube,Connector",(도번직결),도번직하위,
AJR30089613,MJU63669539,"Tube,Connector",(도번직결),도번직하위,
AJR30089613,MJU63669746,"Tube,Connector",(도번직결),도번직하위,
AJR30089613,MJU64433003,"Tube,Return Bending",(도번직결),도번직하위,
AJR30089613,MJU64959140,"Tube,Connector",(도번직결),도번직하위,
AJR30089614,5210A28001C,"Tube,Return Bending",AJR30089614-4-3,자동매핑,
AJR30089614,MJU63669531,"Tube,Connector",AJR30089614-4-3,자동매핑,
AJR30089614,MJU63669615,"Tube,Connector",AJR30089614-4-1,자동매핑,
AJR30089614,MJU63669741,"Tube,Connector",(도번직결),도번직하위,
AJR30089614,MJU63691214,"Tube,Connector",(도번직결),도번직하위,
AJR30089614,MJU64795607,"Tube,Connector",AJR30089614-4-2,자동매핑,
AJR30089614,MJU66960903,"Tube,Connector",(도번직결),도번직하위,
AJR30089615,5210A28001C,"Tube,Return Bending",AJR30089615-4-4,자동매핑,
AJR30089615,MJU63669531,"Tube,Connector",AJR30089615-4-3,자동매핑,
AJR30089615,MJU63669615,"Tube,Connector",AJR30089615-4-1,자동매핑,
AJR30089615,MJU63691214,"Tube,Connector",(도번직결),도번직하위,
AJR30089615,MJU64795607,"Tube,Connector",AJR30089615-4-2,자동매핑,
AJR30089615,MJU66960802,"Tube,Connector",(도번직결),도번직하위,
AJR30089615,MJU66960902,"Tube,Connector",(도번직결),도번직하위,
AJR30089615,MJU66961002,"Tube,Connector",AJR30089615-4-4,자동매핑,
AJR30089616,5210A28001C,"Tube,Return Bending",AJR30089616-4-4,자동매핑,
AJR30089616,MJU63669531,"Tube,Connector",AJR30089616-4-3,자동매핑,
AJR30089616,MJU63669534,"Tube,Connector",AJR30089616-4-4,자동매핑,
AJR30089616,MJU63669615,"Tube,Connector",AJR30089616-4-1,자동매핑,
AJR30089616,MJU63669743,"Tube,Connector",(도번직결),도번직하위,
AJR30089616,MJU64795607,"Tube,Connector",AJR30089616-4-2,자동매핑,
AJR30089617,5210A28001S,"Tube,Return Bending",(도번직결),도번직하위,
AJR30089617,MJU63669531,"Tube,Connector",(도번직결),도번직하위,
AJR30089617,MJU63669533,"Tube,Connector",(도번직결),도번직하위,
AJR30089617,MJU63669544,"Tube,Connector",(도번직결),도번직하위,
AJR30089617,MJU63669615,"Tube,Connector",(도번직결),도번직하위,
AJR30089617,MJU63669744,"Tube,Connector",(도번직결),도번직하위,
AJR30089618,5210A28001S,"Tube,Return Bending",(도번직결),도번직하위,
AJR30089618,MJU63669532,"Tube,Connector",(도번직결),도번직하위,
AJR30089618,MJU63669615,"Tube,Connector",(도번직결),도번직하위,
AJR30089618,MJU63669740,"Tube,Connector",(도번직결),도번직하위,
AJR30089619,MJU63669538,"Tube,Connector",AJR30089619-1-1(링),자동매핑,
AJR30089619,MJU63669616,"Tube,Connector",AJR30089621-1-4,자동매핑,
AJR30089619,MJU63669742,"Tube,Connector",(도번직결),도번직하위,
AJR30089619,MJU63691215,"Tube,Connector",(도번직결),도번직하위,
AJR30089619,MJU64433003,"Tube,Return Bending",AJR30089621-1-4,자동매핑,
AJR30089619,MJU64795606,"Tube,Connector",AJR30089619-1-3(링),자동매핑,
AJR30089619,MJU66960904,"Tube,Connector",(도번직결),도번직하위,
AJR30089620,MJU63669540,"Tube,Connector",(도번직결),도번직하위,
AJR30089620,MJU63669541,"Tube,Connector",AJR30089620-1-1,자동매핑,
AJR30089620,MJU63669542,"Tube,Connector",AJR30089620-1-2,자동매핑,
AJR30089620,MJU63669543,"Tube,Connector",(도번직결),도번직하위,
AJR30089620,MJU63669616,"Tube,Connector",AJR30089621-1-4,자동매핑,
AJR30089620,MJU63669747,"Tube,Connector",(도번직결),도번직하위,
AJR30089620,MJU64433003,"Tube,Return Bending",AJR30089621-1-4,자동매핑,
AJR30089621,MJU63669616,"Tube,Connector",AJR30089621-1-4,자동매핑,
AJR30089621,MJU64433003,"Tube,Return Bending",AJR30089621-1-4,자동매핑,
AJR30089621,MJU66960803,"Tube,Connector",(도번직결),도번직하위,
AJR30089621,MJU66960906,"Tube,Connector",(도번직결),도번직하위,
AJR30089621,MJU66965302,"Tube,Connector",AJR30089621-1-1,자동매핑,
AJR30089621,MJU66967902,"Tube,Connector",AJR30089621-1-2,자동매핑,
AJR30089621,MJU66967903,"Tube,Connector",AJR30089621-1-3,자동매핑,
AJR30089621,MJU66968102,"Tube,Connector",(도번직결),도번직하위,
AJR30089622,5210A28001S,"Tube,Return Bending",(도번직결),도번직하위,
AJR30089622,MJU63669532,"Tube,Connector",(도번직결),도번직하위,
AJR30089622,MJU63669615,"Tube,Connector",(도번직결),도번직하위,
AJR30089622,MJU63669750,"Tube,Connector",(도번직결),도번직하위,
AJR30089623,5210A28001S,"Tube,Return Bending",(도번직결),도번직하위,
AJR30089623,MJU63669531,"Tube,Connector",(도번직결),도번직하위,
AJR30089623,MJU63669550,"Tube,Connector",(도번직결),도번직하위,
AJR30089623,MJU63669551,"Tube,Connector",(도번직결),도번직하위,
AJR30089623,MJU63669615,"Tube,Connector",(도번직결),도번직하위,
AJR30089623,MJU63669754,"Tube,Connector",(도번직결),도번직하위,
AJR30089624,MJU63669549,"Tube,Connector",(도번직결),도번직하위,
AJR30089624,MJU63669555,"Tube,Connector",(도번직결),도번직하위,
AJR30089624,MJU63669751,"Tube,Connector",(도번직결),도번직하위,
AJR30089624,MJU64433003,"Tube,Return Bending",(도번직결),도번직하위,
AJR30089624,MJU64959148,"Tube,Connector",(도번직결),도번직하위,
AJR30089625,MJU63669552,"Tube,Connector",(도번직결),도번직하위,
AJR30089625,MJU63669553,"Tube,Connector",(도번직결),도번직하위,
AJR30089625,MJU63669752,"Tube,Connector",(도번직결),도번직하위,
AJR30089625,MJU64433003,"Tube,Return Bending",(도번직결),도번직하위,
AJR30089625,MJU64959147,"Tube,Connector",(도번직결),도번직하위,
AJR30089626,MJU63669545,"Tube,Connector",(도번직결),도번직하위,
AJR30089626,MJU63669546,"Tube,Connector",(도번직결),도번직하위,
AJR30089626,MJU63669547,"Tube,Connector",(도번직결),도번직하위,
AJR30089626,MJU63669548,"Tube,Connector",(도번직결),도번직하위,
AJR30089626,MJU63669753,"Tube,Connector",(도번직결),도번직하위,
AJR30089626,MJU64433003,"Tube,Return Bending",(도번직결),도번직하위,
AJR30089626,MJU64959146,"Tube,Connector",(도번직결),도번직하위,
AJR30095101,3A00375P,"Socket,Flare",AJR30095101-SUB,자동매핑,
AJR30095101,4930A20053B,"Holder,Sensor",(도번직결),도번직하위,
AJR30095101,4A00742B,"Nut,Flare",(도번직결),도번직하위,
AJR30095101,5006AR4091D,Cap,(도번직결),도번직하위,
AJR30095101,5210A22409B,"Tube,Connector",AJR30095101-F&T,자동매핑,
AJR30095101,5410A30055D,"Insulator,Tube",(도번직결),도번직하위,
AJR30095101,MJU66980601,"Tube,Manifold",AJR30095101-SUB,자동매핑,
AJR30095101,MJU66980602,"Tube,Manifold",AJR30095101-F&T,자동매핑,
AJR30095101,MJU66980603,"Tube,Manifold",AJR30095101-F&T,자동매핑,
AJR30095101,MJU66980604,"Tube,Manifold",AJR30095101-F&T,자동매핑,
AJR30095101,MJU66980605,"Tube,Manifold",AJR30095101-F&T,자동매핑,
AJR30095101,MJU66980606,"Tube,Manifold",AJR30095101-F&T,자동매핑,
AJR30099601,4A00114A,"Tube,Connector",(도번직결),도번직하위,
AJR30099601,5210A24677J,"Tube,Connector",(도번직결),도번직하위,
AJR30099601,5210A30334M,"Tube,Pinch Off",(도번직결),도번직하위,
AJR30099601,MJU66991001,"Tube,Connector",(도번직결),도번직하위,
AJR30099601,MJU66991002,"Tube,Connector",(도번직결),도번직하위,
AJR30099601,MJU66991003,"Tube,Connector",(도번직결),도번직하위,
AJR30100101,4010AR3071C,"Socket,Flare",AJR30100101-은납,자동매핑,
AJR30100101,4930A20053B,"Holder,Sensor",(도번직결),도번직하위,
AJR30100101,5210A22409A,"Tube,Connector",AJR33796512-19-1,자동매핑,
AJR30100101,5410A30055F,"Insulator,Tube",(도번직결),도번직하위,
AJR30100101,MBL68756701,"Cap,Tube",(도번직결),도번직하위,
AJR30100101,MJU37499607,"Tube,Connector",AJR30100101-은납,자동매핑,
AJR30100101,MJU39074319,"Tube,Capillary Bending",AJR33796512-19-1,자동매핑,
AJR30100101,MJU39074322,"Tube,Capillary Bending",AJR33796512-19-1,자동매핑,
AJR30100101,MJU39074323,"Tube,Capillary Bending",AJR33796512-19-1,자동매핑,
AJR30100101,MJU39074324,"Tube,Capillary Bending",AJR33796512-19-1,자동매핑,
AJR30100101,MJU39074325,"Tube,Capillary Bending",AJR33796512-19-1,자동매핑,
AJR30100101,MJU39074326,"Tube,Capillary Bending",AJR33796512-19-1,자동매핑,
AJR30100101,MJU39074327,"Tube,Capillary Bending",AJR33796512-19-1,자동매핑,
AJR30100101,MJU63512609,"Tube,Distributor",AJR33796512-19-1,자동매핑,
AJR30100102,4010AR3071C,"Socket,Flare",AJR30100102-은납,자동매핑,
AJR30100102,4930A20053B,"Holder,Sensor",(도번직결),도번직하위,
AJR30100102,5210A22409A,"Tube,Connector",(도번직결),도번직하위,
AJR30100102,5410A20017C,"Damper,Butyl",(도번직결),도번직하위,
AJR30100102,5410A30055F,"Insulator,Tube",(도번직결),도번직하위,
AJR30100102,MBL68756701,"Cap,Tube",(도번직결),도번직하위,
AJR30100102,MJR61841701,Tie,(도번직결),도번직하위,
AJR30100102,MJU37499607,"Tube,Connector",AJR30100102-은납,자동매핑,
AJR30100102,MJU39074319,"Tube,Capillary Bending",(도번직결),도번직하위,
AJR30100102,MJU39074322,"Tube,Capillary Bending",(도번직결),도번직하위,
AJR30100102,MJU39074323,"Tube,Capillary Bending",(도번직결),도번직하위,
AJR30100102,MJU39074324,"Tube,Capillary Bending",(도번직결),도번직하위,
AJR30100102,MJU39074325,"Tube,Capillary Bending",(도번직결),도번직하위,
AJR30100102,MJU39074326,"Tube,Capillary Bending",(도번직결),도번직하위,
AJR30100102,MJU39074327,"Tube,Capillary Bending",(도번직결),도번직하위,
AJR30100102,MJU63512609,"Tube,Distributor",(도번직결),도번직하위,
AJR30102201,3H01582A,Tie,(도번직결),도번직하위,
AJR30102201,4A00114A,"Tube,Connector",(도번직결),도번직하위,
AJR30102201,5210A22409B,"Tube,Connector",(도번직결),도번직하위,
AJR30102201,5210A23089A,"Tube,Pinch Off",(도번직결),도번직하위,
AJR30102201,MEG66660106,"Holder,Tubing",(도번직결),도번직하위,
AJR30102201,MJU66996301,"Tube,Connector",(도번직결),도번직하위,
AJR30102201,MJU66996302,"Tube,Connector",(도번직결),도번직하위,
AJR30102201,MJU66996303,"Tube,Connector",(도번직결),도번직하위,
AJR30102201,MJU66996304,"Tube,Connector",(도번직결),도번직하위,
AJR30102201,MJU66996305,"Tube,Connector",(도번직결),도번직하위,
AJR30102201,MJU66996401,"Tube,Connector",(도번직결),도번직하위,
AJR30102201,MJU66996402,"Tube,Connector",(도번직결),도번직하위,
AJR30102201,MJU66996403,"Tube,Connector",(도번직결),도번직하위,
AJR30102601,1NHA0801206,"Nut,Common",(도번직결),도번직하위,
AJR30102601,3H01582A,Tie,(도번직결),도번직하위,
AJR30102601,3H01582E,Tie,(도번직결),도번직하위,
AJR30102601,4930A20053B,"Holder,Sensor",(도번직결),도번직하위,
AJR30102601,4A00114D,"Tube,Connector",AJR30102601-16-2,자동매핑,
AJR30102601,4A00114E,"Tube,Connector",AJR30102601-16-2,자동매핑,
AJR30102601,4H00363M,"Damper,Tube",(도번직결),도번직하위,
AJR30102601,4H00947J,"Nut,Common",(도번직결),도번직하위,
AJR30102601,5014A20009C,"Damper,Tube",(도번직결),도번직하위,
AJR30102601,5014A30001C,"Damper,Tube",(도번직결),도번직하위,
AJR30102601,5014A30014Z,"Damper,Tube",(도번직결),도번직하위,
AJR30102601,5210A22409A,"Tube,Connector",AJR30102601-20-3,자동매핑,
AJR30102601,53402025,"Tape,Filament",(도번직결),도번직하위,
AJR30102601,EAP65270708,"Coil Module,Expansion",(도번직결),도번직하위,
AJR30102601,EAP65270711,"Coil Module,Expansion",(도번직결),도번직하위,
AJR30102601,EAP65270712,"Coil Module,Expansion",(도번직결),도번직하위,
AJR30102601,MAZ67819001,Bracket,(도번직결),도번직하위,
AJR30102601,MDE62321701,"Exchanger,Plate",(도번직결),도번직하위,
AJR30102601,MEG66660103,"Holder,Tubing",(도번직결),도번직하위,
AJR30102601,MEV39836107,Insulator,(도번직결),도번직하위,
AJR30102601,MEV67809208,Insulator,(도번직결),도번직하위,
AJR30102601,MFN62721711,Mesh,AJR30102601-20-2,자동매핑,
AJR30102601,MJC62721914,Strainer,AJR30102601-20-3,자동매핑,
AJR30102601,MJH63775701,Supporter,(도번직결),도번직하위,
AJR30102601,MJH63775702,Supporter,(도번직결),도번직하위,
AJR30102601,MJU66779315,"Tube,Connector",AJR30102601-20-2,자동매핑,
AJR30102601,MJU66894810,"Tube,Connector",AJR30102601-20-2,자동매핑,
AJR30102601,MJU66997102,"Tube,Connector",AJR30102601-16-2,자동매핑,
AJR30102601,MJU66997103,"Tube,Connector",AJR30102601-20-3,자동매핑,
AJR30102601,MJU66997104,"Tube,Connector",AJR30102601-16-2,자동매핑,
AJR30102601,MJU66997105,"Tube,Connector",AJR30102601-20-1,자동매핑,
AJR30102601,MJU66997106,"Tube,Connector",AJR30102601-16-3,자동매핑,
AJR30102601,MJU66997107,"Tube,Connector",AJR30102601-20-2,자동매핑,
AJR30102601,MJU66997108,"Tube,Connector",AJR30102601-20-3,자동매핑,
AJR30102601,MJU66997201,"Tube,Connector",AJR30102601-16-2,자동매핑,
AJR30102601,MJU66997202,"Tube,Connector",AJR30102601-16-2,자동매핑,
AJR30102601,MJU66997203,"Tube,Connector",AJR30102601-16-1,자동매핑,
AJR30102601,MJU66997204,"Tube,Connector",AJR30102601-16-1,자동매핑,
AJR30102601,MJX63991801,"Valve,Expansion Body",AJR30102601-20-3,자동매핑,
AJR30102601,MJX63991903,"Valve,Expansion Body",AJR30102601-20-2,자동매핑,
AJR30102601,MJX63991904,"Valve,Expansion Body",AJR30102601-20-1,자동매핑,
AJR30102602,1NHA0801206,"Nut,Common",(도번직결),도번직하위,
AJR30102602,3H01582A,Tie,(도번직결),도번직하위,
AJR30102602,3H01582E,Tie,(도번직결),도번직하위,
AJR30102602,4930A20053B,"Holder,Sensor",(도번직결),도번직하위,
AJR30102602,4A00114D,"Tube,Connector",AJR30102601-16-2,자동매핑,
AJR30102602,4A00114E,"Tube,Connector",AJR30102602-16-1,자동매핑,
AJR30102602,4H00363M,"Damper,Tube",(도번직결),도번직하위,
AJR30102602,4H00947J,"Nut,Common",(도번직결),도번직하위,
AJR30102602,5014A20009C,"Damper,Tube",(도번직결),도번직하위,
AJR30102602,5014A30001C,"Damper,Tube",(도번직결),도번직하위,
AJR30102602,5014A30014Z,"Damper,Tube",(도번직결),도번직하위,
AJR30102602,5210A22409A,"Tube,Connector",AJR30102601-20-3,자동매핑,
AJR30102602,53402025,"Tape,Filament",(도번직결),도번직하위,
AJR30102602,EAP65270708,"Coil Module,Expansion",(도번직결),도번직하위,
AJR30102602,EAP65270711,"Coil Module,Expansion",(도번직결),도번직하위,
AJR30102602,EAP65270712,"Coil Module,Expansion",(도번직결),도번직하위,
AJR30102602,MAZ67819001,Bracket,(도번직결),도번직하위,
AJR30102602,MDE62321701,"Exchanger,Plate",(도번직결),도번직하위,
AJR30102602,MEG66660103,"Holder,Tubing",(도번직결),도번직하위,
AJR30102602,MEV39836107,Insulator,(도번직결),도번직하위,
AJR30102602,MEV67809208,Insulator,(도번직결),도번직하위,
AJR30102602,MFN62721711,Mesh,AJR30102601-20-2,자동매핑,
AJR30102602,MJC62721914,Strainer,AJR30102601-20-3,자동매핑,
AJR30102602,MJH63775701,Supporter,(도번직결),도번직하위,
AJR30102602,MJH63775702,Supporter,(도번직결),도번직하위,
AJR30102602,MJU66779315,"Tube,Connector",AJR30102601-20-2,자동매핑,
AJR30102602,MJU66894810,"Tube,Connector",AJR30102601-20-2,자동매핑,
AJR30102602,MJU66997102,"Tube,Connector",AJR30102601-16-2,자동매핑,
AJR30102602,MJU66997103,"Tube,Connector",AJR30102601-20-3,자동매핑,
AJR30102602,MJU66997104,"Tube,Connector",AJR30102601-16-2,자동매핑,
AJR30102602,MJU66997105,"Tube,Connector",AJR30102601-20-1,자동매핑,
AJR30102602,MJU66997106,"Tube,Connector",AJR30102601-16-3,자동매핑,
AJR30102602,MJU66997107,"Tube,Connector",AJR30102601-20-2,자동매핑,
AJR30102602,MJU66997108,"Tube,Connector",AJR30102601-20-3,자동매핑,
AJR30102602,MJU66997201,"Tube,Connector",AJR30102601-16-2,자동매핑,
AJR30102602,MJU66997202,"Tube,Connector",AJR30102601-16-2,자동매핑,
AJR30102602,MJU66997203,"Tube,Connector",AJR30102602-16-1,자동매핑,
AJR30102602,MJU66997205,"Tube,Connector",AJR30102602-16-1,자동매핑,
AJR30102602,MJX63991801,"Valve,Expansion Body",AJR30102601-20-3,자동매핑,
AJR30102602,MJX63991903,"Valve,Expansion Body",AJR30102601-20-2,자동매핑,
AJR30102602,MJX63991904,"Valve,Expansion Body",AJR30102601-20-1,자동매핑,
AJR30103101,3H01582A,Tie,(도번직결),도번직하위,
AJR30103101,3H03659M,Strainer,(도번직결),도번직하위,
AJR30103101,3H03659N,Strainer,(도번직결),도번직하위,
AJR30103101,4930A20053B,"Holder,Sensor",(도번직결),도번직하위,
AJR30103101,5210A22409A,"Tube,Connector",(도번직결),도번직하위,
AJR30103101,5410A30055F,"Insulator,Tube",(도번직결),도번직하위,
AJR30103101,AJU36719704,Valve Assembly,(도번직결),도번직하위,
AJR30103101,MCQ68044401,"Damper,Butyl",(도번직결),도번직하위,
AJR30103101,MJU63512509,"Tube,Distributor",(도번직결),도번직하위,
AJR30103101,MJU66998301,"Tube,Connector",(도번직결),도번직하위,
AJR30103101,MJU66998701,"Tube,Connector",(도번직결),도번직하위,
AJR30103101,MJU66998702,"Tube,Connector",(도번직결),도번직하위,
AJR30103101,MJU66998801,"Tube,Connector",(도번직결),도번직하위,
AJR30103101,MJU66998802,"Tube,Connector",(도번직결),도번직하위,
AJR30103101,MJU66998803,"Tube,Connector",(도번직결),도번직하위,
AJR30103101,MJU66998804,"Tube,Connector",(도번직결),도번직하위,
AJR30103101,MJU66998805,"Tube,Connector",(도번직결),도번직하위,
AJR30103101,MJU66998806,"Tube,Connector",(도번직결),도번직하위,
AJR30103101,MJU66998807,"Tube,Connector",(도번직결),도번직하위,
AJR30103101,MJU66998901,"Tube,Connector",(도번직결),도번직하위,
AJR30103101,MJU66999001,"Tube,Connector",(도번직결),도번직하위,
AJR30103101,MJU66999002,"Tube,Connector",(도번직결),도번직하위,
AJR30103102,3H01582A,Tie,(도번직결),도번직하위,
AJR30103102,3H03659M,Strainer,(도번직결),도번직하위,
AJR30103102,3H03659N,Strainer,(도번직결),도번직하위,
AJR30103102,4930A20053B,"Holder,Sensor",(도번직결),도번직하위,
AJR30103102,5210A22409A,"Tube,Connector",(도번직결),도번직하위,
AJR30103102,5410A30055F,"Insulator,Tube",(도번직결),도번직하위,
AJR30103102,AJU36719704,Valve Assembly,(도번직결),도번직하위,
AJR30103102,MCQ68044401,"Damper,Butyl",(도번직결),도번직하위,
AJR30103102,MJU63512509,"Tube,Distributor",(도번직결),도번직하위,
AJR30103102,MJU66998304,"Tube,Connector",(도번직결),도번직하위,
AJR30103102,MJU66998703,"Tube,Connector",(도번직결),도번직하위,
AJR30103102,MJU66998704,"Tube,Connector",(도번직결),도번직하위,
AJR30103102,MJU66998801,"Tube,Connector",(도번직결),도번직하위,
AJR30103102,MJU66998808,"Tube,Connector",(도번직결),도번직하위,
AJR30103102,MJU66998809,"Tube,Connector",(도번직결),도번직하위,
AJR30103102,MJU66998810,"Tube,Connector",(도번직결),도번직하위,
AJR30103102,MJU66998811,"Tube,Connector",(도번직결),도번직하위,
AJR30103102,MJU66998812,"Tube,Connector",(도번직결),도번직하위,
AJR30103102,MJU66998813,"Tube,Connector",(도번직결),도번직하위,
AJR30103102,MJU66998902,"Tube,Connector",(도번직결),도번직하위,
AJR30103102,MJU66999001,"Tube,Connector",(도번직결),도번직하위,
AJR30103102,MJU66999004,"Tube,Connector",(도번직결),도번직하위,
AJR30103201,4930A20053B,"Holder,Sensor",(도번직결),도번직하위,
AJR30103201,5210A22409B,"Tube,Connector",(도번직결),도번직하위,
AJR30103201,5410A30055F,"Insulator,Tube",(도번직결),도번직하위,
AJR30103201,5410A30055Z,"Insulator,Tube",(도번직결),도번직하위,
AJR30103201,MJU66998302,"Tube,Connector",(도번직결),도번직하위,
AJR30103201,MJU66999101,"Tube,Connector",(도번직결),도번직하위,
AJR30103201,MJU66999201,"Tube,Connector",(도번직결),도번직하위,
AJR30103201,MJU66999202,"Tube,Connector",(도번직결),도번직하위,
AJR30103201,MJU66999301,"Tube,Connector",(도번직결),도번직하위,
AJR30103201,MJU66999302,"Tube,Connector",(도번직결),도번직하위,
AJR30103201,MJU66999303,"Tube,Connector",(도번직결),도번직하위,
AJR30103201,MJU66999304,"Tube,Connector",(도번직결),도번직하위,
AJR30103201,MJU66999403,"Tube,Pinch Off",(도번직결),도번직하위,
AJR30103202,4930A20053B,"Holder,Sensor",(도번직결),도번직하위,
AJR30103202,5210A22409B,"Tube,Connector",(도번직결),도번직하위,
AJR30103202,5410A30055D,"Insulator,Tube",(도번직결),도번직하위,
AJR30103202,5410A30055F,"Insulator,Tube",(도번직결),도번직하위,
AJR30103202,MJU66998303,"Tube,Connector",(도번직결),도번직하위,
AJR30103202,MJU66999101,"Tube,Connector",(도번직결),도번직하위,
AJR30103202,MJU66999201,"Tube,Connector",(도번직결),도번직하위,
AJR30103202,MJU66999202,"Tube,Connector",(도번직결),도번직하위,
AJR30103202,MJU66999301,"Tube,Connector",(도번직결),도번직하위,
AJR30103202,MJU66999302,"Tube,Connector",(도번직결),도번직하위,
AJR30103202,MJU66999303,"Tube,Connector",(도번직결),도번직하위,
AJR30103202,MJU66999304,"Tube,Connector",(도번직결),도번직하위,
AJR30103202,MJU66999403,"Tube,Pinch Off",(도번직결),도번직하위,
AJR30103203,4930A20053B,"Holder,Sensor",(도번직결),도번직하위,
AJR30103203,5210A22409B,"Tube,Connector",(도번직결),도번직하위,
AJR30103203,5410A30055D,"Insulator,Tube",(도번직결),도번직하위,
AJR30103203,5410A30055F,"Insulator,Tube",(도번직결),도번직하위,
AJR30103203,MJU66998305,"Tube,Connector",(도번직결),도번직하위,
AJR30103203,MJU66999102,"Tube,Connector",(도번직결),도번직하위,
AJR30103203,MJU66999203,"Tube,Connector",(도번직결),도번직하위,
AJR30103203,MJU66999204,"Tube,Connector",(도번직결),도번직하위,
AJR30103203,MJU66999302,"Tube,Connector",(도번직결),도번직하위,
AJR30103203,MJU66999305,"Tube,Connector",(도번직결),도번직하위,
AJR30103203,MJU66999306,"Tube,Connector",(도번직결),도번직하위,
AJR30103203,MJU66999307,"Tube,Connector",(도번직결),도번직하위,
AJR30103203,MJU66999401,"Tube,Pinch Off",(도번직결),도번직하위,
AJR30103301,3H01582A,Tie,(도번직결),도번직하위,
AJR30103301,3H03659M,Strainer,(도번직결),도번직하위,
AJR30103301,4930A20053B,"Holder,Sensor",(도번직결),도번직하위,
AJR30103301,5210A22409A,"Tube,Connector",(도번직결),도번직하위,
AJR30103301,5410A30055S,"Insulator,Tube",(도번직결),도번직하위,
AJR30103301,AJU36719736,Valve Assembly,(도번직결),도번직하위,
AJR30103301,MCQ68044401,"Damper,Butyl",(도번직결),도번직하위,
AJR30103301,MEV67819401,"Insulator,Tube",(도번직결),도번직하위,
AJR30103301,MJU63512604,"Tube,Distributor",(도번직결),도번직하위,
AJR30103301,MJU66998306,"Tube,Connector",(도번직결),도번직하위,
AJR30103301,MJU66998814,"Tube,Connector",(도번직결),도번직하위,
AJR30103301,MJU66998815,"Tube,Connector",(도번직결),도번직하위,
AJR30103301,MJU66998816,"Tube,Connector",(도번직결),도번직하위,
AJR30103301,MJU66998817,"Tube,Connector",(도번직결),도번직하위,
AJR30103301,MJU66998903,"Tube,Connector",(도번직결),도번직하위,
AJR30103301,MJU66999003,"Tube,Connector",(도번직결),도번직하위,
AJR30103401,3H03659N,Strainer,(도번직결),도번직하위,
AJR30103401,4930A20053B,"Holder,Sensor",(도번직결),도번직하위,
AJR30103401,5210A22409B,"Tube,Connector",(도번직결),도번직하위,
AJR30103401,5410A30055F,"Insulator,Tube",(도번직결),도번직하위,
AJR30103401,5410A30279K,"Insulator,Tube",(도번직결),도번직하위,
AJR30103401,MJU66998307,"Tube,Connector",(도번직결),도번직하위,
AJR30103401,MJU66998308,"Tube,Connector",(도번직결),도번직하위,
AJR30103401,MJU66999103,"Tube,Connector",(도번직결),도번직하위,
AJR30103401,MJU66999308,"Tube,Connector",(도번직결),도번직하위,
AJR30103401,MJU66999309,"Tube,Connector",(도번직결),도번직하위,
AJR30103401,MJU66999402,"Tube,Pinch Off",(도번직결),도번직하위,
AJR30103402,3H03659N,Strainer,(도번직결),도번직하위,
AJR30103402,4930A20053B,"Holder,Sensor",(도번직결),도번직하위,
AJR30103402,5210A22409B,"Tube,Connector",(도번직결),도번직하위,
AJR30103402,5410A30055F,"Insulator,Tube",(도번직결),도번직하위,
AJR30103402,5410A30279K,"Insulator,Tube",(도번직결),도번직하위,
AJR30103402,MJU66998307,"Tube,Connector",(도번직결),도번직하위,
AJR30103402,MJU66998309,"Tube,Connector",(도번직결),도번직하위,
AJR30103402,MJU66999103,"Tube,Connector",(도번직결),도번직하위,
AJR30103402,MJU66999308,"Tube,Connector",(도번직결),도번직하위,
AJR30103402,MJU66999309,"Tube,Connector",(도번직결),도번직하위,
AJR30103402,MJU66999402,"Tube,Pinch Off",(도번직결),도번직하위,
AJR30106101,3850A24001A,"Label,Sticker",(도번직결),도번직하위,
AJR30106101,3A00375A,"Socket,Flare",AJR30106101-SOCKET,자동매핑,
AJR30106101,3H01582A,Tie,(도번직결),도번직하위,
AJR30106101,4930A20053B,"Holder,Sensor",(도번직결),도번직하위,
AJR30106101,4A00742F,"Nut,Common",(도번직결),도번직하위,
AJR30106101,5210A22409A,"Tube,Connector",AJR30106101-16-2,자동매핑,
AJR30106101,5410A30055S,"Insulator,Tube",(도번직결),도번직하위,
AJR30106101,AJU36719731,Valve Assembly,(도번직결),도번직하위,
AJR30106101,MBL67877902,Cap,(도번직결),도번직하위,
AJR30106101,MBL67878002,Cap,(도번직결),도번직하위,
AJR30106101,MEV39836107,Insulator,(도번직결),도번직하위,
AJR30106101,MEV64672901,Insulator,(도번직결),도번직하위,
AJR30106101,MFN62721710,Mesh,(도번직결),도번직하위,
AJR30106101,MJU63512607,"Tube,Distributor",AJR30106101-16-2,자동매핑,
AJR30106101,MJU63526201,"Tube,Connector",AJR30106101-16-2,자동매핑,
AJR30106101,MJU63526202,"Tube,Connector",AJR30106101-16-2,자동매핑,
AJR30106101,MJU63526203,"Tube,Connector",AJR30106101-16-2,자동매핑,
AJR30106101,MJU63526204,"Tube,Connector",AJR30106101-16-2,자동매핑,
AJR30106101,MJU63526205,"Tube,Connector",AJR30106101-16-2,자동매핑,
AJR30106101,MJU63526206,"Tube,Connector",AJR30106101-16-2,자동매핑,
AJR30106101,MJU66932529,"Tube,Connector",AJR30106101-16-2,자동매핑,
AJR30114001,3A00375A,"Socket,Flare",AJR30114001-은납,자동매핑,
AJR30114001,4930A20053B,"Holder,Sensor",(도번직결),도번직하위,
AJR30114001,5210A22409A,"Tube,Connector",AJR33796512-19-1,자동매핑,
AJR30114001,5410A30055F,"Insulator,Tube",(도번직결),도번직하위,
AJR30114001,MBL68756704,"Cap,Tube",(도번직결),도번직하위,
AJR30114001,MJU37499607,"Tube,Connector",AJR30114001-은납,자동매핑,
AJR30114001,MJU39074319,"Tube,Capillary Bending",AJR33796512-19-1,자동매핑,
AJR30114001,MJU39074322,"Tube,Capillary Bending",AJR33796512-19-1,자동매핑,
AJR30114001,MJU39074323,"Tube,Capillary Bending",AJR33796512-19-1,자동매핑,
AJR30114001,MJU39074324,"Tube,Capillary Bending",AJR33796512-19-1,자동매핑,
AJR30114001,MJU39074325,"Tube,Capillary Bending",AJR33796512-19-1,자동매핑,
AJR30114001,MJU39074326,"Tube,Capillary Bending",AJR33796512-19-1,자동매핑,
AJR30114001,MJU39074327,"Tube,Capillary Bending",AJR33796512-19-1,자동매핑,
AJR30114001,MJU63512609,"Tube,Distributor",AJR33796512-19-1,자동매핑,
AJR30116401,5210A31939A,"Tube,Connector",(도번직결),도번직하위,
AJR30116401,MEV31179315,Insulator,(도번직결),도번직하위,
AJR30116401,MJU67028001,"Tube,Connector",(도번직결),도번직하위,
AJR30116401,MJU67028501,"Tube,Manifold",(도번직결),도번직하위,
AJR30116401,MJU67028502,"Tube,Manifold",(도번직결),도번직하위,
AJR30116401,MJU67035301,"Tube,Connector",(도번직결),도번직하위,
AJR30116701,MJU67028002,"Tube,Connector",(도번직결),도번직하위,
AJR30116701,MJU67028801,"Tube,Manifold",(도번직결),도번직하위,
AJR30116701,MJU67028802,"Tube,Manifold",(도번직결),도번직하위,
AJR30116701,MJU67028901,"Tube,Connector",(도번직결),도번직하위,
AJR30117301,MJU67028008,"Tube,Connector",(도번직결),도번직하위,
AJR30117301,MJU67028009,"Tube,Connector",(도번직결),도번직하위,
AJR30117301,MJU67028010,"Tube,Connector",(도번직결),도번직하위,
AJR30117301,MJU67028011,"Tube,Connector",(도번직결),도번직하위,
AJR30117301,MJU67028012,"Tube,Connector",(도번직결),도번직하위,
AJR30117301,MJU67029501,"Tube,Connector",(도번직결),도번직하위,
AJR30117302,5210A23089A,"Tube,Pinch Off",(도번직결),도번직하위,
AJR30117302,MJU67028008,"Tube,Connector",(도번직결),도번직하위,
AJR30117302,MJU67028009,"Tube,Connector",(도번직결),도번직하위,
AJR30117302,MJU67028010,"Tube,Connector",(도번직결),도번직하위,
AJR30117302,MJU67028011,"Tube,Connector",(도번직결),도번직하위,
AJR30117302,MJU67028012,"Tube,Connector",(도번직결),도번직하위,
AJR30117302,MJU67029502,"Tube,Connector",(도번직결),도번직하위,
AJR30117401,5210A28001C,"Tube,Return Bending",AJR30117401-12-2,자동매핑,
AJR30117401,MEG66660106,"Holder,Tubing",(도번직결),도번직하위,
AJR30117401,MJU67029601,"Tube,Connector",(도번직결),도번직하위,
AJR30117401,MJU67029602,"Tube,Connector",AJR30117401-12-1,자동매핑,
AJR30117401,MJU67029603,"Tube,Connector",AJR30117401-12-2,자동매핑,
AJR30117601,MJU67029801,"Tube,Connector",(도번직결),도번직하위,
AJR30117601,MJU67035501,"Tube,Connector",(도번직결),도번직하위,
AJR30117902,3A00375D,"Socket,Flare",AJR30117902-SUB,자동매핑,
AJR30117902,3H03659L,Strainer,AJR30117902-F&T-2,자동매핑,
AJR30117902,4930A20053B,"Holder,Sensor",AJR30117902-F&T,자동매핑,
AJR30117902,5210A22409A,"Tube,Connector",AJR30117902-F&T-1,자동매핑,
AJR30117902,5410A30055S,"Insulator,Tube",(도번직결),도번직하위,
AJR30117902,7250AR3866W,"Damper,Butyl",AJR30117902-F&T,자동매핑,
AJR30117902,MBL68756701,"Cap,Tube",AJR30117902-F&T,자동매핑,
AJR30117902,MCQ68044401,"Damper,Butyl",AJR30117902-F&T,자동매핑,
AJR30117902,MJU47979201,"Tube,Connector",AJR30117902-F&T-1,자동매핑,
AJR30117902,MJU47979202,"Tube,Connector",AJR30117902-F&T-1,자동매핑,
AJR30117902,MJU47979203,"Tube,Connector",AJR30117902-F&T-1,자동매핑,
AJR30117902,MJU62823101,"Tube,Distributor",AJR30117902-F&T-1,자동매핑,
AJR30117902,MJU66929403,"Tube,Connector",AJR30117902-F&T-2,자동매핑,
AJR30117902,MJU66929404,"Tube,Connector",AJR30117902-F&T-2,자동매핑,
AJR30117902,MJU66929406,"Tube,Connector",AJR30117902-F&T-1,자동매핑,
AJR30117902,MJU66929407,"Tube,Connector",AJR30117902-F&T-1,자동매핑,
AJR30117902,MJX65072201,"Valve Module,Gear Expans",AJR30117902-F&T,자동매핑,
AJR30118201,3850A24001A,"Label,Sticker",(도번직결),도번직하위,
AJR30118201,3H01582A,Tie,(도번직결),도번직하위,
AJR30118201,4010AR3071N,"Socket,Flare",MJU66805505-은납,자동매핑,
AJR30118201,5210A23376A,"Tube,Connector",(도번직결),도번직하위,
AJR30118201,EBD60663841,"Sensor,Pressure",(도번직결),도번직하위,
AJR30118201,MBL65458001,Cap,(도번직결),도번직하위,
AJR30118201,MEV39836107,Insulator,(도번직결),도번직하위,
AJR30118201,MJU66805505,"Tube,Connector",MJU66805505-은납,자동매핑,
AJR30118201,MJU67031501,"Tube,Connector",(도번직결),도번직하위,
AJR30118201,MJX62731401,"Valve,Check",(도번직결),도번직하위,
AJR30123001,1MPC0502018,"Screw,Machine",(도번직결),도번직하위,
AJR30123001,1SZZA20001L,"Screw,Customized",(도번직결),도번직하위,
AJR30123001,3H01582C,Tie,(도번직결),도번직하위,
AJR30123001,3H01582E,Tie,(도번직결),도번직하위,
AJR30123001,4010AR3071N,"Socket,Flare",AJR30123001-SOCKET,자동매핑,
AJR30123001,4930A20053B,"Holder,Sensor",(도번직결),도번직하위,
AJR30123001,5210A22409A,"Tube,Connector",(도번직결),도번직하위,
AJR30123001,5210A23344N,"Tube,Coupling",(도번직결),도번직하위,
AJR30123001,5210A23376A,"Tube,Connector",(도번직결),도번직하위,
AJR30123001,5210A30334M,"Tube,Pinch Off",(도번직결),도번직하위,
AJR30123001,5220A20039A,"Valve,Reverse",(도번직결),도번직하위,
AJR30123001,5410A20217B,"Insulator,Felt",(도번직결),도번직하위,
AJR30123001,6141A20010U,Solenoid,(도번직결),도번직하위,
AJR30123001,EBD64386504,"Sensor Module,Pressure",(도번직결),도번직하위,
AJR30123001,EBE60661407,Solenoid,(도번직결),도번직하위,
AJR30123001,EBF60689907,"Switch,Pressure",(도번직결),도번직하위,
AJR30123001,MAZ64825201,Bracket,(도번직결),도번직하위,
AJR30123001,MAZ64825301,Bracket,(도번직결),도번직하위,
AJR30123001,MCQ70869701,"Damper,Rubber",(도번직결),도번직하위,
AJR30123001,MEG66660102,"Holder,Tubing",(도번직결),도번직하위,
AJR30123001,MEG66660105,"Holder,Tubing",(도번직결),도번직하위,
AJR30123001,MEV39836107,Insulator,(도번직결),도번직하위,
AJR30123001,MJU00698201,"Tube,Connector",(도번직결),도번직하위,
AJR30123001,MJU00698301,"Tube,Connector",(도번직결),도번직하위,
AJR30123001,MJU00698401,"Tube,Connector",(도번직결),도번직하위,
AJR30123001,MJU00698501,"Tube,Connector",(도번직결),도번직하위,
AJR30123001,MJU00698601,"Tube,Connector",(도번직결),도번직하위,
AJR30123001,MJU00698701,"Tube,Connector",(도번직결),도번직하위,
AJR30123001,MJU00698801,"Tube,Connector",(도번직결),도번직하위,
AJR30123001,MJU00698901,"Tube,Connector",(도번직결),도번직하위,
AJR30123001,MJU00699001,"Tube,Connector",(도번직결),도번직하위,
AJR30123001,MJU00699101,"Tube,Connector",(도번직결),도번직하위,
AJR30123001,MJU00700601,"Tube,Connector",(도번직결),도번직하위,
AJR30123001,MJU62096501,"Tube,Connector",AJR30123001-SOCKET,자동매핑,
AJR30123001,MJU65686706,"Tube,Connector",(도번직결),도번직하위,
AJR30123001,MJX61841301,"Valve,Solenoid",(도번직결),도번직하위,
AJR30123001,MJX62731401,"Valve,Check",(도번직결),도번직하위,
AJR30123401,1MPC0502018,"Screw,Machine",(도번직결),도번직하위,
AJR30123401,3H01582A,Tie,(도번직결),도번직하위,
AJR30123401,5014A30014W,"Damper,Tube",(도번직결),도번직하위,
AJR30123401,5014A30014Z,"Damper,Tube",(도번직결),도번직하위,
AJR30123401,5410A20111E,"Damper,Butyl",(도번직결),도번직하위,
AJR30123401,AJJ73040839,Supporter Assembly,(도번직결),도번직하위,
AJR30123401,AJR30123201,"Tube Assembly,Reverse",(도번직결),도번직하위,
AJR30123401,AJR71433340,"Tube Assembly,Expansion",(도번직결),도번직하위,
AJR30123401,EAP64467708,"Coil Assembly,Reverse",(도번직결),도번직하위,
AJR30123401,EAP65270708,"Coil Module,Expansion",(도번직결),도번직하위,
AJR30123401,MBL68783301,Cap,(도번직결),도번직하위,
AJR30123401,MEG65680002,"Holder,Sensor",(도번직결),도번직하위,
AJR30125601,1MPC0502018,"Screw,Machine",(도번직결),도번직하위,
AJR30125601,1SZZA20001L,"Screw,Customized",(도번직결),도번직하위,
AJR30125601,3H01582A,Tie,(도번직결),도번직하위,
AJR30125601,5014A30014Z,"Damper,Tube",(도번직결),도번직하위,
AJR30125601,5224A20005G,Strainer,AJR30125601-3-2,자동매핑,
AJR30125601,5410A20217B,"Insulator,Felt",MAZ64571803,자동매핑,
AJR30125601,AJR30125501,"Tube Assembly,Solenoide",(도번직결),도번직하위,
AJR30125601,AJR30125502,"Tube Assembly,Solenoide",(도번직결),도번직하위,
AJR30125601,AJR30133503,"Tube Assembly,Expansion",AJR30125601-3-1,자동매핑,
AJR30125601,AJU73472406,Valve Assembly,AJR30125601-3-2,자동매핑,
AJR30125601,EAP65270401,"Coil Module,Gear Expansi",AJR30125601-3-2,자동매핑,
AJR30125601,EBE60661415,Solenoid,(도번직결),도번직하위,
AJR30125601,EBE60661416,Solenoid,(도번직결),도번직하위,
AJR30125601,EBE61083212,Solenoid,(도번직결),도번직하위,
AJR30125601,MAZ64571701,Bracket,(도번직결),도번직하위,
AJR30125601,MAZ64571702,Bracket,(도번직결),도번직하위,
AJR30125601,MAZ64571801,Bracket,(도번직결),도번직하위,
AJR30125601,MAZ64571803,Bracket,(도번직결),도번직하위,
AJR30125601,MCQ68044401,"Damper,Butyl",(도번직결),도번직하위,
AJR30125601,MCQ70869701,"Damper,Rubber",(도번직결),도번직하위,
AJR30125601,MEG66660102,"Holder,Tubing",(도번직결),도번직하위,
AJR30125601,MJU00752701,"Tube,Connector",AJR30125601-3-1,자동매핑,
AJR30125601,MJU66478501,"Tube,Connector",AJR30125601-3-2,자동매핑,
AJR30125601,MJU66478801,"Tube,Connector",AJR30125601-3-2,자동매핑,
AJR30125601,MJX62771705,"Valve,Check",AJR30125601-3-1,자동매핑,
AJR30125602,1MPC0502018,"Screw,Machine",(도번직결),도번직하위,
AJR30125602,1SZZA20001L,"Screw,Customized",(도번직결),도번직하위,
AJR30125602,3H01582A,Tie,(도번직결),도번직하위,
AJR30125602,5224A20005G,Strainer,(도번직결),도번직하위,
AJR30125602,5410A20217B,"Insulator,Felt",MAZ64571803,자동매핑,
AJR30125602,AJR30125501,"Tube Assembly,Solenoide",(도번직결),도번직하위,
AJR30125602,AJR30125503,"Tube Assembly,Solenoide",(도번직결),도번직하위,
AJR30125602,AJU73472405,Valve Assembly,(도번직결),도번직하위,
AJR30125602,AJU73472406,Valve Assembly,(도번직결),도번직하위,
AJR30125602,EBE60661415,Solenoid,(도번직결),도번직하위,
AJR30125602,EBE60661416,Solenoid,(도번직결),도번직하위,
AJR30125602,EBE61083212,Solenoid,(도번직결),도번직하위,
AJR30125602,MAZ64571701,Bracket,(도번직결),도번직하위,
AJR30125602,MAZ64571702,Bracket,(도번직결),도번직하위,
AJR30125602,MAZ64571801,Bracket,(도번직결),도번직하위,
AJR30125602,MAZ64571803,Bracket,(도번직결),도번직하위,
AJR30125602,MCQ70869701,"Damper,Rubber",(도번직결),도번직하위,
AJR30125602,MFN62721713,Mesh,AJR30125601-A-S-1,자동매핑,
AJR30125602,MJU00752701,"Tube,Connector",(도번직결),도번직하위,
AJR30125602,MJU00752801,"Tube,Connector",AJR30125601-A-S-4,자동매핑,
AJR30125602,MJU00752802,"Tube,Connector",AJR30125601-A-S-2,자동매핑,
AJR30125602,MJU00776505,"Tube,Connector",AJR30125601-A-S-4,자동매핑,
AJR30125602,MJU00776701,"Tube,Connector",AJR30125601-A-S-4,자동매핑,
AJR30125602,MJU00776710,"Tube,Connector",AJR30125602-A-S-1,자동매핑,
AJR30125602,MJU00776713,"Tube,Connector",AJR30125601-A-S-2,자동매핑,
AJR30125602,MJU00776714,"Tube,Connector",AJR30125601-A-S-2,자동매핑,
AJR30125602,MJU66478406,"Tube,Connector",AJR30125602-A-S-1,자동매핑,
AJR30125602,MJU66478501,"Tube,Connector",(도번직결),도번직하위,
AJR30125602,MJU66478704,"Tube,Connector",AJR30125601-A-S-1,자동매핑,
AJR30125602,MJU66478801,"Tube,Connector",(도번직결),도번직하위,
AJR30125602,MJU66478902,"Tube,Connector",AJR30125601-A-S-1,자동매핑,
AJR30125602,MJU66479002,"Tube,Connector",AJR30125601-A-S-1,자동매핑,
AJR30125602,MJU66904602,"Tube,Connector",AJR30125601-A-S-1,자동매핑,
AJR30125602,MJU66904603,"Tube,Connector",AJR30125601-A-S-1,자동매핑,
AJR30125602,MJU66904605,"Tube,Connector",AJR30125602-A-S-1,자동매핑,
AJR30125602,MJX62771705,"Valve,Check",(도번직결),도번직하위,
AJR30125603,1MPC0502018,"Screw,Machine",(도번직결),도번직하위,
AJR30125603,1SZZA20001L,"Screw,Customized",(도번직결),도번직하위,
AJR30125603,3H01582A,Tie,(도번직결),도번직하위,
AJR30125603,5014A30014Z,"Damper,Tube",(도번직결),도번직하위,
AJR30125603,5224A20005G,Strainer,AJR30125601-3-2,자동매핑,
AJR30125603,5410A20217B,"Insulator,Felt",MAZ64571803,자동매핑,
AJR30125603,5410A30055F,"Insulator,Tube",(도번직결),도번직하위,
AJR30125603,AJR30125504,"Tube Assembly,Solenoide",(도번직결),도번직하위,
AJR30125603,AJR30125505,"Tube Assembly,Solenoide",(도번직결),도번직하위,
AJR30125603,AJR30133504,"Tube Assembly,Expansion",(도번직결),도번직하위,
AJR30125603,AJU73472406,Valve Assembly,AJR30125601-3-2,자동매핑,
AJR30125603,EAP65270401,"Coil Module,Gear Expansi",AJR30125601-3-2,자동매핑,
AJR30125603,EBE60661415,Solenoid,(도번직결),도번직하위,
AJR30125603,EBE60661416,Solenoid,(도번직결),도번직하위,
AJR30125603,EBE61083212,Solenoid,(도번직결),도번직하위,
AJR30125603,MAZ64571701,Bracket,(도번직결),도번직하위,
AJR30125603,MAZ64571702,Bracket,(도번직결),도번직하위,
AJR30125603,MAZ64571801,Bracket,(도번직결),도번직하위,
AJR30125603,MAZ64571803,Bracket,(도번직결),도번직하위,
AJR30125603,MCQ68044401,"Damper,Butyl",(도번직결),도번직하위,
AJR30125603,MCQ70869701,"Damper,Rubber",(도번직결),도번직하위,
AJR30125603,MJU00752701,"Tube,Connector",(도번직결),도번직하위,
AJR30125603,MJU00776705,"Tube,Connector",AJR30125603-A-S-1,자동매핑,
AJR30125603,MJU66478407,"Tube,Connector",AJR30125603-A-S-1,자동매핑,
AJR30125603,MJU66478501,"Tube,Connector",AJR30125601-3-2,자동매핑,
AJR30125603,MJU66478801,"Tube,Connector",AJR30125601-3-2,자동매핑,
AJR30125603,MJU66479001,"Tube,Connector",AJR30125603-A-S-1,자동매핑,
AJR30125603,MJU66904605,"Tube,Connector",AJR30125603-A-S-1,자동매핑,
AJR30125603,MJX62771705,"Valve,Check",(도번직결),도번직하위,
AJR30125604,1MPC0502018,"Screw,Machine",(도번직결),도번직하위,
AJR30125604,1SZZA20001L,"Screw,Customized",(도번직결),도번직하위,
AJR30125604,3H01582A,Tie,(도번직결),도번직하위,
AJR30125604,5224A20005G,Strainer,(도번직결),도번직하위,
AJR30125604,5410A20217B,"Insulator,Felt",MAZ64571803,자동매핑,
AJR30125604,AJR30125503,"Tube Assembly,Solenoide",(도번직결),도번직하위,
AJR30125604,AJR30125505,"Tube Assembly,Solenoide",(도번직결),도번직하위,
AJR30125604,AJU73472405,Valve Assembly,(도번직결),도번직하위,
AJR30125604,AJU73472406,Valve Assembly,(도번직결),도번직하위,
AJR30125604,EBE60661415,Solenoid,(도번직결),도번직하위,
AJR30125604,EBE60661416,Solenoid,(도번직결),도번직하위,
AJR30125604,EBE61083212,Solenoid,(도번직결),도번직하위,
AJR30125604,MAZ64571701,Bracket,(도번직결),도번직하위,
AJR30125604,MAZ64571702,Bracket,(도번직결),도번직하위,
AJR30125604,MAZ64571801,Bracket,(도번직결),도번직하위,
AJR30125604,MAZ64571803,Bracket,(도번직결),도번직하위,
AJR30125604,MCQ70869701,"Damper,Rubber",(도번직결),도번직하위,
AJR30125604,MFN62721713,Mesh,AJR30125601-A-S-1,자동매핑,
AJR30125604,MJU00752701,"Tube,Connector",(도번직결),도번직하위,
AJR30125604,MJU00752801,"Tube,Connector",AJR30125601-A-S-4,자동매핑,
AJR30125604,MJU00752802,"Tube,Connector",AJR30125601-A-S-2,자동매핑,
AJR30125604,MJU00752901,"Tube,Connector",(도번직결),도번직하위,
AJR30125604,MJU00776505,"Tube,Connector",AJR30125601-A-S-4,자동매핑,
AJR30125604,MJU00776701,"Tube,Connector",AJR30125601-A-S-4,자동매핑,
AJR30125604,MJU00776710,"Tube,Connector",AJR30125604-A-S-1,자동매핑,
AJR30125604,MJU00776713,"Tube,Connector",AJR30125601-A-S-2,자동매핑,
AJR30125604,MJU00776714,"Tube,Connector",AJR30125601-A-S-2,자동매핑,
AJR30125604,MJU66478408,"Tube,Connector",AJR30125604-A-S-1,자동매핑,
AJR30125604,MJU66478501,"Tube,Connector",(도번직결),도번직하위,
AJR30125604,MJU66478704,"Tube,Connector",AJR30125601-A-S-1,자동매핑,
AJR30125604,MJU66478801,"Tube,Connector",(도번직결),도번직하위,
AJR30125604,MJU66478902,"Tube,Connector",AJR30125601-A-S-1,자동매핑,
AJR30125604,MJU66479002,"Tube,Connector",AJR30125601-A-S-1,자동매핑,
AJR30125604,MJU66904602,"Tube,Connector",AJR30125601-A-S-1,자동매핑,
AJR30125604,MJU66904603,"Tube,Connector",AJR30125601-A-S-1,자동매핑,
AJR30125604,MJU66904604,"Tube,Connector",AJR30125604-A-S-1,자동매핑,
AJR30125604,MJX62771705,"Valve,Check",(도번직결),도번직하위,
AJR30133302,1MPC0502018,"Screw,Machine",(도번직결),도번직하위,
AJR30133302,4930A20053B,"Holder,Sensor",(도번직결),도번직하위,
AJR30133302,4A00114D,"Tube,Connector",AJR30133302-A-S-1,자동매핑,
AJR30133302,5210A22409A,"Tube,Connector",AJR30133302-A-S-1,자동매핑,
AJR30133302,5410A30055S,"Insulator,Tube",(도번직결),도번직하위,
AJR30133302,AJU75653101,"Valve Assembly,Gear Expa",(도번직결),도번직하위,
AJR30133302,EBE60661414,Solenoid,(도번직결),도번직하위,
AJR30133302,MCQ70869701,"Damper,Rubber",(도번직결),도번직하위,
AJR30133302,MJU00776510,"Tube,Connector",AJR30133302-A-S-2,자동매핑,
AJR30133302,MJU00776511,"Tube,Connector",AJR30133302-A-S-1,자동매핑,
AJR30133302,MJU00776512,"Tube,Connector",AJR30133302-A-S-1,자동매핑,
AJR30133302,MJU00776513,"Tube,Connector",AJR30133302-A-S-1,자동매핑,
AJR30133302,MJU00776701,"Tube,Connector",AJR30133302-A-S-1,자동매핑,
AJR30133302,MJU00776702,"Tube,Connector",AJR30133302-A-S-2,자동매핑,
AJR30133302,MJU65521601,"Tube,Connector",AJR30133302-A-S-2,자동매핑,
AJR30133302,MJU66480701,"Tube,Connector",(도번직결),도번직하위,
AJR30133302,MJX61841301,"Valve,Solenoid",(도번직결),도번직하위,
AJR30133602,1MPC0502018,"Screw,Machine",(도번직결),도번직하위,
AJR30133602,4A00114C,"Tube,Connector",AJR30133602-A-S-2,자동매핑,
AJR30133602,5224A20005A,Strainer,AJR30133602-SUB-1,자동매핑,
AJR30133602,5410A30055S,"Insulator,Tube",(도번직결),도번직하위,
AJR30133602,6141A20010W,Solenoid,(도번직결),도번직하위,
AJR30133602,EBD64386504,"Sensor Module,Pressure",(도번직결),도번직하위,
AJR30133602,EBD64386505,"Sensor Module,Pressure",(도번직결),도번직하위,
AJR30133602,EBF40271407,"Switch,Pressure",(도번직결),도번직하위,
AJR30133602,MEV39836107,Insulator,(도번직결),도번직하위,
AJR30133602,MJU00776509,"Tube,Connector",AJR30133602-A-S-3,자동매핑,
AJR30133602,MJU00776703,"Tube,Connector",AJR30133602-A-S-3,자동매핑,
AJR30133602,MJU00776709,"Tube,Connector",AJR30133602-A-S-3,자동매핑,
AJR30133602,MJU00777107,"Tube,Connector",AJR30133602-A-S-2,자동매핑,
AJR30133602,MJU00777403,"Tube,Connector",(도번직결),도번직하위,
AJR30133602,MJU00777501,"Tube,Connector",AJR30133602-SUB-1,자동매핑,
AJR30133602,MJU00777502,"Tube,Connector",AJR30133602-A-S-1,자동매핑,
AJR30133602,MJU00777503,"Tube,Connector",AJR30133602-A-S-2,자동매핑,
AJR30133602,MJU00777603,"Tube,Connector",(도번직결),도번직하위,
AJR30133604,1MPC0502018,"Screw,Machine",(도번직결),도번직하위,
AJR30133604,5410A30055S,"Insulator,Tube",(도번직결),도번직하위,
AJR30133604,6141A20010W,Solenoid,(도번직결),도번직하위,
AJR30133604,EBD64386504,"Sensor Module,Pressure",(도번직결),도번직하위,
AJR30133604,EBD64386505,"Sensor Module,Pressure",(도번직결),도번직하위,
AJR30133604,EBF40271407,"Switch,Pressure",(도번직결),도번직하위,
AJR30133604,MEV39836107,Insulator,(도번직결),도번직하위,
AJR30133604,MJU00776514,"Tube,Connector",AJR30133604-A-S-3,자동매핑,
AJR30133604,MJU00776707,"Tube,Connector",AJR30133604-A-S-3,자동매핑,
AJR30133604,MJU00776709,"Tube,Connector",AJR30133604-A-S-3,자동매핑,
AJR30133604,MJU00777107,"Tube,Connector",AJR30133604-A-S-1,자동매핑,
AJR30133604,MJU00777109,"Tube,Connector",AJR30133604-A-S-2,자동매핑,
AJR30133604,MJU00777504,"Tube,Connector",AJR30133604-A-S-1,자동매핑,
AJR30133604,MJU00777505,"Tube,Connector",AJR30133604-A-S-2,자동매핑,
AJR30133604,MJU00777606,"Tube,Connector",(도번직결),도번직하위,
AJR30133604,MJU00777607,"Tube,Connector",(도번직결),도번직하위,
AJR30133604,MJU66853302,"Tube,Connector",AJR30133604-A-S-2,자동매핑,
AJR30133604,MJX30152803,"Valve,Reverse",(도번직결),도번직하위,
AJR30133605,1MPC0502018,"Screw,Machine",(도번직결),도번직하위,
AJR30133605,3H01582A,Tie,(도번직결),도번직하위,
AJR30133605,4A00114C,"Tube,Connector",AJR30133601-A-S-3,자동매핑,
AJR30133605,4A00742A,"Nut,Flare",AJR30133605-A-S-A,자동매핑,
AJR30133605,5014A20009C,"Damper,Tube",(도번직결),도번직하위,
AJR30133605,5210A00039G,"Tube,Connector",(도번직결),도번직하위,
AJR30133605,5210A22840A,"Tube,Connector",AJR30133605-A-S-A,자동매핑,
AJR30133605,5210A23376A,"Tube,Connector",AJR30133605-SUB-2,자동매핑,
AJR30133605,5220A20039A,"Valve,Reverse",(도번직결),도번직하위,
AJR30133605,5410A30055S,"Insulator,Tube",(도번직결),도번직하위,
AJR30133605,6141A20010U,Solenoid,(도번직결),도번직하위,
AJR30133605,EBD64386504,"Sensor Module,Pressure",(도번직결),도번직하위,
AJR30133605,EBD64386505,"Sensor Module,Pressure",(도번직결),도번직하위,
AJR30133605,EBE60742004,Solenoid,(도번직결),도번직하위,
AJR30133605,EBF40271416,"Switch,Pressure",(도번직결),도번직하위,
AJR30133605,MEG66660105,"Holder,Tubing",(도번직결),도번직하위,
AJR30133605,MEG66660106,"Holder,Tubing",(도번직결),도번직하위,
AJR30133605,MEV39836107,Insulator,(도번직결),도번직하위,
AJR30133605,MJC62301702,Strainer,AJR30133605-SUB-1,자동매핑,
AJR30133605,MJU00776504,"Tube,Connector",AJR30133601-A-S-4,자동매핑,
AJR30133605,MJU00776703,"Tube,Connector",AJR30133601-A-S-4,자동매핑,
AJR30133605,MJU00776704,"Tube,Connector",AJR30133601-A-S-4,자동매핑,
AJR30133605,MJU00777003,"Tube,Connector",AJR30133601-A-S-2,자동매핑,
AJR30133605,MJU00777004,"Tube,Connector",AJR30133605-SUB-1,자동매핑,
AJR30133605,MJU00777006,"Tube,Connector",AJR30133601-A-S-3,자동매핑,
AJR30133605,MJU00777104,"Tube,Connector",AJR30133601-A-S-2,자동매핑,
AJR30133605,MJU00777201,"Tube,Connector",AJR30133605-SUB-2,자동매핑,
AJR30133605,MJU00777202,"Tube,Connector",AJR30133605-SUB-2,자동매핑,
AJR30133605,MJU00777203,"Tube,Connector",(도번직결),도번직하위,
AJR30133605,MJU00777204,"Tube,Connector",(도번직결),도번직하위,
AJR30133605,MJU00777205,"Tube,Connector",(도번직결),도번직하위,
AJR30133605,MJU00777206,"Tube,Connector",(도번직결),도번직하위,
AJR30133605,MKW30000003,"Plug,Fusible",(도번직결),도번직하위,
AJR30133606,1MPC0502018,"Screw,Machine",(도번직결),도번직하위,
AJR30133606,3H01582A,Tie,(도번직결),도번직하위,
AJR30133606,4A00114C,"Tube,Connector",AJR30133602-A-S-2,자동매핑,
AJR30133606,5224A20005A,Strainer,(도번직결),도번직하위,
AJR30133606,6141A20010W,Solenoid,(도번직결),도번직하위,
AJR30133606,EBD64386504,"Sensor Module,Pressure",(도번직결),도번직하위,
AJR30133606,EBD64386505,"Sensor Module,Pressure",(도번직결),도번직하위,
AJR30133606,EBF40271407,"Switch,Pressure",(도번직결),도번직하위,
AJR30133606,MEV39836107,Insulator,(도번직결),도번직하위,
AJR30133606,MJU00777107,"Tube,Connector",AJR30133602-A-S-2,자동매핑,
AJR30133606,MJU00777403,"Tube,Connector",(도번직결),도번직하위,
AJR30133606,MJU00777501,"Tube,Connector",(도번직결),도번직하위,
AJR30133606,MJU00777502,"Tube,Connector",AJR30133602-A-S-1,자동매핑,
AJR30133606,MJU00777503,"Tube,Connector",AJR30133602-A-S-2,자동매핑,
AJR30133606,MJU00777608,"Tube,Connector",(도번직결),도번직하위,
AJR30133607,1MPC0502018,"Screw,Machine",(도번직결),도번직하위,
AJR30133607,3H01582A,Tie,(도번직결),도번직하위,
AJR30133607,6141A20010W,Solenoid,(도번직결),도번직하위,
AJR30133607,EBD64386504,"Sensor Module,Pressure",(도번직결),도번직하위,
AJR30133607,EBD64386505,"Sensor Module,Pressure",(도번직결),도번직하위,
AJR30133607,EBF40271407,"Switch,Pressure",(도번직결),도번직하위,
AJR30133607,MEV39836107,Insulator,(도번직결),도번직하위,
AJR30133607,MJC62301702,Strainer,AJR30133604-12-1,자동매핑,
AJR30133607,MJU00776712,"Tube,Connector",AJR30133607-A-S-1,자동매핑,
AJR30133607,MJU00777107,"Tube,Connector",AJR30133604-A-S-1,자동매핑,
AJR30133607,MJU00777109,"Tube,Connector",AJR30133607-A-S-1,자동매핑,
AJR30133607,MJU00777504,"Tube,Connector",AJR30133604-A-S-1,자동매핑,
AJR30133607,MJU00777512,"Tube,Connector",AJR30133607-A-S-1,자동매핑,
AJR30133607,MJU00777604,"Tube,Connector",AJR30133604-12-1,자동매핑,
AJR30133607,MJU00777605,"Tube,Connector",AJR30133604-12-1,자동매핑,
AJR30133607,MJU00777606,"Tube,Connector",(도번직결),도번직하위,
AJR30133607,MJU00777607,"Tube,Connector",(도번직결),도번직하위,
AJR30133607,MJU66853302,"Tube,Connector",AJR30133607-A-S-1,자동매핑,
AJR30133701,3H01582A,Tie,(도번직결),도번직하위,
AJR30133701,4930A20053B,"Holder,Sensor",(도번직결),도번직하위,
AJR30133701,5014A30014Z,"Damper,Tube",(도번직결),도번직하위,
AJR30133701,MEG66660102,"Holder,Tubing",(도번직결),도번직하위,
AJR30133701,MEG66660106,"Holder,Tubing",(도번직결),도번직하위,
AJR30133701,MJU00776601,"Tube,Connector",AJR30133701-SUB-2,자동매핑,
AJR30133701,MJU00776602,"Tube,Connector",AJR30133701-SUB-2,자동매핑,
AJR30133701,MJU00776603,"Tube,Connector",AJR30133701-SUB-2,자동매핑,
AJR30133701,MJU00776605,"Tube,Connector",AJR30133701-SUB-2,자동매핑,
AJR30133701,MJU66871201,"Tube,Connector",(도번직결),도번직하위,
AJR30133701,MJX62771704,"Valve,Check",(도번직결),도번직하위,
AJR30133702,3H01582A,Tie,(도번직결),도번직하위,
AJR30133702,4930A20053B,"Holder,Sensor",(도번직결),도번직하위,
AJR30133702,5014A30014Z,"Damper,Tube",(도번직결),도번직하위,
AJR30133702,MEG66660102,"Holder,Tubing",(도번직결),도번직하위,
AJR30133702,MEG66660106,"Holder,Tubing",(도번직결),도번직하위,
AJR30133702,MJU00776601,"Tube,Connector",AJR30133702-SUB-2,자동매핑,
AJR30133702,MJU00776602,"Tube,Connector",AJR30133702-SUB-2,자동매핑,
AJR30133702,MJU00776603,"Tube,Connector",AJR30133702-SUB-2,자동매핑,
AJR30133702,MJU00776605,"Tube,Connector",AJR30133702-SUB-2,자동매핑,
AJR30133702,MJU66871201,"Tube,Connector",(도번직결),도번직하위,
AJR30133702,MJX62771712,"Valve,Check",(도번직결),도번직하위,
AJR30133703,3H01582A,Tie,(도번직결),도번직하위,
AJR30133703,4930A20053B,"Holder,Sensor",(도번직결),도번직하위,
AJR30133703,5014A30014Z,"Damper,Tube",(도번직결),도번직하위,
AJR30133703,MEG66660106,"Holder,Tubing",(도번직결),도번직하위,
AJR30133703,MJU00855301,"Tube,Connector",AJR30133703-SUB-2,자동매핑,
AJR30133703,MJU00855302,"Tube,Connector",AJR30133703-SUB-2,자동매핑,
AJR30133703,MJU00855306,"Tube,Connector",AJR30133703-SUB-2,자동매핑,
AJR30133703,MJU00855307,"Tube,Connector",AJR30133703-SUB-2,자동매핑,
AJR30133703,MJU66870701,"Tube,Connector",(도번직결),도번직하위,
AJR30133703,MJX62771712,"Valve,Check",(도번직결),도번직하위,
AJR30133709,3H01582A,Tie,(도번직결),도번직하위,
AJR30133709,3H01582D,Tie,(도번직결),도번직하위,
AJR30133709,4930A20053B,"Holder,Sensor",(도번직결),도번직하위,
AJR30133709,5014A30014Z,"Damper,Tube",(도번직결),도번직하위,
AJR30133709,5210A22409A,"Tube,Connector",AJR30133709-SUB-1,자동매핑,
AJR30133709,5210A22409B,"Tube,Connector",AJR30133709-SUB-2,자동매핑,
AJR30133709,MEG66660106,"Holder,Tubing",(도번직결),도번직하위,
AJR30133709,MJU00855301,"Tube,Connector",AJR30133709-SUB-2,자동매핑,
AJR30133709,MJU00855302,"Tube,Connector",AJR30133709-SUB-2,자동매핑,
AJR30133709,MJU00855312,"Tube,Connector",AJR30133709-SUB-2,자동매핑,
AJR30133709,MJU00855313,"Tube,Connector",AJR30133709-SUB-2,자동매핑,
AJR30133709,MJU00855314,"Tube,Connector",AJR30133709-SUB-1,자동매핑,
AJR30133709,MJU00855315,"Tube,Connector",AJR30133709-SUB-1,자동매핑,
AJR30133709,MJU00855316,"Tube,Connector",AJR30133709-SUB-1,자동매핑,
AJR30133709,MJU00855327,"Tube,Connector",AJR30133709-SUB-2,자동매핑,
AJR30133709,MJU66760006,"Tube,Connector",(도번직결),도번직하위,
AJR30135501,4010AR3071B,"Socket,Flare",AJR30135501-STS,자동매핑,
AJR30135501,4930A20053B,"Holder,Sensor",(도번직결),도번직하위,
AJR30135501,4A00742B,"Nut,Flare",AJR30135501-STS,자동매핑,
AJR30135501,5006AR4091D,Cap,AJR30135501-STS,자동매핑,
AJR30135501,MBL30064501,Cap,AJR30135501-STS,자동매핑,
AJR30135501,MEV48131001,"Insulator,Tube",AJR30135501-STS,자동매핑,
AJR30135501,MJU00780002,"Tube,Connector",AJR30135501-STS,자동매핑,
AJR30135501,MJU00780201,"Tube,Connector",AJR30135501-STS,자동매핑,
AJR30135501,MJU42822201,"Tube,Connector",AJR30135501-STS,자동매핑,
AJR30135501,MJU42822701,"Tube,Connector",AJR30135501-STS,자동매핑,
AJR30135501,MJU42822901,"Tube,Connector",AJR30135501-STS,자동매핑,
AJR30135501,MJU42823701,"Tube,Connector",AJR30135501-STS,자동매핑,
AJR30135502,3A00375E,"Socket,Flare",AJR30135502-STS-1,자동매핑,
AJR30135502,4930A20053B,"Holder,Sensor",(도번직결),도번직하위,
AJR30135502,4A00742C,"Nut,Flare",AJR30135502-STS-1,자동매핑,
AJR30135502,5006AR4091H,Cap,AJR30135502-STS-1,자동매핑,
AJR30135502,MBL30064501,Cap,AJR30135502-STS-1,자동매핑,
AJR30135502,MEV48131001,"Insulator,Tube",AJR30135502-STS-1,자동매핑,
AJR30135502,MJU00780002,"Tube,Connector",AJR30135502-STS-1,자동매핑,
AJR30135502,MJU00780201,"Tube,Connector",AJR30135502-STS-1,자동매핑,
AJR30135502,MJU42822201,"Tube,Connector",AJR30135502-STS-1,자동매핑,
AJR30135502,MJU42822701,"Tube,Connector",AJR30135502-STS-1,자동매핑,
AJR30135502,MJU42822901,"Tube,Connector",AJR30135502-STS-1,자동매핑,
AJR30135502,MJU42823701,"Tube,Connector",AJR30135502-STS-1,자동매핑,
AJR30135801,3A00375E,"Socket,Flare",AJR30135801-STS-1,자동매핑,
AJR30135801,4930A20053B,"Holder,Sensor",(도번직결),도번직하위,
AJR30135801,4A00742C,"Nut,Flare",AJR30135801-STS-1,자동매핑,
AJR30135801,5006AR4091H,Cap,AJR30135801-STS-1,자동매핑,
AJR30135801,5210A22409B,"Tube,Connector",AJR30135801-STS-1,자동매핑,
AJR30135801,5410A30055D,"Insulator,Tube",AJR30135801-STS-1,자동매핑,
AJR30135801,MBL30064501,Cap,AJR30135801-STS-1,자동매핑,
AJR30135801,MJU00780002,"Tube,Connector",AJR30135801-STS-1,자동매핑,
AJR30135801,MJU00780301,"Tube,Connector",AJR30135801-STS-1,자동매핑,
AJR30135801,MJU66929502,"Tube,Connector",AJR30135801-STS-1,자동매핑,
AJR30135801,MJU66929503,"Tube,Connector",AJR30135801-STS-1,자동매핑,
AJR30135801,MJU66929504,"Tube,Connector",AJR30135801-STS-1,자동매핑,
AJR30136001,3A00375P,"Socket,Flare",AJR30136001-STS-1,자동매핑,
AJR30136001,4930A20053B,"Holder,Sensor",(도번직결),도번직하위,
AJR30136001,4A00742B,"Nut,Flare",AJR30136001-STS-1,자동매핑,
AJR30136001,5006AR4091D,Cap,AJR30136001-STS-1,자동매핑,
AJR30136001,5410A30055D,"Insulator,Tube",AJR30136001-STS-1,자동매핑,
AJR30136001,MBL30064502,Cap,AJR30136001-STS-1,자동매핑,
AJR30136001,MJU00780003,"Tube,Connector",AJR30136001-STS-1,자동매핑,
AJR30136001,MJU00780501,"Tube,Connector",AJR30136001-STS-1,자동매핑,
AJR30136001,MJU66980602,"Tube,Manifold",AJR30136001-STS-1,자동매핑,
AJR30136001,MJU66980603,"Tube,Manifold",AJR30136001-STS-1,자동매핑,
AJR30136001,MJU66980604,"Tube,Manifold",AJR30136001-STS-1,자동매핑,
AJR30136001,MJU66980605,"Tube,Manifold",AJR30136001-STS-1,자동매핑,
AJR30136001,MJU66980606,"Tube,Manifold",AJR30136001-STS-1,자동매핑,
AJR30138101,3H03659L,Strainer,(도번직결),도번직하위,
AJR30138101,4010AR3071F,"Socket,Flare",(도번직결),도번직하위,
AJR30138101,5410A30279J,"Insulator,Tube",(도번직결),도번직하위,
AJR30138101,7250AR3866W,"Damper,Butyl",(도번직결),도번직하위,
AJR30138101,7250AR7015J,"Damper,Butyl",(도번직결),도번직하위,
AJR30138101,AJR30138401,"Tube Assembly,Expansion",(도번직결),도번직하위,
AJR30138101,AJR30138501,"Tube Assembly,Expansion",(도번직결),도번직하위,
AJR30138101,MBL68756704,"Cap,Tube",(도번직결),도번직하위,
AJR30138101,MCQ68044401,"Damper,Butyl",(도번직결),도번직하위,
AJR30138101,MJU00788101,"Tube,Connector",(도번직결),도번직하위,
AJR30138101,MJU00788301,"Tube,Connector",(도번직결),도번직하위,
AJR30138101,MJU00788302,"Tube,Connector",(도번직결),도번직하위,
AJR30138102,3A00375D,"Socket,Flare",(도번직결),도번직하위,
AJR30138102,3H03659L,Strainer,(도번직결),도번직하위,
AJR30138102,5410A30279J,"Insulator,Tube",(도번직결),도번직하위,
AJR30138102,7250AR3866W,"Damper,Butyl",(도번직결),도번직하위,
AJR30138102,7250AR7015J,"Damper,Butyl",(도번직결),도번직하위,
AJR30138102,AJR30138401,"Tube Assembly,Expansion",(도번직결),도번직하위,
AJR30138102,AJR30138501,"Tube Assembly,Expansion",(도번직결),도번직하위,
AJR30138102,MBL68756701,"Cap,Tube",(도번직결),도번직하위,
AJR30138102,MCQ68044401,"Damper,Butyl",(도번직결),도번직하위,
AJR30138102,MJU00788101,"Tube,Connector",(도번직결),도번직하위,
AJR30138102,MJU00788301,"Tube,Connector",(도번직결),도번직하위,
AJR30138102,MJU00788302,"Tube,Connector",(도번직결),도번직하위,
AJR30138103,3A00375D,"Socket,Flare",(도번직결),도번직하위,
AJR30138103,3H03659L,Strainer,(도번직결),도번직하위,
AJR30138103,5410A30279J,"Insulator,Tube",(도번직결),도번직하위,
AJR30138103,7250AR3866W,"Damper,Butyl",(도번직결),도번직하위,
AJR30138103,7250AR7015J,"Damper,Butyl",(도번직결),도번직하위,
AJR30138103,AJR30138402,"Tube Assembly,Expansion",(도번직결),도번직하위,
AJR30138103,AJR30138502,"Tube Assembly,Expansion",(도번직결),도번직하위,
AJR30138103,MBL68756701,"Cap,Tube",(도번직결),도번직하위,
AJR30138103,MCQ68044401,"Damper,Butyl",(도번직결),도번직하위,
AJR30138103,MJU00788101,"Tube,Connector",(도번직결),도번직하위,
AJR30138103,MJU00788301,"Tube,Connector",(도번직결),도번직하위,
AJR30138103,MJU00788302,"Tube,Connector",(도번직결),도번직하위,
AJR30138104,3A00375D,"Socket,Flare",(도번직결),도번직하위,
AJR30138104,3H03659L,Strainer,(도번직결),도번직하위,
AJR30138104,5410A30279J,"Insulator,Tube",(도번직결),도번직하위,
AJR30138104,7250AR3866W,"Damper,Butyl",(도번직결),도번직하위,
AJR30138104,7250AR7015J,"Damper,Butyl",(도번직결),도번직하위,
AJR30138104,AJR30138403,"Tube Assembly,Expansion",(도번직결),도번직하위,
AJR30138104,AJR30138503,"Tube Assembly,Expansion",(도번직결),도번직하위,
AJR30138104,MBL68756701,"Cap,Tube",(도번직결),도번직하위,
AJR30138104,MCQ68044401,"Damper,Butyl",(도번직결),도번직하위,
AJR30138104,MJU00788101,"Tube,Connector",(도번직결),도번직하위,
AJR30138104,MJU00788301,"Tube,Connector",(도번직결),도번직하위,
AJR30138104,MJU00788302,"Tube,Connector",(도번직결),도번직하위,
AJR30138201,4930A20053B,"Holder,Sensor",(도번직결),도번직하위,
AJR30138201,4A00742B,"Nut,Flare",(도번직결),도번직하위,
AJR30138201,5006AR4091D,Cap,(도번직결),도번직하위,
AJR30138201,5210A22409B,"Tube,Connector",(도번직결),도번직하위,
AJR30138201,MEV48131002,"Insulator,Tube",(도번직결),도번직하위,
AJR30138201,MJU00787901,"Tube,Connector",(도번직결),도번직하위,
AJR30138201,MJU00788306,"Tube,Connector",(도번직결),도번직하위,
AJR30138201,MJU00788307,"Tube,Connector",(도번직결),도번직하위,
AJR30138201,MJU00788309,"Tube,Connector",(도번직결),도번직하위,
AJR30138202,3A00375E,"Socket,Flare",(도번직결),도번직하위,
AJR30138202,4930A20053B,"Holder,Sensor",(도번직결),도번직하위,
AJR30138202,4A00742C,"Nut,Flare",(도번직결),도번직하위,
AJR30138202,5006AR4091H,Cap,(도번직결),도번직하위,
AJR30138202,5210A22409B,"Tube,Connector",(도번직결),도번직하위,
AJR30138202,MEV48131002,"Insulator,Tube",(도번직결),도번직하위,
AJR30138202,MJU00787901,"Tube,Connector",(도번직결),도번직하위,
AJR30138202,MJU00788306,"Tube,Connector",(도번직결),도번직하위,
AJR30138202,MJU00788307,"Tube,Connector",(도번직결),도번직하위,
AJR30138202,MJU00788309,"Tube,Connector",(도번직결),도번직하위,
AJR30138203,3A00375E,"Socket,Flare",(도번직결),도번직하위,
AJR30138203,4930A20053B,"Holder,Sensor",(도번직결),도번직하위,
AJR30138203,4A00742C,"Nut,Flare",(도번직결),도번직하위,
AJR30138203,5006AR4091H,Cap,(도번직결),도번직하위,
AJR30138203,5210A22409B,"Tube,Connector",(도번직결),도번직하위,
AJR30138203,MEV48131002,"Insulator,Tube",(도번직결),도번직하위,
AJR30138203,MJU00787902,"Tube,Connector",(도번직결),도번직하위,
AJR30138203,MJU00788307,"Tube,Connector",(도번직결),도번직하위,
AJR30138203,MJU00788309,"Tube,Connector",(도번직결),도번직하위,
AJR30138301,3H01420A,"Socket,Flare",(도번직결),도번직하위,
AJR30138301,3H03659M,Strainer,(도번직결),도번직하위,
AJR30138301,4930A20053B,"Holder,Sensor",(도번직결),도번직하위,
AJR30138301,4A00742C,"Nut,Flare",(도번직결),도번직하위,
AJR30138301,5006AR4091H,Cap,(도번직결),도번직하위,
AJR30138301,5210A22409B,"Tube,Connector",(도번직결),도번직하위,
AJR30138301,7250AR3866W,"Damper,Butyl",(도번직결),도번직하위,
AJR30138301,MEV48131003,"Insulator,Tube",(도번직결),도번직하위,
AJR30138301,MJU00787903,"Tube,Connector",(도번직결),도번직하위,
AJR30138301,MJU00788001,"Tube,Connector",(도번직결),도번직하위,
AJR30138301,MJU00788002,"Tube,Connector",(도번직결),도번직하위,
AJR30138301,MJU00788308,"Tube,Connector",(도번직결),도번직하위,
AJR30138301,MJU00788310,"Tube,Connector",(도번직결),도번직하위,
AJR30138302,3A00375A,"Socket,Flare",(도번직결),도번직하위,
AJR30138302,3H03659M,Strainer,(도번직결),도번직하위,
AJR30138302,4930A20053B,"Holder,Sensor",(도번직결),도번직하위,
AJR30138302,4A00742F,"Nut,Common",(도번직결),도번직하위,
AJR30138302,5006AR4091G,Cap,(도번직결),도번직하위,
AJR30138302,5210A22409B,"Tube,Connector",(도번직결),도번직하위,
AJR30138302,7250AR3866W,"Damper,Butyl",(도번직결),도번직하위,
AJR30138302,MEV48131003,"Insulator,Tube",(도번직결),도번직하위,
AJR30138302,MJU00787903,"Tube,Connector",(도번직결),도번직하위,
AJR30138302,MJU00788001,"Tube,Connector",(도번직결),도번직하위,
AJR30138302,MJU00788002,"Tube,Connector",(도번직결),도번직하위,
AJR30138302,MJU00788308,"Tube,Connector",(도번직결),도번직하위,
AJR30138302,MJU00788310,"Tube,Connector",(도번직결),도번직하위,
AJR30140101,5410A30055F,"Insulator,Tube",(도번직결),도번직하위,
AJR30140101,MEV00261101,Insulator,(도번직결),도번직하위,
AJR30140101,MEV00261102,Insulator,(도번직결),도번직하위,
AJR30140101,MFN62721711,Mesh,(도번직결),도번직하위,
AJR30140101,MJU00791901,"Tube,Distributor",AJR30140101-AL-1,자동매핑,
AJR30140101,MJU00792301,"Tube,Connector",AJR30140101-AL-1,자동매핑,
AJR30140101,MJU00792302,"Tube,Connector",(도번직결),도번직하위,
AJR30140101,MJU00792312,"Tube,Connector",(도번직결),도번직하위,
AJR30140101,MJU00792313,"Tube,Connector",(도번직결),도번직하위,
AJR30140101,MJU00792501,"Tube,Connector",AJR30140101-AL-1,자동매핑,
AJR30140101,MJU00792502,"Tube,Connector",AJR30140101-AL-1,자동매핑,
AJR30140101,MJU00792503,"Tube,Connector",AJR30140101-AL-1,자동매핑,
AJR30140101,MJU00792504,"Tube,Connector",AJR30140101-AL-1,자동매핑,
AJR30140101,MJU00792505,"Tube,Connector",AJR30140101-AL-1,자동매핑,
AJR30140101,MJX30152902,"Valve,Expansion Body",(도번직결),도번직하위,
AJR30140101,RAB36912801,"Tape,PVC",(도번직결),도번직하위,
AJR30140102,5410A30055F,"Insulator,Tube",(도번직결),도번직하위,
AJR30140102,MEV00261103,Insulator,(도번직결),도번직하위,
AJR30140102,MEV00261104,Insulator,(도번직결),도번직하위,
AJR30140102,MFN62721711,Mesh,(도번직결),도번직하위,
AJR30140102,MJU00791901,"Tube,Distributor",AJR30140102-AL-1,자동매핑,
AJR30140102,MJU00792303,"Tube,Connector",AJR30140102-AL-1,자동매핑,
AJR30140102,MJU00792304,"Tube,Connector",(도번직결),도번직하위,
AJR30140102,MJU00792314,"Tube,Connector",(도번직결),도번직하위,
AJR30140102,MJU00792315,"Tube,Connector",(도번직결),도번직하위,
AJR30140102,MJU00792401,"Tube,Connector",AJR30140102-AL-1,자동매핑,
AJR30140102,MJU00792402,"Tube,Connector",AJR30140102-AL-1,자동매핑,
AJR30140102,MJU00792403,"Tube,Connector",AJR30140102-AL-1,자동매핑,
AJR30140102,MJU00792404,"Tube,Connector",AJR30140102-AL-1,자동매핑,
AJR30140102,MJU00792405,"Tube,Connector",AJR30140102-AL-1,자동매핑,
AJR30140102,MJX30152901,"Valve,Expansion Body",(도번직결),도번직하위,
AJR30140102,RAB36912801,"Tape,PVC",(도번직결),도번직하위,
AJR30140103,5410A30055F,"Insulator,Tube",(도번직결),도번직하위,
AJR30140103,MEV00261105,Insulator,(도번직결),도번직하위,
AJR30140103,MEV00261106,Insulator,(도번직결),도번직하위,
AJR30140103,MFN62721711,Mesh,(도번직결),도번직하위,
AJR30140103,MJU00792001,"Tube,Distributor",AJR30140103-AL-1,자동매핑,
AJR30140103,MJU00792305,"Tube,Connector",AJR30140103-AL-1,자동매핑,
AJR30140103,MJU00792306,"Tube,Connector",(도번직결),도번직하위,
AJR30140103,MJU00792316,"Tube,Connector",(도번직결),도번직하위,
AJR30140103,MJU00792317,"Tube,Connector",(도번직결),도번직하위,
AJR30140103,MJU00792601,"Tube,Connector",AJR30140103-AL-1,자동매핑,
AJR30140103,MJU00792602,"Tube,Connector",AJR30140103-AL-1,자동매핑,
AJR30140103,MJU00792603,"Tube,Connector",AJR30140103-AL-1,자동매핑,
AJR30140103,MJU00792604,"Tube,Connector",AJR30140103-AL-1,자동매핑,
AJR30140103,MJU00792605,"Tube,Connector",AJR30140103-AL-1,자동매핑,
AJR30140103,MJX30152902,"Valve,Expansion Body",(도번직결),도번직하위,
AJR30140103,RAB36912801,"Tape,PVC",(도번직결),도번직하위,
AJR30140104,5410A30055F,"Insulator,Tube",(도번직결),도번직하위,
AJR30140104,MEV00261107,Insulator,(도번직결),도번직하위,
AJR30140104,MEV00261108,Insulator,(도번직결),도번직하위,
AJR30140104,MFN62721711,Mesh,(도번직결),도번직하위,
AJR30140104,MJU00792101,"Tube,Distributor",AJR30140104-AL-1,자동매핑,
AJR30140104,MJU00792307,"Tube,Connector",AJR30140104-AL-1,자동매핑,
AJR30140104,MJU00792308,"Tube,Connector",(도번직결),도번직하위,
AJR30140104,MJU00792318,"Tube,Connector",(도번직결),도번직하위,
AJR30140104,MJU00792319,"Tube,Connector",(도번직결),도번직하위,
AJR30140104,MJU00792701,"Tube,Connector",AJR30140104-AL-1,자동매핑,
AJR30140104,MJU00792702,"Tube,Connector",AJR30140104-AL-1,자동매핑,
AJR30140104,MJU00792703,"Tube,Connector",AJR30140104-AL-1,자동매핑,
AJR30140104,MJU00792704,"Tube,Connector",AJR30140104-AL-1,자동매핑,
AJR30140104,MJU00792705,"Tube,Connector",AJR30140104-AL-1,자동매핑,
AJR30140104,MJU00792706,"Tube,Connector",AJR30140104-AL-1,자동매핑,
AJR30140104,MJU00792707,"Tube,Connector",AJR30140104-AL-1,자동매핑,
AJR30140104,MJU00792708,"Tube,Connector",AJR30140104-AL-1,자동매핑,
AJR30140104,MJU00792709,"Tube,Connector",AJR30140104-AL-1,자동매핑,
AJR30140104,MJU00792710,"Tube,Connector",AJR30140104-AL-1,자동매핑,
AJR30140104,MJU00792711,"Tube,Connector",AJR30140104-AL-1,자동매핑,
AJR30140104,MJU00792712,"Tube,Connector",AJR30140104-AL-1,자동매핑,
AJR30140104,MJX30152903,"Valve,Expansion Body",(도번직결),도번직하위,
AJR30140104,RAB36912801,"Tape,PVC",(도번직결),도번직하위,
AJR30140105,5410A30055F,"Insulator,Tube",(도번직결),도번직하위,
AJR30140105,MEV00261109,Insulator,(도번직결),도번직하위,
AJR30140105,MEV00261110,Insulator,(도번직결),도번직하위,
AJR30140105,MFN62721711,Mesh,(도번직결),도번직하위,
AJR30140105,MJU00792101,"Tube,Distributor",AJR30140105-AL-1,자동매핑,
AJR30140105,MJU00792309,"Tube,Connector",AJR30140105-AL-1,자동매핑,
AJR30140105,MJU00792310,"Tube,Connector",(도번직결),도번직하위,
AJR30140105,MJU00792311,"Tube,Connector",(도번직결),도번직하위,
AJR30140105,MJU00792320,"Tube,Connector",(도번직결),도번직하위,
AJR30140105,MJU00792710,"Tube,Connector",AJR30140105-AL-1,자동매핑,
AJR30140105,MJU00792801,"Tube,Connector",AJR30140105-AL-1,자동매핑,
AJR30140105,MJU00792802,"Tube,Connector",AJR30140105-AL-1,자동매핑,
AJR30140105,MJU00792803,"Tube,Connector",AJR30140105-AL-1,자동매핑,
AJR30140105,MJU00792804,"Tube,Connector",AJR30140105-AL-1,자동매핑,
AJR30140105,MJU00792805,"Tube,Connector",AJR30140105-AL-1,자동매핑,
AJR30140105,MJU00792806,"Tube,Connector",AJR30140105-AL-1,자동매핑,
AJR30140105,MJU00792807,"Tube,Connector",AJR30140105-AL-1,자동매핑,
AJR30140105,MJU00792808,"Tube,Connector",AJR30140105-AL-1,자동매핑,
AJR30140105,MJU00792809,"Tube,Connector",AJR30140105-AL-1,자동매핑,
AJR30140105,MJU00792810,"Tube,Connector",AJR30140105-AL-1,자동매핑,
AJR30140105,MJX30152904,"Valve,Expansion Body",(도번직결),도번직하위,
AJR30140105,RAB36912801,"Tape,PVC",(도번직결),도번직하위,
AJR30140106,5410A30055F,"Insulator,Tube",(도번직결),도번직하위,
AJR30140106,MEV00261103,Insulator,(도번직결),도번직하위,
AJR30140106,MEV00261104,Insulator,(도번직결),도번직하위,
AJR30140106,MFN62721711,Mesh,(도번직결),도번직하위,
AJR30140106,MJU00791901,"Tube,Distributor",AJR30140106-AL-1,자동매핑,
AJR30140106,MJU00792303,"Tube,Connector",AJR30140106-AL-1,자동매핑,
AJR30140106,MJU00792304,"Tube,Connector",(도번직결),도번직하위,
AJR30140106,MJU00792314,"Tube,Connector",(도번직결),도번직하위,
AJR30140106,MJU00792315,"Tube,Connector",(도번직결),도번직하위,
AJR30140106,MJU00792401,"Tube,Connector",AJR30140106-AL-1,자동매핑,
AJR30140106,MJU00792402,"Tube,Connector",AJR30140106-AL-1,자동매핑,
AJR30140106,MJU00792403,"Tube,Connector",AJR30140106-AL-1,자동매핑,
AJR30140106,MJU00792404,"Tube,Connector",AJR30140106-AL-1,자동매핑,
AJR30140106,MJU00792405,"Tube,Connector",AJR30140106-AL-1,자동매핑,
AJR30140106,MJX30152902,"Valve,Expansion Body",(도번직결),도번직하위,
AJR30140106,RAB36912801,"Tape,PVC",(도번직결),도번직하위,
AJR30140301,MJU63669741,"Tube,Connector",(도번직결),도번직하위,
AJR30140301,MJU63691214,"Tube,Connector",(도번직결),도번직하위,
AJR30140301,MJU64795608,"Tube,Connector",(도번직결),도번직하위,
AJR30140301,MJU64795609,"Tube,Connector",(도번직결),도번직하위,
AJR30140301,MJU64795610,"Tube,Connector",(도번직결),도번직하위,
AJR30140301,MJU66960903,"Tube,Connector",(도번직결),도번직하위,
AJR30140302,MJU63669538,"Tube,Connector",(도번직결),도번직하위,
AJR30140302,MJU63669616,"Tube,Connector",(도번직결),도번직하위,
AJR30140302,MJU63669742,"Tube,Connector",(도번직결),도번직하위,
AJR30140302,MJU63691215,"Tube,Connector",(도번직결),도번직하위,
AJR30140302,MJU64795606,"Tube,Connector",(도번직결),도번직하위,
AJR30140302,MJU66960904,"Tube,Connector",(도번직결),도번직하위,
AJR30157301,1MPC0502018,"Screw,Machine",(도번직결),도번직하위,
AJR30157301,3H01582A,Tie,(도번직결),도번직하위,
AJR30157301,3H01582C,Tie,(도번직결),도번직하위,
AJR30157301,4A00114C,"Tube,Connector",(도번직결),도번직하위,
AJR30157301,5014A30014H,"Damper,Tube",(도번직결),도번직하위,
AJR30157301,5210A23376A,"Tube,Connector",(도번직결),도번직하위,
AJR30157301,5220AP3777C,"Valve,Reverse",(도번직결),도번직하위,
AJR30157301,6141A20010W,Solenoid,(도번직결),도번직하위,
AJR30157301,EBD64386504,"Sensor Module,Pressure",(도번직결),도번직하위,
AJR30157301,EBD64386505,"Sensor Module,Pressure",(도번직결),도번직하위,
AJR30157301,EBF40271407,"Switch,Pressure",(도번직결),도번직하위,
AJR30157301,MEG66660106,"Holder,Tubing",(도번직결),도번직하위,
AJR30157301,MEV39836107,Insulator,(도번직결),도번직하위,
AJR30157301,MJC62301702,Strainer,(도번직결),도번직하위,
AJR30157301,MJU00838001,"Tube,Connector",(도번직결),도번직하위,
AJR30157301,MJU00838002,"Tube,Connector",(도번직결),도번직하위,
AJR30157301,MJU00838003,"Tube,Connector",(도번직결),도번직하위,
AJR30157301,MJU00838004,"Tube,Connector",(도번직결),도번직하위,
AJR30157301,MJU66570402,"Tube,Connector",(도번직결),도번직하위,
AJR30157301,MJU66570403,"Tube,Connector",(도번직결),도번직하위,
AJR30157301,MJU66572001,"Tube,Connector",(도번직결),도번직하위,
AJR30157801,1MPC0502018,"Screw,Machine",(도번직결),도번직하위,
AJR30157801,3H01582C,Tie,(도번직결),도번직하위,
AJR30157801,5210A23376A,"Tube,Connector",(도번직결),도번직하위,
AJR30157801,5220AP3777C,"Valve,Reverse",(도번직결),도번직하위,
AJR30157801,6141A20010W,Solenoid,(도번직결),도번직하위,
AJR30157801,EBD64386504,"Sensor Module,Pressure",(도번직결),도번직하위,
AJR30157801,EBD64386505,"Sensor Module,Pressure",(도번직결),도번직하위,
AJR30157801,EBF40271407,"Switch,Pressure",(도번직결),도번직하위,
AJR30157801,MEG66660106,"Holder,Tubing",(도번직결),도번직하위,
AJR30157801,MEV39836107,Insulator,(도번직결),도번직하위,
AJR30157801,MJC62301702,Strainer,(도번직결),도번직하위,
AJR30157801,MJU00838407,"Tube,Connector",(도번직결),도번직하위,
AJR30157801,MJU66570401,"Tube,Connector",(도번직결),도번직하위,
AJR30157801,MJU66570402,"Tube,Connector",(도번직결),도번직하위,
AJR30157801,MJU66570403,"Tube,Connector",(도번직결),도번직하위,
AJR30157801,MJU66570404,"Tube,Connector",(도번직결),도번직하위,
AJR30161402,5410A30279D,"Insulator,Tube",(도번직결),도번직하위,
AJR30161402,MBL68702103,Cap,AJR30161402-A-S-1,자동매핑,
AJR30161402,MJU00855703,"Tube,Connector",AJR30161402-A-S-1,자동매핑,
AJR30161402,MJU00855801,"Tube,Connector",AJR30161402-A-S-1,자동매핑,
AJR30161402,MJU00855803,"Tube,Connector",AJR30161402-A-S-1,자동매핑,
AJR30161402,MJU00855805,"Tube,Connector",AJR30161402-A-S-1,자동매핑,
AJR30161402,MJU00855806,"Tube,Connector",AJR30161402-A-S-1,자동매핑,
AJR30161402,MJU64433003,"Tube,Return Bending",(도번직결),도번직하위,
AJR30161402,MJU65528066,"Tube,Connector",AJR30161402-A-S-1,자동매핑,
AJR30161402,MJU66853304,"Tube,Connector",AJR30161402-A-S-1,자동매핑,
AJR30161404,5210A28001C,"Tube,Return Bending",(도번직결),도번직하위,
AJR30161404,MJU00855706,"Tube,Connector",AJR30161404-A-S-1,자동매핑,
AJR30161404,MJU00855807,"Tube,Connector",AJR30161404-A-S-1,자동매핑,
AJR30161404,MJU00855808,"Tube,Connector",AJR30161404-A-S-1,자동매핑,
AJR30161404,MJU00855809,"Tube,Connector",AJR30161404-A-S-1,자동매핑,
AJR30161404,MJU00855810,"Tube,Connector",AJR30161404-A-S-1,자동매핑,
AJR30161404,MJU00855812,"Tube,Connector",(도번직결),도번직하위,
AJR30161404,MJU00855813,"Tube,Connector",(도번직결),도번직하위,
AJR30161404,MJU66853323,"Tube,Connector",AJR30161404-A-S-1,자동매핑,
AJR30161405,MBL68702101,Cap,(도번직결),도번직하위,
AJR30161405,MJU00855709,"Tube,Connector",(도번직결),도번직하위,
AJR30161405,MJU00855814,"Tube,Connector",(도번직결),도번직하위,
AJR30161405,MJU00855816,"Tube,Connector",(도번직결),도번직하위,
AJR30161405,MJU00855817,"Tube,Connector",(도번직결),도번직하위,
AJR30161405,MJU64433003,"Tube,Return Bending",(도번직결),도번직하위,
AJR30161406,5410A30279D,"Insulator,Tube",(도번직결),도번직하위,
AJR30161406,MBL68702101,Cap,AJR30161406-A-S-1,자동매핑,
AJR30161406,MJU00855710,"Tube,Connector",AJR30161406-A-S-1,자동매핑,
AJR30161406,MJU00855814,"Tube,Connector",AJR30161406-A-S-1,자동매핑,
AJR30161406,MJU00855816,"Tube,Connector",AJR30161406-A-S-1,자동매핑,
AJR30161406,MJU00855817,"Tube,Connector",AJR30161406-A-S-1,자동매핑,
AJR30161406,MJU00855818,"Tube,Connector",AJR30161406-A-S-1,자동매핑,
AJR30161406,MJU00855819,"Tube,Connector",(도번직결),도번직하위,
AJR30161406,MJU64433003,"Tube,Return Bending",(도번직결),도번직하위,
AJR30161406,MJU66853304,"Tube,Connector",AJR30161406-A-S-1,자동매핑,
AJR30161408,MJU00855712,"Tube,Connector",AJR30161408-A-S-1,자동매핑,
AJR30161408,MJU00855820,"Tube,Connector",AJR30161408-A-S-1,자동매핑,
AJR30161408,MJU00855821,"Tube,Connector",AJR30161408-A-S-1,자동매핑,
AJR30161408,MJU00855822,"Tube,Connector",AJR30161408-A-S-1,자동매핑,
AJR30161408,MJU00855824,"Tube,Connector",AJR30161408-A-S-1,자동매핑,
AJR30161408,MJU00855825,"Tube,Connector",(도번직결),도번직하위,
AJR30161408,MJU00855826,"Tube,Connector",(도번직결),도번직하위,
AJR30161408,MJU64433003,"Tube,Return Bending",(도번직결),도번직하위,
AJR30161408,MJU66853304,"Tube,Connector",AJR30161408-A-S-1,자동매핑,
AJR30161408,MJU66853323,"Tube,Connector",AJR30161408-A-S-1,자동매핑,
AJR30167201,3A00375B,"Socket,Flare",AJR30167201-SUB,자동매핑,
AJR30167201,3H01582A,Tie,(도번직결),도번직하위,
AJR30167201,4930A20053B,"Holder,Sensor",(도번직결),도번직하위,
AJR30167201,4A00742B,"Nut,Flare",AJR30167201-SUB,자동매핑,
AJR30167201,5006AR4091D,Cap,AJR30167201-SUB,자동매핑,
AJR30167201,5210A22409B,"Tube,Connector",AJR30167201-A-S-1,자동매핑,
AJR30167201,MBL68702122,Cap,AJR30167201-A-S-1,자동매핑,
AJR30167201,MEV37586030,"Insulator,Tube",(도번직결),도번직하위,
AJR30167201,MJU00697501,"Tube,Connector",AJR30167201-A-S-1,자동매핑,
AJR30167201,MJU00697502,"Tube,Connector",AJR30167201-A-S-1,자동매핑,
AJR30167201,MJU00868501,"Tube,Manifold",AJR30167201-A-S-1,자동매핑,
AJR30167201,RAC30599327,Solder Soldering,(도번직결),도번직하위,
AJR30175001,4A00114K,"Tube,Connector",(도번직결),도번직하위,
AJR30175001,MJU00883801,"Tube,Connector",(도번직결),도번직하위,
AJR30175001,MJU00883901,"Tube,Connector",(도번직결),도번직하위,
AJR30175001,MJU00884001,"Tube,Connector",(도번직결),도번직하위,
AJR30175201,MJU00886501,"Tube,Manifold",(도번직결),도번직하위,
AJR30175201,MJU66501302,"Tube,Connector",(도번직결),도번직하위,
AJR30175201,MJU66501402,"Tube,Connector",(도번직결),도번직하위,
AJR30359401,4930A20053B,"Holder,Sensor",(도번직결),도번직하위,
AJR30359401,5210A22409B,"Tube,Connector",(도번직결),도번직하위,
AJR30359401,MJU30258901,"Tube,Connector",(도번직결),도번직하위,
AJR30359401,MJU30261901,"Tube,Manifold",(도번직결),도번직하위,
AJR30359401,MJU30497801,"Tube,Connector",(도번직결),도번직하위,
AJR30359401,MJU30498001,"Tube,Connector",(도번직결),도번직하위,
AJR30359401,MJU30533101,"Tube,Connector",(도번직결),도번직하위,
AJR30359801,5210A22409A,"Tube,Connector",(도번직결),도번직하위,
AJR30359801,5257A20010D,Muffler Assembly,(도번직결),도번직하위,
AJR30359801,AJU36719708,Valve Assembly,(도번직결),도번직하위,
AJR30359801,MJU30588601,"Tube,Connector",(도번직결),도번직하위,
AJR30359801,MJU30588701,"Tube,Connector",(도번직결),도번직하위,
AJR30359801,MJU30588801,"Tube,Connector",(도번직결),도번직하위,
AJR30359801,MJU30588901,"Tube,Connector",(도번직결),도번직하위,
AJR30359801,MJU30589001,"Tube,Connector",(도번직결),도번직하위,
AJR30359801,MJU30589101,"Tube,Connector",(도번직결),도번직하위,
AJR30359801,MJU30589201,"Tube,Connector",(도번직결),도번직하위,
AJR30359802,4930A20053B,"Holder,Sensor",(도번직결),도번직하위,
AJR30359802,5210A22409A,"Tube,Connector",(도번직결),도번직하위,
AJR30359802,MJU30588601,"Tube,Connector",(도번직결),도번직하위,
AJR30359802,MJU30588701,"Tube,Connector",(도번직결),도번직하위,
AJR30359802,MJU30588801,"Tube,Connector",(도번직결),도번직하위,
AJR30359802,MJU30588901,"Tube,Connector",(도번직결),도번직하위,
AJR30359802,MJU51541801,"Tube,Connector",(도번직결),도번직하위,
AJR30359802,MJU51541802,"Tube,Connector",(도번직결),도번직하위,
AJR30359802,MJU61889105,"Tube,Distributor",(도번직결),도번직하위,
AJR32563602,3A00375D,"Socket,Flare",AJR32563602-고압,자동매핑,
AJR32563602,3H01420A,"Socket,Flare",AJR32563602-저압,자동매핑,
AJR32563602,3H02716A,"Tube,Coupling",(도번직결),도번직하위,
AJR32563602,3H03659L,Strainer,(도번직결),도번직하위,
AJR32563602,3H03659W,Strainer,(도번직결),도번직하위,
AJR32563602,4930A20053B,"Holder,Sensor",(도번직결),도번직하위,
AJR32563602,4A00742C,"Nut,Flare",AJR32563602-저압,자동매핑,
AJR32563602,5006AR4091H,Cap,AJR32563602-저압,자동매핑,
AJR32563602,5210A22409A,"Tube,Connector",(도번직결),도번직하위,
AJR32563602,5210A22409B,"Tube,Connector",(도번직결),도번직하위,
AJR32563602,5210A24304A,"Tube,Manifold",(도번직결),도번직하위,
AJR32563602,5410A22001J,"Insulator,Tube",(도번직결),도번직하위,
AJR32563602,7250AR3866S,"Damper,Butyl",(도번직결),도번직하위,
AJR32563602,AJU36719705,Valve Assembly,(도번직결),도번직하위,
AJR32563602,MBL68756701,"Cap,Tube",AJR32563602-고압,자동매핑,
AJR32563602,MCQ68044401,"Damper,Butyl",(도번직결),도번직하위,
AJR32563602,MJU36873401,"Tube,Connector",AJR32563602-고압,자동매핑,
AJR32563602,MJU36873402,"Tube,Connector",(도번직결),도번직하위,
AJR32563602,MJU36873403,"Tube,Connector",(도번직결),도번직하위,
AJR32563602,MJU36873404,"Tube,Connector",(도번직결),도번직하위,
AJR32563602,MJU36873405,"Tube,Connector",(도번직결),도번직하위,
AJR32563602,MJU36873701,"Tube,Connector",AJR32563602-저압,자동매핑,
AJR32563602,MJU63335901,"Tube,Connector",(도번직결),도번직하위,
AJR32674713,3A00375A,"Socket,Flare",AJR32674713-은납,자동매핑,
AJR32674713,4930A20053B,"Holder,Sensor",(도번직결),도번직하위,
AJR32674713,4A00742F,"Nut,Common",(도번직결),도번직하위,
AJR32674713,5210A22409A,"Tube,Connector",(도번직결),도번직하위,
AJR32674713,5410A30055F,"Insulator,Tube",(도번직결),도번직하위,
AJR32674713,MBL67877902,Cap,(도번직결),도번직하위,
AJR32674713,MBL67878002,Cap,(도번직결),도번직하위,
AJR32674713,MJC61841302,Strainer,(도번직결),도번직하위,
AJR32674713,MJU62807413,"Tube,Connector",AJR32674713-은납,자동매핑,
AJR32674713,MJU62823109,"Tube,Distributor",(도번직결),도번직하위,
AJR32674713,MJU62968508,"Tube,Bending",(도번직결),도번직하위,
AJR32674713,MJU62968521,"Tube,Bending",(도번직결),도번직하위,
AJR32674713,MJU62968522,"Tube,Bending",(도번직결),도번직하위,
AJR32674713,MJU62968523,"Tube,Bending",(도번직결),도번직하위,
AJR32674713,MJU62968524,"Tube,Bending",(도번직결),도번직하위,
AJR32674713,MJU62968525,"Tube,Bending",(도번직결),도번직하위,
AJR32674713,MJU62968526,"Tube,Bending",(도번직결),도번직하위,
AJR32674713,MJU62968527,"Tube,Bending",(도번직결),도번직하위,
AJR32674713,MJU62968528,"Tube,Bending",(도번직결),도번직하위,
AJR32674713,MJU62968529,"Tube,Bending",(도번직결),도번직하위,
AJR32674713,MJU62968530,"Tube,Bending",(도번직결),도번직하위,
AJR32674713,MJU62968604,"Tube,Connector",(도번직결),도번직하위,
AJR32846402,3H01582A,Tie,(도번직결),도번직하위,
AJR32846402,MEV37439801,"Insulator,Foam",(도번직결),도번직하위,
AJR32846402,MJU37436001,"Tube,Connector",(도번직결),도번직하위,
AJR32846402,MJU37436101,"Tube,Connector",(도번직결),도번직하위,
AJR32846402,MJU37436501,"Tube,Connector",(도번직결),도번직하위,
AJR32846402,MJU37436601,"Tube,Connector",(도번직결),도번직하위,
AJR32846402,MJU37436701,"Tube,Connector",(도번직결),도번직하위,
AJR32846402,MJU54152201,"Tube,Connector",(도번직결),도번직하위,
AJR32883901,3A00375Q,"Socket,Flare",AJR32883901-은납,자동매핑,
AJR32883901,4930A20053B,"Holder,Sensor",(도번직결),도번직하위,
AJR32883901,4A00742D,"Nut,Customized",AJR32883901-은납,자동매핑,
AJR32883901,5006AR4091E,Cap,AJR32883901-은납,자동매핑,
AJR32883901,5210A22409B,"Tube,Connector",(도번직결),도번직하위,
AJR32883901,5410A30055B,"Insulator,Tube",(도번직결),도번직하위,
AJR32883901,MJU37499701,"Tube,Manifold",AJR32883901-은납,자동매핑,
AJR32883901,MJU38274201,"Tube,Connector",(도번직결),도번직하위,
AJR32883901,MJU38274202,"Tube,Connector",(도번직결),도번직하위,
AJR32883901,MJU38274203,"Tube,Connector",(도번직결),도번직하위,
AJR32883901,MJU38274204,"Tube,Connector",(도번직결),도번직하위,
AJR32883902,3A00375P,"Socket,Flare",AJR32883902-은납,자동매핑,
AJR32883902,4930A20053B,"Holder,Sensor",(도번직결),도번직하위,
AJR32883902,4A00742B,"Nut,Flare",(도번직결),도번직하위,
AJR32883902,5006AR4091D,Cap,(도번직결),도번직하위,
AJR32883902,5210A22409B,"Tube,Connector",(도번직결),도번직하위,
AJR32883902,5410A30055D,"Insulator,Tube",(도번직결),도번직하위,
AJR32883902,MJU37499702,"Tube,Manifold",AJR32883902-은납,자동매핑,
AJR32883902,MJU38274201,"Tube,Connector",(도번직결),도번직하위,
AJR32883902,MJU38274202,"Tube,Connector",(도번직결),도번직하위,
AJR32883902,MJU38274203,"Tube,Connector",(도번직결),도번직하위,
AJR32883902,MJU38274204,"Tube,Connector",(도번직결),도번직하위,
AJR32883903,3A00375E,"Socket,Flare",(도번직결),도번직하위,
AJR32883903,4930A20053B,"Holder,Sensor",(도번직결),도번직하위,
AJR32883903,4A00742C,"Nut,Flare",(도번직결),도번직하위,
AJR32883903,5006AR4091H,Cap,(도번직결),도번직하위,
AJR32883903,5210A22409B,"Tube,Connector",(도번직결),도번직하위,
AJR32883903,5410A30055D,"Insulator,Tube",(도번직결),도번직하위,
AJR32883903,MJU37499703,"Tube,Manifold",(도번직결),도번직하위,
AJR32883903,MJU38274201,"Tube,Connector",(도번직결),도번직하위,
AJR32883903,MJU38274202,"Tube,Connector",(도번직결),도번직하위,
AJR32883903,MJU38274203,"Tube,Connector",(도번직결),도번직하위,
AJR32883903,MJU38274204,"Tube,Connector",(도번직결),도번직하위,
AJR32883905,3A00375P,"Socket,Flare",AJR32883905-SUB,자동매핑,
AJR32883905,4930A20053B,"Holder,Sensor",(도번직결),도번직하위,
AJR32883905,4A00742B,"Nut,Flare",(도번직결),도번직하위,
AJR32883905,5006AR4091D,Cap,(도번직결),도번직하위,
AJR32883905,5210A22409B,"Tube,Connector",(도번직결),도번직하위,
AJR32883905,MJU37499705,"Tube,Manifold",AJR32883905-SUB,자동매핑,
AJR32883905,MJU38274201,"Tube,Connector",(도번직결),도번직하위,
AJR32883905,MJU38274202,"Tube,Connector",(도번직결),도번직하위,
AJR32883905,MJU38274203,"Tube,Connector",(도번직결),도번직하위,
AJR32883905,MJU38274204,"Tube,Connector",(도번직결),도번직하위,
AJR32883908,3A00375P,"Socket,Flare",AJR32883908-은납,자동매핑,
AJR32883908,4930A20053B,"Holder,Sensor",(도번직결),도번직하위,
AJR32883908,4A00742B,"Nut,Flare",(도번직결),도번직하위,
AJR32883908,5006AR4091D,Cap,(도번직결),도번직하위,
AJR32883908,5210A22409B,"Tube,Connector",(도번직결),도번직하위,
AJR32883908,5410A30055D,"Insulator,Tube",(도번직결),도번직하위,
AJR32883908,MJU37499707,"Tube,Manifold",AJR32883908-은납,자동매핑,
AJR32883908,MJU38274201,"Tube,Connector",(도번직결),도번직하위,
AJR32883908,MJU38274202,"Tube,Connector",(도번직결),도번직하위,
AJR32883908,MJU38274203,"Tube,Connector",(도번직결),도번직하위,
AJR32883908,MJU38274204,"Tube,Connector",(도번직결),도번직하위,
AJR32883911,3A00375P,"Socket,Flare",AJR32883911-은납,자동매핑,
AJR32883911,4930A20053B,"Holder,Sensor",(도번직결),도번직하위,
AJR32883911,4A00742B,"Nut,Flare",(도번직결),도번직하위,
AJR32883911,5006AR4091D,Cap,(도번직결),도번직하위,
AJR32883911,5210A22409B,"Tube,Connector",(도번직결),도번직하위,
AJR32883911,5410A30055B,"Insulator,Tube",(도번직결),도번직하위,
AJR32883911,MJU37499711,"Tube,Manifold",AJR32883911-은납,자동매핑,
AJR32883911,MJU38274201,"Tube,Connector",(도번직결),도번직하위,
AJR32883911,MJU38274202,"Tube,Connector",(도번직결),도번직하위,
AJR32883911,MJU38274204,"Tube,Connector",(도번직결),도번직하위,
AJR33796501,4010AR3071C,"Socket,Flare",(도번직결),도번직하위,
AJR33796501,4930A20053B,"Holder,Sensor",(도번직결),도번직하위,
AJR33796501,4A00742A,"Nut,Flare",(도번직결),도번직하위,
AJR33796501,4H01606N,"Tube,Form",(도번직결),도번직하위,
AJR33796501,5210A20720S,"Tube,Distributor",(도번직결),도번직하위,
AJR33796501,5210A22409A,"Tube,Connector",(도번직결),도번직하위,
AJR33796501,5410A30055S,"Insulator,Tube",(도번직결),도번직하위,
AJR33796501,MJU37499602,"Tube,Connector",(도번직결),도번직하위,
AJR33796501,MJU39074301,"Tube,Capillary Bending",(도번직결),도번직하위,
AJR33796501,MJU39074302,"Tube,Capillary Bending",(도번직결),도번직하위,
AJR33796501,MJU39074303,"Tube,Capillary Bending",(도번직결),도번직하위,
AJR33796501,MJU39074304,"Tube,Capillary Bending",(도번직결),도번직하위,
AJR33796501,MJU39074305,"Tube,Capillary Bending",(도번직결),도번직하위,
AJR33796501,MJU39074306,"Tube,Capillary Bending",(도번직결),도번직하위,
AJR33796501,MJU39074307,"Tube,Capillary Bending",(도번직결),도번직하위,
AJR33796501,MJU39213701,"Tube,Connector",(도번직결),도번직하위,
AJR33796502,4010AR3071C,"Socket,Flare",(도번직결),도번직하위,
AJR33796502,4930A20053B,"Holder,Sensor",(도번직결),도번직하위,
AJR33796502,4A00742A,"Nut,Flare",(도번직결),도번직하위,
AJR33796502,4H01606N,"Tube,Form",(도번직결),도번직하위,
AJR33796502,5210A20720U,"Tube,Distributor",(도번직결),도번직하위,
AJR33796502,5210A22409A,"Tube,Connector",(도번직결),도번직하위,
AJR33796502,5410A30055S,"Insulator,Tube",(도번직결),도번직하위,
AJR33796502,MJU37499602,"Tube,Connector",(도번직결),도번직하위,
AJR33796502,MJU39074308,"Tube,Capillary Bending",(도번직결),도번직하위,
AJR33796502,MJU39074309,"Tube,Capillary Bending",(도번직결),도번직하위,
AJR33796502,MJU39074310,"Tube,Capillary Bending",(도번직결),도번직하위,
AJR33796502,MJU39074311,"Tube,Capillary Bending",(도번직결),도번직하위,
AJR33796502,MJU39074312,"Tube,Capillary Bending",(도번직결),도번직하위,
AJR33796502,MJU39074313,"Tube,Capillary Bending",(도번직결),도번직하위,
AJR33796502,MJU39074314,"Tube,Capillary Bending",(도번직결),도번직하위,
AJR33796502,MJU39213703,"Tube,Connector",(도번직결),도번직하위,
AJR33796506,4010AR3071C,"Socket,Flare",(도번직결),도번직하위,
AJR33796506,4930A20053B,"Holder,Sensor",(도번직결),도번직하위,
AJR33796506,4A00742A,"Nut,Flare",(도번직결),도번직하위,
AJR33796506,4H01606N,"Tube,Form",(도번직결),도번직하위,
AJR33796506,5210A22409A,"Tube,Connector",(도번직결),도번직하위,
AJR33796506,5410A30055F,"Insulator,Tube",(도번직결),도번직하위,
AJR33796506,MJU37499607,"Tube,Connector",(도번직결),도번직하위,
AJR33796506,MJU39074315,"Tube,Capillary Bending",(도번직결),도번직하위,
AJR33796506,MJU39074316,"Tube,Capillary Bending",(도번직결),도번직하위,
AJR33796506,MJU39074317,"Tube,Capillary Bending",(도번직결),도번직하위,
AJR33796506,MJU39074318,"Tube,Capillary Bending",(도번직결),도번직하위,
AJR33796506,MJU39074319,"Tube,Capillary Bending",(도번직결),도번직하위,
AJR33796506,MJU39074320,"Tube,Capillary Bending",(도번직결),도번직하위,
AJR33796506,MJU39074321,"Tube,Capillary Bending",(도번직결),도번직하위,
AJR33796506,MJU39213706,"Tube,Connector",(도번직결),도번직하위,
AJR33796506,MJU62823105,"Tube,Distributor",(도번직결),도번직하위,
AJR33796512,3A00375A,"Socket,Flare",AJR33796512-은납,자동매핑,
AJR33796512,4930A20053B,"Holder,Sensor",(도번직결),도번직하위,
AJR33796512,4A00742F,"Nut,Common",(도번직결),도번직하위,
AJR33796512,5210A22409A,"Tube,Connector",AJR33796512-19-1,자동매핑,
AJR33796512,5410A30055F,"Insulator,Tube",(도번직결),도번직하위,
AJR33796512,MBL67877902,Cap,(도번직결),도번직하위,
AJR33796512,MBL67878002,Cap,(도번직결),도번직하위,
AJR33796512,MJU37499607,"Tube,Connector",AJR33796512-은납,자동매핑,
AJR33796512,MJU39074319,"Tube,Capillary Bending",AJR33796512-19-1,자동매핑,
AJR33796512,MJU39074322,"Tube,Capillary Bending",AJR33796512-19-1,자동매핑,
AJR33796512,MJU39074323,"Tube,Capillary Bending",AJR33796512-19-1,자동매핑,
AJR33796512,MJU39074324,"Tube,Capillary Bending",AJR33796512-19-1,자동매핑,
AJR33796512,MJU39074325,"Tube,Capillary Bending",AJR33796512-19-1,자동매핑,
AJR33796512,MJU39074326,"Tube,Capillary Bending",AJR33796512-19-1,자동매핑,
AJR33796512,MJU39074327,"Tube,Capillary Bending",AJR33796512-19-1,자동매핑,
AJR33796512,MJU63512609,"Tube,Distributor",AJR33796512-19-1,자동매핑,
AJR33796513,4010AR3071C,"Socket,Flare",AJR33796513-은납,자동매핑,
AJR33796513,4930A20053B,"Holder,Sensor",(도번직결),도번직하위,
AJR33796513,4A00742A,"Nut,Flare",(도번직결),도번직하위,
AJR33796513,5210A22409A,"Tube,Connector",AJR33796512-19-1,자동매핑,
AJR33796513,5410A30055F,"Insulator,Tube",(도번직결),도번직하위,
AJR33796513,MBL67877901,Cap,(도번직결),도번직하위,
AJR33796513,MBL67878001,Cap,(도번직결),도번직하위,
AJR33796513,MJU37499607,"Tube,Connector",AJR33796513-은납,자동매핑,
AJR33796513,MJU39074319,"Tube,Capillary Bending",AJR33796512-19-1,자동매핑,
AJR33796513,MJU39074322,"Tube,Capillary Bending",AJR33796512-19-1,자동매핑,
AJR33796513,MJU39074323,"Tube,Capillary Bending",AJR33796512-19-1,자동매핑,
AJR33796513,MJU39074324,"Tube,Capillary Bending",AJR33796512-19-1,자동매핑,
AJR33796513,MJU39074325,"Tube,Capillary Bending",AJR33796512-19-1,자동매핑,
AJR33796513,MJU39074326,"Tube,Capillary Bending",AJR33796512-19-1,자동매핑,
AJR33796513,MJU39074327,"Tube,Capillary Bending",AJR33796512-19-1,자동매핑,
AJR33796513,MJU63512609,"Tube,Distributor",AJR33796512-19-1,자동매핑,
AJR33796526,3A00375A,"Socket,Flare",AJR33796526-은납,자동매핑,
AJR33796526,4930A20053B,"Holder,Sensor",(도번직결),도번직하위,
AJR33796526,4A00742F,"Nut,Common",(도번직결),도번직하위,
AJR33796526,5210A22409A,"Tube,Connector",(도번직결),도번직하위,
AJR33796526,5410A20017C,"Damper,Butyl",(도번직결),도번직하위,
AJR33796526,5410A30055F,"Insulator,Tube",(도번직결),도번직하위,
AJR33796526,MBL67877902,Cap,(도번직결),도번직하위,
AJR33796526,MBL67878002,Cap,(도번직결),도번직하위,
AJR33796526,MJR61841701,Tie,(도번직결),도번직하위,
AJR33796526,MJU37499607,"Tube,Connector",AJR33796526-은납,자동매핑,
AJR33796526,MJU39074319,"Tube,Capillary Bending",(도번직결),도번직하위,
AJR33796526,MJU39074322,"Tube,Capillary Bending",(도번직결),도번직하위,
AJR33796526,MJU39074323,"Tube,Capillary Bending",(도번직결),도번직하위,
AJR33796526,MJU39074324,"Tube,Capillary Bending",(도번직결),도번직하위,
AJR33796526,MJU39074325,"Tube,Capillary Bending",(도번직결),도번직하위,
AJR33796526,MJU39074326,"Tube,Capillary Bending",(도번직결),도번직하위,
AJR33796526,MJU39074327,"Tube,Capillary Bending",(도번직결),도번직하위,
AJR33796526,MJU63512609,"Tube,Distributor",(도번직결),도번직하위,
AJR34407805,3H01582C,Tie,(도번직결),도번직하위,
AJR34407805,4A00742B,"Nut,Flare",AJR34407805-SUB,자동매핑,
AJR34407805,5006AR4091D,Cap,AJR34407805-SUB,자동매핑,
AJR34407805,5210A22409B,"Tube,Connector",(도번직결),도번직하위,
AJR34407805,MJU39836703,"Tube,Manifold",(도번직결),도번직하위,
AJR34407805,MJU39836801,"Tube,Connector",(도번직결),도번직하위,
AJR34407805,MJU39836802,"Tube,Connector",(도번직결),도번직하위,
AJR34407805,MJU39836803,"Tube,Connector",(도번직결),도번직하위,
AJR34407805,MJU39836808,"Tube,Connector",(도번직결),도번직하위,
AJR34511805,4930A20053B,"Holder,Sensor",(도번직결),도번직하위,
AJR34511805,4A00114A,"Tube,Connector",(도번직결),도번직하위,
AJR34511805,4A00742B,"Nut,Flare",(도번직결),도번직하위,
AJR34511805,5006AR4091D,Cap,(도번직결),도번직하위,
AJR34511805,5210A21605N,"Tube,Connector",(도번직결),도번직하위,
AJR34511805,5210A22409A,"Tube,Connector",(도번직결),도번직하위,
AJR34511805,5210AP3344F,"Tube,Manifold",(도번직결),도번직하위,
AJR34511805,5210AP3344H,"Tube,Manifold",(도번직결),도번직하위,
AJR34511805,5210AP3344V,"Tube,Manifold",(도번직결),도번직하위,
AJR34511805,5400AR3427L,"Insulator,Tube",(도번직결),도번직하위,
AJR34511807,4930A20053B,"Holder,Sensor",(도번직결),도번직하위,
AJR34511807,4A00114A,"Tube,Connector",(도번직결),도번직하위,
AJR34511807,4A00742B,"Nut,Flare",(도번직결),도번직하위,
AJR34511807,5006AR4091D,Cap,(도번직결),도번직하위,
AJR34511807,5210A21605N,"Tube,Connector",(도번직결),도번직하위,
AJR34511807,5210A22409B,"Tube,Connector",(도번직결),도번직하위,
AJR34511807,5210AP3344F,"Tube,Manifold",(도번직결),도번직하위,
AJR34511807,5210AP3344H,"Tube,Manifold",(도번직결),도번직하위,
AJR34511807,5210AP3344V,"Tube,Manifold",(도번직결),도번직하위,
AJR34511807,5400AR3427L,"Insulator,Tube",(도번직결),도번직하위,
AJR34511808,4A00114A,"Tube,Connector",(도번직결),도번직하위,
AJR34511808,4A00742B,"Nut,Flare",(도번직결),도번직하위,
AJR34511808,5006AR4091D,Cap,(도번직결),도번직하위,
AJR34511808,5210A21605N,"Tube,Connector",(도번직결),도번직하위,
AJR34511808,5210A22409A,"Tube,Connector",(도번직결),도번직하위,
AJR34511808,5210AP3344F,"Tube,Manifold",(도번직결),도번직하위,
AJR34511808,5210AP3344T,"Tube,Manifold",(도번직결),도번직하위,
AJR34511808,5210AP3344V,"Tube,Manifold",(도번직결),도번직하위,
AJR34511808,5400AR3427L,"Insulator,Tube",(도번직결),도번직하위,
AJR34562001,4A00114E,"Tube,Connector",(도번직결),도번직하위,
AJR34562001,4H00049C,"Tube,Pinch Off",(도번직결),도번직하위,
AJR34562001,5210A21605C,"Tube,Connector",(도번직결),도번직하위,
AJR34562001,5210A31998A,"Tube,Connector",(도번직결),도번직하위,
AJR34562001,5210A31999A,"Tube,Connector",(도번직결),도번직하위,
AJR34562001,5210A31999B,"Tube,Connector",(도번직결),도번직하위,
AJR34562001,MJU39839306,"Tube,Connector",(도번직결),도번직하위,
AJR34562001,MJU40000301,"Tube,Manifold",(도번직결),도번직하위,
AJR34562001,MJU40000302,"Tube,Manifold",(도번직결),도번직하위,
AJR34565501,4848A20005L,Accumulator,(도번직결),도번직하위,
AJR34565501,4930A20053B,"Holder,Sensor",(도번직결),도번직하위,
AJR34565501,5210A22409A,"Tube,Connector",(도번직결),도번직하위,
AJR34565501,MJU40259901,"Tube,Connector",(도번직결),도번직하위,
AJR34565804,4930A20053B,"Holder,Sensor",(도번직결),도번직하위,
AJR34565804,5210A22409A,"Tube,Connector",(도번직결),도번직하위,
AJR34565804,5210A24150A,"Tube,Distributor",(도번직결),도번직하위,
AJR34565804,MJU40306902,"Tube,Connector",(도번직결),도번직하위,
AJR34565804,MJU40306903,"Tube,Connector",(도번직결),도번직하위,
AJR34565804,MJU40306906,"Tube,Connector",(도번직결),도번직하위,
AJR34565804,MJU40307503,"Tube,Capillary Bending",(도번직결),도번직하위,
AJR34565804,MJU40307803,"Tube,Capillary Bending",(도번직결),도번직하위,
AJR34565804,MJU40307903,"Tube,Capillary Bending",(도번직결),도번직하위,
AJR34565804,MJU40308103,"Tube,Capillary Bending",(도번직결),도번직하위,
AJR34565804,MJU40308403,"Tube,Capillary Bending",(도번직결),도번직하위,
AJR34565804,MJU40308503,"Tube,Capillary Bending",(도번직결),도번직하위,
AJR34565804,MJU62146101,"Tube,Connector",(도번직결),도번직하위,
AJR34565827,3H03659L,Strainer,AJR34565827-1-2,자동매핑,
AJR34565827,5014A30014W,"Damper,Tube",(도번직결),도번직하위,
AJR34565827,5410A20111T,"Damper,Butyl",(도번직결),도번직하위,
AJR34565827,EAP65270719,"Coil Module,Expansion",(도번직결),도번직하위,
AJR34565827,MJU63032110,"Tube,Connector",AJR34565827-1-1,자동매핑,
AJR34565827,MJU63032118,"Tube,Connector",AJR34565827-1-1,자동매핑,
AJR34565827,MJU63032119,"Tube,Connector",AJR34565827-1-2,자동매핑,
AJR34565827,MJU63032122,"Tube,Connector",AJR34565827-1-2,자동매핑,
AJR34565827,MJU64093711,"Tube,Condenser",AJR34565827-R1-3,자동매핑,
AJR34565827,MJX63992001,"Valve,Expansion Body",(도번직결),도번직하위,
AJR34739801,4A00114E,"Tube,Connector",(도번직결),도번직하위,
AJR34739801,5210A22033A,"Tube,Manifold",(도번직결),도번직하위,
AJR34739801,5210A22033J,"Tube,Manifold",(도번직결),도번직하위,
AJR34739801,5210A22034A,"Tube,Condenser",(도번직결),도번직하위,
AJR34739801,5210A22034B,"Tube,Condenser",(도번직결),도번직하위,
AJR34739801,MJU40246001,"Tube,Connector",(도번직결),도번직하위,
AJR34739807,5210A22603N,"Tube,Manifold",(도번직결),도번직하위,
AJR34739807,5210A31939A,"Tube,Connector",(도번직결),도번직하위,
AJR34739807,MJU32884701,"Tube,Connector",(도번직결),도번직하위,
AJR34739807,MJU32884702,"Tube,Connector",(도번직결),도번직하위,
AJR34739807,MJU32884703,"Tube,Connector",(도번직결),도번직하위,
AJR34739807,MJU32884704,"Tube,Connector",(도번직결),도번직하위,
AJR34739811,5210A22034U,"Tube,Condenser",(도번직결),도번직하위,
AJR34739811,5210A22603Q,"Tube,Manifold",(도번직결),도번직하위,
AJR34739811,5210A31939A,"Tube,Connector",(도번직결),도번직하위,
AJR34739816,4A00114E,"Tube,Connector",(도번직결),도번직하위,
AJR34739816,5210A22033A,"Tube,Manifold",(도번직결),도번직하위,
AJR34739816,5210A22034A,"Tube,Condenser",(도번직결),도번직하위,
AJR34739816,5210A22034B,"Tube,Condenser",(도번직결),도번직하위,
AJR34739816,MJU40246001,"Tube,Connector",(도번직결),도번직하위,
AJR34739816,MJU58266603,"Tube,Manifold",(도번직결),도번직하위,
AJR34739818,4A00114E,"Tube,Connector",(도번직결),도번직하위,
AJR34739818,5210A22034U,"Tube,Condenser",(도번직결),도번직하위,
AJR34739818,MJU65516603,"Tube,Connector",(도번직결),도번직하위,
AJR34739818,MJU65868002,"Tube,Connector",(도번직결),도번직하위,
AJR34739818,MJU65868003,"Tube,Connector",(도번직결),도번직하위,
AJR34739818,MJU65868004,"Tube,Connector",(도번직결),도번직하위,
AJR34739820,MEV55008104,"Insulator,Tube",(도번직결),도번직하위,
AJR34739820,MJU63748401,"Tube,Connector",(도번직결),도번직하위,
AJR34739820,MJU63748402,"Tube,Connector",(도번직결),도번직하위,
AJR34739820,MJU63748509,"Tube,Manifold",(도번직결),도번직하위,
AJR34739821,MEV55008104,"Insulator,Tube",(도번직결),도번직하위,
AJR34739821,MJU63748401,"Tube,Connector",AJR34739821-F&T,자동매핑,
AJR34739821,MJU63748402,"Tube,Connector",AJR34739821-F&T,자동매핑,
AJR34739821,MJU63748509,"Tube,Manifold",AJR34739821-F&T,자동매핑,
AJR34739824,4A00114E,"Tube,Connector",AJR34739824-3-1,자동매핑,
AJR34739824,5210A22033A,"Tube,Manifold",AJR34739824-3-1,자동매핑,
AJR34739824,5210A22034A,"Tube,Condenser",AJR34739824-3-1,자동매핑,
AJR34739824,5210A22034B,"Tube,Condenser",AJR34739824-3-1,자동매핑,
AJR34739824,MJU40246002,"Tube,Connector",AJR34739824-3-1,자동매핑,
AJR34739824,MJU58266603,"Tube,Manifold",AJR34739824-3-1,자동매핑,
AJR34870201,5224A20002T,Strainer,(도번직결),도번직하위,
AJR34870201,5410A20234X,Insulator,(도번직결),도번직하위,
AJR34870201,EAP30616909,"Coil,Expansion",(도번직결),도번직하위,
AJR34870201,MJU40419001,"Tube,Connector",(도번직결),도번직하위,
AJR34870201,MJU40419002,"Tube,Connector",(도번직결),도번직하위,
AJR34870201,MJU40419003,"Tube,Connector",(도번직결),도번직하위,
AJR34870201,MJX62751401,"Valve,Expansion Body",(도번직결),도번직하위,
AJR35724301,5210A23611A,"Tube,Connector",(도번직결),도번직하위,
AJR35724301,5210A31378A,"Tube,Connector",(도번직결),도번직하위,
AJR35724301,MJU41227401,"Tube,Connector",(도번직결),도번직하위,
AJR35724301,MJU41227501,"Tube,Connector",(도번직결),도번직하위,
AJR35724301,MJU41227701,"Tube,Connector",(도번직결),도번직하위,
AJR35724301,MJU41227801,"Tube,Connector",(도번직결),도번직하위,
AJR35938601,4A00114B,"Tube,Connector",(도번직결),도번직하위,
AJR35938601,MJU41495801,"Tube,Discharge",(도번직결),도번직하위,
AJR35938601,MJU41495901,"Tube,Discharge",(도번직결),도번직하위,
AJR35938603,4A00114B,"Tube,Connector",(도번직결),도번직하위,
AJR35938603,MJU41495801,"Tube,Discharge",(도번직결),도번직하위,
AJR35938603,MJU41495901,"Tube,Discharge",(도번직결),도번직하위,
AJR35938603,MJU41496002,"Tube,Discharge",(도번직결),도번직하위,
AJR35938603,MJU41496102,"Tube,Discharge",(도번직결),도번직하위,
AJR35938603,MJU41496302,"Tube,Discharge",(도번직결),도번직하위,
AJR35948517,4H01688S,"Clamp,Cord",(도번직결),도번직하위,
AJR35948517,AAB35754002,Accumulator Assembly,(도번직결),도번직하위,
AJR35948517,AJR36386810,"Tube Assembly,Reverse",(도번직결),도번직하위,
AJR35948517,AJR36388502,"Tube Assembly,Suction(Ou",(도번직결),도번직하위,
AJR35948517,AJR36388601,"Tube Assembly,Expansion",(도번직결),도번직하위,
AJR35948517,MEZ41343607,"Label,Caution",(도번직결),도번직하위,
AJR35948517,MJH39544901,Supporter,(도번직결),도번직하위,
AJR36013006,3H01582E,Tie,(도번직결),도번직하위,
AJR36013006,5014A30001B,"Damper,Tube",(도번직결),도번직하위,
AJR36013006,5014A30014S,"Damper,Tube",(도번직결),도번직하위,
AJR36013006,5040A20027E,Damper,(도번직결),도번직하위,
AJR36013006,5040A20027F,Damper,(도번직결),도번직하위,
AJR36013006,5210A22409B,"Tube,Connector",(도번직결),도번직하위,
AJR36013006,5210A23376A,"Tube,Connector",(도번직결),도번직하위,
AJR36013006,5224A20005L,Strainer,(도번직결),도번직하위,
AJR36013006,MEV55008101,"Insulator,Tube",(도번직결),도번직하위,
AJR36013006,MEV61853101,Insulator,(도번직결),도번직하위,
AJR36013006,MHH41401201,"Separator,Oil",(도번직결),도번직하위,
AJR36013006,MJU41489501,"Tube,Connector",(도번직결),도번직하위,
AJR36013006,MJU41490601,"Tube,Capillary Bending",(도번직결),도번직하위,
AJR36013006,MJU41491101,"Tube,Connector",(도번직결),도번직하위,
AJR36013006,MJU41491201,"Tube,Connector",(도번직결),도번직하위,
AJR36013006,MJU41491202,"Tube,Connector",(도번직결),도번직하위,
AJR36013006,MJU55250504,"Tube,Connector",(도번직결),도번직하위,
AJR36013006,MJU55250505,"Tube,Connector",(도번직결),도번직하위,
AJR36013006,MJX62771705,"Valve,Check",(도번직결),도번직하위,
AJR36013007,5014A20009A,"Damper,Tube",(도번직결),도번직하위,
AJR36013007,5040A20027E,Damper,(도번직결),도번직하위,
AJR36013007,5040A20027F,Damper,(도번직결),도번직하위,
AJR36013007,5040A20027G,Damper,(도번직결),도번직하위,
AJR36013007,5210A22409B,"Tube,Connector",(도번직결),도번직하위,
AJR36013007,5210A23376A,"Tube,Connector",(도번직결),도번직하위,
AJR36013007,5224A20005L,Strainer,(도번직결),도번직하위,
AJR36013007,EBF40271401,"Switch,Pressure",(도번직결),도번직하위,
AJR36013007,MEV55008101,"Insulator,Tube",(도번직결),도번직하위,
AJR36013007,MHH41401201,"Separator,Oil",(도번직결),도번직하위,
AJR36013007,MJU41489502,"Tube,Connector",(도번직결),도번직하위,
AJR36013007,MJU41491102,"Tube,Connector",(도번직결),도번직하위,
AJR36013007,MJU41491201,"Tube,Connector",(도번직결),도번직하위,
AJR36013007,MJU41491203,"Tube,Connector",(도번직결),도번직하위,
AJR36013007,MJU41491701,"Tube,Capillary Bending",(도번직결),도번직하위,
AJR36013007,MJU55250501,"Tube,Connector",(도번직결),도번직하위,
AJR36013007,MJU61945202,"Tube,Discharge",(도번직결),도번직하위,
AJR36013007,MJX62771705,"Valve,Check",(도번직결),도번직하위,
AJR36089801,4A00114A,"Tube,Connector",(도번직결),도번직하위,
AJR36089801,5410A20690Z,Insulator,(도번직결),도번직하위,
AJR36089801,MJU41838701,"Tube,Connector",(도번직결),도번직하위,
AJR36089801,MJU41838702,"Tube,Connector",(도번직결),도번직하위,
AJR36089801,MJU41838703,"Tube,Connector",(도번직결),도번직하위,
AJR36089801,MJU41839001,"Tube,Manifold",(도번직결),도번직하위,
AJR36089801,MJU41839002,"Tube,Manifold",(도번직결),도번직하위,
AJR36092103,MJU61884504,"Tube,Connector",(도번직결),도번직하위,
AJR36092103,MJU61884601,"Tube,Connector",(도번직결),도번직하위,
AJR36092103,MJU61884602,"Tube,Connector",(도번직결),도번직하위,
AJR36092103,MJU61884603,"Tube,Connector",(도번직결),도번직하위,
AJR36092103,MJU61884604,"Tube,Connector",(도번직결),도번직하위,
AJR36092105,MJU61884503,"Tube,Connector",(도번직결),도번직하위,
AJR36092105,MJU61884601,"Tube,Connector",(도번직결),도번직하위,
AJR36092105,MJU61884602,"Tube,Connector",(도번직결),도번직하위,
AJR36092105,MJU61884603,"Tube,Connector",(도번직결),도번직하위,
AJR36092105,MJU61884604,"Tube,Connector",(도번직결),도번직하위,
AJR36137805,2H00351U,"Tube,Distributor",(도번직결),도번직하위,
AJR36137805,MJU40306901,"Tube,Connector",(도번직결),도번직하위,
AJR36137805,MJU40306902,"Tube,Connector",(도번직결),도번직하위,
AJR36137805,MJU40306903,"Tube,Connector",(도번직결),도번직하위,
AJR36137805,MJU40306907,"Tube,Connector",(도번직결),도번직하위,
AJR36137805,MJU40307301,"Tube,Capillary Bending",(도번직결),도번직하위,
AJR36137805,MJU40307901,"Tube,Capillary Bending",(도번직결),도번직하위,
AJR36137805,MJU40308101,"Tube,Capillary Bending",(도번직결),도번직하위,
AJR36137805,MJU40308701,"Tube,Capillary Bending",(도번직결),도번직하위,
AJR36137805,MJU40313204,"Tube,Connector",(도번직결),도번직하위,
AJR36366801,4848A20004D,Accumulator,(도번직결),도번직하위,
AJR36366801,4930A20053B,"Holder,Sensor",(도번직결),도번직하위,
AJR36366801,5014A30001B,"Damper,Tube",(도번직결),도번직하위,
AJR36366801,5210A22409A,"Tube,Connector",(도번직결),도번직하위,
AJR36366801,5210A22409B,"Tube,Connector",(도번직결),도번직하위,
AJR36366801,5256A30003J,Muffler,(도번직결),도번직하위,
AJR36366801,MJU31087102,"Tube,Discharge",(도번직결),도번직하위,
AJR36366801,MJU31087202,"Tube,Connector",(도번직결),도번직하위,
AJR36366801,MJU31087401,"Tube,Connector",(도번직결),도번직하위,
AJR36366801,MJU31088101,"Tube,Connector",(도번직결),도번직하위,
AJR36366801,MJU41857501,"Tube,Suction",(도번직결),도번직하위,
AJR36366801,MJU41857502,"Tube,Suction",(도번직결),도번직하위,
AJR36388608,3H01582A,Tie,(도번직결),도번직하위,
AJR36388608,3H03659C,Strainer,AJR36388608-9-2,자동매핑,
AJR36388608,3H03659M,Strainer,AJR36388608-9-1,자동매핑,
AJR36388608,5220A90013B,"Valve,Expansion Body",(도번직결),도번직하위,
AJR36388608,EAP30616906,"Coil,Expansion",(도번직결),도번직하위,
AJR36388608,MEG66660102,"Holder,Tubing",(도번직결),도번직하위,
AJR36388608,MJU41942001,"Tube,Connector",AJR36388608-9-1,자동매핑,
AJR36388608,MJU41942006,"Tube,Connector",AJR36388608-9-1,자동매핑,
AJR36388608,MJU41942007,"Tube,Connector",AJR36388608-9-2,자동매핑,
AJR36478203,MJU42064501,"Tube,Connector",(도번직결),도번직하위,
AJR36478203,MJU42064502,"Tube,Connector",(도번직결),도번직하위,
AJR36478203,MJU42064503,"Tube,Connector",(도번직결),도번직하위,
AJR36478203,MJU42064505,"Tube,Connector",(도번직결),도번직하위,
AJR36478203,MJU42064506,"Tube,Connector",(도번직결),도번직하위,
AJR36478203,MJU42064512,"Tube,Connector",(도번직결),도번직하위,
AJR36478203,MJU57132602,"Tube,Connector",(도번직결),도번직하위,
AJR36479502,3H03659L,Strainer,(도번직결),도번직하위,
AJR36479502,4930A20053B,"Holder,Sensor",(도번직결),도번직하위,
AJR36479502,5210A21174C,"Tube,Distributor",AJR36479508-1-1,자동매핑,
AJR36479502,5210A22409A,"Tube,Connector",(도번직결),도번직하위,
AJR36479502,5210A22419G,"Tube,Connector",(도번직결),도번직하위,
AJR36479502,5210A30334A,"Tube,Pinch Off",(도번직결),도번직하위,
AJR36479502,MJU42064507,"Tube,Connector",AJR36479508-1-1,자동매핑,
AJR36479502,MJU42064508,"Tube,Connector",AJR36479508-1-1,자동매핑,
AJR36479502,MJU42064509,"Tube,Connector",AJR36479508-1-1,자동매핑,
AJR36479502,MJU42066302,"Tube,Connector",(도번직결),도번직하위,
AJR36479502,MJU42132501,"Tube,Connector",AJR36479508-1-1,자동매핑,
AJR36479508,3H03659L,Strainer,(도번직결),도번직하위,
AJR36479508,5210A21174C,"Tube,Distributor",AJR36479508-1-1,자동매핑,
AJR36479508,5210A22419G,"Tube,Connector",(도번직결),도번직하위,
AJR36479508,5210A30334A,"Tube,Pinch Off",(도번직결),도번직하위,
AJR36479508,5220A90010G,"Valve,Expansion Body",(도번직결),도번직하위,
AJR36479508,MJU42064507,"Tube,Connector",AJR36479508-1-1,자동매핑,
AJR36479508,MJU42064508,"Tube,Connector",AJR36479508-1-1,자동매핑,
AJR36479508,MJU42064509,"Tube,Connector",AJR36479508-1-1,자동매핑,
AJR36479508,MJU42066303,"Tube,Connector",(도번직결),도번직하위,
AJR36479508,MJU42132501,"Tube,Connector",AJR36479508-1-1,자동매핑,
AJR36479516,3H03659W,Strainer,AJR36479516-11-1,자동매핑,
AJR36479516,5220A90001R,"Valve,Expansion Body",(도번직결),도번직하위,
AJR36479516,MJU63057005,"Tube,Connector",AJR36479516-11-1,자동매핑,
AJR36479516,MJU63057006,"Tube,Connector",(도번직결),도번직하위,
AJR36479521,3H01582A,Tie,(도번직결),도번직하위,
AJR36479521,3H03659W,Strainer,AJR36479521-1-1,자동매핑,
AJR36479521,5220A90001R,"Valve,Expansion Body",(도번직결),도번직하위,
AJR36479521,7250AR7015J,"Damper,Butyl",(도번직결),도번직하위,
AJR36479521,MJU63057005,"Tube,Connector",AJR36479521-1-1,자동매핑,
AJR36479521,MJU63057006,"Tube,Connector",(도번직결),도번직하위,
AJR36541603,3A00375P,"Socket,Flare",AJR36541603-SUB1,자동매핑,
AJR36541603,3H01582A,Tie,(도번직결),도번직하위,
AJR36541603,4930A20053B,"Holder,Sensor",(도번직결),도번직하위,
AJR36541603,4A00742B,"Nut,Flare",AJR36541603-SUB1,자동매핑,
AJR36541603,5006AR4091D,Cap,AJR36541603-SUB1,자동매핑,
AJR36541603,5210A22409B,"Tube,Connector",(도번직결),도번직하위,
AJR36541603,5410A30055D,"Insulator,Tube",(도번직결),도번직하위,
AJR36541603,MJU38274201,"Tube,Connector",(도번직결),도번직하위,
AJR36541603,MJU38274202,"Tube,Connector",(도번직결),도번직하위,
AJR36541603,MJU38274203,"Tube,Connector",(도번직결),도번직하위,
AJR36541603,MJU42039003,"Tube,Connector",AJR36541603-SUB1,자동매핑,
AJR36541603,MJU63337501,"Tube,Connector",(도번직결),도번직하위,
AJR36738203,4848A20007A,Accumulator,(도번직결),도번직하위,
AJR36738203,4930A20053B,"Holder,Sensor",(도번직결),도번직하위,
AJR36738203,5040A20027A,Damper,(도번직결),도번직하위,
AJR36738203,5040A20027E,Damper,(도번직결),도번직하위,
AJR36738203,5210A22409A,"Tube,Connector",(도번직결),도번직하위,
AJR36738203,5220A90008C,"Valve,Solenoid",(도번직결),도번직하위,
AJR36738203,5410A30055D,"Insulator,Tube",(도번직결),도번직하위,
AJR36738203,MJU42370902,"Tube,Suction",(도번직결),도번직하위,
AJR36738203,MJU42372201,"Tube,Connector",(도번직결),도번직하위,
AJR36738203,MJU42378201,"Tube,Connector",(도번직결),도번직하위,
AJR36738207,3H01582E,Tie,(도번직결),도번직하위,
AJR36738207,4848A20007A,Accumulator,(도번직결),도번직하위,
AJR36738207,4930A20053B,"Holder,Sensor",(도번직결),도번직하위,
AJR36738207,5014A20009A,"Damper,Tube",(도번직결),도번직하위,
AJR36738207,5014A30001D,"Damper,Tube",(도번직결),도번직하위,
AJR36738207,5014A30014H,"Damper,Tube",(도번직결),도번직하위,
AJR36738207,5040A20027A,Damper,(도번직결),도번직하위,
AJR36738207,5040A20027E,Damper,(도번직결),도번직하위,
AJR36738207,5210A22409A,"Tube,Connector",(도번직결),도번직하위,
AJR36738207,5220A90008K,"Valve,Solenoid",(도번직결),도번직하위,
AJR36738207,5410A20313K,"Insulator,Felt",(도번직결),도번직하위,
AJR36738207,EBE60659013,Solenoid,(도번직결),도번직하위,
AJR36738207,MJU42370902,"Tube,Suction",(도번직결),도번직하위,
AJR36738207,MJU42372201,"Tube,Connector",(도번직결),도번직하위,
AJR36738207,MJU42378210,"Tube,Connector",(도번직결),도번직하위,
AJR36852701,2H00351M,"Tube,Distributor",(도번직결),도번직하위,
AJR36852701,3A00375D,"Socket,Flare",AJR36852701-SUB,자동매핑,
AJR36852701,4930A20053B,"Holder,Sensor",(도번직결),도번직하위,
AJR36852701,4A00742A,"Nut,Flare",AJR36852701-SUB,자동매핑,
AJR36852701,4H01606N,"Tube,Form",AJR36852701-SUB,자동매핑,
AJR36852701,5210A22409A,"Tube,Connector",(도번직결),도번직하위,
AJR36852701,MJU42756504,"Tube,Connector",AJR36852701-SUB,자동매핑,
AJR36852701,MJU42756505,"Tube,Connector",(도번직결),도번직하위,
AJR36852701,MJU42756506,"Tube,Connector",(도번직결),도번직하위,
AJR36852701,MJU42805401,"Tube,Capillary Bending",(도번직결),도번직하위,
AJR36852701,MJU42805402,"Tube,Capillary Bending",(도번직결),도번직하위,
AJR36852701,MJU42805403,"Tube,Capillary Bending",(도번직결),도번직하위,
AJR36852706,3A00375D,"Socket,Flare",(도번직결),도번직하위,
AJR36852706,4930A20053B,"Holder,Sensor",(도번직결),도번직하위,
AJR36852706,4A00742A,"Nut,Flare",(도번직결),도번직하위,
AJR36852706,5210A22409A,"Tube,Connector",AJR36852706-12-1,자동매핑,
AJR36852706,5410A30055F,"Insulator,Tube",(도번직결),도번직하위,
AJR36852706,7250AR7015L,"Damper,Butyl",(도번직결),도번직하위,
AJR36852706,MBL67877901,Cap,(도번직결),도번직하위,
AJR36852706,MBL67878001,Cap,(도번직결),도번직하위,
AJR36852706,MJU42756510,"Tube,Connector",AJR36852706-12-1,자동매핑,
AJR36852706,MJU42805405,"Tube,Capillary Bending",AJR36852706-12-1,자동매핑,
AJR36852706,MJU42805406,"Tube,Capillary Bending",AJR36852706-12-1,자동매핑,
AJR36852706,MJU42805410,"Tube,Capillary Bending",AJR36852706-12-1,자동매핑,
AJR36852706,MJU63512602,"Tube,Distributor",AJR36852706-12-1,자동매핑,
AJR36852708,3A00375D,"Socket,Flare",(도번직결),도번직하위,
AJR36852708,4930A20053B,"Holder,Sensor",(도번직결),도번직하위,
AJR36852708,4A00742A,"Nut,Flare",(도번직결),도번직하위,
AJR36852708,5210A22409A,"Tube,Connector",AJR36852706-12-1,자동매핑,
AJR36852708,5410A30055F,"Insulator,Tube",(도번직결),도번직하위,
AJR36852708,7250AR7015L,"Damper,Butyl",(도번직결),도번직하위,
AJR36852708,MBL67877901,Cap,(도번직결),도번직하위,
AJR36852708,MBL67878001,Cap,(도번직결),도번직하위,
AJR36852708,MJU42756510,"Tube,Connector",AJR36852706-12-1,자동매핑,
AJR36852708,MJU42805405,"Tube,Capillary Bending",AJR36852706-12-1,자동매핑,
AJR36852708,MJU42805406,"Tube,Capillary Bending",AJR36852706-12-1,자동매핑,
AJR36852708,MJU42805410,"Tube,Capillary Bending",AJR36852706-12-1,자동매핑,
AJR36852708,MJU63512602,"Tube,Distributor",AJR36852706-12-1,자동매핑,
AJR36852708,RAC30599327,Solder Soldering,(도번직결),도번직하위,
AJR37042101,2H00351L,"Tube,Distributor",(도번직결),도번직하위,
AJR37042101,3A00375D,"Socket,Flare",AJR37042101-SUB,자동매핑,
AJR37042101,4930A20053B,"Holder,Sensor",(도번직결),도번직하위,
AJR37042101,4A00742A,"Nut,Flare",(도번직결),도번직하위,
AJR37042101,5210A22409A,"Tube,Connector",(도번직결),도번직하위,
AJR37042101,MBL67877901,Cap,(도번직결),도번직하위,
AJR37042101,MBL67878001,Cap,(도번직결),도번직하위,
AJR37042101,MEV49523801,"Insulator,Tube",(도번직결),도번직하위,
AJR37042101,MJU42643701,"Tube,Capillary Bending",(도번직결),도번직하위,
AJR37042101,MJU42823801,"Tube,Connector",(도번직결),도번직하위,
AJR37042101,MJU42823901,"Tube,Connector",(도번직결),도번직하위,
AJR37042101,MJU42824001,"Tube,Connector",(도번직결),도번직하위,
AJR37042101,MJU42827501,"Tube,Connector",AJR37042101-SUB,자동매핑,
AJR37042101,MJU42886501,"Tube,Capillary Bending",(도번직결),도번직하위,
AJR37042101,MJU42886601,"Tube,Capillary Bending",(도번직결),도번직하위,
AJR37042101,MJU42886701,"Tube,Capillary Bending",(도번직결),도번직하위,
AJR37048414,5410A30061T,"Insulator,Foam",(도번직결),도번직하위,
AJR37048414,AAB37023602,Accumulator Assembly,(도번직결),도번직하위,
AJR37048414,EBD62165606,"Sensor,Pressure",(도번직결),도번직하위,
AJR37048414,MJU61920202,"Tube,Connector",(도번직결),도번직하위,
AJR37048418,AAB37023602,Accumulator Assembly,(도번직결),도번직하위,
AJR37048418,EBD62165606,"Sensor,Pressure",(도번직결),도번직하위,
AJR37103404,4A00114E,"Tube,Connector",(도번직결),도번직하위,
AJR37103404,5210A22409A,"Tube,Connector",(도번직결),도번직하위,
AJR37103404,5224A20005N,Strainer,(도번직결),도번직하위,
AJR37103404,AJR36904202,"Tube Assembly,Expansion",(도번직결),도번직하위,
AJR37103404,AJU36719728,Valve Assembly,(도번직결),도번직하위,
AJR37103404,MDE57136201,"Exchanger,Plate",(도번직결),도번직하위,
AJR37103404,MJU42931202,"Tube,Connector",(도번직결),도번직하위,
AJR37103404,MJU42933202,"Tube,Connector",(도번직결),도번직하위,
AJR37103404,MJU42933302,"Tube,Connector",(도번직결),도번직하위,
AJR37103404,MJU42933502,"Tube,Connector",(도번직결),도번직하위,
AJR37103404,MJU42933704,"Tube,Connector",(도번직결),도번직하위,
AJR37103404,MJU42935001,"Tube,Connector",(도번직결),도번직하위,
AJR37103404,MJU42935102,"Tube,Connector",(도번직결),도번직하위,
AJR37103404,MJU42935202,"Tube,Connector",(도번직결),도번직하위,
AJR37105401,3A02080B,"Valve,Reverse",(도번직결),도번직하위,
AJR37105401,4010AR3071N,"Socket,Flare",(도번직결),도번직하위,
AJR37105401,4930A20053B,"Holder,Sensor",(도번직결),도번직하위,
AJR37105401,4H00901J,"Tube,Connector",(도번직결),도번직하위,
AJR37105401,5210A22409A,"Tube,Connector",(도번직결),도번직하위,
AJR37105401,5210A23376A,"Tube,Connector",(도번직결),도번직하위,
AJR37105401,MJU42936601,"Tube,Connector",(도번직결),도번직하위,
AJR37105401,MJU42936701,"Tube,Connector",(도번직결),도번직하위,
AJR37105401,MJU42936901,"Tube,Connector",(도번직결),도번직하위,
AJR37105401,MJU42937101,"Tube,Connector",(도번직결),도번직하위,
AJR37105401,MJU42937501,"Tube,Connector",(도번직결),도번직하위,
AJR37105401,MJU42937801,"Tube,Connector",(도번직결),도번직하위,
AJR37105401,MJU47213201,"Tube,Connector",(도번직결),도번직하위,
AJR37119901,5410A20690Z,Insulator,(도번직결),도번직하위,
AJR37119901,MJU42946601,"Tube,Connector",(도번직결),도번직하위,
AJR37119901,MJU42948301,"Tube,Connector",(도번직결),도번직하위,
AJR37119901,MJU50402001,"Tube,Connector",(도번직결),도번직하위,
AJR37119903,MJU42946604,"Tube,Connector",(도번직결),도번직하위,
AJR37119903,MJU42948301,"Tube,Connector",(도번직결),도번직하위,
AJR37161107,5210A23376A,"Tube,Connector",5211A22074A,자동매핑,
AJR37161107,5211A22074A,"Tube Assembly,Connector",(도번직결),도번직하위,
AJR37161107,EBD62165606,"Sensor,Pressure",(도번직결),도번직하위,
AJR37161107,MJU42938105,"Tube,Connector",(도번직결),도번직하위,
AJR37161108,5210A23376A,"Tube,Connector",(도번직결),도번직하위,
AJR37161108,EBD62165606,"Sensor,Pressure",(도번직결),도번직하위,
AJR37161108,MJU42938102,"Tube,Connector",(도번직결),도번직하위,
AJR41630601,4A00742F,"Nut,Common",(도번직결),도번직하위,
AJR41630601,MJU42938606,"Tube,Connector",(도번직결),도번직하위,
AJR41630601,MJU42939002,"Tube,Connector",(도번직결),도번직하위,
AJR41630601,MJU42939003,"Tube,Connector",(도번직결),도번직하위,
AJR49638901,4848A20005L,Accumulator,(도번직결),도번직하위,
AJR49638901,4930A20053B,"Holder,Sensor",(도번직결),도번직하위,
AJR49638901,5014A20009A,"Damper,Tube",(도번직결),도번직하위,
AJR49638901,5210A22409A,"Tube,Connector",(도번직결),도번직하위,
AJR49638901,5410A28437C,Insulator,(도번직결),도번직하위,
AJR49638901,MJU47060601,"Tube,Connector",(도번직결),도번직하위,
AJR49638901,MJU47064001,"Tube,Connector",(도번직결),도번직하위,
AJR52676201,3A00375E,"Socket,Flare",(도번직결),도번직하위,
AJR52676201,4A00742C,"Nut,Flare",(도번직결),도번직하위,
AJR52676201,5006AR4091H,Cap,(도번직결),도번직하위,
AJR52676201,5410A30279F,"Insulator,Tube",(도번직결),도번직하위,
AJR52676201,MJU47146601,"Tube,Connector",(도번직결),도번직하위,
AJR52676201,MJU47146602,"Tube,Connector",(도번직결),도번직하위,
AJR52676201,MJU47146603,"Tube,Connector",(도번직결),도번직하위,
AJR52676201,MJU47147501,"Tube,Manifold",(도번직결),도번직하위,
AJR52676204,4A00742B,"Nut,Flare",(도번직결),도번직하위,
AJR52676204,5006AR4091D,Cap,(도번직결),도번직하위,
AJR52676204,5410A30279F,"Insulator,Tube",(도번직결),도번직하위,
AJR52676204,MJU47146601,"Tube,Connector",(도번직결),도번직하위,
AJR52676204,MJU47146602,"Tube,Connector",(도번직결),도번직하위,
AJR52676204,MJU47146603,"Tube,Connector",(도번직결),도번직하위,
AJR52676204,MJU47147501,"Tube,Manifold",(도번직결),도번직하위,
AJR52737602,4848A20005L,Accumulator,(도번직결),도번직하위,
AJR52737602,5410A20313G,"Insulator,Felt",(도번직결),도번직하위,
AJR52737602,MJU38890617,"Tube,Connector",(도번직결),도번직하위,
AJR52737629,5256A30003U,Muffler,(도번직결),도번직하위,
AJR52737629,MJU60436639,"Tube,Connector",(도번직결),도번직하위,
AJR52737629,MJU64868508,"Tube,Connector",(도번직결),도번직하위,
AJR52737629,MJU64868509,"Tube,Connector",(도번직결),도번직하위,
AJR52737629,MJU64868510,"Tube,Connector",(도번직결),도번직하위,
AJR52737629,MJU64868511,"Tube,Connector",(도번직결),도번직하위,
AJR55707008,3A00375D,"Socket,Flare",AJR55707008-은납,자동매핑,
AJR55707008,3H03659L,Strainer,AJR55707008-15-1,자동매핑,
AJR55707008,4930A20053B,"Holder,Sensor",(도번직결),도번직하위,
AJR55707008,4A00742A,"Nut,Flare",(도번직결),도번직하위,
AJR55707008,5210A22409A,"Tube,Connector",AJR55707008-15-1,자동매핑,
AJR55707008,5410A30055S,"Insulator,Tube",(도번직결),도번직하위,
AJR55707008,MBL67877901,Cap,(도번직결),도번직하위,
AJR55707008,MBL67878001,Cap,(도번직결),도번직하위,
AJR55707008,MJU47978303,"Tube,Connector",AJR55707008-15-1,자동매핑,
AJR55707008,MJU47978304,"Tube,Connector",AJR55707008-15-1,자동매핑,
AJR55707008,MJU47979201,"Tube,Connector",AJR55707008-15-1,자동매핑,
AJR55707008,MJU47979202,"Tube,Connector",AJR55707008-15-1,자동매핑,
AJR55707008,MJU47979203,"Tube,Connector",AJR55707008-15-1,자동매핑,
AJR55707008,MJU62823101,"Tube,Distributor",AJR55707008-15-1,자동매핑,
AJR55707008,MJX65072201,"Valve Module,Gear Expans",(도번직결),도번직하위,
AJR55707009,3A00375D,"Socket,Flare",AJR55707009-F&T-2,자동매핑,
AJR55707009,3H03659L,Strainer,AJR55707009-F&T-2,자동매핑,
AJR55707009,4930A20053B,"Holder,Sensor",(도번직결),도번직하위,
AJR55707009,4A00742A,"Nut,Flare",(도번직결),도번직하위,
AJR55707009,5210A22409A,"Tube,Connector",AJR55707009-F&T-1,자동매핑,
AJR55707009,5410A30055S,"Insulator,Tube",(도번직결),도번직하위,
AJR55707009,7250AR3866W,"Damper,Butyl",(도번직결),도번직하위,
AJR55707009,MBL67877901,Cap,(도번직결),도번직하위,
AJR55707009,MBL67878001,Cap,(도번직결),도번직하위,
AJR55707009,MCQ68044401,"Damper,Butyl",(도번직결),도번직하위,
AJR55707009,MJU47978301,"Tube,Connector",AJR55707009-F&T-2,자동매핑,
AJR55707009,MJU47978302,"Tube,Connector",AJR55707009-F&T-2,자동매핑,
AJR55707009,MJU47978304,"Tube,Connector",AJR55707009-F&T-1,자동매핑,
AJR55707009,MJU47978305,"Tube,Connector",AJR55707009-F&T-1,자동매핑,
AJR55707009,MJU47979201,"Tube,Connector",AJR55707009-F&T-1,자동매핑,
AJR55707009,MJU47979202,"Tube,Connector",AJR55707009-F&T-1,자동매핑,
AJR55707009,MJU47979203,"Tube,Connector",AJR55707009-F&T-1,자동매핑,
AJR55707009,MJU62823101,"Tube,Distributor",AJR55707009-F&T-1,자동매핑,
AJR55707009,MJX65072201,"Valve Module,Gear Expans",(도번직결),도번직하위,
AJR55707101,3A00375E,"Socket,Flare",(도번직결),도번직하위,
AJR55707101,4930A20053B,"Holder,Sensor",(도번직결),도번직하위,
AJR55707101,4A00742C,"Nut,Flare",(도번직결),도번직하위,
AJR55707101,5210A22409B,"Tube,Connector",(도번직결),도번직하위,
AJR55707101,MJU47978401,"Tube,Connector",(도번직결),도번직하위,
AJR55707101,MJU48000801,"Tube,Connector",(도번직결),도번직하위,
AJR55707101,MJU48000901,"Tube,Connector",(도번직결),도번직하위,
AJR55707101,MJU48001001,"Tube,Connector",(도번직결),도번직하위,
AJR55707101,MJU62823101,"Tube,Distributor",(도번직결),도번직하위,
AJR56992602,3H01582A,Tie,(도번직결),도번직하위,
AJR56992602,4A00114E,"Tube,Connector",(도번직결),도번직하위,
AJR56992602,5014A20009A,"Damper,Tube",(도번직결),도번직하위,
AJR56992602,5014A20009B,"Damper,Tube",(도번직결),도번직하위,
AJR56992602,5210A23344G,"Tube,Coupling",(도번직결),도번직하위,
AJR56992602,5220A90008F,"Valve,Solenoid",(도번직결),도번직하위,
AJR56992602,5224A20005L,Strainer,(도번직결),도번직하위,
AJR56992602,5410A30262C,"Insulator,Tube",(도번직결),도번직하위,
AJR56992602,5410A30279A,"Insulator,Tube",(도번직결),도번직하위,
AJR56992602,6141A20050Q,Solenoid,(도번직결),도번직하위,
AJR56992602,7250AR7015S,"Damper,Butyl",(도번직결),도번직하위,
AJR56992602,MJU41484401,"Tube,Suction",(도번직결),도번직하위,
AJR56992602,MJU41484701,"Tube,Suction",(도번직결),도번직하위,
AJR56992602,MJU41489001,"Tube,Connector",(도번직결),도번직하위,
AJR56992602,MJU41490401,"Tube,Connector",(도번직결),도번직하위,
AJR56992602,MJU41490801,"Tube,Capillary Bending",(도번직결),도번직하위,
AJR56992602,MJU41491301,"Tube,Connector",(도번직결),도번직하위,
AJR56992602,MJU41493101,"Tube,Suction",(도번직결),도번직하위,
AJR56992602,MJU41493302,"Tube,Suction",(도번직결),도번직하위,
AJR56992602,MJU41493402,"Tube,Suction",(도번직결),도번직하위,
AJR56992602,MJU42239001,"Tube,Connector",(도번직결),도번직하위,
AJR56992602,MJU58726101,"Tube,Suction",(도번직결),도번직하위,
AJR56992602,MJU58987301,"Tube,Suction",(도번직결),도번직하위,
AJR56992602,MJU58987401,"Tube,Suction",(도번직결),도번직하위,
AJR62820102,MJU53400002,"Tube,Connector",(도번직결),도번직하위,
AJR62820102,MJU54082901,"Tube,Connector",(도번직결),도번직하위,
AJR62820102,MJU54082902,"Tube,Connector",(도번직결),도번직하위,
AJR62820102,MJU54082904,"Tube,Connector",(도번직결),도번직하위,
AJR62820102,MJU54082905,"Tube,Connector",(도번직결),도번직하위,
AJR65059803,2H00351A,"Tube,Distributor",(도번직결),도번직하위,
AJR65059803,3A00375A,"Socket,Flare",(도번직결),도번직하위,
AJR65059803,5006AR4091G,Cap,(도번직결),도번직하위,
AJR65059803,5211AP4052A,"Tube Assembly,Connector",(도번직결),도번직하위,
AJR65059803,AJR65059903,"Tube Assembly,Capillary",(도번직결),도번직하위,
AJR65059803,AJR65059905,"Tube Assembly,Capillary",(도번직결),도번직하위,
AJR65059803,AJR65059906,"Tube Assembly,Capillary",(도번직결),도번직하위,
AJR65059803,AJR65059907,"Tube Assembly,Capillary",(도번직결),도번직하위,
AJR65059803,AJR65059909,"Tube Assembly,Capillary",(도번직결),도번직하위,
AJR65059803,FAD30146402,"Nut,Customized",(도번직결),도번직하위,
AJR65059803,MJU54133202,"Tube,Suction",(도번직결),도번직하위,
AJR65059804,2H00351A,"Tube,Distributor",(도번직결),도번직하위,
AJR65059804,3A00375A,"Socket,Flare",(도번직결),도번직하위,
AJR65059804,3H01582C,Tie,(도번직결),도번직하위,
AJR65059804,4A00742F,"Nut,Common",(도번직결),도번직하위,
AJR65059804,5211AP4052A,"Tube Assembly,Connector",(도번직결),도번직하위,
AJR65059804,5400AR3427P,"Insulator,Tube",(도번직결),도번직하위,
AJR65059804,AJR65059903,"Tube Assembly,Capillary",(도번직결),도번직하위,
AJR65059804,AJR65059905,"Tube Assembly,Capillary",(도번직결),도번직하위,
AJR65059804,AJR65059906,"Tube Assembly,Capillary",(도번직결),도번직하위,
AJR65059804,AJR65059907,"Tube Assembly,Capillary",(도번직결),도번직하위,
AJR65059804,AJR65059909,"Tube Assembly,Capillary",(도번직결),도번직하위,
AJR65059804,MJU54133202,"Tube,Suction",(도번직결),도번직하위,
AJR65059804,MJU62491901,"Tube,Pinch Off",(도번직결),도번직하위,
AJR65507613,3H01582C,Tie,(도번직결),도번직하위,
AJR65507613,5210A22409A,"Tube,Connector",(도번직결),도번직하위,
AJR65507613,MJU40419020,"Tube,Connector",(도번직결),도번직하위,
AJR65507613,MJU62356330,"Tube,Capillary Bending",(도번직결),도번직하위,
AJR65507613,MJU62356331,"Tube,Capillary Bending",(도번직결),도번직하위,
AJR65507613,MJU62356332,"Tube,Capillary Bending",(도번직결),도번직하위,
AJR65507613,MJU62356333,"Tube,Capillary Bending",(도번직결),도번직하위,
AJR65507613,MJU63512604,"Tube,Distributor",(도번직결),도번직하위,
AJR65507613,MJU63619704,"Tube,Connector",(도번직결),도번직하위,
AJR65507613,MJU63619705,"Tube,Connector",(도번직결),도번직하위,
AJR65507704,3H01582E,Tie,(도번직결),도번직하위,
AJR65507704,4848A20007P,Accumulator,(도번직결),도번직하위,
AJR65507704,5014A30014H,"Damper,Tube",(도번직결),도번직하위,
AJR65507704,5210A22409A,"Tube,Connector",(도번직결),도번직하위,
AJR65507704,MJU63001003,"Tube,Connector",(도번직결),도번직하위,
AJR65507705,4848A20007P,Accumulator,(도번직결),도번직하위,
AJR65507705,5210A22409A,"Tube,Connector",AJR65507705-4-1,자동매핑,
AJR65507705,MEZ67612937,"Label,Information",(도번직결),도번직하위,
AJR65507705,MJU63001002,"Tube,Connector",AJR65507705-4-1,자동매핑,
AJR65507708,4848A20007P,Accumulator,(도번직결),도번직하위,
AJR65507708,5210A22409A,"Tube,Connector",AJR65507708-4-1,자동매핑,
AJR65507708,MJU63001002,"Tube,Connector",AJR65507708-4-1,자동매핑,
AJR65507708,MJU63470904,"Tube,Connector",(도번직결),도번직하위,
AJR65507709,3H01582E,Tie,(도번직결),도번직하위,
AJR65507709,4848A20007K,Accumulator,(도번직결),도번직하위,
AJR65507709,5014A20009A,"Damper,Tube",(도번직결),도번직하위,
AJR65507709,5210A22409A,"Tube,Connector",(도번직결),도번직하위,
AJR65507709,MJU63001002,"Tube,Connector",(도번직결),도번직하위,
AJR65507710,3H01582A,Tie,(도번직결),도번직하위,
AJR65507710,4848A20007P,Accumulator,(도번직결),도번직하위,
AJR65507710,5210A22409A,"Tube,Connector",AJR65507705-4-1,자동매핑,
AJR65507710,MEG66660104,"Holder,Tubing",(도번직결),도번직하위,
AJR65507710,MJU63001002,"Tube,Connector",AJR65507705-4-1,자동매핑,
AJR65507712,4848A20007P,Accumulator,(도번직결),도번직하위,
AJR65507712,MJU63001002,"Tube,Connector",(도번직결),도번직하위,
AJR65507715,3H01582E,Tie,(도번직결),도번직하위,
AJR65507715,4848A20007P,Accumulator,(도번직결),도번직하위,
AJR65507715,5014A20009A,"Damper,Tube",(도번직결),도번직하위,
AJR65507715,5210A22409A,"Tube,Connector",AJR65507705-4-1,자동매핑,
AJR65507715,5410A21281A,"Insulator,Tube",(도번직결),도번직하위,
AJR65507715,MEV64597201,Insulator,(도번직결),도번직하위,
AJR65507715,MJU63001002,"Tube,Connector",AJR65507705-4-1,자동매핑,
AJR65507716,4848A20007P,Accumulator,(도번직결),도번직하위,
AJR65507716,5014A20009A,"Damper,Tube",(도번직결),도번직하위,
AJR65507716,5210A22409A,"Tube,Connector",(도번직결),도번직하위,
AJR65507716,MEV64597201,Insulator,(도번직결),도번직하위,
AJR65507716,MJU63001004,"Tube,Connector",(도번직결),도번직하위,
AJR65507720,3H01582E,Tie,(도번직결),도번직하위,
AJR65507720,4848A20007P,Accumulator,(도번직결),도번직하위,
AJR65507720,5014A20009A,"Damper,Tube",(도번직결),도번직하위,
AJR65507720,5014A30014H,"Damper,Tube",(도번직결),도번직하위,
AJR65507720,5210A22409A,"Tube,Connector",AJR65507720-4-1,자동매핑,
AJR65507720,MJU63001003,"Tube,Connector",AJR65507720-4-1,자동매핑,
AJR65507726,3H01582E,Tie,(도번직결),도번직하위,
AJR65507726,4848A20007P,Accumulator,(도번직결),도번직하위,
AJR65507726,5014A20009A,"Damper,Tube",(도번직결),도번직하위,
AJR65507726,5210A22409A,"Tube,Connector",AJR65507705-4-1,자동매핑,
AJR65507726,MEG66660103,"Holder,Tubing",(도번직결),도번직하위,
AJR65507726,MJU63001002,"Tube,Connector",AJR65507705-4-1,자동매핑,
AJR65507732,3H01582E,Tie,(도번직결),도번직하위,
AJR65507732,4848A20007P,Accumulator,(도번직결),도번직하위,
AJR65507732,5014A30014H,"Damper,Tube",(도번직결),도번직하위,
AJR65507732,5210A22409A,"Tube,Connector",AJR65507720-4-1,자동매핑,
AJR65507732,MJU63001003,"Tube,Connector",AJR65507720-4-1,자동매핑,
AJR65507732,MKW30000002,"Plug,Fusible",(도번직결),도번직하위,
AJR65507733,3H01582E,Tie,(도번직결),도번직하위,
AJR65507733,4848A20007P,Accumulator,(도번직결),도번직하위,
AJR65507733,5014A20009A,"Damper,Tube",(도번직결),도번직하위,
AJR65507733,5014A30014H,"Damper,Tube",(도번직결),도번직하위,
AJR65507734,4848A20007P,Accumulator,(도번직결),도번직하위,
AJR65507734,4930A20053B,"Holder,Sensor",(도번직결),도번직하위,
AJR65507734,5210A22409A,"Tube,Connector",AJR65507705-4-1,자동매핑,
AJR65507734,MJU63001002,"Tube,Connector",AJR65507705-4-1,자동매핑,
AJR65507734,MJU63470904,"Tube,Connector",(도번직결),도번직하위,
AJR68031105,4H00006C,"Screw,Customized",AJR68031105-SUB,자동매핑,
AJR68031105,4H01688S,"Clamp,Cord",AJR68031105-SUB,자동매핑,
AJR68031105,AAB35754002,Accumulator Assembly,(도번직결),도번직하위,
AJR68031105,AJR36386804,"Tube Assembly,Reverse",(도번직결),도번직하위,
AJR68031105,AJR36388501,"Tube Assembly,Suction(Ou",(도번직결),도번직하위,
AJR68031105,AJR36388601,"Tube Assembly,Expansion",(도번직결),도번직하위,
AJR68031105,EAD62115301,"Drawing,Assembly",(도번직결),도번직하위,
AJR68031105,MEZ41343601,"Label,Caution",AJR68031105-SUB,자동매핑,
AJR68031105,MJH39544901,Supporter,AJR68031105-SUB,자동매핑,
AJR69417501,4930A20053B,"Holder,Sensor",(도번직결),도번직하위,
AJR69417501,5210A22409B,"Tube,Connector",(도번직결),도번직하위,
AJR69417501,5210A23547D,"Tube,Manifold",(도번직결),도번직하위,
AJR69417501,5210A23547E,"Tube,Manifold",(도번직결),도번직하위,
AJR69417501,5210A23553B,"Tube,Connector",(도번직결),도번직하위,
AJR69417501,5210A24677A,"Tube,Connector",(도번직결),도번직하위,
AJR69417501,5210A24677C,"Tube,Connector",(도번직결),도번직하위,
AJR69417501,5210A24677D,"Tube,Connector",(도번직결),도번직하위,
AJR69417505,5210A31939A,"Tube,Connector",(도번직결),도번직하위,
AJR69417505,MJU57271811,"Tube,Connector",(도번직결),도번직하위,
AJR69417505,MJU62841706,"Tube,Manifold",(도번직결),도번직하위,
AJR69417505,MJU63447304,"Tube,Connector",(도번직결),도번직하위,
AJR69417506,3H01582A,Tie,(도번직결),도번직하위,
AJR69417506,5210A31939A,"Tube,Connector",(도번직결),도번직하위,
AJR69417506,7250AR3866E,"Damper,Butyl",(도번직결),도번직하위,
AJR69417506,MJU57271811,"Tube,Connector",(도번직결),도번직하위,
AJR69417506,MJU62841706,"Tube,Manifold",(도번직결),도번직하위,
AJR69417506,MJU63447304,"Tube,Connector",(도번직결),도번직하위,
AJR71429303,4848A20005L,Accumulator,(도번직결),도번직하위,
AJR71429303,4930A20053B,"Holder,Sensor",(도번직결),도번직하위,
AJR71429303,5210A22409A,"Tube,Connector",(도번직결),도번직하위,
AJR71429303,MJU60435701,"Tube,Connector",(도번직결),도번직하위,
AJR71429303,MJU60436002,"Tube,Connector",(도번직결),도번직하위,
AJR71429307,4848A20005L,Accumulator,(도번직결),도번직하위,
AJR71429307,MJU60436005,"Tube,Connector",(도번직결),도번직하위,
AJR71429307,MJU62188307,"Tube,Connector",(도번직결),도번직하위,
AJR71429312,4848A20005L,Accumulator,(도번직결),도번직하위,
AJR71429312,4930A20053B,"Holder,Sensor",(도번직결),도번직하위,
AJR71429312,5014A30001D,"Damper,Tube",(도번직결),도번직하위,
AJR71429312,5210A22409A,"Tube,Connector",(도번직결),도번직하위,
AJR71429312,MJU60435701,"Tube,Connector",(도번직결),도번직하위,
AJR71429312,MJU60436002,"Tube,Connector",(도번직결),도번직하위,
AJR71429409,4930A20053B,"Holder,Sensor",(도번직결),도번직하위,
AJR71429409,4A00232S,Muffler,AJR71429409-3-1,자동매핑,
AJR71429409,5210A22409B,"Tube,Connector",(도번직결),도번직하위,
AJR71429409,MJU60436202,"Tube,Connector",AJR71429409-3-1,자동매핑,
AJR71429409,MJU60436402,"Tube,Connector",(도번직결),도번직하위,
AJR71429409,MJU60436503,"Tube,Connector",(도번직결),도번직하위,
AJR71429409,MJU60436602,"Tube,Connector",(도번직결),도번직하위,
AJR71429409,MJU62128502,"Tube,Connector",AJR71429409-3-1,자동매핑,
AJR71429409,MJX65075502,"Valve,Reverse",(도번직결),도번직하위,
AJR71429410,4930A20053B,"Holder,Sensor",(도번직결),도번직하위,
AJR71429410,4A00232S,Muffler,AJR71429409-3-1,자동매핑,
AJR71429410,4H00363B,"Damper,Tube",(도번직결),도번직하위,
AJR71429410,5210A22409B,"Tube,Connector",(도번직결),도번직하위,
AJR71429410,MJU60436202,"Tube,Connector",AJR71429409-3-1,자동매핑,
AJR71429410,MJU60436402,"Tube,Connector",(도번직결),도번직하위,
AJR71429410,MJU60436505,"Tube,Connector",(도번직결),도번직하위,
AJR71429410,MJU60436602,"Tube,Connector",(도번직결),도번직하위,
AJR71429410,MJU62128502,"Tube,Connector",AJR71429409-3-1,자동매핑,
AJR71429410,MJX65075502,"Valve,Reverse",(도번직결),도번직하위,
AJR71429418,4930A20053B,"Holder,Sensor",(도번직결),도번직하위,
AJR71429418,4A00232S,Muffler,(도번직결),도번직하위,
AJR71429418,5210A22409B,"Tube,Connector",(도번직결),도번직하위,
AJR71429418,5220AR3228Y,"Valve,Reverse",(도번직결),도번직하위,
AJR71429418,MJU60436202,"Tube,Connector",(도번직결),도번직하위,
AJR71429418,MJU60436402,"Tube,Connector",(도번직결),도번직하위,
AJR71429418,MJU60436503,"Tube,Connector",(도번직결),도번직하위,
AJR71429418,MJU60436602,"Tube,Connector",(도번직결),도번직하위,
AJR71429418,MJU62128503,"Tube,Connector",(도번직결),도번직하위,
AJR71429418,MJU62128504,"Tube,Connector",(도번직결),도번직하위,
AJR71429427,1MPC0502018,"Screw,Machine",(도번직결),도번직하위,
AJR71429427,4930A20053B,"Holder,Sensor",(도번직결),도번직하위,
AJR71429427,4A00232S,Muffler,AJR71429420-3-1,자동매핑,
AJR71429427,4H00363B,"Damper,Tube",(도번직결),도번직하위,
AJR71429427,5210A22409B,"Tube,Connector",(도번직결),도번직하위,
AJR71429427,5220AR3228W,"Valve,Reverse",(도번직결),도번직하위,
AJR71429427,6877A20052V,"Drawing,Assembly",(도번직결),도번직하위,
AJR71429427,MJU60436202,"Tube,Connector",AJR71429420-3-1,자동매핑,
AJR71429427,MJU60436412,"Tube,Connector",(도번직결),도번직하위,
AJR71429427,MJU60436509,"Tube,Connector",(도번직결),도번직하위,
AJR71429427,MJU60436602,"Tube,Connector",(도번직결),도번직하위,
AJR71429427,MJU62128503,"Tube,Connector",AJR71429420-3-1,자동매핑,
AJR71429427,MJU62128504,"Tube,Connector",AJR71429420-3-1,자동매핑,
AJR71429433,1MPC0502018,"Screw,Machine",(도번직결),도번직하위,
AJR71429433,3H01582A,Tie,(도번직결),도번직하위,
AJR71429433,4930A20053B,"Holder,Sensor",(도번직결),도번직하위,
AJR71429433,4A00232S,Muffler,AJR71429433-3-1,자동매핑,
AJR71429433,5014A30016C,"Damper,Tube",(도번직결),도번직하위,
AJR71429433,5210A22409B,"Tube,Connector",(도번직결),도번직하위,
AJR71429433,5220AR3228W,"Valve,Reverse",(도번직결),도번직하위,
AJR71429433,6877A20052V,"Drawing,Assembly",(도번직결),도번직하위,
AJR71429433,MJU60436226,"Tube,Connector",AJR71429433-3-1,자동매핑,
AJR71429433,MJU60436412,"Tube,Connector",(도번직결),도번직하위,
AJR71429433,MJU60436512,"Tube,Connector",(도번직결),도번직하위,
AJR71429433,MJU60436602,"Tube,Connector",(도번직결),도번직하위,
AJR71429433,MJU62128503,"Tube,Connector",AJR71429433-3-1,자동매핑,
AJR71429433,MJU62128509,"Tube,Connector",AJR71429433-3-1,자동매핑,
AJR71429434,1MPC0502018,"Screw,Machine",(도번직결),도번직하위,
AJR71429434,3H01582A,Tie,(도번직결),도번직하위,
AJR71429434,4930A20053B,"Holder,Sensor",(도번직결),도번직하위,
AJR71429434,4A00232S,Muffler,AJR71429433-3-1,자동매핑,
AJR71429434,5014A30016C,"Damper,Tube",(도번직결),도번직하위,
AJR71429434,5210A22409B,"Tube,Connector",(도번직결),도번직하위,
AJR71429434,5220AR3228W,"Valve,Reverse",(도번직결),도번직하위,
AJR71429434,6877A20052V,"Drawing,Assembly",(도번직결),도번직하위,
AJR71429434,MJU60436226,"Tube,Connector",AJR71429433-3-1,자동매핑,
AJR71429434,MJU60436412,"Tube,Connector",(도번직결),도번직하위,
AJR71429434,MJU60436513,"Tube,Connector",(도번직결),도번직하위,
AJR71429434,MJU60436602,"Tube,Connector",(도번직결),도번직하위,
AJR71429434,MJU62128503,"Tube,Connector",AJR71429433-3-1,자동매핑,
AJR71429434,MJU62128509,"Tube,Connector",AJR71429433-3-1,자동매핑,
AJR72367603,4930A20053B,"Holder,Sensor",(도번직결),도번직하위,
AJR72367603,5210A22409A,"Tube,Connector",(도번직결),도번직하위,
AJR72367603,5210A28001C,"Tube,Return Bending",(도번직결),도번직하위,
AJR72367603,5410A30279A,"Insulator,Tube",(도번직결),도번직하위,
AJR72367603,MJU61346401,"Tube,Connector",(도번직결),도번직하위,
AJR72367603,MJU61346601,"Tube,Connector",(도번직결),도번직하위,
AJR72367603,MJU61351101,"Tube,Connector",(도번직결),도번직하위,
AJR72367603,MJU61351201,"Tube,Connector",(도번직결),도번직하위,
AJR72367603,MJU61351501,"Tube,Connector",(도번직결),도번직하위,
AJR72367603,MJU61351601,"Tube,Connector",(도번직결),도번직하위,
AJR72367603,MJU61351801,"Tube,Connector",(도번직결),도번직하위,
AJR72367603,MJU61356001,"Tube,Connector",(도번직결),도번직하위,
AJR72367603,MJU61364501,"Tube,Connector",(도번직결),도번직하위,
AJR72367603,MJU61553501,"Tube,Distributor",(도번직결),도번직하위,
AJR72367603,MJU61721601,"Tube,Connector",(도번직결),도번직하위,
AJR72367603,MJU61721701,"Tube,Connector",(도번직결),도번직하위,
AJR72367604,4930A20053B,"Holder,Sensor",(도번직결),도번직하위,
AJR72367604,5210A22409A,"Tube,Connector",(도번직결),도번직하위,
AJR72367604,5210A28001C,"Tube,Return Bending",(도번직결),도번직하위,
AJR72367604,5410A30279A,"Insulator,Tube",(도번직결),도번직하위,
AJR72367604,MJU61346401,"Tube,Connector",(도번직결),도번직하위,
AJR72367604,MJU61346601,"Tube,Connector",(도번직결),도번직하위,
AJR72367604,MJU61351101,"Tube,Connector",(도번직결),도번직하위,
AJR72367604,MJU61351201,"Tube,Connector",(도번직결),도번직하위,
AJR72367604,MJU61351501,"Tube,Connector",(도번직결),도번직하위,
AJR72367604,MJU61351601,"Tube,Connector",(도번직결),도번직하위,
AJR72367604,MJU61356001,"Tube,Connector",(도번직결),도번직하위,
AJR72367604,MJU61364501,"Tube,Connector",(도번직결),도번직하위,
AJR72367604,MJU61553501,"Tube,Distributor",(도번직결),도번직하위,
AJR72367604,MJU61721601,"Tube,Connector",(도번직결),도번직하위,
AJR72367604,MJU61721701,"Tube,Connector",(도번직결),도번직하위,
AJR72367604,MJU61870401,"Tube,Connector",(도번직결),도번직하위,
AJR72367608,4930A20053B,"Holder,Sensor",(도번직결),도번직하위,
AJR72367608,5210A22409A,"Tube,Connector",(도번직결),도번직하위,
AJR72367608,5210A28001C,"Tube,Return Bending",(도번직결),도번직하위,
AJR72367608,5410A30279A,"Insulator,Tube",(도번직결),도번직하위,
AJR72367608,MJU61346601,"Tube,Connector",(도번직결),도번직하위,
AJR72367608,MJU61351101,"Tube,Connector",(도번직결),도번직하위,
AJR72367608,MJU61351201,"Tube,Connector",(도번직결),도번직하위,
AJR72367608,MJU61351501,"Tube,Connector",(도번직결),도번직하위,
AJR72367608,MJU61351601,"Tube,Connector",(도번직결),도번직하위,
AJR72367608,MJU61351801,"Tube,Connector",(도번직결),도번직하위,
AJR72367608,MJU61356001,"Tube,Connector",(도번직결),도번직하위,
AJR72367608,MJU61364501,"Tube,Connector",(도번직결),도번직하위,
AJR72367608,MJU61553501,"Tube,Distributor",(도번직결),도번직하위,
AJR72367608,MJU62588402,"Tube,Connector",(도번직결),도번직하위,
AJR72367609,4930A20053B,"Holder,Sensor",(도번직결),도번직하위,
AJR72367609,5210A22409A,"Tube,Connector",(도번직결),도번직하위,
AJR72367609,5210A28001C,"Tube,Return Bending",(도번직결),도번직하위,
AJR72367609,5410A30279A,"Insulator,Tube",(도번직결),도번직하위,
AJR72367609,MJU61346601,"Tube,Connector",(도번직결),도번직하위,
AJR72367609,MJU61351101,"Tube,Connector",(도번직결),도번직하위,
AJR72367609,MJU61351201,"Tube,Connector",(도번직결),도번직하위,
AJR72367609,MJU61351501,"Tube,Connector",(도번직결),도번직하위,
AJR72367609,MJU61351601,"Tube,Connector",(도번직결),도번직하위,
AJR72367609,MJU61356001,"Tube,Connector",(도번직결),도번직하위,
AJR72367609,MJU61364501,"Tube,Connector",(도번직결),도번직하위,
AJR72367609,MJU61553501,"Tube,Distributor",(도번직결),도번직하위,
AJR72367609,MJU61870401,"Tube,Connector",(도번직결),도번직하위,
AJR72367609,MJU62588402,"Tube,Connector",(도번직결),도번직하위,
AJR72367702,5210A28001C,"Tube,Return Bending",(도번직결),도번직하위,
AJR72367702,5410A30279A,"Insulator,Tube",(도번직결),도번직하위,
AJR72367702,MJU61380001,"Tube,Connector",(도번직결),도번직하위,
AJR72367702,MJU61380201,"Tube,Connector",(도번직결),도번직하위,
AJR72367702,MJU61380401,"Tube,Connector",(도번직결),도번직하위,
AJR72367702,MJU61380501,"Tube,Connector",(도번직결),도번직하위,
AJR72367702,MJU61382801,"Tube,Connector",(도번직결),도번직하위,
AJR72367702,MJU61382901,"Tube,Connector",(도번직결),도번직하위,
AJR72367702,MJU61387701,"Tube,Connector",(도번직결),도번직하위,
AJR72367702,MJU61553501,"Tube,Distributor",(도번직결),도번직하위,
AJR72367702,MJU61722001,"Tube,Connector",(도번직결),도번직하위,
AJR72367702,MJU61722101,"Tube,Connector",(도번직결),도번직하위,
AJR72367702,MJU64050301,"Tube,Connector",(도번직결),도번직하위,
AJR72367702,MJU64050302,"Tube,Connector",(도번직결),도번직하위,
AJR72367702,MJU64050303,"Tube,Connector",(도번직결),도번직하위,
AJR72367706,5210A28001C,"Tube,Return Bending",(도번직결),도번직하위,
AJR72367706,5410A30279A,"Insulator,Tube",(도번직결),도번직하위,
AJR72367706,MJU61380001,"Tube,Connector",(도번직결),도번직하위,
AJR72367706,MJU61380201,"Tube,Connector",(도번직결),도번직하위,
AJR72367706,MJU61380401,"Tube,Connector",(도번직결),도번직하위,
AJR72367706,MJU61380501,"Tube,Connector",(도번직결),도번직하위,
AJR72367706,MJU61382801,"Tube,Connector",(도번직결),도번직하위,
AJR72367706,MJU61387701,"Tube,Connector",(도번직결),도번직하위,
AJR72367706,MJU61391901,"Tube,Connector",(도번직결),도번직하위,
AJR72367706,MJU61553501,"Tube,Distributor",(도번직결),도번직하위,
AJR72367706,MJU62609101,"Tube,Connector",(도번직결),도번직하위,
AJR72572902,MJU61881406,"Tube,Connector",(도번직결),도번직하위,
AJR72572902,MJU61884601,"Tube,Connector",(도번직결),도번직하위,
AJR72572902,MJU61884602,"Tube,Connector",(도번직결),도번직하위,
AJR72572902,MJU61884603,"Tube,Connector",(도번직결),도번직하위,
AJR72572902,MJU61884604,"Tube,Connector",(도번직결),도번직하위,
AJR72572902,RAC30599301,Solder Soldering,(도번직결),도번직하위,
AJR72572908,4010AR3071N,"Socket,Flare",(도번직결),도번직하위,
AJR72572908,MJU61545405,"Tube,Manifold",(도번직결),도번직하위,
AJR72572908,MJU62096501,"Tube,Connector",(도번직결),도번직하위,
AJR72572908,MJU62812601,"Tube,Connector",(도번직결),도번직하위,
AJR72572908,MJU62812602,"Tube,Connector",(도번직결),도번직하위,
AJR72572908,MJU62812603,"Tube,Connector",(도번직결),도번직하위,
AJR72572908,MJU62812604,"Tube,Connector",(도번직결),도번직하위,
AJR72572908,MJU62812605,"Tube,Connector",(도번직결),도번직하위,
AJR72572911,MJU61881405,"Tube,Connector",(도번직결),도번직하위,
AJR72572911,MJU61884601,"Tube,Connector",(도번직결),도번직하위,
AJR72572911,MJU61884602,"Tube,Connector",(도번직결),도번직하위,
AJR72572911,MJU61884603,"Tube,Connector",(도번직결),도번직하위,
AJR72572911,MJU61884604,"Tube,Connector",(도번직결),도번직하위,
AJR72586225,4930A20053B,"Holder,Sensor",AJR72586225-1-1,자동매핑,
AJR72586225,5210A22409B,"Tube,Connector",AJR72586225-1-1,자동매핑,
AJR72586225,7250AR7015K,"Damper,Butyl",(도번직결),도번직하위,
AJR72586225,MEG65680002,"Holder,Sensor",(도번직결),도번직하위,
AJR72586225,MJU37361330,"Tube,Connector",AJR72586225-1-1,자동매핑,
AJR72586225,MJU60436230,"Tube,Connector",AJR72586225-1-1,자동매핑,
AJR72912302,MJU41625901,"Tube,Connector",(도번직결),도번직하위,
AJR72912302,MJU41625903,"Tube,Connector",(도번직결),도번직하위,
AJR72912302,MJU41625904,"Tube,Connector",(도번직결),도번직하위,
AJR72912302,MJU61884307,"Tube,Connector",(도번직결),도번직하위,
AJR72912302,MJU61884401,"Tube,Connector",(도번직결),도번직하위,
AJR72912302,MJU61884402,"Tube,Connector",(도번직결),도번직하위,
AJR72912307,MJU41625910,"Tube,Connector",(도번직결),도번직하위,
AJR72912307,MJU41625911,"Tube,Connector",(도번직결),도번직하위,
AJR72912307,MJU41625912,"Tube,Connector",(도번직결),도번직하위,
AJR72912307,MJU61884306,"Tube,Connector",(도번직결),도번직하위,
AJR72912307,MJU61884403,"Tube,Connector",(도번직결),도번직하위,
AJR72912307,MJU61884404,"Tube,Connector",(도번직결),도번직하위,
AJR72914501,4930A20053B,"Holder,Sensor",(도번직결),도번직하위,
AJR72914501,5210A20851E,"Tube,Connector",(도번직결),도번직하위,
AJR72914501,5210A22409B,"Tube,Connector",(도번직결),도번직하위,
AJR72914502,5210A20851E,"Tube,Connector",(도번직결),도번직하위,
AJR72914502,5210A22409A,"Tube,Connector",(도번직결),도번직하위,
AJR72914508,5210A20851E,"Tube,Connector",(도번직결),도번직하위,
AJR72914508,5210A22409B,"Tube,Connector",(도번직결),도번직하위,
AJR72914511,5210A20851E,"Tube,Connector",(도번직결),도번직하위,
AJR72914511,5210A22409A,"Tube,Connector",(도번직결),도번직하위,
AJR72919805,4930A20053B,"Holder,Sensor",(도번직결),도번직하위,
AJR72919805,5210A22409A,"Tube,Connector",(도번직결),도번직하위,
AJR72919805,MJU64433701,"Tube,Return Bending",(도번직결),도번직하위,
AJR72920407,4848A20007H,Accumulator,(도번직결),도번직하위,
AJR72920407,MJU61886812,"Tube,Connector",(도번직결),도번직하위,
AJR72928103,5210A23344A,"Tube,Coupling",AJR72928103-2,자동매핑,
AJR72928103,5224A20005N,Strainer,(도번직결),도번직하위,
AJR72928103,5410A30279F,"Insulator,Tube",(도번직결),도번직하위,
AJR72928103,AJU36719701,Valve Assembly,(도번직결),도번직하위,
AJR72928103,MJU61882202,"Tube,Connector",(도번직결),도번직하위,
AJR72928103,MJU61882203,"Tube,Connector",(도번직결),도번직하위,
AJR72928103,MJU61882204,"Tube,Connector",(도번직결),도번직하위,
AJR72928103,MJU61882401,"Tube,Connector",(도번직결),도번직하위,
AJR72928103,MJU61882414,"Tube,Connector",AJR72928103-2,자동매핑,
AJR72928103,MJU61882501,"Tube,Connector",AJR72928103-2,자동매핑,
AJR72928103,MJU61882502,"Tube,Connector",(도번직결),도번직하위,
AJR72928103,MJU61882801,"Tube,Connector",AJR72928103-2,자동매핑,
AJR72928103,MJU61882901,"Tube,Connector",AJR72928103-1,자동매핑,
AJR72928103,MJU61883001,"Tube,Connector",AJR72928103-1,자동매핑,
AJR72928103,MJX62771702,"Valve,Check",(도번직결),도번직하위,
AJR72928401,1SZZA20001L,"Screw,Customized",(도번직결),도번직하위,
AJR72928401,3H02717A,"Tube,Coupling",(도번직결),도번직하위,
AJR72928401,4A00114E,"Tube,Connector",(도번직결),도번직하위,
AJR72928401,5210A22409A,"Tube,Connector",(도번직결),도번직하위,
AJR72928401,5220A90003C,"Valve,Expansion Body",(도번직결),도번직하위,
AJR72928401,5224A20005D,Strainer,(도번직결),도번직하위,
AJR72928401,5224A20005M,Strainer,(도번직결),도번직하위,
AJR72928401,AJR72929201,"Tube Assembly,Connector",(도번직결),도번직하위,
AJR72928401,MAZ61902202,Bracket,(도번직결),도번직하위,
AJR72928401,MAZ61902401,Bracket,(도번직결),도번직하위,
AJR72928401,MJU41624201,"Tube,Connector",(도번직결),도번직하위,
AJR72928401,MJU49333202,"Tube,Connector",(도번직결),도번직하위,
AJR72928401,MJU61880301,"Tube,Connector",(도번직결),도번직하위,
AJR72928401,MJU61881601,"Tube,Connector",(도번직결),도번직하위,
AJR72928401,MJU61885401,"Tube,Connector",(도번직결),도번직하위,
AJR72928401,MJU61885501,"Tube,Connector",(도번직결),도번직하위,
AJR72928401,MJU61885701,"Tube,Connector",(도번직결),도번직하위,
AJR72928401,MJU61885801,"Tube,Connector",(도번직결),도번직하위,
AJR72928401,MJU61885901,"Tube,Connector",(도번직결),도번직하위,
AJR72928401,MJU61886001,"Tube,Connector",(도번직결),도번직하위,
AJR72928401,MJU61886101,"Tube,Connector",(도번직결),도번직하위,
AJR72928401,MJU61886201,"Tube,Connector",(도번직결),도번직하위,
AJR72928402,1SZZA20001L,"Screw,Customized",(도번직결),도번직하위,
AJR72928402,3H02717A,"Tube,Coupling",(도번직결),도번직하위,
AJR72928402,4930A20053B,"Holder,Sensor",(도번직결),도번직하위,
AJR72928402,4A00114E,"Tube,Connector",(도번직결),도번직하위,
AJR72928402,5210A22409A,"Tube,Connector",(도번직결),도번직하위,
AJR72928402,5220A90003C,"Valve,Expansion Body",(도번직결),도번직하위,
AJR72928402,5224A20005D,Strainer,(도번직결),도번직하위,
AJR72928402,5224A20005M,Strainer,(도번직결),도번직하위,
AJR72928402,AJR72929201,"Tube Assembly,Connector",(도번직결),도번직하위,
AJR72928402,MAZ61902202,Bracket,(도번직결),도번직하위,
AJR72928402,MAZ61902401,Bracket,(도번직결),도번직하위,
AJR72928402,MJU41624201,"Tube,Connector",(도번직결),도번직하위,
AJR72928402,MJU49333203,"Tube,Connector",(도번직결),도번직하위,
AJR72928402,MJU61880301,"Tube,Connector",(도번직결),도번직하위,
AJR72928402,MJU61881601,"Tube,Connector",(도번직결),도번직하위,
AJR72928402,MJU61885401,"Tube,Connector",(도번직결),도번직하위,
AJR72928402,MJU61885501,"Tube,Connector",(도번직결),도번직하위,
AJR72928402,MJU61885701,"Tube,Connector",(도번직결),도번직하위,
AJR72928402,MJU61885801,"Tube,Connector",(도번직결),도번직하위,
AJR72928402,MJU61885901,"Tube,Connector",(도번직결),도번직하위,
AJR72928402,MJU61886001,"Tube,Connector",(도번직결),도번직하위,
AJR72928402,MJU61886101,"Tube,Connector",(도번직결),도번직하위,
AJR72928402,MJU61886201,"Tube,Connector",(도번직결),도번직하위,
AJR72929301,1SZZA20001L,"Screw,Customized",(도번직결),도번직하위,
AJR72929301,4930A20053B,"Holder,Sensor",(도번직결),도번직하위,
AJR72929301,4A00114E,"Tube,Connector",(도번직결),도번직하위,
AJR72929301,5210A21174G,"Tube,Distributor",(도번직결),도번직하위,
AJR72929301,5210A22409A,"Tube,Connector",(도번직결),도번직하위,
AJR72929301,5210A30329D,"Tube,Coupling",(도번직결),도번직하위,
AJR72929301,5220A90003C,"Valve,Expansion Body",(도번직결),도번직하위,
AJR72929301,5224A20005D,Strainer,(도번직결),도번직하위,
AJR72929301,5224A20005M,Strainer,(도번직결),도번직하위,
AJR72929301,5410A30184N,Insulator,(도번직결),도번직하위,
AJR72929301,AJR72929201,"Tube Assembly,Connector",(도번직결),도번직하위,
AJR72929301,MAZ61902210,Bracket,(도번직결),도번직하위,
AJR72929301,MAZ61902401,Bracket,(도번직결),도번직하위,
AJR72929301,MJU41624201,"Tube,Connector",(도번직결),도번직하위,
AJR72929301,MJU41624802,"Tube,Connector",(도번직결),도번직하위,
AJR72929301,MJU61880301,"Tube,Connector",(도번직결),도번직하위,
AJR72929301,MJU61880401,"Tube,Connector",(도번직결),도번직하위,
AJR72929301,MJU61880501,"Tube,Connector",(도번직결),도번직하위,
AJR72929301,MJU61880502,"Tube,Connector",(도번직결),도번직하위,
AJR72929301,MJU61880503,"Tube,Connector",(도번직결),도번직하위,
AJR72929301,MJU61880601,"Tube,Connector",(도번직결),도번직하위,
AJR72929301,MJU61880701,"Tube,Connector",(도번직결),도번직하위,
AJR72929301,MJU61880901,"Tube,Connector",(도번직결),도번직하위,
AJR72929301,MJU61881001,"Tube,Connector",(도번직결),도번직하위,
AJR72929301,MJU61881301,"Tube,Connector",(도번직결),도번직하위,
AJR72929301,MJU61881601,"Tube,Connector",(도번직결),도번직하위,
AJR72929301,MJU61881701,"Tube,Connector",(도번직결),도번직하위,
AJR72929301,MJU61881801,"Tube,Connector",(도번직결),도번직하위,
AJR72929301,MJU61887701,"Tube,Connector",(도번직결),도번직하위,
AJR72929512,3H01582A,Tie,(도번직결),도번직하위,
AJR72929512,4A00114E,"Tube,Connector",(도번직결),도번직하위,
AJR72929512,5014A30014F,"Damper,Tube",(도번직결),도번직하위,
AJR72929512,5210A21174E,"Tube,Distributor",(도번직결),도번직하위,
AJR72929512,5210A23344A,"Tube,Coupling",(도번직결),도번직하위,
AJR72929512,5224A20005N,Strainer,(도번직결),도번직하위,
AJR72929512,5410A30279F,"Insulator,Tube",(도번직결),도번직하위,
AJR72929512,5410A30279K,"Insulator,Tube",(도번직결),도번직하위,
AJR72929512,5410A31001C,"Insulator,Tube",(도번직결),도번직하위,
AJR72929512,AJU36719701,Valve Assembly,(도번직결),도번직하위,
AJR72929512,AJU36719704,Valve Assembly,(도번직결),도번직하위,
AJR72929512,EBE60661402,Solenoid,(도번직결),도번직하위,
AJR72929512,EBE60661403,Solenoid,(도번직결),도번직하위,
AJR72929512,MJU61880803,"Tube,Connector",(도번직결),도번직하위,
AJR72929512,MJU61881101,"Tube,Connector",(도번직결),도번직하위,
AJR72929512,MJU61881201,"Tube,Connector",(도번직결),도번직하위,
AJR72929512,MJU61882201,"Tube,Connector",(도번직결),도번직하위,
AJR72929512,MJU61882301,"Tube,Connector",(도번직결),도번직하위,
AJR72929512,MJU61882401,"Tube,Connector",(도번직결),도번직하위,
AJR72929512,MJU61882416,"Tube,Connector",(도번직결),도번직하위,
AJR72929512,MJU61882501,"Tube,Connector",(도번직결),도번직하위,
AJR72929512,MJU61882601,"Tube,Connector",(도번직결),도번직하위,
AJR72929512,MJU61882701,"Tube,Connector",(도번직결),도번직하위,
AJR72929512,MJU61882801,"Tube,Connector",(도번직결),도번직하위,
AJR72929512,MJU61882901,"Tube,Connector",(도번직결),도번직하위,
AJR72929512,MJU61883001,"Tube,Connector",(도번직결),도번직하위,
AJR72929512,MJU61883101,"Tube,Connector",(도번직결),도번직하위,
AJR72929512,MJU61883201,"Tube,Connector",(도번직결),도번직하위,
AJR72929512,MJU61883301,"Tube,Connector",(도번직결),도번직하위,
AJR72929512,MJU61887401,"Tube,Connector",(도번직결),도번직하위,
AJR72929512,MJX61841301,"Valve,Solenoid",(도번직결),도번직하위,
AJR72929512,MJX62771702,"Valve,Check",(도번직결),도번직하위,
AJR72929515,3H01582A,Tie,(도번직결),도번직하위,
AJR72929515,4A00114E,"Tube,Connector",(도번직결),도번직하위,
AJR72929515,5014A30014F,"Damper,Tube",(도번직결),도번직하위,
AJR72929515,5210A21174E,"Tube,Distributor",(도번직결),도번직하위,
AJR72929515,5210A23344A,"Tube,Coupling",(도번직결),도번직하위,
AJR72929515,5224A20005N,Strainer,(도번직결),도번직하위,
AJR72929515,5410A30279F,"Insulator,Tube",(도번직결),도번직하위,
AJR72929515,5410A30279K,"Insulator,Tube",(도번직결),도번직하위,
AJR72929515,5410A31001C,"Insulator,Tube",(도번직결),도번직하위,
AJR72929515,AJU36719701,Valve Assembly,(도번직결),도번직하위,
AJR72929515,AJU36719704,Valve Assembly,(도번직결),도번직하위,
AJR72929515,EBE60658003,Solenoid,(도번직결),도번직하위,
AJR72929515,EBE60658004,Solenoid,(도번직결),도번직하위,
AJR72929515,MJU61880803,"Tube,Connector",(도번직결),도번직하위,
AJR72929515,MJU61881101,"Tube,Connector",(도번직결),도번직하위,
AJR72929515,MJU61881201,"Tube,Connector",(도번직결),도번직하위,
AJR72929515,MJU61882201,"Tube,Connector",(도번직결),도번직하위,
AJR72929515,MJU61882301,"Tube,Connector",(도번직결),도번직하위,
AJR72929515,MJU61882401,"Tube,Connector",(도번직결),도번직하위,
AJR72929515,MJU61882416,"Tube,Connector",(도번직결),도번직하위,
AJR72929515,MJU61882501,"Tube,Connector",(도번직결),도번직하위,
AJR72929515,MJU61882601,"Tube,Connector",(도번직결),도번직하위,
AJR72929515,MJU61882701,"Tube,Connector",(도번직결),도번직하위,
AJR72929515,MJU61882801,"Tube,Connector",(도번직결),도번직하위,
AJR72929515,MJU61882901,"Tube,Connector",(도번직결),도번직하위,
AJR72929515,MJU61883001,"Tube,Connector",(도번직결),도번직하위,
AJR72929515,MJU61883101,"Tube,Connector",(도번직결),도번직하위,
AJR72929515,MJU61883201,"Tube,Connector",(도번직결),도번직하위,
AJR72929515,MJU61883301,"Tube,Connector",(도번직결),도번직하위,
AJR72929515,MJU61887401,"Tube,Connector",(도번직결),도번직하위,
AJR72929515,MJX61841301,"Valve,Solenoid",(도번직결),도번직하위,
AJR72929515,MJX62771702,"Valve,Check",(도번직결),도번직하위,
AJR72933701,AJR72940301,"Tube Assembly,Expansion",AJR72933701-S1-3,자동매핑,
AJR72933701,MJU61874202,"Tube,Connector",AJR72933701-S1-4,자동매핑,
AJR72933701,MJU61874402,"Tube,Connector",AJR72933701-S1-4,자동매핑,
AJR72933701,MJU61874601,"Tube,Connector",AJR72933701-S1-4,자동매핑,
AJR72933701,MJU61891901,"Tube,Connector",(도번직결),도번직하위,
AJR72933701,MJU61892001,"Tube,Connector",(도번직결),도번직하위,
AJR72933701,MJU61892201,"Tube,Connector",AJR72933701-S1-3,자동매핑,
AJR72937701,4A00114E,"Tube,Connector",(도번직결),도번직하위,
AJR72937701,5210A22409A,"Tube,Connector",(도번직결),도번직하위,
AJR72937701,5224A20005N,Strainer,(도번직결),도번직하위,
AJR72937701,AJU73472405,Valve Assembly,(도번직결),도번직하위,
AJR72937701,MJU42933301,"Tube,Connector",(도번직결),도번직하위,
AJR72937701,MJU42933302,"Tube,Connector",(도번직결),도번직하위,
AJR72937701,MJU42933501,"Tube,Connector",(도번직결),도번직하위,
AJR72937701,MJU42933701,"Tube,Connector",(도번직결),도번직하위,
AJR72937701,MJU42935001,"Tube,Connector",(도번직결),도번직하위,
AJR72937701,MJU61903201,"Tube,Connector",(도번직결),도번직하위,
AJR72937701,MJU61919701,"Tube,Connector",(도번직결),도번직하위,
AJR72937701,MJU61919801,"Tube,Connector",(도번직결),도번직하위,
AJR72937701,MJU61919901,"Tube,Connector",(도번직결),도번직하위,
AJR72942401,3H01582A,Tie,(도번직결),도번직하위,
AJR72942401,4A00114B,"Tube,Connector",(도번직결),도번직하위,
AJR72942401,MEV39835925,Insulator,(도번직결),도번직하위,
AJR72942401,MJU61915801,"Tube,Manifold",(도번직결),도번직하위,
AJR72942401,MJU61916201,"Tube,Manifold",(도번직결),도번직하위,
AJR72942401,MJU61916301,"Tube,Connector",(도번직결),도번직하위,
AJR72942401,MJU61916401,"Tube,Connector",(도번직결),도번직하위,
AJR72942801,3H01582C,Tie,(도번직결),도번직하위,
AJR72942801,4322AR4164F,"Tube,Coupling",(도번직결),도번직하위,
AJR72942801,5210A21836Q,"Tube,Capillary Bending",(도번직결),도번직하위,
AJR72942801,5210A23937A,"Tube,Connector",(도번직결),도번직하위,
AJR72942801,5210A23947H,"Tube,Connector",(도번직결),도번직하위,
AJR72942801,5210A23952D,"Tube,Manifold",(도번직결),도번직하위,
AJR72942801,MJU37361106,"Tube,Connector",(도번직결),도번직하위,
AJR72946403,1TTL0402418,"Screw,Tapping",(도번직결),도번직하위,
AJR72946403,3H00468D,"Nut,Common",(도번직결),도번직하위,
AJR72946403,3H01582C,Tie,(도번직결),도번직하위,
AJR72946403,4930A20053B,"Holder,Sensor",AJR72962401,자동매핑,
AJR72946403,4980AR4395A,Supporter,(도번직결),도번직하위,
AJR72946403,4H01688C,"Clamp,Cord",(도번직결),도번직하위,
AJR72946403,4H01688S,"Clamp,Cord",(도번직결),도번직하위,
AJR72946403,5006U-L002A,"Cap,Sealing",(도번직결),도번직하위,
AJR72946403,5014A20009C,"Damper,Tube",(도번직결),도번직하위,
AJR72946403,5014A30014F,"Damper,Tube",(도번직결),도번직하위,
AJR72946403,5040A20027A,Damper,(도번직결),도번직하위,
AJR72946403,5210A22409B,"Tube,Connector",(도번직결),도번직하위,
AJR72946403,5410A21281A,"Insulator,Tube",(도번직결),도번직하위,
AJR72946403,5410A30055D,"Insulator,Tube",(도번직결),도번직하위,
AJR72946403,5410A30061T,"Insulator,Foam",AJR37048408,자동매핑,
AJR72946403,7250AR7015A,"Damper,Butyl",(도번직결),도번직하위,
AJR72946403,AAM35646404,"Barrier Assembly,Outdoor",(도번직결),도번직하위,
AJR72946403,AHQ37048805,"Separator Assembly,Oil",(도번직결),도번직하위,
AJR72946403,AJR37048408,"Tube Assembly,Suction(Ou",(도번직결),도번직하위,
AJR72946403,AJR72937702,"Tube Assembly,Expansion",(도번직결),도번직하위,
AJR72946403,AJR72962401,"Tube Assembly,Solenoide",(도번직결),도번직하위,
AJR72946403,EAP30616911,"Coil,Expansion",(도번직결),도번직하위,
AJR72946403,EBE61441604,Solenoid,(도번직결),도번직하위,
AJR72946403,FAA30107501,"Bolt,Common",(도번직결),도번직하위,
AJR72946403,MJH39544901,Supporter,(도번직결),도번직하위,
AJR72946403,MJU61920001,"Tube,Connector",(도번직결),도번직하위,
AJR72946403,MJX65110001,"Valve,Service",(도번직결),도번직하위,
AJR72946403,RAC30599301,Solder Soldering,AJR72962401,자동매핑,
AJR72946422,1TTL0402418,"Screw,Tapping",(도번직결),도번직하위,
AJR72946422,3H00468D,"Nut,Common",(도번직결),도번직하위,
AJR72946422,3H01582C,Tie,AJR72937704,자동매핑,
AJR72946422,4980AR4395A,Supporter,(도번직결),도번직하위,
AJR72946422,4980AR4395E,Supporter,(도번직결),도번직하위,
AJR72946422,4H01688C,"Clamp,Cord",(도번직결),도번직하위,
AJR72946422,4H01688S,"Clamp,Cord",(도번직결),도번직하위,
AJR72946422,5006U-L002A,"Cap,Sealing",(도번직결),도번직하위,
AJR72946422,5040A20027G,Damper,(도번직결),도번직하위,
AJR72946422,5210A22409B,"Tube,Connector",AJR74291201,자동매핑,
AJR72946422,5410A21281A,"Insulator,Tube",(도번직결),도번직하위,
AJR72946422,5410A30055D,"Insulator,Tube",(도번직결),도번직하위,
AJR72946422,5410A30055R,"Insulator,Tube",(도번직결),도번직하위,
AJR72946422,5410A30061T,"Insulator,Foam",(도번직결),도번직하위,
AJR72946422,5410A30279A,"Insulator,Tube",(도번직결),도번직하위,
AJR72946422,6141A20010X,Solenoid,(도번직결),도번직하위,
AJR72946422,AAM35646404,"Barrier Assembly,Outdoor",(도번직결),도번직하위,
AJR72946422,AJR37048417,"Tube Assembly,Suction(Ou",(도번직결),도번직하위,
AJR72946422,AJR72937704,"Tube Assembly,Expansion",(도번직결),도번직하위,
AJR72946422,AJR72946811,"Tube Assembly,Reverse",(도번직결),도번직하위,
AJR72946422,AJR74291201,"Tube Assembly,Discharge(",(도번직결),도번직하위,
AJR72946422,EAP30616911,"Coil,Expansion",(도번직결),도번직하위,
AJR72946422,EBE61441604,Solenoid,(도번직결),도번직하위,
AJR72946422,FAA30107501,"Bolt,Common",(도번직결),도번직하위,
AJR72946422,MCQ66969701,"Damper,Tube",(도번직결),도번직하위,
AJR72946422,MEV55008105,"Insulator,Tube",(도번직결),도번직하위,
AJR72946422,MJH39544901,Supporter,(도번직결),도번직하위,
AJR72946422,MJU61920005,"Tube,Connector",AJR74291201,자동매핑,
AJR72946424,1TTL0402418,"Screw,Tapping",(도번직결),도번직하위,
AJR72946424,3H00468D,"Nut,Common",(도번직결),도번직하위,
AJR72946424,3H01582C,Tie,AJR72937707,자동매핑,
AJR72946424,4980AR4395A,Supporter,(도번직결),도번직하위,
AJR72946424,4980AR4395E,Supporter,(도번직결),도번직하위,
AJR72946424,4H01688C,"Clamp,Cord",(도번직결),도번직하위,
AJR72946424,4H01688S,"Clamp,Cord",(도번직결),도번직하위,
AJR72946424,5006U-L002A,"Cap,Sealing",(도번직결),도번직하위,
AJR72946424,5040A20027G,Damper,(도번직결),도번직하위,
AJR72946424,5210A22409B,"Tube,Connector",AJR74291201,자동매핑,
AJR72946424,53402025,"Tape,Filament",(도번직결),도번직하위,
AJR72946424,5410A21281A,"Insulator,Tube",(도번직결),도번직하위,
AJR72946424,5410A30055D,"Insulator,Tube",(도번직결),도번직하위,
AJR72946424,5410A30055R,"Insulator,Tube",(도번직결),도번직하위,
AJR72946424,5410A30061T,"Insulator,Foam",(도번직결),도번직하위,
AJR72946424,5410A30279A,"Insulator,Tube",(도번직결),도번직하위,
AJR72946424,6141A20010X,Solenoid,(도번직결),도번직하위,
AJR72946424,AAM35646404,"Barrier Assembly,Outdoor",(도번직결),도번직하위,
AJR72946424,AJR37048417,"Tube Assembly,Suction(Ou",(도번직결),도번직하위,
AJR72946424,AJR72937707,"Tube Assembly,Expansion",(도번직결),도번직하위,
AJR72946424,AJR72946812,"Tube Assembly,Reverse",(도번직결),도번직하위,
AJR72946424,AJR74291201,"Tube Assembly,Discharge(",(도번직결),도번직하위,
AJR72946424,EBE61441604,Solenoid,(도번직결),도번직하위,
AJR72946424,FAA30107501,"Bolt,Common",(도번직결),도번직하위,
AJR72946424,MCQ66969701,"Damper,Tube",(도번직결),도번직하위,
AJR72946424,MEV55008105,"Insulator,Tube",(도번직결),도번직하위,
AJR72946424,MJH39544901,Supporter,(도번직결),도번직하위,
AJR72946424,MJU61920005,"Tube,Connector",AJR74291201,자동매핑,
AJR72946603,3H01582A,Tie,(도번직결),도번직하위,
AJR72946603,5014A30001B,"Damper,Tube",(도번직결),도번직하위,
AJR72946603,5210A28001V,"Tube,Return Bending",(도번직결),도번직하위,
AJR72946603,5410A30055S,"Insulator,Tube",(도번직결),도번직하위,
AJR72946603,MEG65680001,"Holder,Sensor",(도번직결),도번직하위,
AJR72946603,MEG65798801,"Holder,Sensor",(도번직결),도번직하위,
AJR72946603,MJU64867620,"Tube,Connector",(도번직결),도번직하위,
AJR72946801,3A02080B,"Valve,Reverse",(도번직결),도번직하위,
AJR72946801,4010AR3071N,"Socket,Flare",(도번직결),도번직하위,
AJR72946801,4930A20053B,"Holder,Sensor",(도번직결),도번직하위,
AJR72946801,4H00901J,"Tube,Connector",(도번직결),도번직하위,
AJR72946801,5210A22409A,"Tube,Connector",(도번직결),도번직하위,
AJR72946801,5210A23376A,"Tube,Connector",(도번직결),도번직하위,
AJR72946801,MJU42936601,"Tube,Connector",(도번직결),도번직하위,
AJR72946801,MJU42936901,"Tube,Connector",(도번직결),도번직하위,
AJR72946801,MJU47213201,"Tube,Connector",(도번직결),도번직하위,
AJR72946801,MJU61926501,"Tube,Connector",(도번직결),도번직하위,
AJR72946801,MJU61926601,"Tube,Connector",(도번직결),도번직하위,
AJR72946801,MJU61926701,"Tube,Connector",(도번직결),도번직하위,
AJR72946801,MJU61926801,"Tube,Connector",(도번직결),도번직하위,
AJR72946801,MJU61926802,"Tube,Connector",(도번직결),도번직하위,
AJR72946801,MJU61928901,"Tube,Connector",(도번직결),도번직하위,
AJR72946801,MJX61841306,"Valve,Solenoid",(도번직결),도번직하위,
AJR72946802,3A02080B,"Valve,Reverse",(도번직결),도번직하위,
AJR72946802,4010AR3071N,"Socket,Flare",(도번직결),도번직하위,
AJR72946802,4930A20053B,"Holder,Sensor",(도번직결),도번직하위,
AJR72946802,4H00901J,"Tube,Connector",(도번직결),도번직하위,
AJR72946802,5210A22409A,"Tube,Connector",(도번직결),도번직하위,
AJR72946802,5210A23376A,"Tube,Connector",(도번직결),도번직하위,
AJR72946802,MJU42936601,"Tube,Connector",(도번직결),도번직하위,
AJR72946802,MJU47213201,"Tube,Connector",(도번직결),도번직하위,
AJR72946802,MJU49485101,"Tube,Connector",(도번직결),도번직하위,
AJR72946802,MJU61926501,"Tube,Connector",(도번직결),도번직하위,
AJR72946802,MJU61926601,"Tube,Connector",(도번직결),도번직하위,
AJR72946802,MJU61926701,"Tube,Connector",(도번직결),도번직하위,
AJR72946802,MJU61926801,"Tube,Connector",(도번직결),도번직하위,
AJR72946802,MJU61926802,"Tube,Connector",(도번직결),도번직하위,
AJR72946802,MJU61928901,"Tube,Connector",(도번직결),도번직하위,
AJR72946802,MJX61841306,"Valve,Solenoid",(도번직결),도번직하위,
AJR72946805,3A02080B,"Valve,Reverse",(도번직결),도번직하위,
AJR72946805,4010AR3071N,"Socket,Flare",(도번직결),도번직하위,
AJR72946805,4930A20053B,"Holder,Sensor",(도번직결),도번직하위,
AJR72946805,5210A22409A,"Tube,Connector",(도번직결),도번직하위,
AJR72946805,MJU42936603,"Tube,Connector",(도번직결),도번직하위,
AJR72946805,MJU47213201,"Tube,Connector",(도번직결),도번직하위,
AJR72946805,MJU61926502,"Tube,Connector",(도번직결),도번직하위,
AJR72946805,MJU61926602,"Tube,Connector",(도번직결),도번직하위,
AJR72946805,MJU61926702,"Tube,Connector",(도번직결),도번직하위,
AJR72946805,MJU61926803,"Tube,Connector",(도번직결),도번직하위,
AJR72946805,MJU61926804,"Tube,Connector",(도번직결),도번직하위,
AJR72946805,MJU61928901,"Tube,Connector",(도번직결),도번직하위,
AJR72946805,MJU62919801,"Tube,Connector",(도번직결),도번직하위,
AJR72946805,MJX61841306,"Valve,Solenoid",(도번직결),도번직하위,
AJR72946806,3A02080B,"Valve,Reverse",(도번직결),도번직하위,
AJR72946806,4010AR3071N,"Socket,Flare",(도번직결),도번직하위,
AJR72946806,4930A20053B,"Holder,Sensor",(도번직결),도번직하위,
AJR72946806,5210A22409A,"Tube,Connector",(도번직결),도번직하위,
AJR72946806,MJU42936603,"Tube,Connector",(도번직결),도번직하위,
AJR72946806,MJU47213201,"Tube,Connector",(도번직결),도번직하위,
AJR72946806,MJU61926502,"Tube,Connector",(도번직결),도번직하위,
AJR72946806,MJU61926602,"Tube,Connector",(도번직결),도번직하위,
AJR72946806,MJU61926702,"Tube,Connector",(도번직결),도번직하위,
AJR72946806,MJU61926803,"Tube,Connector",(도번직결),도번직하위,
AJR72946806,MJU61926804,"Tube,Connector",(도번직결),도번직하위,
AJR72946806,MJU61928901,"Tube,Connector",(도번직결),도번직하위,
AJR72946806,MJU62919802,"Tube,Connector",(도번직결),도번직하위,
AJR72946806,MJX61841306,"Valve,Solenoid",(도번직결),도번직하위,
AJR72952503,5210A23344G,"Tube,Coupling",(도번직결),도번직하위,
AJR72952503,5220A90008H,"Valve,Solenoid",(도번직결),도번직하위,
AJR72952503,5224A20005L,Strainer,(도번직결),도번직하위,
AJR72952503,5410A30279A,"Insulator,Tube",(도번직결),도번직하위,
AJR72952503,6141A20050Y,Solenoid,(도번직결),도번직하위,
AJR72952503,MJU41484402,"Tube,Suction",(도번직결),도번직하위,
AJR72952503,MJU41493101,"Tube,Suction",(도번직결),도번직하위,
AJR72952503,MJU61940004,"Tube,Connector",(도번직결),도번직하위,
AJR72952503,MJU61944802,"Tube,Suction",(도번직결),도번직하위,
AJR72952503,MJU61944901,"Tube,Suction",(도번직결),도번직하위,
AJR72952503,MJU61945001,"Tube,Suction",(도번직결),도번직하위,
AJR72952503,MJU62406601,"Tube,Connector",(도번직결),도번직하위,
AJR72952503,MJU62406703,"Tube,Connector",(도번직결),도번직하위,
AJR72952603,5210A23344G,"Tube,Coupling",(도번직결),도번직하위,
AJR72952603,5220A90008H,"Valve,Solenoid",(도번직결),도번직하위,
AJR72952603,5224A20005L,Strainer,(도번직결),도번직하위,
AJR72952603,5410A30262C,"Insulator,Tube",(도번직결),도번직하위,
AJR72952603,5410A30279A,"Insulator,Tube",(도번직결),도번직하위,
AJR72952603,6141A20050Y,Solenoid,(도번직결),도번직하위,
AJR72952603,MJU41484402,"Tube,Suction",(도번직결),도번직하위,
AJR72952603,MJU42239001,"Tube,Connector",(도번직결),도번직하위,
AJR72952603,MJU61945302,"Tube,Suction",(도번직결),도번직하위,
AJR72952603,MJU61945401,"Tube,Suction",(도번직결),도번직하위,
AJR72952603,MJU62406601,"Tube,Connector",(도번직결),도번직하위,
AJR72952603,MJU62614301,"Tube,Connector",(도번직결),도번직하위,
AJR72953103,5040A20027E,Damper,(도번직결),도번직하위,
AJR72953103,5210A22409B,"Tube,Connector",(도번직결),도번직하위,
AJR72953103,5224A20005L,Strainer,(도번직결),도번직하위,
AJR72953103,5410A21281A,"Insulator,Tube",(도번직결),도번직하위,
AJR72953103,5998A20002A,"Separator,Oil",(도번직결),도번직하위,
AJR72953103,EBF40271416,"Switch,Pressure",(도번직결),도번직하위,
AJR72953103,MEV55008101,"Insulator,Tube",(도번직결),도번직하위,
AJR72953103,MJU41489501,"Tube,Connector",(도번직결),도번직하위,
AJR72953103,MJU41490601,"Tube,Capillary Bending",(도번직결),도번직하위,
AJR72953103,MJU62609401,"Tube,Connector",(도번직결),도번직하위,
AJR72953103,MJU62787401,"Tube,Connector",(도번직결),도번직하위,
AJR72953201,4930A20053B,"Holder,Sensor",(도번직결),도번직하위,
AJR72953201,5014A20009D,"Damper,Tube",(도번직결),도번직하위,
AJR72953201,5210A22409B,"Tube,Connector",(도번직결),도번직하위,
AJR72953201,5224A20005L,Strainer,(도번직결),도번직하위,
AJR72953201,EBF40271416,"Switch,Pressure",(도번직결),도번직하위,
AJR72953201,MEV55008101,"Insulator,Tube",(도번직결),도번직하위,
AJR72953201,MEV61853101,Insulator,(도번직결),도번직하위,
AJR72953201,MHH41401201,"Separator,Oil",(도번직결),도번직하위,
AJR72953201,MJU41489502,"Tube,Connector",(도번직결),도번직하위,
AJR72953201,MJU41491102,"Tube,Connector",(도번직결),도번직하위,
AJR72953201,MJU41491201,"Tube,Connector",(도번직결),도번직하위,
AJR72953201,MJU41491203,"Tube,Connector",(도번직결),도번직하위,
AJR72953201,MJU41491701,"Tube,Capillary Bending",(도번직결),도번직하위,
AJR72953201,MJU55250501,"Tube,Connector",(도번직결),도번직하위,
AJR72953201,MJU61945201,"Tube,Discharge",(도번직결),도번직하위,
AJR72953201,MJX62771705,"Valve,Check",(도번직결),도번직하위,
AJR72953301,4A00114D,"Tube,Connector",AJR72953301-16-1,자동매핑,
AJR72953301,MJU61940501,"Tube,Connector",AJR72953301-16-1,자동매핑,
AJR72953301,MJU61940601,"Tube,Connector",AJR72953301-16-1,자동매핑,
AJR72953301,MJU61940701,"Tube,Connector",AJR72953301-16-1,자동매핑,
AJR72954601,5210A23376A,"Tube,Connector",(도번직결),도번직하위,
AJR72954601,MJU61945901,"Tube,Connector",(도번직결),도번직하위,
AJR72954601,MJU61947401,"Tube,Connector",(도번직결),도번직하위,
AJR72954701,4930A20053B,"Holder,Sensor",(도번직결),도번직하위,
AJR72954701,5210A22409A,"Tube,Connector",(도번직결),도번직하위,
AJR72954701,5210A24997B,"Tube,Connector",(도번직결),도번직하위,
AJR72954701,5224A20005E,Strainer,(도번직결),도번직하위,
AJR72954701,MJU41480601,"Tube,Connector",(도번직결),도번직하위,
AJR72954701,MJU41491103,"Tube,Connector",(도번직결),도번직하위,
AJR72954701,MJU41635301,"Tube,Connector",(도번직결),도번직하위,
AJR72954701,MJU61913303,"Tube,Connector",(도번직결),도번직하위,
AJR72954701,MJU61946101,"Tube,Connector",(도번직결),도번직하위,
AJR72954701,MJU61947502,"Tube,Connector",(도번직결),도번직하위,
AJR72954701,MJU62074901,"Tube,Connector",(도번직결),도번직하위,
AJR72954701,MJU62186401,"Tube,Connector",(도번직결),도번직하위,
AJR72954701,MJX61841301,"Valve,Solenoid",(도번직결),도번직하위,
AJR72954801,1SZZA20001L,"Screw,Customized",(도번직결),도번직하위,
AJR72954801,4A00114E,"Tube,Connector",(도번직결),도번직하위,
AJR72954801,5210A22409A,"Tube,Connector",(도번직결),도번직하위,
AJR72954801,5220A90003C,"Valve,Expansion Body",(도번직결),도번직하위,
AJR72954801,5224A20005D,Strainer,(도번직결),도번직하위,
AJR72954801,5410A20217B,"Insulator,Felt",(도번직결),도번직하위,
AJR72954801,AJR72929201,"Tube Assembly,Connector",(도번직결),도번직하위,
AJR72954801,MAZ61902210,Bracket,(도번직결),도번직하위,
AJR72954801,MAZ61902401,Bracket,(도번직결),도번직하위,
AJR72954801,MJU41624201,"Tube,Connector",(도번직결),도번직하위,
AJR72954801,MJU61900801,"Tube,Connector",(도번직결),도번직하위,
AJR72954801,MJU61901001,"Tube,Connector",(도번직결),도번직하위,
AJR72954801,MJU61912901,"Tube,Connector",(도번직결),도번직하위,
AJR72954801,MJU61923501,"Tube,Connector",(도번직결),도번직하위,
AJR72954801,MJU61946001,"Tube,Connector",(도번직결),도번직하위,
AJR72957301,1SZZA20001L,"Screw,Customized",(도번직결),도번직하위,
AJR72957301,3H02717A,"Tube,Coupling",(도번직결),도번직하위,
AJR72957301,4A00114E,"Tube,Connector",(도번직결),도번직하위,
AJR72957301,5210A22409A,"Tube,Connector",(도번직결),도번직하위,
AJR72957301,5210A22841A,"Tube,Coupling",(도번직결),도번직하위,
AJR72957301,5224A20005D,Strainer,(도번직결),도번직하위,
AJR72957301,5224A20005L,Strainer,(도번직결),도번직하위,
AJR72957301,AJR72929201,"Tube Assembly,Connector",(도번직결),도번직하위,
AJR72957301,MAZ61902202,Bracket,(도번직결),도번직하위,
AJR72957301,MAZ61902401,Bracket,(도번직결),도번직하위,
AJR72957301,MJU41624201,"Tube,Connector",(도번직결),도번직하위,
AJR72957301,MJU49333202,"Tube,Connector",(도번직결),도번직하위,
AJR72957301,MJU61885701,"Tube,Connector",(도번직결),도번직하위,
AJR72957301,MJU61885801,"Tube,Connector",(도번직결),도번직하위,
AJR72957301,MJU61885901,"Tube,Connector",(도번직결),도번직하위,
AJR72957301,MJU61886201,"Tube,Connector",(도번직결),도번직하위,
AJR72957301,MJU61953601,"Tube,Connector",(도번직결),도번직하위,
AJR72957301,MJU61953701,"Tube,Connector",(도번직결),도번직하위,
AJR72957301,MJU61953801,"Tube,Connector",(도번직결),도번직하위,
AJR72957301,MJU61953901,"Tube,Connector",(도번직결),도번직하위,
AJR72957301,MJU61954501,"Tube,Connector",(도번직결),도번직하위,
AJR72957301,MJU62597001,"Tube,Connector",(도번직결),도번직하위,
AJR72957301,MJU62597101,"Tube,Connector",(도번직결),도번직하위,
AJR72957301,MJX62751401,"Valve,Expansion Body",(도번직결),도번직하위,
AJR72957305,1SZZA20001L,"Screw,Customized",(도번직결),도번직하위,
AJR72957305,3H02717A,"Tube,Coupling",(도번직결),도번직하위,
AJR72957305,4A00114E,"Tube,Connector",(도번직결),도번직하위,
AJR72957305,5210A22409A,"Tube,Connector",(도번직결),도번직하위,
AJR72957305,5224A20005D,Strainer,(도번직결),도번직하위,
AJR72957305,5224A20005L,Strainer,(도번직결),도번직하위,
AJR72957305,AJR72929201,"Tube Assembly,Connector",(도번직결),도번직하위,
AJR72957305,MAZ61902202,Bracket,(도번직결),도번직하위,
AJR72957305,MAZ61902401,Bracket,(도번직결),도번직하위,
AJR72957305,MJU41624201,"Tube,Connector",(도번직결),도번직하위,
AJR72957305,MJU49333202,"Tube,Connector",(도번직결),도번직하위,
AJR72957305,MJU61885701,"Tube,Connector",(도번직결),도번직하위,
AJR72957305,MJU61885801,"Tube,Connector",(도번직결),도번직하위,
AJR72957305,MJU61885901,"Tube,Connector",(도번직결),도번직하위,
AJR72957305,MJU61949001,"Tube,Connector",(도번직결),도번직하위,
AJR72957305,MJU61953601,"Tube,Connector",(도번직결),도번직하위,
AJR72957305,MJU61953701,"Tube,Connector",(도번직결),도번직하위,
AJR72957305,MJU61953802,"Tube,Connector",(도번직결),도번직하위,
AJR72957305,MJU61953902,"Tube,Connector",(도번직결),도번직하위,
AJR72957305,MJU61954502,"Tube,Connector",(도번직결),도번직하위,
AJR72957305,MJU62597001,"Tube,Connector",(도번직결),도번직하위,
AJR72957305,MJU62597101,"Tube,Connector",(도번직결),도번직하위,
AJR72957305,MJU62790301,"Tube,Connector",(도번직결),도번직하위,
AJR72957305,MJX62751401,"Valve,Expansion Body",(도번직결),도번직하위,
AJR72961302,4930A20053B,"Holder,Sensor",(도번직결),도번직하위,
AJR72961302,5210A22409A,"Tube,Connector",(도번직결),도번직하위,
AJR72961302,5210A23376A,"Tube,Connector",(도번직결),도번직하위,
AJR72961302,5210A23376C,"Tube,Connector",(도번직결),도번직하위,
AJR72961302,5220A20039A,"Valve,Reverse",(도번직결),도번직하위,
AJR72961302,6600A20004C,"Switch,Pressure",(도번직결),도번직하위,
AJR72961302,EAD60955602,"Harness,Multi",(도번직결),도번직하위,
AJR72961302,EBF40271409,"Switch,Pressure",(도번직결),도번직하위,
AJR72961302,MEV62213908,"Insulator,Tube",(도번직결),도번직하위,
AJR72961302,MEV62213909,"Insulator,Tube",(도번직결),도번직하위,
AJR72961302,MEV62213910,"Insulator,Tube",(도번직결),도번직하위,
AJR72961302,MEV62213911,"Insulator,Tube",(도번직결),도번직하위,
AJR72961302,MEV62215205,"Insulator,Foam",(도번직결),도번직하위,
AJR72961302,MJU37092501,"Tube,Connector",(도번직결),도번직하위,
AJR72961302,MJU62010201,"Tube,Connector",(도번직결),도번직하위,
AJR72961302,MJU62010301,"Tube,Connector",(도번직결),도번직하위,
AJR72961302,MJU62010401,"Tube,Discharge",(도번직결),도번직하위,
AJR72961302,MJU62010501,"Tube,Suction",(도번직결),도번직하위,
AJR72962402,4930A20053B,"Holder,Sensor",(도번직결),도번직하위,
AJR72962402,5210A20322H,"Tube,Pinch Off",(도번직결),도번직하위,
AJR72962402,5210A22409A,"Tube,Connector",(도번직결),도번직하위,
AJR72962402,MJU53532601,"Tube,Connector",(도번직결),도번직하위,
AJR72962402,MJU61926701,"Tube,Connector",(도번직결),도번직하위,
AJR72962402,MJU61926801,"Tube,Connector",(도번직결),도번직하위,
AJR72962402,MJU61926802,"Tube,Connector",(도번직결),도번직하위,
AJR72962402,MJU61928901,"Tube,Connector",(도번직결),도번직하위,
AJR72962402,MJU61937801,"Tube,Connector",(도번직결),도번직하위,
AJR72962402,MJU62029802,"Tube,Connector",(도번직결),도번직하위,
AJR72962402,MJX61841306,"Valve,Solenoid",(도번직결),도번직하위,
AJR72982301,4930A20053B,"Holder,Sensor",(도번직결),도번직하위,
AJR72982301,4A00114C,"Tube,Connector",(도번직결),도번직하위,
AJR72982301,4H00901F,"Tube,Connector",(도번직결),도번직하위,
AJR72982301,5210A22409B,"Tube,Connector",(도번직결),도번직하위,
AJR72982301,5210AR3055S,"Insulator,Tube",(도번직결),도번직하위,
AJR72982301,MJU61986601,"Tube,Connector",(도번직결),도번직하위,
AJR72982301,MJU61986701,"Tube,Connector",(도번직결),도번직하위,
AJR72982301,MJU61986801,"Tube,Connector",(도번직결),도번직하위,
AJR72982301,MJU61986901,"Tube,Connector",(도번직결),도번직하위,
AJR72982301,MJU61987001,"Tube,Connector",(도번직결),도번직하위,
AJR72982301,MJU61987101,"Tube,Connector",(도번직결),도번직하위,
AJR72982301,MJU61987301,"Tube,Connector",(도번직결),도번직하위,
AJR72982303,4930A20053B,"Holder,Sensor",(도번직결),도번직하위,
AJR72982303,4A00114C,"Tube,Connector",AJR72982303-12-1,자동매핑,
AJR72982303,4A00742B,"Nut,Flare",AJR72982303-은납,자동매핑,
AJR72982303,5210A22409B,"Tube,Connector",AJR72982303-12-1,자동매핑,
AJR72982303,5210AR3055S,"Insulator,Tube",(도번직결),도번직하위,
AJR72982303,5410A30279A,"Insulator,Tube",(도번직결),도번직하위,
AJR72982303,MJU61986701,"Tube,Connector",AJR72982303-12-1,자동매핑,
AJR72982303,MJU61986801,"Tube,Connector",AJR72982303-12-1,자동매핑,
AJR72982303,MJU61986903,"Tube,Connector",AJR72982303-12-1,자동매핑,
AJR72982303,MJU61987103,"Tube,Connector",AJR72982303-12-1,자동매핑,
AJR72982303,MJU61987301,"Tube,Connector",AJR72982303-12-1,자동매핑,
AJR73003001,5410A30055S,"Insulator,Tube",(도번직결),도번직하위,
AJR73003001,5410A30247Y,Insulator,(도번직결),도번직하위,
AJR73003001,MJU62034901,"Tube,Connector",(도번직결),도번직하위,
AJR73003001,MJU62034902,"Tube,Connector",(도번직결),도번직하위,
AJR73003001,MJU62034903,"Tube,Connector",(도번직결),도번직하위,
AJR73003001,MJU62034904,"Tube,Connector",(도번직결),도번직하위,
AJR73005001,5014A30001D,"Damper,Tube",(도번직결),도번직하위,
AJR73005001,5014A30014C,"Damper,Tube",(도번직결),도번직하위,
AJR73005001,5210A22409B,"Tube,Connector",(도번직결),도번직하위,
AJR73005001,5210A22721A,"Tube,Capillary Bending",(도번직결),도번직하위,
AJR73005001,5210A23376A,"Tube,Connector",(도번직결),도번직하위,
AJR73005001,5224A20005N,Strainer,(도번직결),도번직하위,
AJR73005001,5410A30055D,"Insulator,Tube",(도번직결),도번직하위,
AJR73005001,5410A30279K,"Insulator,Tube",(도번직결),도번직하위,
AJR73005001,5998A20002A,"Separator,Oil",(도번직결),도번직하위,
AJR73005001,EBD60663824,"Sensor,Pressure",(도번직결),도번직하위,
AJR73005001,EBF40271407,"Switch,Pressure",(도번직결),도번직하위,
AJR73005001,MJU54152002,"Tube,Connector",(도번직결),도번직하위,
AJR73005001,MJU61874901,"Tube,Connector",(도번직결),도번직하위,
AJR73005001,MJU61875401,"Tube,Connector",(도번직결),도번직하위,
AJR73005001,MJU62011401,"Tube,Connector",(도번직결),도번직하위,
AJR73005001,MJU62011501,"Tube,Connector",(도번직결),도번직하위,
AJR73005001,MJU62011601,"Tube,Connector",(도번직결),도번직하위,
AJR73005505,3H01582C,Tie,(도번직결),도번직하위,
AJR73005505,5210A24940C,"Tube,Manifold",(도번직결),도번직하위,
AJR73005505,5210A30536J,"Tube,Connector",(도번직결),도번직하위,
AJR73005505,5210A30536K,"Tube,Connector",(도번직결),도번직하위,
AJR73005505,5210A30536L,"Tube,Connector",(도번직결),도번직하위,
AJR73005505,5210A30668A,"Tube,Connector",(도번직결),도번직하위,
AJR73005505,5210A31939A,"Tube,Connector",(도번직결),도번직하위,
AJR73005505,MJU62988902,"Tube,Connector",(도번직결),도번직하위,
AJR73005505,MJU63024601,"Tube,Connector",(도번직결),도번직하위,
AJR73005505,MJU63033801,"Tube,Capillary Bending",(도번직결),도번직하위,
AJR73022901,MJU62028301,"Tube,Connector",(도번직결),도번직하위,
AJR73022901,MJU62028601,"Tube,Manifold",(도번직결),도번직하위,
AJR73022901,MJU62028802,"Tube,Connector",(도번직결),도번직하위,
AJR73023302,5014A20009D,"Damper,Tube",(도번직결),도번직하위,
AJR73023302,5210A23344G,"Tube,Coupling",(도번직결),도번직하위,
AJR73023302,5220A90008F,"Valve,Solenoid",(도번직결),도번직하위,
AJR73023302,5224A20005L,Strainer,(도번직결),도번직하위,
AJR73023302,5410A30262C,"Insulator,Tube",(도번직결),도번직하위,
AJR73023302,5410A30279A,"Insulator,Tube",(도번직결),도번직하위,
AJR73023302,6141A20050Q,Solenoid,(도번직결),도번직하위,
AJR73023302,MJU41489001,"Tube,Connector",(도번직결),도번직하위,
AJR73023302,MJU41490401,"Tube,Connector",(도번직결),도번직하위,
AJR73023302,MJU41490801,"Tube,Capillary Bending",(도번직결),도번직하위,
AJR73023302,MJU61939602,"Tube,Connector",(도번직결),도번직하위,
AJR73023302,MJU61939603,"Tube,Connector",(도번직결),도번직하위,
AJR73023302,MJU61939604,"Tube,Connector",(도번직결),도번직하위,
AJR73023302,MJU61939801,"Tube,Connector",(도번직결),도번직하위,
AJR73023302,MJU61939901,"Tube,Connector",(도번직결),도번직하위,
AJR73023302,MJU61940001,"Tube,Connector",(도번직결),도번직하위,
AJR73023302,MJU62008702,"Tube,Connector",(도번직결),도번직하위,
AJR73023302,MJU62081001,"Tube,Connector",(도번직결),도번직하위,
AJR73023304,5014A20009D,"Damper,Tube",(도번직결),도번직하위,
AJR73023304,5210A23344G,"Tube,Coupling",(도번직결),도번직하위,
AJR73023304,5220A90008H,"Valve,Solenoid",(도번직결),도번직하위,
AJR73023304,5224A20005L,Strainer,(도번직결),도번직하위,
AJR73023304,5410A30279A,"Insulator,Tube",(도번직결),도번직하위,
AJR73023304,6141A20050Y,Solenoid,(도번직결),도번직하위,
AJR73023304,MJU61939601,"Tube,Connector",(도번직결),도번직하위,
AJR73023304,MJU61939802,"Tube,Connector",(도번직결),도번직하위,
AJR73023304,MJU61940002,"Tube,Connector",(도번직결),도번직하위,
AJR73023304,MJU62008701,"Tube,Connector",(도번직결),도번직하위,
AJR73023304,MJU62029901,"Tube,Connector",(도번직결),도번직하위,
AJR73023304,MJU62030001,"Tube,Connector",(도번직결),도번직하위,
AJR73023304,MJU62081002,"Tube,Connector",(도번직결),도번직하위,
AJR73023304,MJU62406601,"Tube,Connector",(도번직결),도번직하위,
AJR73023304,MJU62689101,"Tube,Connector",(도번직결),도번직하위,
AJR73023306,5014A20009D,"Damper,Tube",(도번직결),도번직하위,
AJR73023306,5210A23344G,"Tube,Coupling",(도번직결),도번직하위,
AJR73023306,5220A90008H,"Valve,Solenoid",(도번직결),도번직하위,
AJR73023306,5224A20005L,Strainer,(도번직결),도번직하위,
AJR73023306,5410A30279A,"Insulator,Tube",(도번직결),도번직하위,
AJR73023306,5410A30279D,"Insulator,Tube",(도번직결),도번직하위,
AJR73023306,6141A20050Y,Solenoid,(도번직결),도번직하위,
AJR73023306,MJU61939603,"Tube,Connector",(도번직결),도번직하위,
AJR73023306,MJU61939608,"Tube,Connector",(도번직결),도번직하위,
AJR73023306,MJU61939609,"Tube,Connector",(도번직결),도번직하위,
AJR73023306,MJU61939610,"Tube,Connector",(도번직결),도번직하위,
AJR73023306,MJU61939802,"Tube,Connector",(도번직결),도번직하위,
AJR73023306,MJU61940002,"Tube,Connector",(도번직결),도번직하위,
AJR73023306,MJU62008702,"Tube,Connector",(도번직결),도번직하위,
AJR73023306,MJU62406601,"Tube,Connector",(도번직결),도번직하위,
AJR73023306,MJU62689101,"Tube,Connector",(도번직결),도번직하위,
AJR73023306,MJU62918101,"Tube,Connector",(도번직결),도번직하위,
AJR73023306,MJU62918102,"Tube,Connector",(도번직결),도번직하위,
AJR73023601,4A00114D,"Tube,Connector",(도번직결),도번직하위,
AJR73023601,MJU61940501,"Tube,Connector",(도번직결),도번직하위,
AJR73023601,MJU61940701,"Tube,Connector",(도번직결),도번직하위,
AJR73023801,1SZZA20001L,"Screw,Customized",(도번직결),도번직하위,
AJR73023801,4930A20053B,"Holder,Sensor",(도번직결),도번직하위,
AJR73023801,4A00114E,"Tube,Connector",(도번직결),도번직하위,
AJR73023801,5210A21174G,"Tube,Distributor",(도번직결),도번직하위,
AJR73023801,5210A22409A,"Tube,Connector",(도번직결),도번직하위,
AJR73023801,5210A30329D,"Tube,Coupling",(도번직결),도번직하위,
AJR73023801,5224A20005D,Strainer,(도번직결),도번직하위,
AJR73023801,5224A20005L,Strainer,(도번직결),도번직하위,
AJR73023801,5410A20217B,"Insulator,Felt",(도번직결),도번직하위,
AJR73023801,AJR72929201,"Tube Assembly,Connector",(도번직결),도번직하위,
AJR73023801,MAZ61902401,Bracket,(도번직결),도번직하위,
AJR73023801,MJU41624201,"Tube,Connector",(도번직결),도번직하위,
AJR73023801,MJU41624802,"Tube,Connector",(도번직결),도번직하위,
AJR73023801,MJU61880601,"Tube,Connector",(도번직결),도번직하위,
AJR73023801,MJU61880701,"Tube,Connector",(도번직결),도번직하위,
AJR73023801,MJU61880901,"Tube,Connector",(도번직결),도번직하위,
AJR73023801,MJU61881001,"Tube,Connector",(도번직결),도번직하위,
AJR73023801,MJU61881301,"Tube,Connector",(도번직결),도번직하위,
AJR73023801,MJU61881701,"Tube,Connector",(도번직결),도번직하위,
AJR73023801,MJU61887701,"Tube,Connector",(도번직결),도번직하위,
AJR73023801,MJU61953801,"Tube,Connector",(도번직결),도번직하위,
AJR73023801,MJU61953901,"Tube,Connector",(도번직결),도번직하위,
AJR73023801,MJU61954501,"Tube,Connector",(도번직결),도번직하위,
AJR73023801,MJU62086401,"Tube,Connector",(도번직결),도번직하위,
AJR73023801,MJU62086501,"Tube,Connector",(도번직결),도번직하위,
AJR73023801,MJU62086601,"Tube,Connector",(도번직결),도번직하위,
AJR73023801,MJX62751401,"Valve,Expansion Body",(도번직결),도번직하위,
AJR73043202,4930A20053B,"Holder,Sensor",(도번직결),도번직하위,
AJR73043202,5210A22409A,"Tube,Connector",(도번직결),도번직하위,
AJR73043202,5210A23376A,"Tube,Connector",(도번직결),도번직하위,
AJR73043202,5210A23376C,"Tube,Connector",(도번직결),도번직하위,
AJR73043202,6600A20004C,"Switch,Pressure",(도번직결),도번직하위,
AJR73043202,EAD60955602,"Harness,Multi",(도번직결),도번직하위,
AJR73043202,EBF40271409,"Switch,Pressure",(도번직결),도번직하위,
AJR73043202,MEV62213914,"Insulator,Tube",(도번직결),도번직하위,
AJR73043202,MEV62213921,"Insulator,Tube",(도번직결),도번직하위,
AJR73043202,MEV62213923,"Insulator,Tube",(도번직결),도번직하위,
AJR73043202,MEV62215206,"Insulator,Foam",(도번직결),도번직하위,
AJR73043202,MJU37092501,"Tube,Connector",(도번직결),도번직하위,
AJR73043202,MJU62034302,"Tube,Connector",(도번직결),도번직하위,
AJR73043202,MJU62047901,"Tube,Suction",(도번직결),도번직하위,
AJR73043202,MJU62048001,"Tube,Discharge",(도번직결),도번직하위,
AJR73043202,MJU62048103,"Tube,Connector",(도번직결),도번직하위,
AJR73043202,MJU62048104,"Tube,Connector",(도번직결),도번직하위,
AJR73043202,MJX61911801,"Valve,Reverse",(도번직결),도번직하위,
AJR73062401,3A00375A,"Socket,Flare",AJR73062401-SUB,자동매핑,
AJR73062401,4930A20053B,"Holder,Sensor",(도번직결),도번직하위,
AJR73062401,4A00742F,"Nut,Common",AJR73062401-SUB,자동매핑,
AJR73062401,5210A22409A,"Tube,Connector",(도번직결),도번직하위,
AJR73062401,5410A30055S,"Insulator,Tube",(도번직결),도번직하위,
AJR73062401,MBL67877902,Cap,AJR73062401-SUB,자동매핑,
AJR73062401,MBL67878002,Cap,AJR73062401-SUB,자동매핑,
AJR73062401,MJU37499501,"Tube,Connector",(도번직결),도번직하위,
AJR73062401,MJU38273201,"Tube,Bending",(도번직결),도번직하위,
AJR73062401,MJU38273203,"Tube,Bending",(도번직결),도번직하위,
AJR73062401,MJU38273205,"Tube,Bending",(도번직결),도번직하위,
AJR73062401,MJU38273403,"Tube,Bending",(도번직결),도번직하위,
AJR73062401,MJU38273406,"Tube,Bending",(도번직결),도번직하위,
AJR73062401,MJU62066801,"Tube,Connector",AJR73062401-SUB,자동매핑,
AJR73062401,MJU62066901,"Tube,Capillary Bending",(도번직결),도번직하위,
AJR73065501,3A00375D,"Socket,Flare",AJR73065501-은납,자동매핑,
AJR73065501,4A00742A,"Nut,Flare",AJR73065501-은납,자동매핑,
AJR73065501,4H01606N,"Tube,Form",AJR73065501-은납,자동매핑,
AJR73065501,5210A20895B,"Tube,Coupling",(도번직결),도번직하위,
AJR73065501,5210A22409A,"Tube,Connector",(도번직결),도번직하위,
AJR73065501,5224A20005H,Strainer,(도번직결),도번직하위,
AJR73065501,5410A30055F,"Insulator,Tube",(도번직결),도번직하위,
AJR73065501,AJU36719703,Valve Assembly,(도번직결),도번직하위,
AJR73065501,MJU61949301,"Tube,Connector",AJR73065501-은납,자동매핑,
AJR73065501,MJU61949302,"Tube,Connector",(도번직결),도번직하위,
AJR73065501,MJU61949303,"Tube,Connector",(도번직결),도번직하위,
AJR73065501,MJU61949304,"Tube,Connector",(도번직결),도번직하위,
AJR73065501,MJU61949501,"Tube,Connector",(도번직결),도번직하위,
AJR73065501,MJU61949502,"Tube,Connector",(도번직결),도번직하위,
AJR73065601,3A00375E,"Socket,Flare",AJR73065601-은납,자동매핑,
AJR73065601,4930A20053B,"Holder,Sensor",(도번직결),도번직하위,
AJR73065601,4A00742C,"Nut,Flare",(도번직결),도번직하위,
AJR73065601,5006AR4091H,Cap,(도번직결),도번직하위,
AJR73065601,5210A22409B,"Tube,Connector",(도번직결),도번직하위,
AJR73065601,5410A30055B,"Insulator,Tube",(도번직결),도번직하위,
AJR73065601,MJU62072901,"Tube,Connector",AJR73065601-은납,자동매핑,
AJR73065601,MJU62072902,"Tube,Connector",(도번직결),도번직하위,
AJR73065601,MJU62072903,"Tube,Connector",(도번직결),도번직하위,
AJR73067004,4930A20053B,"Holder,Sensor",(도번직결),도번직하위,
AJR73067004,5210A20851E,"Tube,Connector",(도번직결),도번직하위,
AJR73067004,5210A22409C,"Tube,Connector",(도번직결),도번직하위,
AJR73067005,4930A20053B,"Holder,Sensor",(도번직결),도번직하위,
AJR73067005,5210A20851E,"Tube,Connector",(도번직결),도번직하위,
AJR73067005,5210A22409C,"Tube,Connector",(도번직결),도번직하위,
AJR73068715,3H03659N,Strainer,(도번직결),도번직하위,
AJR73068715,5210A31939A,"Tube,Connector",(도번직결),도번직하위,
AJR73068715,MJU66508203,"Tube,Connector",(도번직결),도번직하위,
AJR73068715,MJU66832708,"Tube,Connector",(도번직결),도번직하위,
AJR73068715,MJU66868007,"Tube,Connector",(도번직결),도번직하위,
AJR73069701,3A00375E,"Socket,Flare",AJR73069701-은납,자동매핑,
AJR73069701,4930A20053B,"Holder,Sensor",(도번직결),도번직하위,
AJR73069701,4A00742C,"Nut,Flare",(도번직결),도번직하위,
AJR73069701,5006AR4091H,Cap,(도번직결),도번직하위,
AJR73069701,5210A22409B,"Tube,Connector",(도번직결),도번직하위,
AJR73069701,MEV61918701,"Insulator,Tube",(도번직결),도번직하위,
AJR73069701,MJU62078201,"Tube,Connector",(도번직결),도번직하위,
AJR73069701,MJU62078401,"Tube,Connector",(도번직결),도번직하위,
AJR73069701,MJU62079801,"Tube,Connector",(도번직결),도번직하위,
AJR73069701,MJU62096601,"Tube,Connector",AJR73069701-은납,자동매핑,
AJR73103101,4930A20053B,"Holder,Sensor",(도번직결),도번직하위,
AJR73103101,4A00232S,Muffler,(도번직결),도번직하위,
AJR73103101,5210A22409B,"Tube,Connector",(도번직결),도번직하위,
AJR73103101,MJU40274504,"Tube,Connector",(도번직결),도번직하위,
AJR73103101,MJU60436401,"Tube,Connector",(도번직결),도번직하위,
AJR73103101,MJU60436501,"Tube,Connector",(도번직결),도번직하위,
AJR73103101,MJU60436601,"Tube,Connector",(도번직결),도번직하위,
AJR73103101,MJU62128301,"Tube,Connector",(도번직결),도번직하위,
AJR73103101,MJU62128501,"Tube,Connector",(도번직결),도번직하위,
AJR73103102,4930A20053B,"Holder,Sensor",(도번직결),도번직하위,
AJR73103102,4A00232S,Muffler,(도번직결),도번직하위,
AJR73103102,5210A22409B,"Tube,Connector",(도번직결),도번직하위,
AJR73103102,MJU40274504,"Tube,Connector",(도번직결),도번직하위,
AJR73103102,MJU60436401,"Tube,Connector",(도번직결),도번직하위,
AJR73103102,MJU60436502,"Tube,Connector",(도번직결),도번직하위,
AJR73103102,MJU60436601,"Tube,Connector",(도번직결),도번직하위,
AJR73103102,MJU62128301,"Tube,Connector",(도번직결),도번직하위,
AJR73103102,MJU62128501,"Tube,Connector",(도번직결),도번직하위,
AJR73103102,MJX65075502,"Valve,Reverse",(도번직결),도번직하위,
AJR73123101,4A00232N,Muffler,(도번직결),도번직하위,
AJR73123101,4A00742B,"Nut,Flare",AJR73123101-SUB,자동매핑,
AJR73123101,4H00914A,Spring,(도번직결),도번직하위,
AJR73123101,MEV61910301,"Insulator,Tube",(도번직결),도번직하위,
AJR73123101,MJU62128601,"Tube,Connector",(도번직결),도번직하위,
AJR73123101,MJU62128603,"Tube,Connector",AJR73123101-SUB,자동매핑,
AJR73182701,4H01281C,"Tube,Pinch Off",(도번직결),도번직하위,
AJR73182701,MJU39704601,"Tube,Coupling",(도번직결),도번직하위,
AJR73182701,MJU62194501,"Tube,Capillary Bending",(도번직결),도번직하위,
AJR73182701,MJU62207801,"Tube,Connector",(도번직결),도번직하위,
AJR73182701,MJU62207802,"Tube,Connector",(도번직결),도번직하위,
AJR73204003,4930A20053B,"Holder,Sensor",(도번직결),도번직하위,
AJR73204003,5210A22409B,"Tube,Connector",(도번직결),도번직하위,
AJR73204003,5210A22526C,"Tube,Capillary Bending",(도번직결),도번직하위,
AJR73204003,5210A25793A,"Tube,Connector",(도번직결),도번직하위,
AJR73204003,5210A25793B,"Tube,Connector",(도번직결),도번직하위,
AJR73204003,5224A20005L,Strainer,(도번직결),도번직하위,
AJR73204003,5998A20002A,"Separator,Oil",(도번직결),도번직하위,
AJR73204003,EBF40271401,"Switch,Pressure",(도번직결),도번직하위,
AJR73204003,MEV55008101,"Insulator,Tube",(도번직결),도번직하위,
AJR73204003,MJU41491201,"Tube,Connector",(도번직결),도번직하위,
AJR73204003,MJU41491210,"Tube,Connector",(도번직결),도번직하위,
AJR73204003,MJU55250503,"Tube,Connector",(도번직결),도번직하위,
AJR73204003,MJU62247701,"Tube,Connector",(도번직결),도번직하위,
AJR73204003,MJU62247901,"Tube,Connector",(도번직결),도번직하위,
AJR73204004,4930A20053B,"Holder,Sensor",(도번직결),도번직하위,
AJR73204004,5014A20009A,"Damper,Tube",(도번직결),도번직하위,
AJR73204004,5210A22409B,"Tube,Connector",(도번직결),도번직하위,
AJR73204004,5210A22526C,"Tube,Capillary Bending",(도번직결),도번직하위,
AJR73204004,5210A23376A,"Tube,Connector",(도번직결),도번직하위,
AJR73204004,5210A25793A,"Tube,Connector",(도번직결),도번직하위,
AJR73204004,5210A25793B,"Tube,Connector",(도번직결),도번직하위,
AJR73204004,5224A20005L,Strainer,(도번직결),도번직하위,
AJR73204004,5998A20002A,"Separator,Oil",(도번직결),도번직하위,
AJR73204004,EBF40271401,"Switch,Pressure",(도번직결),도번직하위,
AJR73204004,MEV55008101,"Insulator,Tube",(도번직결),도번직하위,
AJR73204004,MJU41491201,"Tube,Connector",(도번직결),도번직하위,
AJR73204004,MJU41491210,"Tube,Connector",(도번직결),도번직하위,
AJR73204004,MJU55250503,"Tube,Connector",(도번직결),도번직하위,
AJR73204004,MJU62247802,"Tube,Connector",(도번직결),도번직하위,
AJR73204004,MJX39414110,"Valve,Check",(도번직결),도번직하위,
AJR73222701,4010AR3071N,"Socket,Flare",(도번직결),도번직하위,
AJR73222701,4930A20053B,"Holder,Sensor",(도번직결),도번직하위,
AJR73222701,5210A22409A,"Tube,Connector",(도번직결),도번직하위,
AJR73222701,5210A23376A,"Tube,Connector",(도번직결),도번직하위,
AJR73222701,5210A23376H,"Tube,Connector",(도번직결),도번직하위,
AJR73222701,5210A24997B,"Tube,Connector",(도번직결),도번직하위,
AJR73222701,5220AP3777C,"Valve,Reverse",(도번직결),도번직하위,
AJR73222701,5224A20005F,Strainer,(도번직결),도번직하위,
AJR73222701,5410A30055D,"Insulator,Tube",(도번직결),도번직하위,
AJR73222701,5410A30279A,"Insulator,Tube",(도번직결),도번직하위,
AJR73222701,6141A20010W,Solenoid,(도번직결),도번직하위,
AJR73222701,EBE60661401,Solenoid,(도번직결),도번직하위,
AJR73222701,MJU41491103,"Tube,Connector",(도번직결),도번직하위,
AJR73222701,MJU41635301,"Tube,Connector",(도번직결),도번직하위,
AJR73222701,MJU62229701,"Tube,Connector",(도번직결),도번직하위,
AJR73222701,MJU62229801,"Tube,Connector",(도번직결),도번직하위,
AJR73222701,MJU62229901,"Tube,Connector",(도번직결),도번직하위,
AJR73222701,MJU62230001,"Tube,Connector",(도번직결),도번직하위,
AJR73222701,MJU62230101,"Tube,Connector",(도번직결),도번직하위,
AJR73222701,MJU62230201,"Tube,Connector",(도번직결),도번직하위,
AJR73222701,MJU62230301,"Tube,Connector",(도번직결),도번직하위,
AJR73222701,MJX61841301,"Valve,Solenoid",(도번직결),도번직하위,
AJR73222702,3A02080B,"Valve,Reverse",(도번직결),도번직하위,
AJR73222702,4010AR3071N,"Socket,Flare",(도번직결),도번직하위,
AJR73222702,4930A20053B,"Holder,Sensor",(도번직결),도번직하위,
AJR73222702,5210A22409A,"Tube,Connector",(도번직결),도번직하위,
AJR73222702,5210A23376A,"Tube,Connector",(도번직결),도번직하위,
AJR73222702,5210A23376H,"Tube,Connector",(도번직결),도번직하위,
AJR73222702,5210A24997B,"Tube,Connector",(도번직결),도번직하위,
AJR73222702,5224A20005E,Strainer,(도번직결),도번직하위,
AJR73222702,5410A30055D,"Insulator,Tube",(도번직결),도번직하위,
AJR73222702,5410A30055G,"Insulator,Tube",(도번직결),도번직하위,
AJR73222702,6141A20010W,Solenoid,(도번직결),도번직하위,
AJR73222702,EBE60661401,Solenoid,(도번직결),도번직하위,
AJR73222702,MJU41491103,"Tube,Connector",(도번직결),도번직하위,
AJR73222702,MJU41635301,"Tube,Connector",(도번직결),도번직하위,
AJR73222702,MJU62229702,"Tube,Connector",(도번직결),도번직하위,
AJR73222702,MJU62229802,"Tube,Connector",(도번직결),도번직하위,
AJR73222702,MJU62229902,"Tube,Connector",(도번직결),도번직하위,
AJR73222702,MJU62230002,"Tube,Connector",(도번직결),도번직하위,
AJR73222702,MJU62230102,"Tube,Connector",(도번직결),도번직하위,
AJR73222702,MJU62230201,"Tube,Connector",(도번직결),도번직하위,
AJR73222702,MJU62230301,"Tube,Connector",(도번직결),도번직하위,
AJR73222702,MJX61841301,"Valve,Solenoid",(도번직결),도번직하위,
AJR73223901,4930A20053B,"Holder,Sensor",(도번직결),도번직하위,
AJR73223901,4H02034C,"Tube,Coupling",(도번직결),도번직하위,
AJR73223901,5210A22409B,"Tube,Connector",(도번직결),도번직하위,
AJR73223901,5210A22950A,"Tube,Pinch Off",(도번직결),도번직하위,
AJR73223901,5410A30055D,"Insulator,Tube",(도번직결),도번직하위,
AJR73223901,MJU62267301,"Tube,Connector",(도번직결),도번직하위,
AJR73223901,MJU62267302,"Tube,Connector",(도번직결),도번직하위,
AJR73223901,MJU62267401,"Tube,Connector",(도번직결),도번직하위,
AJR73224001,4930A20053B,"Holder,Sensor",(도번직결),도번직하위,
AJR73224001,5210A22409A,"Tube,Connector",(도번직결),도번직하위,
AJR73224001,5224A20005H,Strainer,(도번직결),도번직하위,
AJR73224001,5410A30055F,"Insulator,Tube",(도번직결),도번직하위,
AJR73224001,AJU36719703,Valve Assembly,(도번직결),도번직하위,
AJR73224001,MJU62266401,"Tube,Connector",(도번직결),도번직하위,
AJR73224001,MJU62266402,"Tube,Connector",(도번직결),도번직하위,
AJR73224001,MJU62266501,"Tube,Connector",(도번직결),도번직하위,
AJR73224001,MJU62266502,"Tube,Connector",(도번직결),도번직하위,
AJR73224001,MJU62266601,"Tube,Connector",(도번직결),도번직하위,
AJR73224001,MJU62266602,"Tube,Connector",(도번직결),도번직하위,
AJR73224001,MJU62266701,"Tube,Connector",(도번직결),도번직하위,
AJR73224001,MJU62266702,"Tube,Connector",(도번직결),도번직하위,
AJR73224001,MJU62266802,"Tube,Connector",(도번직결),도번직하위,
AJR73224001,MJU62266901,"Tube,Connector",(도번직결),도번직하위,
AJR73224001,MJU62267001,"Tube,Connector",(도번직결),도번직하위,
AJR73224001,MJU62267101,"Tube,Connector",(도번직결),도번직하위,
AJR73224001,MJU62267201,"Tube,Connector",(도번직결),도번직하위,
AJR73224001,MJU62327201,"Tube,Connector",(도번직결),도번직하위,
AJR73323802,3A00375A,"Socket,Flare",(도번직결),도번직하위,
AJR73323802,3H01582A,Tie,(도번직결),도번직하위,
AJR73323802,3H03659M,Strainer,(도번직결),도번직하위,
AJR73323802,4930A20053B,"Holder,Sensor",(도번직결),도번직하위,
AJR73323802,4A00742F,"Nut,Common",(도번직결),도번직하위,
AJR73323802,5210A22409A,"Tube,Connector",(도번직결),도번직하위,
AJR73323802,5410A30055F,"Insulator,Tube",(도번직결),도번직하위,
AJR73323802,MJU62349201,"Tube,Connector",(도번직결),도번직하위,
AJR73323802,MJU62393801,"Tube,Connector",(도번직결),도번직하위,
AJR73323802,MJU62394001,"Tube,Connector",(도번직결),도번직하위,
AJR73323802,MJU62394101,"Tube,Connector",(도번직결),도번직하위,
AJR73323802,MJU62394201,"Tube,Connector",(도번직결),도번직하위,
AJR73323802,MJU62394301,"Tube,Connector",(도번직결),도번직하위,
AJR73323802,MJU62394401,"Tube,Connector",(도번직결),도번직하위,
AJR73323802,MJU62394501,"Tube,Connector",(도번직결),도번직하위,
AJR73323802,MJU62394601,"Tube,Connector",(도번직결),도번직하위,
AJR73323802,MJU62394701,"Tube,Connector",(도번직결),도번직하위,
AJR73323802,MJU62394801,"Tube,Connector",(도번직결),도번직하위,
AJR73323802,MJU62394901,"Tube,Connector",(도번직결),도번직하위,
AJR73323802,MJU62395001,"Tube,Connector",(도번직결),도번직하위,
AJR73323802,MJU62395101,"Tube,Connector",(도번직결),도번직하위,
AJR73323802,MJU62491901,"Tube,Pinch Off",(도번직결),도번직하위,
AJR73323802,MJU62823110,"Tube,Distributor",(도번직결),도번직하위,
AJR73323802,MJU63546701,"Tube,Connector",(도번직결),도번직하위,
AJR73324406,3A00375P,"Socket,Flare",AJR73324406-은납,자동매핑,
AJR73324406,4930A20053B,"Holder,Sensor",(도번직결),도번직하위,
AJR73324406,4A00742B,"Nut,Flare",AJR73324406-은납,자동매핑,
AJR73324406,4H02034C,"Tube,Coupling",(도번직결),도번직하위,
AJR73324406,5006AR4091D,Cap,AJR73324406-은납,자동매핑,
AJR73324406,5210A22409B,"Tube,Connector",(도번직결),도번직하위,
AJR73324406,5410A30055D,"Insulator,Tube",(도번직결),도번직하위,
AJR73324406,MJU62267502,"Tube,Connector",(도번직결),도번직하위,
AJR73324406,MJU62371104,"Tube,Connector",(도번직결),도번직하위,
AJR73324406,MJU62371204,"Tube,Connector",AJR73324406-은납,자동매핑,
AJR73324406,MJU62371702,"Tube,Connector",(도번직결),도번직하위,
AJR73324501,MJU62267501,"Tube,Connector",(도번직결),도번직하위,
AJR73324501,MJU62371701,"Tube,Connector",(도번직결),도번직하위,
AJR73324503,5410A30055D,"Insulator,Tube",(도번직결),도번직하위,
AJR73324503,MJU62267502,"Tube,Connector",(도번직결),도번직하위,
AJR73324503,MJU62371703,"Tube,Connector",(도번직결),도번직하위,
AJR73326604,5210A24677G,"Tube,Connector",(도번직결),도번직하위,
AJR73326604,MJU41838722,"Tube,Connector",(도번직결),도번직하위,
AJR73326604,MJU41839009,"Tube,Manifold",(도번직결),도번직하위,
AJR73326604,MJU41839011,"Tube,Manifold",(도번직결),도번직하위,
AJR73326605,MJU41838723,"Tube,Connector",(도번직결),도번직하위,
AJR73326605,MJU41839012,"Tube,Manifold",(도번직결),도번직하위,
AJR73326605,MJU41839013,"Tube,Manifold",(도번직결),도번직하위,
AJR73326605,MJU62672401,"Tube,Connector",(도번직결),도번직하위,
AJR73326607,MJU41838701,"Tube,Connector",(도번직결),도번직하위,
AJR73326607,MJU41839013,"Tube,Manifold",(도번직결),도번직하위,
AJR73326607,MJU41839020,"Tube,Manifold",(도번직결),도번직하위,
AJR73326607,MJU41941910,"Tube,Connector",(도번직결),도번직하위,
AJR73326616,MJU41838723,"Tube,Connector",(도번직결),도번직하위,
AJR73326616,MJU41839025,"Tube,Manifold",(도번직결),도번직하위,
AJR73326616,MJU41839026,"Tube,Manifold",(도번직결),도번직하위,
AJR73326616,MJU62672401,"Tube,Connector",(도번직결),도번직하위,
AJR73326623,4A00114A,"Tube,Connector",(도번직결),도번직하위,
AJR73326623,5210A23089A,"Tube,Pinch Off",(도번직결),도번직하위,
AJR73326623,MJU41838727,"Tube,Connector",(도번직결),도번직하위,
AJR73326623,MJU41839030,"Tube,Manifold",(도번직결),도번직하위,
AJR73326623,MJU41839031,"Tube,Manifold",(도번직결),도번직하위,
AJR73326623,MJU62672401,"Tube,Connector",(도번직결),도번직하위,
AJR73326624,MJU41838728,"Tube,Connector",(도번직결),도번직하위,
AJR73326624,MJU41839026,"Tube,Manifold",(도번직결),도번직하위,
AJR73326624,MJU41839032,"Tube,Manifold",(도번직결),도번직하위,
AJR73326624,MJU62672401,"Tube,Connector",(도번직결),도번직하위,
AJR73326629,5210A24677G,"Tube,Connector",(도번직결),도번직하위,
AJR73326629,MJU41838731,"Tube,Connector",(도번직결),도번직하위,
AJR73326629,MJU41839035,"Tube,Manifold",(도번직결),도번직하위,
AJR73326629,MJU41839036,"Tube,Manifold",(도번직결),도번직하위,
AJR73326630,MJU41838723,"Tube,Connector",(도번직결),도번직하위,
AJR73326630,MJU41839037,"Tube,Manifold",(도번직결),도번직하위,
AJR73326630,MJU41839038,"Tube,Manifold",(도번직결),도번직하위,
AJR73326630,MJU62672401,"Tube,Connector",(도번직결),도번직하위,
AJR73326631,5210A23089A,"Tube,Pinch Off",(도번직결),도번직하위,
AJR73326631,MJU41838733,"Tube,Connector",(도번직결),도번직하위,
AJR73326631,MJU41839038,"Tube,Manifold",(도번직결),도번직하위,
AJR73326631,MJU41839039,"Tube,Manifold",(도번직결),도번직하위,
AJR73326631,MJU62672401,"Tube,Connector",(도번직결),도번직하위,
AJR73326634,MJU41838735,"Tube,Connector",(도번직결),도번직하위,
AJR73326634,MJU41839043,"Tube,Manifold",(도번직결),도번직하위,
AJR73326634,MJU41839044,"Tube,Manifold",(도번직결),도번직하위,
AJR73326634,MJU65846826,"Tube,Connector",(도번직결),도번직하위,
AJR73326638,MJU66868605,"Tube,Connector",(도번직결),도번직하위,
AJR73326638,MJU66868606,"Tube,Connector",(도번직결),도번직하위,
AJR73326638,MJU66868607,"Tube,Connector",(도번직결),도번직하위,
AJR73326638,MJU66868608,"Tube,Connector",(도번직결),도번직하위,
AJR73326639,3H01582E,Tie,(도번직결),도번직하위,
AJR73326639,4930A20053B,"Holder,Sensor",(도번직결),도번직하위,
AJR73326639,5210A22409B,"Tube,Connector",(도번직결),도번직하위,
AJR73326639,5410A30279A,"Insulator,Tube",(도번직결),도번직하위,
AJR73326639,MJU66868008,"Tube,Connector",(도번직결),도번직하위,
AJR73326639,MJU66868009,"Tube,Connector",(도번직결),도번직하위,
AJR73326639,MJU66868010,"Tube,Connector",(도번직결),도번직하위,
AJR73326639,MJU66868011,"Tube,Connector",(도번직결),도번직하위,
AJR73326639,MJU66868012,"Tube,Connector",(도번직결),도번직하위,
AJR73327001,4930A20053B,"Holder,Sensor",(도번직결),도번직하위,
AJR73327001,5210A22409B,"Tube,Connector",(도번직결),도번직하위,
AJR73327001,5210A22950A,"Tube,Pinch Off",(도번직결),도번직하위,
AJR73327001,5410A30055D,"Insulator,Tube",(도번직결),도번직하위,
AJR73327001,MJU30514502,"Tube,Coupling",(도번직결),도번직하위,
AJR73327001,MJU62357001,"Tube,Connector",(도번직결),도번직하위,
AJR73327001,MJU62357101,"Tube,Connector",(도번직결),도번직하위,
AJR73327001,MJU62390801,"Tube,Connector",(도번직결),도번직하위,
AJR73327002,4930A20053B,"Holder,Sensor",(도번직결),도번직하위,
AJR73327002,5210A22409B,"Tube,Connector",(도번직결),도번직하위,
AJR73327002,5210A22950A,"Tube,Pinch Off",(도번직결),도번직하위,
AJR73327002,5410A30055D,"Insulator,Tube",(도번직결),도번직하위,
AJR73327002,MJU30514502,"Tube,Coupling",(도번직결),도번직하위,
AJR73327002,MJU62357002,"Tube,Connector",(도번직결),도번직하위,
AJR73327002,MJU62357101,"Tube,Connector",(도번직결),도번직하위,
AJR73327002,MJU62390801,"Tube,Connector",(도번직결),도번직하위,
AJR73327007,3A00375P,"Socket,Flare",AJR73327007-은납,자동매핑,
AJR73327007,4930A20053B,"Holder,Sensor",(도번직결),도번직하위,
AJR73327007,4A00742B,"Nut,Flare",AJR73327007-은납,자동매핑,
AJR73327007,4H02034C,"Tube,Coupling",(도번직결),도번직하위,
AJR73327007,5006AR4091D,Cap,AJR73327007-은납,자동매핑,
AJR73327007,5210A22409B,"Tube,Connector",(도번직결),도번직하위,
AJR73327007,5410A30055D,"Insulator,Tube",(도번직결),도번직하위,
AJR73327007,MJU62267502,"Tube,Connector",(도번직결),도번직하위,
AJR73327007,MJU62267504,"Tube,Connector",(도번직결),도번직하위,
AJR73327007,MJU62267505,"Tube,Connector",(도번직결),도번직하위,
AJR73327007,MJU62357007,"Tube,Connector",AJR73327007-은납,자동매핑,
AJR73327007,MJU62366602,"Tube,Connector",(도번직결),도번직하위,
AJR73327007,MJU62371105,"Tube,Connector",(도번직결),도번직하위,
AJR73327007,RAC30599327,Solder Soldering,AJR73327007-은납,자동매핑,
AJR73342801,MJU62267501,"Tube,Connector",(도번직결),도번직하위,
AJR73342801,MJU62366601,"Tube,Connector",(도번직결),도번직하위,
AJR73342803,MJU62267502,"Tube,Connector",(도번직결),도번직하위,
AJR73342803,MJU62267504,"Tube,Connector",(도번직결),도번직하위,
AJR73342803,MJU62267505,"Tube,Connector",(도번직결),도번직하위,
AJR73342803,MJU62366603,"Tube,Connector",(도번직결),도번직하위,
AJR73363201,3H03659M,Strainer,(도번직결),도번직하위,
AJR73363201,4930A20053B,"Holder,Sensor",(도번직결),도번직하위,
AJR73363201,5210A22409A,"Tube,Connector",(도번직결),도번직하위,
AJR73363201,5410A30055F,"Insulator,Tube",(도번직결),도번직하위,
AJR73363201,AJU36719703,Valve Assembly,(도번직결),도번직하위,
AJR73363201,MJU61889108,"Tube,Distributor",(도번직결),도번직하위,
AJR73363201,MJU62266901,"Tube,Connector",(도번직결),도번직하위,
AJR73363201,MJU62267201,"Tube,Connector",(도번직결),도번직하위,
AJR73363201,MJU62359301,"Tube,Connector",(도번직결),도번직하위,
AJR73363201,MJU62360301,"Tube,Connector",(도번직결),도번직하위,
AJR73363201,MJU62360401,"Tube,Connector",(도번직결),도번직하위,
AJR73363201,MJU62360501,"Tube,Connector",(도번직결),도번직하위,
AJR73363201,MJU62360601,"Tube,Connector",(도번직결),도번직하위,
AJR73363201,MJU62393501,"Tube,Connector",(도번직결),도번직하위,
AJR73363201,MJU62393601,"Tube,Connector",(도번직결),도번직하위,
AJR73363201,MJU62393801,"Tube,Connector",(도번직결),도번직하위,
AJR73363201,MJU62490001,"Tube,Connector",(도번직결),도번직하위,
AJR73363201,MJU62490101,"Tube,Connector",(도번직결),도번직하위,
AJR73363201,MJU62490201,"Tube,Connector",(도번직결),도번직하위,
AJR73363201,MJU62490301,"Tube,Connector",(도번직결),도번직하위,
AJR73363201,MJU62490401,"Tube,Connector",(도번직결),도번직하위,
AJR73364001,4930A20053B,"Holder,Sensor",(도번직결),도번직하위,
AJR73364001,4H00049C,"Tube,Pinch Off",(도번직결),도번직하위,
AJR73364001,5014A20009A,"Damper,Tube",(도번직결),도번직하위,
AJR73364001,5210A22409A,"Tube,Connector",(도번직결),도번직하위,
AJR73364001,5210A22520B,"Tube,Connector",AJR73364001-S6-1,자동매핑,
AJR73364001,EBD62165606,"Sensor,Pressure",AJR73364001-S6-1,자동매핑,
AJR73364001,MJU62390501,"Tube,Connector",(도번직결),도번직하위,
AJR73364003,4H00049C,"Tube,Pinch Off",(도번직결),도번직하위,
AJR73364003,MJU62792802,"Tube,Connector",(도번직결),도번직하위,
AJR73364004,4H00049C,"Tube,Pinch Off",(도번직결),도번직하위,
AJR73364004,MJU62792802,"Tube,Connector",(도번직결),도번직하위,
AJR73364005,3H01582A,Tie,(도번직결),도번직하위,
AJR73364005,4930A20053B,"Holder,Sensor",(도번직결),도번직하위,
AJR73364005,4H00049C,"Tube,Pinch Off",(도번직결),도번직하위,
AJR73364005,5014A30014W,"Damper,Tube",(도번직결),도번직하위,
AJR73364005,5210A22409A,"Tube,Connector",(도번직결),도번직하위,
AJR73364005,5210A22520B,"Tube,Connector",AJR73364005-S6-1,자동매핑,
AJR73364005,EBD62165606,"Sensor,Pressure",AJR73364005-S6-1,자동매핑,
AJR73364005,MEV39836107,Insulator,(도번직결),도번직하위,
AJR73364005,MJU62390501,"Tube,Connector",(도번직결),도번직하위,
AJR73364007,4H00049C,"Tube,Pinch Off",(도번직결),도번직하위,
AJR73364007,MJU62792803,"Tube,Connector",(도번직결),도번직하위,
AJR73364008,3H01582A,Tie,(도번직결),도번직하위,
AJR73364008,4930A20053B,"Holder,Sensor",(도번직결),도번직하위,
AJR73364008,4H00049C,"Tube,Pinch Off",(도번직결),도번직하위,
AJR73364008,5014A30014W,"Damper,Tube",(도번직결),도번직하위,
AJR73364008,5210A22409A,"Tube,Connector",(도번직결),도번직하위,
AJR73364008,5210A23376A,"Tube,Connector",AJR73364008-S6-1,자동매핑,
AJR73364008,EBD62165606,"Sensor,Pressure",AJR73364008-S6-1,자동매핑,
AJR73364008,MEV39836107,Insulator,(도번직결),도번직하위,
AJR73364008,MJU62390503,"Tube,Connector",(도번직결),도번직하위,
AJR73364601,MJU62267506,"Tube,Connector",(도번직결),도번직하위,
AJR73364601,MJU62392001,"Tube,Connector",(도번직결),도번직하위,
AJR73364601,MJU62392101,"Tube,Manifold",(도번직결),도번직하위,
AJR73382901,MJU41625901,"Tube,Connector",(도번직결),도번직하위,
AJR73382901,MJU41625903,"Tube,Connector",(도번직결),도번직하위,
AJR73382901,MJU61884401,"Tube,Connector",(도번직결),도번직하위,
AJR73382901,MJU61884402,"Tube,Connector",(도번직결),도번직하위,
AJR73382901,MJU62407401,"Tube,Connector",(도번직결),도번직하위,
AJR73382904,MJU41625901,"Tube,Connector",(도번직결),도번직하위,
AJR73382904,MJU41625903,"Tube,Connector",(도번직결),도번직하위,
AJR73382904,MJU61884401,"Tube,Connector",(도번직결),도번직하위,
AJR73382904,MJU61884402,"Tube,Connector",(도번직결),도번직하위,
AJR73382904,MJU62407404,"Tube,Connector",(도번직결),도번직하위,
AJR73383001,MJU41625901,"Tube,Connector",(도번직결),도번직하위,
AJR73383001,MJU41625904,"Tube,Connector",(도번직결),도번직하위,
AJR73383001,MJU62426401,"Tube,Connector",(도번직결),도번직하위,
AJR73383004,5210A23089A,"Tube,Pinch Off",(도번직결),도번직하위,
AJR73383004,MJU41625901,"Tube,Connector",(도번직결),도번직하위,
AJR73383004,MJU41625904,"Tube,Connector",(도번직결),도번직하위,
AJR73383004,MJU62426404,"Tube,Connector",(도번직결),도번직하위,
AJR73562802,3A02080B,"Valve,Reverse",(도번직결),도번직하위,
AJR73562802,5210A22409A,"Tube,Connector",(도번직결),도번직하위,
AJR73562802,5210A23376A,"Tube,Connector",(도번직결),도번직하위,
AJR73562802,5224A20002W,Strainer,(도번직결),도번직하위,
AJR73562802,5410A30055G,"Insulator,Tube",(도번직결),도번직하위,
AJR73562802,5410A30279C,"Insulator,Tube",(도번직결),도번직하위,
AJR73562802,6141A20010W,Solenoid,(도번직결),도번직하위,
AJR73562802,MJU41635301,"Tube,Connector",(도번직결),도번직하위,
AJR73562802,MJU62967701,"Tube,Connector",(도번직결),도번직하위,
AJR73562802,MJU62967801,"Tube,Connector",(도번직결),도번직하위,
AJR73562802,MJU62967901,"Tube,Connector",(도번직결),도번직하위,
AJR73562802,MJU62968001,"Tube,Connector",(도번직결),도번직하위,
AJR73562802,MJU62968101,"Tube,Connector",(도번직결),도번직하위,
AJR73562802,MJU62968201,"Tube,Connector",(도번직결),도번직하위,
AJR73562802,MJU62968301,"Tube,Connector",(도번직결),도번직하위,
AJR73562802,MJU62968401,"Tube,Connector",(도번직결),도번직하위,
AJR73562802,MJU63012701,"Tube,Connector",(도번직결),도번직하위,
AJR73562802,MJU63012801,"Tube,Connector",(도번직결),도번직하위,
AJR73562802,MJX61841301,"Valve,Solenoid",(도번직결),도번직하위,
AJR73564001,4A00114E,"Tube,Connector",(도번직결),도번직하위,
AJR73564001,5210A24677G,"Tube,Connector",(도번직결),도번직하위,
AJR73564001,MJU61965702,"Tube,Connector",(도번직결),도번직하위,
AJR73564001,MJU62609301,"Tube,Manifold",(도번직결),도번직하위,
AJR73564001,MJU62609302,"Tube,Manifold",(도번직결),도번직하위,
AJR73583302,3H03659V,Strainer,(도번직결),도번직하위,
AJR73583302,5210A22526C,"Tube,Capillary Bending",(도번직결),도번직하위,
AJR73583302,5210A23376A,"Tube,Connector",(도번직결),도번직하위,
AJR73583302,5410A20839B,"Insulator,Foam",(도번직결),도번직하위,
AJR73583302,MAZ63103901,Bracket,(도번직결),도번직하위,
AJR73583302,MEV55008101,"Insulator,Tube",(도번직결),도번직하위,
AJR73583302,MHH42801404,"Separator,Oil",(도번직결),도번직하위,
AJR73583302,MJU41635301,"Tube,Connector",(도번직결),도번직하위,
AJR73583302,MJU62610501,"Tube,Connector",(도번직결),도번직하위,
AJR73583302,MJU62908501,"Tube,Connector",(도번직결),도번직하위,
AJR73583302,MJU62908601,"Tube,Connector",(도번직결),도번직하위,
AJR73583302,MJU62948301,"Tube,Connector",(도번직결),도번직하위,
AJR73583302,MJU62967101,"Tube,Connector",(도번직결),도번직하위,
AJR73583302,MJU62967201,"Tube,Connector",(도번직결),도번직하위,
AJR73663301,MJU62672301,"Tube,Manifold",(도번직결),도번직하위,
AJR73663301,MJU62672302,"Tube,Manifold",(도번직결),도번직하위,
AJR73663301,MJU62672401,"Tube,Connector",(도번직결),도번직하위,
AJR73663301,MJU62672402,"Tube,Connector",(도번직결),도번직하위,
AJR73663302,MJU62672302,"Tube,Manifold",(도번직결),도번직하위,
AJR73663302,MJU62672303,"Tube,Manifold",(도번직결),도번직하위,
AJR73663302,MJU62672401,"Tube,Connector",(도번직결),도번직하위,
AJR73663302,MJU62672402,"Tube,Connector",(도번직결),도번직하위,
AJR73682802,5014A30001C,"Damper,Tube",(도번직결),도번직하위,
AJR73682802,5210A22409B,"Tube,Connector",(도번직결),도번직하위,
AJR73682802,5210A22526F,"Tube,Capillary Bending",(도번직결),도번직하위,
AJR73682802,5210A25793B,"Tube,Connector",(도번직결),도번직하위,
AJR73682802,5224A20005L,Strainer,(도번직결),도번직하위,
AJR73682802,5998A20002A,"Separator,Oil",(도번직결),도번직하위,
AJR73682802,MEV55008101,"Insulator,Tube",(도번직결),도번직하위,
AJR73682802,MJU41491201,"Tube,Connector",(도번직결),도번직하위,
AJR73682802,MJU62811801,"Tube,Connector",(도번직결),도번직하위,
AJR73682802,MJU62811802,"Tube,Connector",(도번직결),도번직하위,
AJR73682802,MJU62811803,"Tube,Connector",(도번직결),도번직하위,
AJR73682802,MJU62811804,"Tube,Connector",(도번직결),도번직하위,
AJR73682802,MJX62771705,"Valve,Check",(도번직결),도번직하위,
AJR73682803,5210A22409B,"Tube,Connector",(도번직결),도번직하위,
AJR73682803,5210A22526C,"Tube,Capillary Bending",(도번직결),도번직하위,
AJR73682803,5210A25793B,"Tube,Connector",(도번직결),도번직하위,
AJR73682803,5224A20005L,Strainer,(도번직결),도번직하위,
AJR73682803,5998A20002A,"Separator,Oil",(도번직결),도번직하위,
AJR73682803,MEV55008101,"Insulator,Tube",(도번직결),도번직하위,
AJR73682803,MJU41491201,"Tube,Connector",(도번직결),도번직하위,
AJR73682803,MJU62811901,"Tube,Connector",(도번직결),도번직하위,
AJR73682803,MJU62811902,"Tube,Connector",(도번직결),도번직하위,
AJR73682803,MJU62811903,"Tube,Connector",(도번직결),도번직하위,
AJR73682803,MJX62771705,"Valve,Check",(도번직결),도번직하위,
AJR73682805,5210A22409B,"Tube,Connector",(도번직결),도번직하위,
AJR73682805,5210A22526F,"Tube,Capillary Bending",(도번직결),도번직하위,
AJR73682805,5210A25793B,"Tube,Connector",(도번직결),도번직하위,
AJR73682805,5224A20005L,Strainer,(도번직결),도번직하위,
AJR73682805,5998A20002A,"Separator,Oil",(도번직결),도번직하위,
AJR73682805,MEV55008101,"Insulator,Tube",(도번직결),도번직하위,
AJR73682805,MJU41491201,"Tube,Connector",(도번직결),도번직하위,
AJR73682805,MJU62811801,"Tube,Connector",(도번직결),도번직하위,
AJR73682805,MJU62909903,"Tube,Connector",(도번직결),도번직하위,
AJR73682805,MJU63001001,"Tube,Connector",(도번직결),도번직하위,
AJR73682805,MJX39414104,"Valve,Check",(도번직결),도번직하위,
AJR73703801,4010AR3071N,"Socket,Flare",(도번직결),도번직하위,
AJR73703801,5210A22409A,"Tube,Connector",(도번직결),도번직하위,
AJR73703801,5210A23089A,"Tube,Pinch Off",(도번직결),도번직하위,
AJR73703801,5210A23376A,"Tube,Connector",(도번직결),도번직하위,
AJR73703801,5210A23376H,"Tube,Connector",(도번직결),도번직하위,
AJR73703801,5210A24997B,"Tube,Connector",(도번직결),도번직하위,
AJR73703801,5220AP3777C,"Valve,Reverse",(도번직결),도번직하위,
AJR73703801,5224A20005F,Strainer,(도번직결),도번직하위,
AJR73703801,5410A30055G,"Insulator,Tube",(도번직결),도번직하위,
AJR73703801,5410A30279A,"Insulator,Tube",(도번직결),도번직하위,
AJR73703801,6141A20010W,Solenoid,(도번직결),도번직하위,
AJR73703801,EBE60661401,Solenoid,(도번직결),도번직하위,
AJR73703801,MBL53366901,Cap,(도번직결),도번직하위,
AJR73703801,MJU41491103,"Tube,Connector",(도번직결),도번직하위,
AJR73703801,MJU41635301,"Tube,Connector",(도번직결),도번직하위,
AJR73703801,MJU62229701,"Tube,Connector",(도번직결),도번직하위,
AJR73703801,MJU62229901,"Tube,Connector",(도번직결),도번직하위,
AJR73703801,MJU62230003,"Tube,Connector",(도번직결),도번직하위,
AJR73703801,MJU62230101,"Tube,Connector",(도번직결),도번직하위,
AJR73703801,MJU62230201,"Tube,Connector",(도번직결),도번직하위,
AJR73703801,MJU62230301,"Tube,Connector",(도번직결),도번직하위,
AJR73703801,MJU62707001,"Tube,Connector",(도번직결),도번직하위,
AJR73703801,MJU62707101,"Tube,Connector",(도번직결),도번직하위,
AJR73703801,MJX61841301,"Valve,Solenoid",(도번직결),도번직하위,
AJR73767201,5220A90008H,"Valve,Solenoid",(도번직결),도번직하위,
AJR73767201,5410A30279T,"Insulator,Tube",(도번직결),도번직하위,
AJR73767201,5410A30279U,"Insulator,Tube",(도번직결),도번직하위,
AJR73767201,EBE61083201,Solenoid,(도번직결),도번직하위,
AJR73767201,MJU62834701,"Tube,Connector",(도번직결),도번직하위,
AJR73767201,MJU62970701,"Tube,Connector",(도번직결),도번직하위,
AJR73767201,MJU62989201,"Tube,Connector",(도번직결),도번직하위,
AJR73767201,MJU63009001,"Tube,Connector",(도번직결),도번직하위,
AJR73767201,MJU63287701,"Tube,Connector",(도번직결),도번직하위,
AJR73767201,MJU63287901,"Tube,Capillary Bending",(도번직결),도번직하위,
AJR73767202,5220A90008H,"Valve,Solenoid",(도번직결),도번직하위,
AJR73767202,5410A30279T,"Insulator,Tube",(도번직결),도번직하위,
AJR73767202,5410A30279U,"Insulator,Tube",(도번직결),도번직하위,
AJR73767202,EBE61083201,Solenoid,(도번직결),도번직하위,
AJR73767202,MJU62834701,"Tube,Connector",(도번직결),도번직하위,
AJR73767202,MJU62970701,"Tube,Connector",(도번직결),도번직하위,
AJR73767202,MJU62989201,"Tube,Connector",(도번직결),도번직하위,
AJR73767202,MJU63009002,"Tube,Connector",(도번직결),도번직하위,
AJR73767202,MJU63287701,"Tube,Connector",(도번직결),도번직하위,
AJR73767202,MJU63287901,"Tube,Capillary Bending",(도번직결),도번직하위,
AJR73767204,5220A90008H,"Valve,Solenoid",(도번직결),도번직하위,
AJR73767204,5410A30279T,"Insulator,Tube",(도번직결),도번직하위,
AJR73767204,5410A30279U,"Insulator,Tube",(도번직결),도번직하위,
AJR73767204,EBE61083201,Solenoid,(도번직결),도번직하위,
AJR73767204,MJU62834701,"Tube,Connector",(도번직결),도번직하위,
AJR73767204,MJU62970701,"Tube,Connector",(도번직결),도번직하위,
AJR73767204,MJU62989202,"Tube,Connector",(도번직결),도번직하위,
AJR73767204,MJU63009003,"Tube,Connector",(도번직결),도번직하위,
AJR73767204,MJU63287701,"Tube,Connector",(도번직결),도번직하위,
AJR73767204,MJU63287901,"Tube,Capillary Bending",(도번직결),도번직하위,
AJR73767206,5220A90008H,"Valve,Solenoid",(도번직결),도번직하위,
AJR73767206,5410A30279T,"Insulator,Tube",(도번직결),도번직하위,
AJR73767206,5410A30279U,"Insulator,Tube",(도번직결),도번직하위,
AJR73767206,EBE61083201,Solenoid,(도번직결),도번직하위,
AJR73767206,MJU62834701,"Tube,Connector",(도번직결),도번직하위,
AJR73767206,MJU62970701,"Tube,Connector",(도번직결),도번직하위,
AJR73767206,MJU62989202,"Tube,Connector",(도번직결),도번직하위,
AJR73767206,MJU63009004,"Tube,Connector",(도번직결),도번직하위,
AJR73767206,MJU63287701,"Tube,Connector",(도번직결),도번직하위,
AJR73767206,MJU63287901,"Tube,Capillary Bending",(도번직결),도번직하위,
AJR73767208,5220A90008H,"Valve,Solenoid",(도번직결),도번직하위,
AJR73767208,EBE61083201,Solenoid,(도번직결),도번직하위,
AJR73767208,MJU62970702,"Tube,Connector",(도번직결),도번직하위,
AJR73767208,MJU63009004,"Tube,Connector",(도번직결),도번직하위,
AJR73767208,MJU63287701,"Tube,Connector",(도번직결),도번직하위,
AJR73767304,5014A20009C,"Damper,Tube",(도번직결),도번직하위,
AJR73767304,5014A20009D,"Damper,Tube",(도번직결),도번직하위,
AJR73767304,5210A23344G,"Tube,Coupling",(도번직결),도번직하위,
AJR73767304,5210A23376A,"Tube,Connector",(도번직결),도번직하위,
AJR73767304,5220A90008H,"Valve,Solenoid",(도번직결),도번직하위,
AJR73767304,5224A20005L,Strainer,(도번직결),도번직하위,
AJR73767304,5410A30262C,"Insulator,Tube",(도번직결),도번직하위,
AJR73767304,5410A30279A,"Insulator,Tube",(도번직결),도번직하위,
AJR73767304,6141A20050Y,Solenoid,(도번직결),도번직하위,
AJR73767304,EAP62126401,"Coil,Expansion",(도번직결),도번직하위,
AJR73767304,MJU62406601,"Tube,Connector",(도번직결),도번직하위,
AJR73767304,MJU62817601,"Tube,Connector",(도번직결),도번직하위,
AJR73767304,MJU62817803,"Tube,Connector",(도번직결),도번직하위,
AJR73767304,MJU62912101,"Tube,Connector",(도번직결),도번직하위,
AJR73767304,MJU63039503,"Tube,Connector",(도번직결),도번직하위,
AJR73767304,MJU63039603,"Tube,Connector",(도번직결),도번직하위,
AJR73767304,MJU63306909,"Tube,Absorbing",(도번직결),도번직하위,
AJR73767306,5014A20009C,"Damper,Tube",(도번직결),도번직하위,
AJR73767306,5014A20009D,"Damper,Tube",(도번직결),도번직하위,
AJR73767306,5210A23344G,"Tube,Coupling",(도번직결),도번직하위,
AJR73767306,5210A23376A,"Tube,Connector",(도번직결),도번직하위,
AJR73767306,5220A90008H,"Valve,Solenoid",(도번직결),도번직하위,
AJR73767306,5224A20005L,Strainer,(도번직결),도번직하위,
AJR73767306,5410A30262C,"Insulator,Tube",(도번직결),도번직하위,
AJR73767306,5410A30279A,"Insulator,Tube",(도번직결),도번직하위,
AJR73767306,6141A20050Y,Solenoid,(도번직결),도번직하위,
AJR73767306,6501A20004X,Sensor Assembly,(도번직결),도번직하위,
AJR73767306,7250AR3866P,"Damper,Butyl",(도번직결),도번직하위,
AJR73767306,AJR74488601,"Tube Assembly,Capillary",(도번직결),도번직하위,
AJR73767306,MJU62406601,"Tube,Connector",(도번직결),도번직하위,
AJR73767306,MJU62817601,"Tube,Connector",(도번직결),도번직하위,
AJR73767306,MJU62817803,"Tube,Connector",(도번직결),도번직하위,
AJR73767306,MJU62912101,"Tube,Connector",(도번직결),도번직하위,
AJR73767306,MJU63039503,"Tube,Connector",(도번직결),도번직하위,
AJR73767306,MJU63039611,"Tube,Connector",(도번직결),도번직하위,
AJR73767306,MJU63306909,"Tube,Absorbing",(도번직결),도번직하위,
AJR73767314,5014A20009C,"Damper,Tube",(도번직결),도번직하위,
AJR73767314,5014A20009D,"Damper,Tube",(도번직결),도번직하위,
AJR73767314,5210A23344G,"Tube,Coupling",(도번직결),도번직하위,
AJR73767314,5210A23376A,"Tube,Connector",(도번직결),도번직하위,
AJR73767314,5220A90008H,"Valve,Solenoid",(도번직결),도번직하위,
AJR73767314,5224A20005L,Strainer,(도번직결),도번직하위,
AJR73767314,5410A30262C,"Insulator,Tube",(도번직결),도번직하위,
AJR73767314,5410A30279A,"Insulator,Tube",(도번직결),도번직하위,
AJR73767314,6141A20050Y,Solenoid,(도번직결),도번직하위,
AJR73767314,AJR74488601,"Tube Assembly,Capillary",(도번직결),도번직하위,
AJR73767314,MJU62406601,"Tube,Connector",(도번직결),도번직하위,
AJR73767314,MJU62817601,"Tube,Connector",(도번직결),도번직하위,
AJR73767314,MJU62817803,"Tube,Connector",(도번직결),도번직하위,
AJR73767314,MJU62912101,"Tube,Connector",(도번직결),도번직하위,
AJR73767314,MJU63039503,"Tube,Connector",(도번직결),도번직하위,
AJR73767314,MJU63039611,"Tube,Connector",(도번직결),도번직하위,
AJR73767314,MJU63306909,"Tube,Absorbing",(도번직결),도번직하위,
AJR73767318,5014A20009C,"Damper,Tube",(도번직결),도번직하위,
AJR73767318,5014A20009D,"Damper,Tube",(도번직결),도번직하위,
AJR73767318,5210A23344G,"Tube,Coupling",(도번직결),도번직하위,
AJR73767318,5210A23376A,"Tube,Connector",5211A22074A,자동매핑,
AJR73767318,5211A22074A,"Tube Assembly,Connector",(도번직결),도번직하위,
AJR73767318,5220A90008H,"Valve,Solenoid",(도번직결),도번직하위,
AJR73767318,5224A20005L,Strainer,(도번직결),도번직하위,
AJR73767318,5410A30262C,"Insulator,Tube",(도번직결),도번직하위,
AJR73767318,5410A30279A,"Insulator,Tube",(도번직결),도번직하위,
AJR73767318,6141A20050Y,Solenoid,(도번직결),도번직하위,
AJR73767318,AJR74488601,"Tube Assembly,Capillary",(도번직결),도번직하위,
AJR73767318,MJU62406601,"Tube,Connector",(도번직결),도번직하위,
AJR73767318,MJU62817601,"Tube,Connector",(도번직결),도번직하위,
AJR73767318,MJU62817810,"Tube,Connector",(도번직결),도번직하위,
AJR73767318,MJU62912101,"Tube,Connector",(도번직결),도번직하위,
AJR73767318,MJU63039503,"Tube,Connector",(도번직결),도번직하위,
AJR73767318,MJU63039603,"Tube,Connector",(도번직결),도번직하위,
AJR73767318,MJU63306909,"Tube,Absorbing",(도번직결),도번직하위,
AJR73767318,MKW30000003,"Plug,Fusible",(도번직결),도번직하위,
AJR73767511,1SZZA20001Q,"Screw,Customized",(도번직결),도번직하위,
AJR73767511,3H03659U,Strainer,(도번직결),도번직하위,
AJR73767511,5210A21174G,"Tube,Distributor",(도번직결),도번직하위,
AJR73767511,5210A22409A,"Tube,Connector",(도번직결),도번직하위,
AJR73767511,5210A30329D,"Tube,Coupling",(도번직결),도번직하위,
AJR73767511,5220A90008K,"Valve,Solenoid",(도번직결),도번직하위,
AJR73767511,5224A20005D,Strainer,(도번직결),도번직하위,
AJR73767511,5224A20005J,Strainer,(도번직결),도번직하위,
AJR73767511,5410A20217B,"Insulator,Felt",(도번직결),도번직하위,
AJR73767511,5410A30055G,"Insulator,Tube",(도번직결),도번직하위,
AJR73767511,AJR72929201,"Tube Assembly,Connector",(도번직결),도번직하위,
AJR73767511,EAP30616912,"Coil,Expansion",(도번직결),도번직하위,
AJR73767511,EBE61083202,Solenoid,(도번직결),도번직하위,
AJR73767511,MAZ61902401,Bracket,(도번직결),도번직하위,
AJR73767511,MAZ63465911,Bracket,(도번직결),도번직하위,
AJR73767511,MJU61880901,"Tube,Connector",(도번직결),도번직하위,
AJR73767511,MJU61881001,"Tube,Connector",(도번직결),도번직하위,
AJR73767511,MJU61881301,"Tube,Connector",(도번직결),도번직하위,
AJR73767511,MJU62816201,"Tube,Connector",(도번직결),도번직하위,
AJR73767511,MJU62818901,"Tube,Connector",(도번직결),도번직하위,
AJR73767511,MJU62819101,"Tube,Connector",(도번직결),도번직하위,
AJR73767511,MJU62819201,"Tube,Connector",(도번직결),도번직하위,
AJR73767511,MJU62836101,"Tube,Connector",(도번직결),도번직하위,
AJR73767511,MJU62836201,"Tube,Connector",(도번직결),도번직하위,
AJR73767511,MJU62836301,"Tube,Connector",(도번직결),도번직하위,
AJR73767511,MJU62836401,"Tube,Connector",(도번직결),도번직하위,
AJR73767511,MJU62911901,"Tube,Capillary Bending",(도번직결),도번직하위,
AJR73767511,MJU62989301,"Tube,Connector",(도번직결),도번직하위,
AJR73767511,MJU62989401,"Tube,Connector",(도번직결),도번직하위,
AJR73767511,MJU62989501,"Tube,Connector",(도번직결),도번직하위,
AJR73767511,MJU62989602,"Tube,Connector",(도번직결),도번직하위,
AJR73767511,MJU63426601,"Tube,Connector",(도번직결),도번직하위,
AJR73767511,MJU63502401,"Tube,Connector",(도번직결),도번직하위,
AJR73767511,MJX62751401,"Valve,Expansion Body",(도번직결),도번직하위,
AJR73767513,1SZZA20001Q,"Screw,Customized",(도번직결),도번직하위,
AJR73767513,3H03659U,Strainer,(도번직결),도번직하위,
AJR73767513,5210A21174G,"Tube,Distributor",(도번직결),도번직하위,
AJR73767513,5210A22409A,"Tube,Connector",(도번직결),도번직하위,
AJR73767513,5210A30329D,"Tube,Coupling",(도번직결),도번직하위,
AJR73767513,5220A90008K,"Valve,Solenoid",(도번직결),도번직하위,
AJR73767513,5224A20005D,Strainer,(도번직결),도번직하위,
AJR73767513,5224A20005J,Strainer,(도번직결),도번직하위,
AJR73767513,5410A20217B,"Insulator,Felt",(도번직결),도번직하위,
AJR73767513,5410A30055G,"Insulator,Tube",(도번직결),도번직하위,
AJR73767513,AJR72929201,"Tube Assembly,Connector",(도번직결),도번직하위,
AJR73767513,EAP30616912,"Coil,Expansion",(도번직결),도번직하위,
AJR73767513,EBE61083202,Solenoid,(도번직결),도번직하위,
AJR73767513,MAZ61902401,Bracket,(도번직결),도번직하위,
AJR73767513,MAZ63465911,Bracket,(도번직결),도번직하위,
AJR73767513,MJU61880901,"Tube,Connector",(도번직결),도번직하위,
AJR73767513,MJU61881001,"Tube,Connector",(도번직결),도번직하위,
AJR73767513,MJU61881301,"Tube,Connector",(도번직결),도번직하위,
AJR73767513,MJU62816201,"Tube,Connector",(도번직결),도번직하위,
AJR73767513,MJU62818901,"Tube,Connector",(도번직결),도번직하위,
AJR73767513,MJU62819102,"Tube,Connector",(도번직결),도번직하위,
AJR73767513,MJU62819201,"Tube,Connector",(도번직결),도번직하위,
AJR73767513,MJU62836101,"Tube,Connector",(도번직결),도번직하위,
AJR73767513,MJU62836201,"Tube,Connector",(도번직결),도번직하위,
AJR73767513,MJU62836301,"Tube,Connector",(도번직결),도번직하위,
AJR73767513,MJU62836401,"Tube,Connector",(도번직결),도번직하위,
AJR73767513,MJU62911901,"Tube,Capillary Bending",(도번직결),도번직하위,
AJR73767513,MJU62989301,"Tube,Connector",(도번직결),도번직하위,
AJR73767513,MJU62989401,"Tube,Connector",(도번직결),도번직하위,
AJR73767513,MJU62989501,"Tube,Connector",(도번직결),도번직하위,
AJR73767513,MJU62989602,"Tube,Connector",(도번직결),도번직하위,
AJR73767513,MJU63426601,"Tube,Connector",(도번직결),도번직하위,
AJR73767513,MJU63502401,"Tube,Connector",(도번직결),도번직하위,
AJR73767513,MJX62751401,"Valve,Expansion Body",(도번직결),도번직하위,
AJR73767514,3H03659U,Strainer,(도번직결),도번직하위,
AJR73767514,5210A21174G,"Tube,Distributor",(도번직결),도번직하위,
AJR73767514,5210A22409A,"Tube,Connector",(도번직결),도번직하위,
AJR73767514,5210A30329D,"Tube,Coupling",(도번직결),도번직하위,
AJR73767514,5220A90008K,"Valve,Solenoid",(도번직결),도번직하위,
AJR73767514,5224A20005D,Strainer,(도번직결),도번직하위,
AJR73767514,5224A20005J,Strainer,(도번직결),도번직하위,
AJR73767514,5410A20217B,"Insulator,Felt",(도번직결),도번직하위,
AJR73767514,5410A30055G,"Insulator,Tube",(도번직결),도번직하위,
AJR73767514,AJR72929201,"Tube Assembly,Connector",(도번직결),도번직하위,
AJR73767514,EAP30616912,"Coil,Expansion",(도번직결),도번직하위,
AJR73767514,EBE61083202,Solenoid,(도번직결),도번직하위,
AJR73767514,MAZ61902401,Bracket,(도번직결),도번직하위,
AJR73767514,MAZ63465911,Bracket,(도번직결),도번직하위,
AJR73767514,MJU61880901,"Tube,Connector",(도번직결),도번직하위,
AJR73767514,MJU61881001,"Tube,Connector",(도번직결),도번직하위,
AJR73767514,MJU61881301,"Tube,Connector",(도번직결),도번직하위,
AJR73767514,MJU62816201,"Tube,Connector",(도번직결),도번직하위,
AJR73767514,MJU62818901,"Tube,Connector",(도번직결),도번직하위,
AJR73767514,MJU62819201,"Tube,Connector",(도번직결),도번직하위,
AJR73767514,MJU62836101,"Tube,Connector",(도번직결),도번직하위,
AJR73767514,MJU62836201,"Tube,Connector",(도번직결),도번직하위,
AJR73767514,MJU62836301,"Tube,Connector",(도번직결),도번직하위,
AJR73767514,MJU62836401,"Tube,Connector",(도번직결),도번직하위,
AJR73767514,MJU62911901,"Tube,Capillary Bending",(도번직결),도번직하위,
AJR73767514,MJU62989301,"Tube,Connector",(도번직결),도번직하위,
AJR73767514,MJU62989401,"Tube,Connector",(도번직결),도번직하위,
AJR73767514,MJU62989501,"Tube,Connector",(도번직결),도번직하위,
AJR73767514,MJU62989601,"Tube,Connector",(도번직결),도번직하위,
AJR73767514,MJU63310702,"Tube,Connector",(도번직결),도번직하위,
AJR73767514,MJU63426601,"Tube,Connector",(도번직결),도번직하위,
AJR73767514,MJU63502401,"Tube,Connector",(도번직결),도번직하위,
AJR73767514,MJX62751401,"Valve,Expansion Body",(도번직결),도번직하위,
AJR73767711,3H01582E,Tie,(도번직결),도번직하위,
AJR73767711,5014A20009A,"Damper,Tube",(도번직결),도번직하위,
AJR73767711,5014A30014F,"Damper,Tube",(도번직결),도번직하위,
AJR73767711,5210A22409B,"Tube,Connector",(도번직결),도번직하위,
AJR73767711,5220A30004A,"Valve,Check",(도번직결),도번직하위,
AJR73767711,5224A20005H,Strainer,(도번직결),도번직하위,
AJR73767711,MEV55008105,"Insulator,Tube",(도번직결),도번직하위,
AJR73767711,MHH41401204,"Separator,Oil",(도번직결),도번직하위,
AJR73767711,MJU61940102,"Tube,Connector",(도번직결),도번직하위,
AJR73767711,MJU61942701,"Tube,Connector",(도번직결),도번직하위,
AJR73767711,MJU61943601,"Tube,Capillary Bending",(도번직결),도번직하위,
AJR73767711,MJU62837001,"Tube,Connector",(도번직결),도번직하위,
AJR73767711,MJU62837204,"Tube,Connector",(도번직결),도번직하위,
AJR73767711,MJU63009601,"Tube,Connector",(도번직결),도번직하위,
AJR73767711,MJU63048501,"Tube,Connector",(도번직결),도번직하위,
AJR73767711,MJU63048704,"Tube,Connector",(도번직결),도번직하위,
AJR73767711,MJU63057401,"Tube,Connector",(도번직결),도번직하위,
AJR73767711,MJU63057703,"Tube,Connector",(도번직결),도번직하위,
AJR73767711,MJU63057803,"Tube,Connector",(도번직결),도번직하위,
AJR73767711,MJX62771705,"Valve,Check",(도번직결),도번직하위,
AJR73767802,4010AR3071N,"Socket,Flare",(도번직결),도번직하위,
AJR73767802,4A00114D,"Tube,Connector",(도번직결),도번직하위,
AJR73767802,5210A22409A,"Tube,Connector",(도번직결),도번직하위,
AJR73767802,5210A23376A,"Tube,Connector",(도번직결),도번직하위,
AJR73767802,5220A20039A,"Valve,Reverse",(도번직결),도번직하위,
AJR73767802,5224A20005A,Strainer,(도번직결),도번직하위,
AJR73767802,5410A21281E,"Insulator,Tube",(도번직결),도번직하위,
AJR73767802,5410A30055F,"Insulator,Tube",(도번직결),도번직하위,
AJR73767802,5410A30279A,"Insulator,Tube",(도번직결),도번직하위,
AJR73767802,6141A20010W,Solenoid,(도번직결),도번직하위,
AJR73767802,EBD60663824,"Sensor,Pressure",(도번직결),도번직하위,
AJR73767802,EBE60661407,Solenoid,(도번직결),도번직하위,
AJR73767802,EBF40271407,"Switch,Pressure",(도번직결),도번직하위,
AJR73767802,MJU62096501,"Tube,Connector",(도번직결),도번직하위,
AJR73767802,MJU62816401,"Tube,Connector",(도번직결),도번직하위,
AJR73767802,MJU62834804,"Tube,Connector",(도번직결),도번직하위,
AJR73767802,MJU62834901,"Tube,Connector",(도번직결),도번직하위,
AJR73767802,MJU62839202,"Tube,Connector",(도번직결),도번직하위,
AJR73767802,MJU62839601,"Tube,Connector",(도번직결),도번직하위,
AJR73767802,MJU62839701,"Tube,Connector",(도번직결),도번직하위,
AJR73767802,MJU62989801,"Tube,Connector",(도번직결),도번직하위,
AJR73767802,MJU62989901,"Tube,Connector",(도번직결),도번직하위,
AJR73767802,MJU62990002,"Tube,Connector",(도번직결),도번직하위,
AJR73767802,MJU62990101,"Tube,Connector",(도번직결),도번직하위,
AJR73767802,MJU63828504,"Tube,Connector",(도번직결),도번직하위,
AJR73767802,MJX61841301,"Valve,Solenoid",(도번직결),도번직하위,
AJR73767812,5224A20005A,Strainer,(도번직결),도번직하위,
AJR73767812,5410A21281E,"Insulator,Tube",(도번직결),도번직하위,
AJR73767812,5410A30279A,"Insulator,Tube",(도번직결),도번직하위,
AJR73767812,MJU62839201,"Tube,Connector",(도번직결),도번직하위,
AJR73767812,MJU62989901,"Tube,Connector",(도번직결),도번직하위,
AJR73767813,4A00114D,"Tube,Connector",AJR73767810-3-1,자동매핑,
AJR73767813,5210A22409A,"Tube,Connector",AJR73767810-3-1,자동매핑,
AJR73767813,MJU62816401,"Tube,Connector",(도번직결),도번직하위,
AJR73767813,MJU62834804,"Tube,Connector",AJR73767810-3-1,자동매핑,
AJR73767813,MJU62834901,"Tube,Connector",(도번직결),도번직하위,
AJR73767813,MJU62990002,"Tube,Connector",(도번직결),도번직하위,
AJR73767813,MJU63828504,"Tube,Connector",AJR73767810-3-1,자동매핑,
AJR73767813,MJX61841301,"Valve,Solenoid",(도번직결),도번직하위,
AJR73767814,5210A23376A,"Tube,Connector",(도번직결),도번직하위,
AJR73767814,EBD60663824,"Sensor,Pressure",(도번직결),도번직하위,
AJR73767814,EBF40271407,"Switch,Pressure",(도번직결),도번직하위,
AJR73767814,MJU62839601,"Tube,Connector",(도번직결),도번직하위,
AJR73767814,MJU62989803,"Tube,Connector",(도번직결),도번직하위,
AJR73767818,4A00114D,"Tube,Connector",AJR73767803-3-1,자동매핑,
AJR73767818,5210A22409A,"Tube,Connector",AJR73767803-3-1,자동매핑,
AJR73767818,5210A23376A,"Tube,Connector",(도번직결),도번직하위,
AJR73767818,5220A20039A,"Valve,Reverse",(도번직결),도번직하위,
AJR73767818,5224A20005A,Strainer,(도번직결),도번직하위,
AJR73767818,5410A21281E,"Insulator,Tube",(도번직결),도번직하위,
AJR73767818,5410A30055F,"Insulator,Tube",(도번직결),도번직하위,
AJR73767818,5410A30279A,"Insulator,Tube",(도번직결),도번직하위,
AJR73767818,6141A20010W,Solenoid,(도번직결),도번직하위,
AJR73767818,EBE60661407,Solenoid,(도번직결),도번직하위,
AJR73767818,EBF40271407,"Switch,Pressure",(도번직결),도번직하위,
AJR73767818,MJU62816401,"Tube,Connector",(도번직결),도번직하위,
AJR73767818,MJU62834804,"Tube,Connector",AJR73767803-3-1,자동매핑,
AJR73767818,MJU62834901,"Tube,Connector",(도번직결),도번직하위,
AJR73767818,MJU62839202,"Tube,Connector",(도번직결),도번직하위,
AJR73767818,MJU62839601,"Tube,Connector",(도번직결),도번직하위,
AJR73767818,MJU62989803,"Tube,Connector",(도번직결),도번직하위,
AJR73767818,MJU62989901,"Tube,Connector",(도번직결),도번직하위,
AJR73767818,MJU62990004,"Tube,Connector",(도번직결),도번직하위,
AJR73767818,MJU62990102,"Tube,Connector",(도번직결),도번직하위,
AJR73767818,MJU63828504,"Tube,Connector",AJR73767803-3-1,자동매핑,
AJR73767818,MJX61841301,"Valve,Solenoid",(도번직결),도번직하위,
AJR73767821,4010AR3071N,"Socket,Flare",(도번직결),도번직하위,
AJR73767821,4A00114D,"Tube,Connector",(도번직결),도번직하위,
AJR73767821,5210A22409A,"Tube,Connector",(도번직결),도번직하위,
AJR73767821,5210A23376A,"Tube,Connector",(도번직결),도번직하위,
AJR73767821,5220A20039A,"Valve,Reverse",(도번직결),도번직하위,
AJR73767821,5224A20005A,Strainer,(도번직결),도번직하위,
AJR73767821,5410A21281E,"Insulator,Tube",(도번직결),도번직하위,
AJR73767821,5410A30055F,"Insulator,Tube",(도번직결),도번직하위,
AJR73767821,5410A30279A,"Insulator,Tube",(도번직결),도번직하위,
AJR73767821,6141A20010W,Solenoid,(도번직결),도번직하위,
AJR73767821,EBD60663824,"Sensor,Pressure",(도번직결),도번직하위,
AJR73767821,EBE60661407,Solenoid,(도번직결),도번직하위,
AJR73767821,EBF40271407,"Switch,Pressure",(도번직결),도번직하위,
AJR73767821,MEV39836107,Insulator,(도번직결),도번직하위,
AJR73767821,MJU62096501,"Tube,Connector",(도번직결),도번직하위,
AJR73767821,MJU62816402,"Tube,Connector",(도번직결),도번직하위,
AJR73767821,MJU62834802,"Tube,Connector",(도번직결),도번직하위,
AJR73767821,MJU62839202,"Tube,Connector",(도번직결),도번직하위,
AJR73767821,MJU62839601,"Tube,Connector",(도번직결),도번직하위,
AJR73767821,MJU62839701,"Tube,Connector",(도번직결),도번직하위,
AJR73767821,MJU62989801,"Tube,Connector",(도번직결),도번직하위,
AJR73767821,MJU62989901,"Tube,Connector",(도번직결),도번직하위,
AJR73767821,MJU62990007,"Tube,Connector",(도번직결),도번직하위,
AJR73767821,MJU63616101,"Tube,Connector",(도번직결),도번직하위,
AJR73767821,MJU63616901,"Tube,Connector",(도번직결),도번직하위,
AJR73767821,MJU64468402,"Tube,Connector",(도번직결),도번직하위,
AJR73767821,MJX61841301,"Valve,Solenoid",(도번직결),도번직하위,
AJR73767821,RAC30599301,Solder Soldering,(도번직결),도번직하위,
AJR73768801,3H01582E,Tie,(도번직결),도번직하위,
AJR73768801,3H03659V,Strainer,(도번직결),도번직하위,
AJR73768801,5210A22409B,"Tube,Connector",(도번직결),도번직하위,
AJR73768801,5210A28001C,"Tube,Return Bending",(도번직결),도번직하위,
AJR73768801,MEG66660104,"Holder,Tubing",(도번직결),도번직하위,
AJR73768801,MJU62822001,"Tube,Capillary Bending",(도번직결),도번직하위,
AJR73768801,MJU62822002,"Tube,Capillary Bending",(도번직결),도번직하위,
AJR73768801,MJU62822003,"Tube,Capillary Bending",(도번직결),도번직하위,
AJR73768801,MJU62823101,"Tube,Distributor",(도번직결),도번직하위,
AJR73768801,MJU63073601,"Tube,Connector",(도번직결),도번직하위,
AJR73768801,MJU63073602,"Tube,Connector",(도번직결),도번직하위,
AJR73768803,3H01582E,Tie,(도번직결),도번직하위,
AJR73768803,5210A22409B,"Tube,Connector",(도번직결),도번직하위,
AJR73768803,5210A28001C,"Tube,Return Bending",(도번직결),도번직하위,
AJR73768803,5224A20002T,Strainer,(도번직결),도번직하위,
AJR73768803,MEG66660104,"Holder,Tubing",(도번직결),도번직하위,
AJR73768803,MJU62822001,"Tube,Capillary Bending",(도번직결),도번직하위,
AJR73768803,MJU62822002,"Tube,Capillary Bending",(도번직결),도번직하위,
AJR73768803,MJU62822003,"Tube,Capillary Bending",(도번직결),도번직하위,
AJR73768803,MJU63073602,"Tube,Connector",(도번직결),도번직하위,
AJR73768803,MJU63073605,"Tube,Connector",(도번직결),도번직하위,
AJR73768803,MJU63073606,"Tube,Connector",(도번직결),도번직하위,
AJR73768803,MJU63512501,"Tube,Distributor",(도번직결),도번직하위,
AJR73768805,3H01582E,Tie,(도번직결),도번직하위,
AJR73768805,3H03659V,Strainer,(도번직결),도번직하위,
AJR73768805,4930A20053B,"Holder,Sensor",(도번직결),도번직하위,
AJR73768805,5210A22409B,"Tube,Connector",(도번직결),도번직하위,
AJR73768805,5210A28001C,"Tube,Return Bending",(도번직결),도번직하위,
AJR73768805,MEG66660104,"Holder,Tubing",(도번직결),도번직하위,
AJR73768805,MJU62822001,"Tube,Capillary Bending",(도번직결),도번직하위,
AJR73768805,MJU62822002,"Tube,Capillary Bending",(도번직결),도번직하위,
AJR73768805,MJU62822003,"Tube,Capillary Bending",(도번직결),도번직하위,
AJR73768805,MJU62823101,"Tube,Distributor",(도번직결),도번직하위,
AJR73768805,MJU63073602,"Tube,Connector",(도번직결),도번직하위,
AJR73768805,MJU65029701,"Tube,Connector",(도번직결),도번직하위,
AJR73786307,3H01582E,Tie,(도번직결),도번직하위,
AJR73786307,4930A20053B,"Holder,Sensor",AFY73689501,자동매핑,
AJR73786307,5210A22409A,"Tube,Connector",(도번직결),도번직하위,
AJR73786307,5220AR3228W,"Valve,Reverse",(도번직결),도번직하위,
AJR73786307,AFY73689501,Muffler Assembly,(도번직결),도번직하위,
AJR73786307,EAP64467709,"Coil Assembly,Reverse",(도번직결),도번직하위,
AJR73786307,MEG66660106,"Holder,Tubing",(도번직결),도번직하위,
AJR73786307,MJU62841404,"Tube,Connector",(도번직결),도번직하위,
AJR73786307,MJU62841405,"Tube,Connector",(도번직결),도번직하위,
AJR73786307,MJU62841406,"Tube,Connector",(도번직결),도번직하위,
AJR73786401,5210A24677G,"Tube,Connector",(도번직결),도번직하위,
AJR73786401,5210A31939A,"Tube,Connector",(도번직결),도번직하위,
AJR73786401,MJU62841603,"Tube,Connector",(도번직결),도번직하위,
AJR73786401,MJU62841701,"Tube,Manifold",(도번직결),도번직하위,
AJR73786401,MJU62841702,"Tube,Manifold",(도번직결),도번직하위,
AJR73786408,5210A24677G,"Tube,Connector",(도번직결),도번직하위,
AJR73786408,5210A31939A,"Tube,Connector",(도번직결),도번직하위,
AJR73786408,MJU62841603,"Tube,Connector",(도번직결),도번직하위,
AJR73786408,MJU62841702,"Tube,Manifold",(도번직결),도번직하위,
AJR73786408,MJU62841709,"Tube,Manifold",(도번직결),도번직하위,
AJR73802904,3H02703Z,Insulator,(도번직결),도번직하위,
AJR73802904,4930A20053B,"Holder,Sensor",(도번직결),도번직하위,
AJR73802904,4930A30069A,"Holder,Sensor",(도번직결),도번직하위,
AJR73802904,5210A22409A,"Tube,Connector",(도번직결),도번직하위,
AJR73802904,5220A90003C,"Valve,Expansion Body",(도번직결),도번직하위,
AJR73802904,5224A20005H,Strainer,(도번직결),도번직하위,
AJR73802904,5224A20005X,Strainer,(도번직결),도번직하위,
AJR73802904,5410A28437J,Insulator,(도번직결),도번직하위,
AJR73802904,5410A30184N,Insulator,(도번직결),도번직하위,
AJR73802904,AJR72929208,"Tube Assembly,Connector",(도번직결),도번직하위,
AJR73802904,EAP30616911,"Coil,Expansion",(도번직결),도번직하위,
AJR73802904,MAZ61902401,Bracket,(도번직결),도번직하위,
AJR73802904,MAZ63333501,Bracket,(도번직결),도번직하위,
AJR73802904,MJU62817201,"Tube,Connector",(도번직결),도번직하위,
AJR73802904,MJU62817401,"Tube,Connector",(도번직결),도번직하위,
AJR73802904,MJU62821101,"Tube,Connector",(도번직결),도번직하위,
AJR73802904,MJU62835001,"Tube,Connector",(도번직결),도번직하위,
AJR73802904,MJU62835801,"Tube,Connector",(도번직결),도번직하위,
AJR73802904,MJU62835901,"Tube,Connector",(도번직결),도번직하위,
AJR73802904,MJU62836001,"Tube,Connector",(도번직결),도번직하위,
AJR73802904,MJU62846101,"Tube,Connector",(도번직결),도번직하위,
AJR73802904,MJU62866101,"Tube,Connector",(도번직결),도번직하위,
AJR73802904,MJU63007301,"Tube,Connector",(도번직결),도번직하위,
AJR73803001,3A00375A,"Socket,Flare",AJR73803001-SUB,자동매핑,
AJR73803001,3H01366D,Cap,(도번직결),도번직하위,
AJR73803001,4A00742F,"Nut,Common",(도번직결),도번직하위,
AJR73803001,5256A30003D,Muffler,(도번직결),도번직하위,
AJR73803001,5256A30003U,Muffler,(도번직결),도번직하위,
AJR73803001,MJU62866301,"Tube,Form",(도번직결),도번직하위,
AJR73803001,MJU62866401,"Tube,Connector",AJR73803001-SUB,자동매핑,
AJR73803002,3A00375D,"Socket,Flare",AJR73803002-SUB,자동매핑,
AJR73803002,3H01366A,Cap,(도번직결),도번직하위,
AJR73803002,5256A30003D,Muffler,(도번직결),도번직하위,
AJR73803002,5256A30003U,Muffler,(도번직결),도번직하위,
AJR73803002,AJR74944201,"Tube Assembly,Connector",(도번직결),도번직하위,
AJR73803002,MJU62866401,"Tube,Connector",(도번직결),도번직하위,
AJR73803002,MJU62866402,"Tube,Connector",AJR73803002-SUB,자동매핑,
AJR73804305,MEV64091522,Insulator,(도번직결),도번직하위,
AJR73804305,MJU62913103,"Tube,Connector",(도번직결),도번직하위,
AJR73804305,MJU62993607,"Tube,Connector",(도번직결),도번직하위,
AJR73804305,MJU62995505,"Tube,Manifold",(도번직결),도번직하위,
AJR73804305,MJU62995604,"Tube,Manifold",(도번직결),도번직하위,
AJR73822503,4H00006C,"Screw,Customized",(도번직결),도번직하위,
AJR73822503,4H01688S,"Clamp,Cord",(도번직결),도번직하위,
AJR73822503,5014A20009E,"Damper,Tube",(도번직결),도번직하위,
AJR73822503,AAB73250401,Accumulator Assembly,(도번직결),도번직하위,
AJR73822503,AJR36388508,"Tube Assembly,Suction(Ou",(도번직결),도번직하위,
AJR73822503,AJR36388601,"Tube Assembly,Expansion",(도번직결),도번직하위,
AJR73822503,AJR73944504,"Tube Assembly,Reverse",(도번직결),도번직하위,
AJR73822503,MEV42547702,Insulator,(도번직결),도번직하위,
AJR73822503,MEZ41343603,"Label,Caution",(도번직결),도번직하위,
AJR73822503,MJH39544901,Supporter,(도번직결),도번직하위,
AJR73822503,MJX65116801,"Valve,Service",(도번직결),도번직하위,
AJR73822503,MJX65117001,"Valve,Service",(도번직결),도번직하위,
AJR73822504,3H01582A,Tie,(도번직결),도번직하위,
AJR73822504,3H01582E,Tie,AJR73944505,자동매핑,
AJR73822504,4H01688S,"Clamp,Cord",AJR73822504-SUB,자동매핑,
AJR73822504,5014A30001C,"Damper,Tube",(도번직결),도번직하위,
AJR73822504,5014A30014S,"Damper,Tube",(도번직결),도번직하위,
AJR73822504,AAB73250401,Accumulator Assembly,(도번직결),도번직하위,
AJR73822504,AJR36388509,"Tube Assembly,Suction(Ou",(도번직결),도번직하위,
AJR73822504,AJR36388606,"Tube Assembly,Expansion",(도번직결),도번직하위,
AJR73822504,AJR73944505,"Tube Assembly,Reverse",(도번직결),도번직하위,
AJR73822504,EAD62115301,"Drawing,Assembly",(도번직결),도번직하위,
AJR73822504,EAP30616906,"Coil,Expansion",AJR73944505,자동매핑,
AJR73822504,MCQ66969701,"Damper,Tube",(도번직결),도번직하위,
AJR73822504,MEG66660103,"Holder,Tubing",(도번직결),도번직하위,
AJR73822504,MEG66660106,"Holder,Tubing",AJR73944505,자동매핑,
AJR73822504,MEZ41343601,"Label,Caution",(도번직결),도번직하위,
AJR73822504,MJH39544901,Supporter,AJR73822504-SUB,자동매핑,
AJR73822504,MJX65116801,"Valve,Service",AJR73822504-SUB,자동매핑,
AJR73822504,MJX65117001,"Valve,Service",AJR73822504-SUB,자동매핑,
AJR73822506,3H01582A,Tie,(도번직결),도번직하위,
AJR73822506,3H01582E,Tie,AJR73944506,자동매핑,
AJR73822506,4H01688S,"Clamp,Cord",AJR73822506-SUB,자동매핑,
AJR73822506,5014A20009E,"Damper,Tube",(도번직결),도번직하위,
AJR73822506,5014A30001C,"Damper,Tube",(도번직결),도번직하위,
AJR73822506,5014A30014S,"Damper,Tube",(도번직결),도번직하위,
AJR73822506,AAB73250401,Accumulator Assembly,(도번직결),도번직하위,
AJR73822506,AJR36388509,"Tube Assembly,Suction(Ou",(도번직결),도번직하위,
AJR73822506,AJR36388606,"Tube Assembly,Expansion",(도번직결),도번직하위,
AJR73822506,AJR73944506,"Tube Assembly,Reverse",(도번직결),도번직하위,
AJR73822506,EAD62115301,"Drawing,Assembly",(도번직결),도번직하위,
AJR73822506,EAP30616906,"Coil,Expansion",(도번직결),도번직하위,
AJR73822506,MCQ66969701,"Damper,Tube",(도번직결),도번직하위,
AJR73822506,MEG66660103,"Holder,Tubing",(도번직결),도번직하위,
AJR73822506,MEG66660106,"Holder,Tubing",AJR73944506,자동매핑,
AJR73822506,MEZ41343601,"Label,Caution",(도번직결),도번직하위,
AJR73822506,MJH39544901,Supporter,AJR73822506-SUB,자동매핑,
AJR73822506,MJX65116801,"Valve,Service",AJR73822506-SUB,자동매핑,
AJR73822506,MJX65117001,"Valve,Service",AJR73822506-SUB,자동매핑,
AJR73822507,3H01582A,Tie,(도번직결),도번직하위,
AJR73822507,3H01582E,Tie,(도번직결),도번직하위,
AJR73822507,4H01688S,"Clamp,Cord",AJR73822507-SUB,자동매핑,
AJR73822507,5014A30001C,"Damper,Tube",(도번직결),도번직하위,
AJR73822507,5014A30014B,"Damper,Tube",(도번직결),도번직하위,
AJR73822507,AAB73250401,Accumulator Assembly,(도번직결),도번직하위,
AJR73822507,AJR36388510,"Tube Assembly,Suction(Ou",(도번직결),도번직하위,
AJR73822507,AJR36388606,"Tube Assembly,Expansion",(도번직결),도번직하위,
AJR73822507,AJR73944507,"Tube Assembly,Reverse",(도번직결),도번직하위,
AJR73822507,EAD62115301,"Drawing,Assembly",(도번직결),도번직하위,
AJR73822507,EAP62228706,"Coil,Expansion",(도번직결),도번직하위,
AJR73822507,EBE61441605,Solenoid,(도번직결),도번직하위,
AJR73822507,MCQ66969701,"Damper,Tube",(도번직결),도번직하위,
AJR73822507,MEG66660103,"Holder,Tubing",(도번직결),도번직하위,
AJR73822507,MEG66660106,"Holder,Tubing",(도번직결),도번직하위,
AJR73822507,MEZ41343601,"Label,Caution",(도번직결),도번직하위,
AJR73822507,MJH39544901,Supporter,AJR73822507-SUB,자동매핑,
AJR73822507,MJX65116801,"Valve,Service",AJR73822507-SUB,자동매핑,
AJR73822509,3H01582A,Tie,(도번직결),도번직하위,
AJR73822509,3H01582E,Tie,AJR73944509,자동매핑,
AJR73822509,4H01688S,"Clamp,Cord",(도번직결),도번직하위,
AJR73822509,5014A30001C,"Damper,Tube",(도번직결),도번직하위,
AJR73822509,5014A30014S,"Damper,Tube",(도번직결),도번직하위,
AJR73822509,AAB73250401,Accumulator Assembly,(도번직결),도번직하위,
AJR73822509,AJR36388509,"Tube Assembly,Suction(Ou",(도번직결),도번직하위,
AJR73822509,AJR36388606,"Tube Assembly,Expansion",(도번직결),도번직하위,
AJR73822509,AJR73944509,"Tube Assembly,Reverse",(도번직결),도번직하위,
AJR73822509,EAD62115301,"Drawing,Assembly",(도번직결),도번직하위,
AJR73822509,EAP30616906,"Coil,Expansion",(도번직결),도번직하위,
AJR73822509,MCQ66969701,"Damper,Tube",(도번직결),도번직하위,
AJR73822509,MEG66660103,"Holder,Tubing",(도번직결),도번직하위,
AJR73822509,MEG66660106,"Holder,Tubing",AJR73944509,자동매핑,
AJR73822509,MEZ41343601,"Label,Caution",(도번직결),도번직하위,
AJR73822509,MJH39544901,Supporter,(도번직결),도번직하위,
AJR73822509,MJX65116801,"Valve,Service",(도번직결),도번직하위,
AJR73822509,MJX65117001,"Valve,Service",(도번직결),도번직하위,
AJR73822509,MKW30000002,"Plug,Fusible",(도번직결),도번직하위,
AJR73822512,3H01582A,Tie,AJR73944511,자동매핑,
AJR73822512,3H01582E,Tie,(도번직결),도번직하위,
AJR73822512,4930A20053B,"Holder,Sensor",(도번직결),도번직하위,
AJR73822512,4H01688S,"Clamp,Cord",(도번직결),도번직하위,
AJR73822512,5014A20009E,"Damper,Tube",(도번직결),도번직하위,
AJR73822512,5014A30001C,"Damper,Tube",(도번직결),도번직하위,
AJR73822512,5210A22409A,"Tube,Connector",(도번직결),도번직하위,
AJR73822512,5410A21281A,"Insulator,Tube",(도번직결),도번직하위,
AJR73822512,5410A30055D,"Insulator,Tube",(도번직결),도번직하위,
AJR73822512,5410A30055Z,"Insulator,Tube",(도번직결),도번직하위,
AJR73822512,AAB35754002,Accumulator Assembly,(도번직결),도번직하위,
AJR73822512,AJR36388606,"Tube Assembly,Expansion",(도번직결),도번직하위,
AJR73822512,AJR73944511,"Tube Assembly,Reverse",(도번직결),도번직하위,
AJR73822512,EAD62115301,"Drawing,Assembly",(도번직결),도번직하위,
AJR73822512,MCQ66969701,"Damper,Tube",(도번직결),도번직하위,
AJR73822512,MEZ41343603,"Label,Caution",(도번직결),도번직하위,
AJR73822512,MJH39544901,Supporter,(도번직결),도번직하위,
AJR73822512,MJU41942210,"Tube,Suction",(도번직결),도번직하위,
AJR73822513,3H01582A,Tie,(도번직결),도번직하위,
AJR73822513,3H01582E,Tie,(도번직결),도번직하위,
AJR73822513,4930A20053B,"Holder,Sensor",(도번직결),도번직하위,
AJR73822513,5014A20009B,"Damper,Tube",(도번직결),도번직하위,
AJR73822513,5014A30001C,"Damper,Tube",(도번직결),도번직하위,
AJR73822513,5014A30014S,"Damper,Tube",(도번직결),도번직하위,
AJR73822513,5210A22409A,"Tube,Connector",(도번직결),도번직하위,
AJR73822513,AAB35754002,Accumulator Assembly,(도번직결),도번직하위,
AJR73822513,AJR73944514,"Tube Assembly,Reverse",(도번직결),도번직하위,
AJR73822513,EAD62115301,"Drawing,Assembly",(도번직결),도번직하위,
AJR73822513,MCQ66969701,"Damper,Tube",(도번직결),도번직하위,
AJR73822513,MEG66660104,"Holder,Tubing",(도번직결),도번직하위,
AJR73822513,MEG66660106,"Holder,Tubing",(도번직결),도번직하위,
AJR73822513,MJU41942211,"Tube,Suction",(도번직결),도번직하위,
AJR73822515,3H01582A,Tie,(도번직결),도번직하위,
AJR73822515,3H01582E,Tie,(도번직결),도번직하위,
AJR73822515,4H00006C,"Screw,Customized",AJR73822515-SUB,자동매핑,
AJR73822515,4H01688S,"Clamp,Cord",AJR73822515-SUB,자동매핑,
AJR73822515,AAB73250401,Accumulator Assembly,(도번직결),도번직하위,
AJR73822515,AJR36388510,"Tube Assembly,Suction(Ou",(도번직결),도번직하위,
AJR73822515,AJR36388606,"Tube Assembly,Expansion",(도번직결),도번직하위,
AJR73822515,AJR73944512,"Tube Assembly,Reverse",(도번직결),도번직하위,
AJR73822515,EAD62115301,"Drawing,Assembly",(도번직결),도번직하위,
AJR73822515,EAP62228706,"Coil,Expansion",(도번직결),도번직하위,
AJR73822515,EBE61441605,Solenoid,(도번직결),도번직하위,
AJR73822515,MCQ66969701,"Damper,Tube",(도번직결),도번직하위,
AJR73822515,MEG66660103,"Holder,Tubing",(도번직결),도번직하위,
AJR73822515,MEG66660106,"Holder,Tubing",(도번직결),도번직하위,
AJR73822515,MEZ41343613,"Label,Caution",(도번직결),도번직하위,
AJR73822515,MJH39544901,Supporter,AJR73822515-SUB,자동매핑,
AJR73822516,3H01582A,Tie,(도번직결),도번직하위,
AJR73822516,3H01582E,Tie,(도번직결),도번직하위,
AJR73822516,4H01688S,"Clamp,Cord",AJR73822516-SUB,자동매핑,
AJR73822516,AAB73250401,Accumulator Assembly,(도번직결),도번직하위,
AJR73822516,AJR36388510,"Tube Assembly,Suction(Ou",(도번직결),도번직하위,
AJR73822516,AJR36388606,"Tube Assembly,Expansion",(도번직결),도번직하위,
AJR73822516,AJR73944513,"Tube Assembly,Reverse",(도번직결),도번직하위,
AJR73822516,EAD62115301,"Drawing,Assembly",(도번직결),도번직하위,
AJR73822516,EAP62228706,"Coil,Expansion",(도번직결),도번직하위,
AJR73822516,EBE61441605,Solenoid,(도번직결),도번직하위,
AJR73822516,MCQ66969701,"Damper,Tube",(도번직결),도번직하위,
AJR73822516,MEG66660103,"Holder,Tubing",(도번직결),도번직하위,
AJR73822516,MEG66660106,"Holder,Tubing",(도번직결),도번직하위,
AJR73822516,MEZ41343601,"Label,Caution",(도번직결),도번직하위,
AJR73822516,MJH39544901,Supporter,AJR73822516-SUB,자동매핑,
AJR73822520,3H01582A,Tie,(도번직결),도번직하위,
AJR73822520,3H01582E,Tie,(도번직결),도번직하위,
AJR73822520,4930A20053B,"Holder,Sensor",(도번직결),도번직하위,
AJR73822520,4H01688S,"Clamp,Cord",(도번직결),도번직하위,
AJR73822520,5014A20009E,"Damper,Tube",(도번직결),도번직하위,
AJR73822520,5014A30001C,"Damper,Tube",(도번직결),도번직하위,
AJR73822520,5210A22409A,"Tube,Connector",(도번직결),도번직하위,
AJR73822520,5410A21281A,"Insulator,Tube",(도번직결),도번직하위,
AJR73822520,5410A30055Z,"Insulator,Tube",(도번직결),도번직하위,
AJR73822520,AAB35754002,Accumulator Assembly,(도번직결),도번직하위,
AJR73822520,AJR36388606,"Tube Assembly,Expansion",(도번직결),도번직하위,
AJR73822520,AJR73944516,"Tube Assembly,Reverse",(도번직결),도번직하위,
AJR73822520,EAD62115301,"Drawing,Assembly",(도번직결),도번직하위,
AJR73822520,EAP30616906,"Coil,Expansion",(도번직결),도번직하위,
AJR73822520,MCQ66969701,"Damper,Tube",(도번직결),도번직하위,
AJR73822520,MEZ41343601,"Label,Caution",(도번직결),도번직하위,
AJR73822520,MJH39544901,Supporter,(도번직결),도번직하위,
AJR73822520,MJU41942210,"Tube,Suction",(도번직결),도번직하위,
AJR73822520,MJX65116801,"Valve,Service",(도번직결),도번직하위,
AJR73822522,3H01582A,Tie,AJR73944511,자동매핑,
AJR73822522,3H01582E,Tie,(도번직결),도번직하위,
AJR73822522,4930A20053B,"Holder,Sensor",(도번직결),도번직하위,
AJR73822522,4H01688S,"Clamp,Cord",(도번직결),도번직하위,
AJR73822522,5014A20009E,"Damper,Tube",(도번직결),도번직하위,
AJR73822522,5014A30001C,"Damper,Tube",(도번직결),도번직하위,
AJR73822522,5210A22409A,"Tube,Connector",(도번직결),도번직하위,
AJR73822522,5410A21281A,"Insulator,Tube",(도번직결),도번직하위,
AJR73822522,5410A30055D,"Insulator,Tube",(도번직결),도번직하위,
AJR73822522,5410A30055Z,"Insulator,Tube",(도번직결),도번직하위,
AJR73822522,AAB35754002,Accumulator Assembly,(도번직결),도번직하위,
AJR73822522,AJR36388606,"Tube Assembly,Expansion",(도번직결),도번직하위,
AJR73822522,AJR73944511,"Tube Assembly,Reverse",(도번직결),도번직하위,
AJR73822522,EAD62115301,"Drawing,Assembly",(도번직결),도번직하위,
AJR73822522,EAP30616906,"Coil,Expansion",(도번직결),도번직하위,
AJR73822522,MCQ66969701,"Damper,Tube",(도번직결),도번직하위,
AJR73822522,MEZ41343601,"Label,Caution",(도번직결),도번직하위,
AJR73822522,MJH39544901,Supporter,(도번직결),도번직하위,
AJR73822522,MJU41942210,"Tube,Suction",(도번직결),도번직하위,
AJR73822523,3H01582A,Tie,AJR73944511,자동매핑,
AJR73822523,3H01582E,Tie,(도번직결),도번직하위,
AJR73822523,4930A20053B,"Holder,Sensor",(도번직결),도번직하위,
AJR73822523,4H01688S,"Clamp,Cord",(도번직결),도번직하위,
AJR73822523,5014A20009B,"Damper,Tube",(도번직결),도번직하위,
AJR73822523,5014A20009E,"Damper,Tube",(도번직결),도번직하위,
AJR73822523,5014A30001C,"Damper,Tube",(도번직결),도번직하위,
AJR73822523,5210A22409A,"Tube,Connector",(도번직결),도번직하위,
AJR73822523,5410A21281A,"Insulator,Tube",(도번직결),도번직하위,
AJR73822523,5410A30055D,"Insulator,Tube",(도번직결),도번직하위,
AJR73822523,5410A30055Z,"Insulator,Tube",(도번직결),도번직하위,
AJR73822523,AAB35754002,Accumulator Assembly,(도번직결),도번직하위,
AJR73822523,AJR36388606,"Tube Assembly,Expansion",(도번직결),도번직하위,
AJR73822523,AJR73944511,"Tube Assembly,Reverse",(도번직결),도번직하위,
AJR73822523,EAD62115301,"Drawing,Assembly",(도번직결),도번직하위,
AJR73822523,MCQ66969701,"Damper,Tube",(도번직결),도번직하위,
AJR73822523,MEV39836107,Insulator,(도번직결),도번직하위,
AJR73822523,MEZ41343601,"Label,Caution",(도번직결),도번직하위,
AJR73822523,MJH39544901,Supporter,(도번직결),도번직하위,
AJR73822523,MJU41942214,"Tube,Suction",(도번직결),도번직하위,
AJR73822523,MJX65116801,"Valve,Service",(도번직결),도번직하위,
AJR73822523,MJX65117001,"Valve,Service",(도번직결),도번직하위,
AJR73822528,3H01582A,Tie,(도번직결),도번직하위,
AJR73822528,3H01582E,Tie,AJR73944505,자동매핑,
AJR73822528,4H01688S,"Clamp,Cord",AJR73822528-SUB,자동매핑,
AJR73822528,5014A30014S,"Damper,Tube",(도번직결),도번직하위,
AJR73822528,AAB73250401,Accumulator Assembly,(도번직결),도번직하위,
AJR73822528,AJR36388509,"Tube Assembly,Suction(Ou",(도번직결),도번직하위,
AJR73822528,AJR36388606,"Tube Assembly,Expansion",(도번직결),도번직하위,
AJR73822528,AJR73944505,"Tube Assembly,Reverse",(도번직결),도번직하위,
AJR73822528,EAD62115301,"Drawing,Assembly",(도번직결),도번직하위,
AJR73822528,EAP30616906,"Coil,Expansion",AJR73944505,자동매핑,
AJR73822528,MCQ66969701,"Damper,Tube",(도번직결),도번직하위,
AJR73822528,MEG66660103,"Holder,Tubing",(도번직결),도번직하위,
AJR73822528,MEG66660106,"Holder,Tubing",AJR73944505,자동매핑,
AJR73822528,MEZ41343607,"Label,Caution",(도번직결),도번직하위,
AJR73822528,MJH39544901,Supporter,AJR73822528-SUB,자동매핑,
AJR73822528,MJX65116801,"Valve,Service",AJR73822528-SUB,자동매핑,
AJR73822528,MJX65117001,"Valve,Service",AJR73822528-SUB,자동매핑,
AJR73822529,3H01582A,Tie,(도번직결),도번직하위,
AJR73822529,3H01582E,Tie,AJR73944506,자동매핑,
AJR73822529,4H01688S,"Clamp,Cord",(도번직결),도번직하위,
AJR73822529,5014A20009E,"Damper,Tube",(도번직결),도번직하위,
AJR73822529,5014A30001C,"Damper,Tube",(도번직결),도번직하위,
AJR73822529,5014A30014S,"Damper,Tube",(도번직결),도번직하위,
AJR73822529,5410A21281A,"Insulator,Tube",(도번직결),도번직하위,
AJR73822529,5410A30055D,"Insulator,Tube",(도번직결),도번직하위,
AJR73822529,5410A30055Z,"Insulator,Tube",(도번직결),도번직하위,
AJR73822529,AAB73250401,Accumulator Assembly,(도번직결),도번직하위,
AJR73822529,AJR36388509,"Tube Assembly,Suction(Ou",(도번직결),도번직하위,
AJR73822529,AJR36388606,"Tube Assembly,Expansion",(도번직결),도번직하위,
AJR73822529,AJR73944506,"Tube Assembly,Reverse",(도번직결),도번직하위,
AJR73822529,EAD62115301,"Drawing,Assembly",(도번직결),도번직하위,
AJR73822529,EAP30616906,"Coil,Expansion",(도번직결),도번직하위,
AJR73822529,MCQ66969701,"Damper,Tube",(도번직결),도번직하위,
AJR73822529,MEZ41343607,"Label,Caution",(도번직결),도번직하위,
AJR73822529,MJH39544901,Supporter,(도번직결),도번직하위,
AJR73822529,MJX65116801,"Valve,Service",(도번직결),도번직하위,
AJR73822529,MJX65117001,"Valve,Service",(도번직결),도번직하위,
AJR73822530,3H01582A,Tie,(도번직결),도번직하위,
AJR73822530,3H01582E,Tie,(도번직결),도번직하위,
AJR73822530,4H01688S,"Clamp,Cord",(도번직결),도번직하위,
AJR73822530,5410A21281A,"Insulator,Tube",(도번직결),도번직하위,
AJR73822530,5410A30055D,"Insulator,Tube",(도번직결),도번직하위,
AJR73822530,5410A30055P,"Insulator,Tube",(도번직결),도번직하위,
AJR73822530,5410A30055Z,"Insulator,Tube",(도번직결),도번직하위,
AJR73822530,AAB73250401,Accumulator Assembly,(도번직결),도번직하위,
AJR73822530,AJR36388510,"Tube Assembly,Suction(Ou",(도번직결),도번직하위,
AJR73822530,AJR36388606,"Tube Assembly,Expansion",(도번직결),도번직하위,
AJR73822530,AJR73944512,"Tube Assembly,Reverse",(도번직결),도번직하위,
AJR73822530,EAD62115301,"Drawing,Assembly",(도번직결),도번직하위,
AJR73822530,MCQ66969701,"Damper,Tube",(도번직결),도번직하위,
AJR73822530,MEV55008105,"Insulator,Tube",(도번직결),도번직하위,
AJR73822530,MEZ41343607,"Label,Caution",(도번직결),도번직하위,
AJR73822530,MJH39544901,Supporter,(도번직결),도번직하위,
AJR73822536,3H01582A,Tie,(도번직결),도번직하위,
AJR73822536,3H01582E,Tie,AJR73944505,자동매핑,
AJR73822536,4H01688S,"Clamp,Cord",AJR73822536-SUB,자동매핑,
AJR73822536,5014A30001C,"Damper,Tube",(도번직결),도번직하위,
AJR73822536,5014A30014S,"Damper,Tube",(도번직결),도번직하위,
AJR73822536,AAB73250401,Accumulator Assembly,(도번직결),도번직하위,
AJR73822536,AJR36388509,"Tube Assembly,Suction(Ou",(도번직결),도번직하위,
AJR73822536,AJR36388606,"Tube Assembly,Expansion",(도번직결),도번직하위,
AJR73822536,AJR73944505,"Tube Assembly,Reverse",(도번직결),도번직하위,
AJR73822536,EAD62115301,"Drawing,Assembly",(도번직결),도번직하위,
AJR73822536,EAP30616906,"Coil,Expansion",AJR73944505,자동매핑,
AJR73822536,MCQ66969701,"Damper,Tube",(도번직결),도번직하위,
AJR73822536,MEG66660103,"Holder,Tubing",(도번직결),도번직하위,
AJR73822536,MEG66660106,"Holder,Tubing",AJR73944505,자동매핑,
AJR73822536,MEZ41343614,"Label,Caution",(도번직결),도번직하위,
AJR73822536,MJH39544901,Supporter,AJR73822536-SUB,자동매핑,
AJR73822536,MJX65116801,"Valve,Service",AJR73822536-SUB,자동매핑,
AJR73822536,MJX65117001,"Valve,Service",AJR73822536-SUB,자동매핑,
AJR73822538,3H01582A,Tie,(도번직결),도번직하위,
AJR73822538,3H01582E,Tie,AJR73944520,자동매핑,
AJR73822538,4930A20053B,"Holder,Sensor",(도번직결),도번직하위,
AJR73822538,4H01688S,"Clamp,Cord",AJR73822538-SUB,자동매핑,
AJR73822538,5014A20009B,"Damper,Tube",(도번직결),도번직하위,
AJR73822538,5014A20009E,"Damper,Tube",(도번직결),도번직하위,
AJR73822538,5210A22409A,"Tube,Connector",(도번직결),도번직하위,
AJR73822538,AAB35754002,Accumulator Assembly,(도번직결),도번직하위,
AJR73822538,AJR36388615,"Tube Assembly,Expansion",(도번직결),도번직하위,
AJR73822538,AJR73944520,"Tube Assembly,Reverse",(도번직결),도번직하위,
AJR73822538,EAD62115301,"Drawing,Assembly",(도번직결),도번직하위,
AJR73822538,MCQ66969701,"Damper,Tube",(도번직결),도번직하위,
AJR73822538,MEG66660103,"Holder,Tubing",(도번직결),도번직하위,
AJR73822538,MEG66660106,"Holder,Tubing",AJR73944520,자동매핑,
AJR73822538,MEV39836107,Insulator,(도번직결),도번직하위,
AJR73822538,MEZ41343601,"Label,Caution",(도번직결),도번직하위,
AJR73822538,MJH39544901,Supporter,AJR73822538-SUB,자동매핑,
AJR73822538,MJU41942218,"Tube,Suction",(도번직결),도번직하위,
AJR73822538,MJX65116801,"Valve,Service",AJR73822538-SUB,자동매핑,
AJR73822538,MJX65117001,"Valve,Service",AJR73822538-SUB,자동매핑,
AJR73822540,3H01582A,Tie,(도번직결),도번직하위,
AJR73822540,3H01582E,Tie,(도번직결),도번직하위,
AJR73822540,4930A20053B,"Holder,Sensor",(도번직결),도번직하위,
AJR73822540,4H01688S,"Clamp,Cord",AJR73822540-SUB,자동매핑,
AJR73822540,5014A20009B,"Damper,Tube",(도번직결),도번직하위,
AJR73822540,5014A20009E,"Damper,Tube",(도번직결),도번직하위,
AJR73822540,5210A22409A,"Tube,Connector",(도번직결),도번직하위,
AJR73822540,AAB35754002,Accumulator Assembly,(도번직결),도번직하위,
AJR73822540,AJR36388615,"Tube Assembly,Expansion",(도번직결),도번직하위,
AJR73822540,AJR73944519,"Tube Assembly,Reverse",(도번직결),도번직하위,
AJR73822540,EAP64467707,"Coil Assembly,Reverse",(도번직결),도번직하위,
AJR73822540,MCQ69127301,"Damper,Rubber",(도번직결),도번직하위,
AJR73822540,MEG66660102,"Holder,Tubing",(도번직결),도번직하위,
AJR73822540,MEG66660106,"Holder,Tubing",(도번직결),도번직하위,
AJR73822540,MEZ41343618,"Label,Caution",(도번직결),도번직하위,
AJR73822540,MJH39544901,Supporter,AJR73822540-SUB,자동매핑,
AJR73822540,MJX65116801,"Valve,Service",AJR73822540-SUB,자동매핑,
AJR73822540,MJX65117001,"Valve,Service",AJR73822540-SUB,자동매핑,
AJR73822601,4H01281C,"Tube,Pinch Off",(도번직결),도번직하위,
AJR73822601,MJU62822901,"Tube,Connector",(도번직결),도번직하위,
AJR73822601,MJU62846713,"Tube,Connector",(도번직결),도번직하위,
AJR73822601,MJU62927101,"Tube,Capillary Bending",(도번직결),도번직하위,
AJR73823002,4H00901F,"Tube,Connector",(도번직결),도번직하위,
AJR73823002,5224A20002F,Strainer,(도번직결),도번직하위,
AJR73823002,MJU30514502,"Tube,Coupling",(도번직결),도번직하위,
AJR73823002,MJU63003502,"Tube,Connector",(도번직결),도번직하위,
AJR73823002,MJU63003601,"Tube,Connector",(도번직결),도번직하위,
AJR73823002,MJU63003603,"Tube,Connector",(도번직결),도번직하위,
AJR73823002,MJU63003604,"Tube,Connector",(도번직결),도번직하위,
AJR73824601,MJU41625901,"Tube,Connector",(도번직결),도번직하위,
AJR73824601,MJU41625903,"Tube,Connector",(도번직결),도번직하위,
AJR73824601,MJU41625904,"Tube,Connector",(도번직결),도번직하위,
AJR73824601,MJU61884401,"Tube,Connector",(도번직결),도번직하위,
AJR73824601,MJU61884402,"Tube,Connector",(도번직결),도번직하위,
AJR73824601,MJU62868602,"Tube,Connector",(도번직결),도번직하위,
AJR73882506,5210A22409A,"Tube,Connector",(도번직결),도번직하위,
AJR73882506,5210A22409B,"Tube,Connector",(도번직결),도번직하위,
AJR73882506,5410A30279A,"Insulator,Tube",(도번직결),도번직하위,
AJR73882506,5410A30279F,"Insulator,Tube",(도번직결),도번직하위,
AJR73882506,MJU62971201,"Tube,Connector",(도번직결),도번직하위,
AJR73882506,MJU62971802,"Tube,Connector",(도번직결),도번직하위,
AJR73882506,MJU63076102,"Tube,Connector",(도번직결),도번직하위,
AJR73882506,MJU63076202,"Tube,Connector",(도번직결),도번직하위,
AJR73882506,MJU63146302,"Tube,Connector",(도번직결),도번직하위,
AJR73882506,MJU63308302,"Tube,Connector",(도번직결),도번직하위,
AJR73882506,MJU63329001,"Tube,Connector",(도번직결),도번직하위,
AJR73882506,MJU63329101,"Tube,Connector",(도번직결),도번직하위,
AJR73882506,MJU64087701,"Tube,Connector",(도번직결),도번직하위,
AJR73882506,MJU64087801,"Tube,Connector",(도번직결),도번직하위,
AJR73882506,MJU64088001,"Tube,Connector",(도번직결),도번직하위,
AJR73882506,MJX62771704,"Valve,Check",(도번직결),도번직하위,
AJR73882508,5210A22409A,"Tube,Connector",(도번직결),도번직하위,
AJR73882508,5210A22409B,"Tube,Connector",(도번직결),도번직하위,
AJR73882508,5210A23089A,"Tube,Pinch Off",(도번직결),도번직하위,
AJR73882508,5410A30279A,"Insulator,Tube",(도번직결),도번직하위,
AJR73882508,5410A30279F,"Insulator,Tube",(도번직결),도번직하위,
AJR73882508,MJU62971201,"Tube,Connector",(도번직결),도번직하위,
AJR73882508,MJU62971802,"Tube,Connector",(도번직결),도번직하위,
AJR73882508,MJU63076102,"Tube,Connector",(도번직결),도번직하위,
AJR73882508,MJU63076202,"Tube,Connector",(도번직결),도번직하위,
AJR73882508,MJU63146302,"Tube,Connector",(도번직결),도번직하위,
AJR73882508,MJU63308302,"Tube,Connector",(도번직결),도번직하위,
AJR73882508,MJU63329001,"Tube,Connector",(도번직결),도번직하위,
AJR73882508,MJU63329101,"Tube,Connector",(도번직결),도번직하위,
AJR73882508,MJU64087702,"Tube,Connector",(도번직결),도번직하위,
AJR73882508,MJU64087802,"Tube,Connector",(도번직결),도번직하위,
AJR73882508,MJU64088001,"Tube,Connector",(도번직결),도번직하위,
AJR73882508,MJX62771704,"Valve,Check",(도번직결),도번직하위,
AJR73903407,3H01582A,Tie,(도번직결),도번직하위,
AJR73903407,4A00742B,"Nut,Flare",(도번직결),도번직하위,
AJR73903407,5006AR4091D,Cap,(도번직결),도번직하위,
AJR73903407,5210A21605T,"Tube,Connector",(도번직결),도번직하위,
AJR73903407,5210A21605U,"Tube,Connector",(도번직결),도번직하위,
AJR73903407,5210A22409B,"Tube,Connector",(도번직결),도번직하위,
AJR73903407,MEV37586030,"Insulator,Tube",(도번직결),도번직하위,
AJR73903407,MJU62911506,"Tube,Manifold",(도번직결),도번직하위,
AJR73903407,RAC30599327,Solder Soldering,(도번직결),도번직하위,
AJR73909401,3H01582E,Tie,(도번직결),도번직하위,
AJR73909401,4930A20053B,"Holder,Sensor",(도번직결),도번직하위,
AJR73909401,5014A20009D,"Damper,Tube",(도번직결),도번직하위,
AJR73909401,5210A22409A,"Tube,Connector",(도번직결),도번직하위,
AJR73909401,MEV64478901,Insulator,(도번직결),도번직하위,
AJR73909401,MJU63107601,"Tube,Connector",(도번직결),도번직하위,
AJR73909702,1SZZA20001L,"Screw,Customized",(도번직결),도번직하위,
AJR73909702,3H01582E,Tie,(도번직결),도번직하위,
AJR73909702,3H03659N,Strainer,(도번직결),도번직하위,
AJR73909702,5220A30004A,"Valve,Check",(도번직결),도번직하위,
AJR73909702,5220A90003C,"Valve,Expansion Body",(도번직결),도번직하위,
AJR73909702,AJR74004701,"Tube Assembly,Connector",(도번직결),도번직하위,
AJR73909702,AJU36719715,Valve Assembly,(도번직결),도번직하위,
AJR73909702,EAP30616911,"Coil,Expansion",(도번직결),도번직하위,
AJR73909702,EBE61441606,Solenoid,(도번직결),도번직하위,
AJR73909702,EBG61585801,"Thermistor Assembly,NTC",(도번직결),도번직하위,
AJR73909702,MAZ63420101,Bracket,(도번직결),도번직하위,
AJR73909702,MAZ63420201,Bracket,(도번직결),도번직하위,
AJR73909702,MAZ63420202,Bracket,(도번직결),도번직하위,
AJR73909702,MDE62021803,"Exchanger,Plate",(도번직결),도번직하위,
AJR73909702,MEG66660102,"Holder,Tubing",(도번직결),도번직하위,
AJR73909702,MEV64160423,Insulator,(도번직결),도번직하위,
AJR73909702,MJU63040801,"Tube,Connector",(도번직결),도번직하위,
AJR73909702,MJU63040902,"Tube,Connector",(도번직결),도번직하위,
AJR73909702,MJU63059501,"Tube,Connector",(도번직결),도번직하위,
AJR73909702,MJU63059502,"Tube,Connector",(도번직결),도번직하위,
AJR73909702,MJU63059503,"Tube,Connector",(도번직결),도번직하위,
AJR73909702,MJU63059506,"Tube,Connector",(도번직결),도번직하위,
AJR73909702,MJU63059901,"Tube,Connector",(도번직결),도번직하위,
AJR73909702,MJU63160502,"Tube,Connector",(도번직결),도번직하위,
AJR73909702,MJU63160503,"Tube,Connector",(도번직결),도번직하위,
AJR73909702,MJU63160504,"Tube,Connector",(도번직결),도번직하위,
AJR73909702,MJX61841306,"Valve,Solenoid",(도번직결),도번직하위,
AJR73909702,RAC30599301,Solder Soldering,(도번직결),도번직하위,
AJR73915505,4H00363B,"Damper,Tube",(도번직결),도번직하위,
AJR73915505,5014A20009A,"Damper,Tube",(도번직결),도번직하위,
AJR73915505,5014A20009C,"Damper,Tube",(도번직결),도번직하위,
AJR73915505,5210A22409B,"Tube,Connector",AJR73915505-S3-1,자동매핑,
AJR73915505,5220A30004A,"Valve,Check",AJR73915505-S3-3,자동매핑,
AJR73915505,MDS63981001,Gasket,(도번직결),도번직하위,
AJR73915505,MHH41401201,"Separator,Oil",(도번직결),도번직하위,
AJR73915505,MJU61940901,"Tube,Connector",AJR73915505-S3-2,자동매핑,
AJR73915505,MJU62837001,"Tube,Connector",AJR73915505-S3-3,자동매핑,
AJR73915505,MJU63083101,"Tube,Connector",AJR73915505-S3-2,자동매핑,
AJR73915505,MJU63083201,"Tube,Connector",AJR73915505-S3-1,자동매핑,
AJR73915505,MJU63083301,"Tube,Connector",AJR73915505-S3-3,자동매핑,
AJR73915505,MJX62771705,"Valve,Check",AJR73915505-S3-2,자동매핑,
AJR73915506,4H00363B,"Damper,Tube",(도번직결),도번직하위,
AJR73915506,5014A20009A,"Damper,Tube",(도번직결),도번직하위,
AJR73915506,5014A20009C,"Damper,Tube",(도번직결),도번직하위,
AJR73915506,5210A22409B,"Tube,Connector",AJR73915506-S3-1,자동매핑,
AJR73915506,5220A30004A,"Valve,Check",AJR73915506-S3-3,자동매핑,
AJR73915506,MDS63981001,Gasket,(도번직결),도번직하위,
AJR73915506,MHH41401201,"Separator,Oil",(도번직결),도번직하위,
AJR73915506,MJU61940901,"Tube,Connector",AJR73915506-S3-2,자동매핑,
AJR73915506,MJU62837001,"Tube,Connector",AJR73915506-S3-3,자동매핑,
AJR73915506,MJU62837202,"Tube,Connector",AJR73915506-S3-1,자동매핑,
AJR73915506,MJU62914602,"Tube,Connector",AJR73915506-S3-3,자동매핑,
AJR73915506,MJU63083101,"Tube,Connector",AJR73915506-S3-2,자동매핑,
AJR73915506,MJX62771705,"Valve,Check",AJR73915506-S3-2,자동매핑,
AJR73915511,4H00363B,"Damper,Tube",(도번직결),도번직하위,
AJR73915511,5014A20009A,"Damper,Tube",(도번직결),도번직하위,
AJR73915511,5014A20009C,"Damper,Tube",(도번직결),도번직하위,
AJR73915511,5210A22409B,"Tube,Connector",AJR73915511-S3-1,자동매핑,
AJR73915511,5220A30004A,"Valve,Check",AJR73915511-S3-3,자동매핑,
AJR73915511,MDS63981001,Gasket,(도번직결),도번직하위,
AJR73915511,MHH41401201,"Separator,Oil",(도번직결),도번직하위,
AJR73915511,MJU61940901,"Tube,Connector",AJR73915511-S3-2,자동매핑,
AJR73915511,MJU62837001,"Tube,Connector",AJR73915511-S3-3,자동매핑,
AJR73915511,MJU62837202,"Tube,Connector",AJR73915511-S3-1,자동매핑,
AJR73915511,MJU62914602,"Tube,Connector",AJR73915511-S3-3,자동매핑,
AJR73915511,MJU63083101,"Tube,Connector",AJR73915511-S3-2,자동매핑,
AJR73915511,MJX62771705,"Valve,Check",AJR73915511-S3-2,자동매핑,
AJR73915512,4H00363B,"Damper,Tube",(도번직결),도번직하위,
AJR73915512,5014A20009A,"Damper,Tube",(도번직결),도번직하위,
AJR73915512,5014A20009C,"Damper,Tube",(도번직결),도번직하위,
AJR73915512,5210A22409B,"Tube,Connector",AJR73915512-S3-1,자동매핑,
AJR73915512,5220A30004A,"Valve,Check",AJR73915512-S3-3,자동매핑,
AJR73915512,MDS63981001,Gasket,(도번직결),도번직하위,
AJR73915512,MEV55008105,"Insulator,Tube",(도번직결),도번직하위,
AJR73915512,MHH41401201,"Separator,Oil",(도번직결),도번직하위,
AJR73915512,MJU61940901,"Tube,Connector",AJR73915512-S3-2,자동매핑,
AJR73915512,MJU62837001,"Tube,Connector",AJR73915512-S3-3,자동매핑,
AJR73915512,MJU63083101,"Tube,Connector",AJR73915512-S3-2,자동매핑,
AJR73915512,MJU63083201,"Tube,Connector",AJR73915512-S3-1,자동매핑,
AJR73915512,MJU63083301,"Tube,Connector",AJR73915512-S3-3,자동매핑,
AJR73915512,MJX62771705,"Valve,Check",AJR73915512-S3-2,자동매핑,
AJR73915603,5014A20009D,"Damper,Tube",(도번직결),도번직하위,
AJR73915603,5014A30001B,"Damper,Tube",(도번직결),도번직하위,
AJR73915603,5220A90008H,"Valve,Solenoid",(도번직결),도번직하위,
AJR73915603,5224A20005L,Strainer,(도번직결),도번직하위,
AJR73915603,6141A20050Y,Solenoid,(도번직결),도번직하위,
AJR73915603,MEG66660104,"Holder,Tubing",(도번직결),도번직하위,
AJR73915603,MEG66660105,"Holder,Tubing",(도번직결),도번직하위,
AJR73915603,MJU42239004,"Tube,Connector",(도번직결),도번직하위,
AJR73915603,MJU62406601,"Tube,Connector",(도번직결),도번직하위,
AJR73915603,MJU63306909,"Tube,Absorbing",(도번직결),도번직하위,
AJR73915603,MJU63328409,"Tube,Connector",(도번직결),도번직하위,
AJR73915603,MJU63479112,"Tube,Connector",(도번직결),도번직하위,
AJR73915603,MJU63516001,"Tube,Connector",(도번직결),도번직하위,
AJR73915604,5014A20009D,"Damper,Tube",(도번직결),도번직하위,
AJR73915604,5014A30001B,"Damper,Tube",(도번직결),도번직하위,
AJR73915604,5220A90008H,"Valve,Solenoid",(도번직결),도번직하위,
AJR73915604,5224A20005L,Strainer,(도번직결),도번직하위,
AJR73915604,6141A20050Y,Solenoid,(도번직결),도번직하위,
AJR73915604,MEG66660104,"Holder,Tubing",(도번직결),도번직하위,
AJR73915604,MEG66660105,"Holder,Tubing",(도번직결),도번직하위,
AJR73915604,MJU42239004,"Tube,Connector",(도번직결),도번직하위,
AJR73915604,MJU62406601,"Tube,Connector",(도번직결),도번직하위,
AJR73915604,MJU63306909,"Tube,Absorbing",(도번직결),도번직하위,
AJR73915604,MJU63328407,"Tube,Connector",(도번직결),도번직하위,
AJR73915604,MJU63479112,"Tube,Connector",(도번직결),도번직하위,
AJR73915604,MJU63516001,"Tube,Connector",(도번직결),도번직하위,
AJR73915605,5014A20009C,"Damper,Tube",(도번직결),도번직하위,
AJR73915605,5014A20009D,"Damper,Tube",(도번직결),도번직하위,
AJR73915605,5014A30001B,"Damper,Tube",(도번직결),도번직하위,
AJR73915605,5210A23376A,"Tube,Connector",(도번직결),도번직하위,
AJR73915605,5220A90008H,"Valve,Solenoid",(도번직결),도번직하위,
AJR73915605,5224A20005L,Strainer,(도번직결),도번직하위,
AJR73915605,5410A30279A,"Insulator,Tube",(도번직결),도번직하위,
AJR73915605,6141A20050Y,Solenoid,(도번직결),도번직하위,
AJR73915605,MJU62406601,"Tube,Connector",(도번직결),도번직하위,
AJR73915605,MJU62817807,"Tube,Connector",(도번직결),도번직하위,
AJR73915605,MJU62912101,"Tube,Connector",(도번직결),도번직하위,
AJR73915605,MJU63306909,"Tube,Absorbing",(도번직결),도번직하위,
AJR73915605,MJU63328405,"Tube,Connector",(도번직결),도번직하위,
AJR73915605,MJU63429801,"Tube,Connector",(도번직결),도번직하위,
AJR73915607,5014A20009C,"Damper,Tube",(도번직결),도번직하위,
AJR73915607,5014A20009D,"Damper,Tube",(도번직결),도번직하위,
AJR73915607,5014A30001B,"Damper,Tube",(도번직결),도번직하위,
AJR73915607,5210A23376A,"Tube,Connector",(도번직결),도번직하위,
AJR73915607,5220A90008H,"Valve,Solenoid",(도번직결),도번직하위,
AJR73915607,5224A20005L,Strainer,(도번직결),도번직하위,
AJR73915607,6141A20050Y,Solenoid,(도번직결),도번직하위,
AJR73915607,MEG66660104,"Holder,Tubing",(도번직결),도번직하위,
AJR73915607,MEG66660105,"Holder,Tubing",(도번직결),도번직하위,
AJR73915607,MJU62406601,"Tube,Connector",(도번직결),도번직하위,
AJR73915607,MJU63083401,"Tube,Connector",(도번직결),도번직하위,
AJR73915607,MJU63286901,"Tube,Connector",(도번직결),도번직하위,
AJR73915607,MJU63306909,"Tube,Absorbing",(도번직결),도번직하위,
AJR73915607,MJU63328401,"Tube,Connector",(도번직결),도번직하위,
AJR73915607,MJU63429801,"Tube,Connector",(도번직결),도번직하위,
AJR73915611,5014A20009C,"Damper,Tube",(도번직결),도번직하위,
AJR73915611,5014A20009D,"Damper,Tube",(도번직결),도번직하위,
AJR73915611,5014A30001A,"Damper,Tube",(도번직결),도번직하위,
AJR73915611,5220A90008H,"Valve,Solenoid",(도번직결),도번직하위,
AJR73915611,5224A20005L,Strainer,(도번직결),도번직하위,
AJR73915611,6141A20050Y,Solenoid,(도번직결),도번직하위,
AJR73915611,MEG66660104,"Holder,Tubing",(도번직결),도번직하위,
AJR73915611,MJU62406601,"Tube,Connector",(도번직결),도번직하위,
AJR73915611,MJU63306909,"Tube,Absorbing",(도번직결),도번직하위,
AJR73915611,MJU63328408,"Tube,Connector",(도번직결),도번직하위,
AJR73915611,MJU63436401,"Tube,Connector",(도번직결),도번직하위,
AJR73915611,MJU63436501,"Tube,Connector",(도번직결),도번직하위,
AJR73915611,MJU63436601,"Tube,Connector",(도번직결),도번직하위,
AJR73915612,5014A20009C,"Damper,Tube",(도번직결),도번직하위,
AJR73915612,5014A20009D,"Damper,Tube",(도번직결),도번직하위,
AJR73915612,5014A30001B,"Damper,Tube",(도번직결),도번직하위,
AJR73915612,5210A23376A,"Tube,Connector",5211A22074A,자동매핑,
AJR73915612,5211A22074A,"Tube Assembly,Connector",(도번직결),도번직하위,
AJR73915612,5220A90008H,"Valve,Solenoid",(도번직결),도번직하위,
AJR73915612,5224A20005L,Strainer,(도번직결),도번직하위,
AJR73915612,5410A30279A,"Insulator,Tube",(도번직결),도번직하위,
AJR73915612,6141A20050Y,Solenoid,(도번직결),도번직하위,
AJR73915612,MJU62406601,"Tube,Connector",(도번직결),도번직하위,
AJR73915612,MJU62817809,"Tube,Connector",(도번직결),도번직하위,
AJR73915612,MJU62912101,"Tube,Connector",(도번직결),도번직하위,
AJR73915612,MJU63306909,"Tube,Absorbing",(도번직결),도번직하위,
AJR73915612,MJU63328405,"Tube,Connector",(도번직결),도번직하위,
AJR73915612,MJU63429801,"Tube,Connector",(도번직결),도번직하위,
AJR73915612,MKW30000003,"Plug,Fusible",(도번직결),도번직하위,
AJR73915614,5014A20009C,"Damper,Tube",(도번직결),도번직하위,
AJR73915614,5014A20009D,"Damper,Tube",(도번직결),도번직하위,
AJR73915614,5014A30001B,"Damper,Tube",(도번직결),도번직하위,
AJR73915614,5210A23376A,"Tube,Connector",(도번직결),도번직하위,
AJR73915614,5220A90008H,"Valve,Solenoid",(도번직결),도번직하위,
AJR73915614,5224A20005L,Strainer,(도번직결),도번직하위,
AJR73915614,5410A30279A,"Insulator,Tube",(도번직결),도번직하위,
AJR73915614,6141A20050Y,Solenoid,(도번직결),도번직하위,
AJR73915614,MJU62406601,"Tube,Connector",(도번직결),도번직하위,
AJR73915614,MJU63083401,"Tube,Connector",(도번직결),도번직하위,
AJR73915614,MJU63286901,"Tube,Connector",(도번직결),도번직하위,
AJR73915614,MJU63306909,"Tube,Absorbing",(도번직결),도번직하위,
AJR73915614,MJU63328401,"Tube,Connector",(도번직결),도번직하위,
AJR73915614,MJU63429801,"Tube,Connector",(도번직결),도번직하위,
AJR73945001,3A00375A,"Socket,Flare",AJR73945001-SUB,자동매핑,
AJR73945001,4A00742F,"Nut,Common",AJR73945001-SUB,자동매핑,
AJR73945001,5006AR4091G,Cap,AJR73945001-SUB,자동매핑,
AJR73945001,5210A22409B,"Tube,Connector",(도번직결),도번직하위,
AJR73945001,53402025,"Tape,Filament",AJR73945001-SUB,자동매핑,
AJR73945001,MJU62982801,"Tube,Connector",AJR73945001-SUB,자동매핑,
AJR73945001,MJU63000401,"Tube,Connector",(도번직결),도번직하위,
AJR73945001,MJU63000402,"Tube,Connector",(도번직결),도번직하위,
AJR73945001,MJU63000403,"Tube,Connector",(도번직결),도번직하위,
AJR73945001,MJU63000501,"Tube,Connector",(도번직결),도번직하위,
AJR73949101,3H01582E,Tie,(도번직결),도번직하위,
AJR73949101,5014A20009D,"Damper,Tube",(도번직결),도번직하위,
AJR73949101,5210A22409A,"Tube,Connector",(도번직결),도번직하위,
AJR73949101,MEG66660105,"Holder,Tubing",(도번직결),도번직하위,
AJR73949101,MJU63060201,"Tube,Connector",(도번직결),도번직하위,
AJR73952001,5210A31939A,"Tube,Connector",(도번직결),도번직하위,
AJR73952001,MEV31179311,Insulator,(도번직결),도번직하위,
AJR73952001,MJU61972901,"Tube,Connector",(도번직결),도번직하위,
AJR73952001,MJU63037001,"Tube,Connector",(도번직결),도번직하위,
AJR73952001,MJU63058001,"Tube,Manifold",(도번직결),도번직하위,
AJR73952001,MJU63058002,"Tube,Manifold",(도번직결),도번직하위,
AJR73952005,4930A20053B,"Holder,Sensor",(도번직결),도번직하위,
AJR73952005,5210A22409B,"Tube,Connector",(도번직결),도번직하위,
AJR73952005,MJU63447317,"Tube,Connector",(도번직결),도번직하위,
AJR73952005,MJU63470916,"Tube,Connector",(도번직결),도번직하위,
AJR73952005,MJU63470917,"Tube,Connector",(도번직결),도번직하위,
AJR73952005,MJU65247403,"Tube,Connector",(도번직결),도번직하위,
AJR73952005,MJU65247404,"Tube,Connector",(도번직결),도번직하위,
AJR73952005,MJU65247405,"Tube,Connector",(도번직결),도번직하위,
AJR73952005,MJU65247406,"Tube,Connector",(도번직결),도번직하위,
AJR73952005,MJU65247407,"Tube,Connector",(도번직결),도번직하위,
AJR73952006,5210A31939A,"Tube,Connector",(도번직결),도번직하위,
AJR73952006,MEV31179315,Insulator,(도번직결),도번직하위,
AJR73952006,MJU63408204,"Tube,Manifold",(도번직결),도번직하위,
AJR73952006,MJU63408302,"Tube,Connector",(도번직결),도번직하위,
AJR73952006,MJU63408401,"Tube,Connector",(도번직결),도번직하위,
AJR73952007,4930A20053B,"Holder,Sensor",(도번직결),도번직하위,
AJR73952007,5210A22409B,"Tube,Connector",(도번직결),도번직하위,
AJR73952007,MEV31179322,Insulator,(도번직결),도번직하위,
AJR73952007,MJU63447317,"Tube,Connector",(도번직결),도번직하위,
AJR73952007,MJU63470919,"Tube,Connector",(도번직결),도번직하위,
AJR73952007,MJU63470920,"Tube,Connector",(도번직결),도번직하위,
AJR73952007,MJU65247405,"Tube,Connector",(도번직결),도번직하위,
AJR73952007,MJU65247408,"Tube,Connector",(도번직결),도번직하위,
AJR73952007,MJU65247409,"Tube,Connector",(도번직결),도번직하위,
AJR73952501,4930A20053B,"Holder,Sensor",(도번직결),도번직하위,
AJR73952501,4A00742B,"Nut,Flare",AJR73952501-은납,자동매핑,
AJR73952501,5006AR4091D,Cap,AJR73952501-은납,자동매핑,
AJR73952501,5210A22409B,"Tube,Connector",AJR73952501-20-1,자동매핑,
AJR73952501,MEV64169001,Insulator,(도번직결),도번직하위,
AJR73952501,MJU63208003,"Tube,Connector",AJR73952501-20-1,자동매핑,
AJR73952501,MJU63208004,"Tube,Connector",AJR73952501-은납,자동매핑,
AJR73952501,MJU63208104,"Tube,Connector",AJR73952501-20-1,자동매핑,
AJR73952501,MJU63208105,"Tube,Connector",AJR73952501-20-1,자동매핑,
AJR73952501,MJU63208106,"Tube,Connector",AJR73952501-20-1,자동매핑,
AJR73952502,3A00375E,"Socket,Flare",AJR73952502-은납,자동매핑,
AJR73952502,4930A20053B,"Holder,Sensor",(도번직결),도번직하위,
AJR73952502,4A00742C,"Nut,Flare",AJR73952502-은납,자동매핑,
AJR73952502,5006AR4091H,Cap,AJR73952502-은납,자동매핑,
AJR73952502,5210A22409B,"Tube,Connector",AJR73952502-20-1,자동매핑,
AJR73952502,MEV64169001,Insulator,(도번직결),도번직하위,
AJR73952502,MJU63208002,"Tube,Connector",AJR73952502-20-1,자동매핑,
AJR73952502,MJU63208005,"Tube,Connector",AJR73952502-은납,자동매핑,
AJR73952502,MJU63208104,"Tube,Connector",AJR73952502-20-1,자동매핑,
AJR73952502,MJU63208105,"Tube,Connector",AJR73952502-20-1,자동매핑,
AJR73952503,3A00375E,"Socket,Flare",AJR73952503-F&T,자동매핑,
AJR73952503,4930A20053B,"Holder,Sensor",(도번직결),도번직하위,
AJR73952503,4A00742C,"Nut,Flare",(도번직결),도번직하위,
AJR73952503,5006AR4091H,Cap,(도번직결),도번직하위,
AJR73952503,5210A22409B,"Tube,Connector",AJR73952503-F&T,자동매핑,
AJR73952503,MEV64169003,Insulator,(도번직결),도번직하위,
AJR73952503,MJU63208001,"Tube,Connector",AJR73952503-F&T,자동매핑,
AJR73952503,MJU63208101,"Tube,Connector",AJR73952503-F&T,자동매핑,
AJR73952503,MJU63208102,"Tube,Connector",AJR73952503-F&T,자동매핑,
AJR73952509,4010AR3071H,"Socket,Flare",AJR73952509-은납,자동매핑,
AJR73952509,4930A20053B,"Holder,Sensor",(도번직결),도번직하위,
AJR73952509,4A00742F,"Nut,Common",AJR73952509-은납,자동매핑,
AJR73952509,5006AR4091G,Cap,AJR73952509-은납,자동매핑,
AJR73952509,5210A22409B,"Tube,Connector",(도번직결),도번직하위,
AJR73952509,MEV64169003,Insulator,(도번직결),도번직하위,
AJR73952509,MJU63208001,"Tube,Connector",AJR73952509-은납,자동매핑,
AJR73952509,MJU63208101,"Tube,Connector",(도번직결),도번직하위,
AJR73952509,MJU63208102,"Tube,Connector",(도번직결),도번직하위,
AJR73952510,4010AR3071H,"Socket,Flare",AJR73952510-은납,자동매핑,
AJR73952510,4930A20053B,"Holder,Sensor",(도번직결),도번직하위,
AJR73952510,4A00742F,"Nut,Common",AJR73952510-은납,자동매핑,
AJR73952510,5006AR4091G,Cap,AJR73952510-은납,자동매핑,
AJR73952510,5210A22409B,"Tube,Connector",(도번직결),도번직하위,
AJR73952510,MEV64169001,Insulator,(도번직결),도번직하위,
AJR73952510,MJU63208002,"Tube,Connector",(도번직결),도번직하위,
AJR73952510,MJU63208005,"Tube,Connector",AJR73952510-은납,자동매핑,
AJR73952510,MJU63208104,"Tube,Connector",(도번직결),도번직하위,
AJR73952510,MJU63208105,"Tube,Connector",(도번직결),도번직하위,
AJR73952511,3A00375N,"Socket,Flare",AJR73952511-은납,자동매핑,
AJR73952511,4930A20053B,"Holder,Sensor",(도번직결),도번직하위,
AJR73952511,4A00742C,"Nut,Flare",AJR73952511-은납,자동매핑,
AJR73952511,5006AR4091H,Cap,AJR73952511-은납,자동매핑,
AJR73952511,5210A22409B,"Tube,Connector",(도번직결),도번직하위,
AJR73952511,MEV64169001,Insulator,(도번직결),도번직하위,
AJR73952511,MJU63208003,"Tube,Connector",(도번직결),도번직하위,
AJR73952511,MJU63208004,"Tube,Connector",AJR73952511-은납,자동매핑,
AJR73952511,MJU63208104,"Tube,Connector",(도번직결),도번직하위,
AJR73952511,MJU63208105,"Tube,Connector",(도번직결),도번직하위,
AJR73952511,MJU63208106,"Tube,Connector",(도번직결),도번직하위,
AJR73964301,4A00114D,"Tube,Connector",(도번직결),도번직하위,
AJR73964301,MJU61940501,"Tube,Connector",(도번직결),도번직하위,
AJR73964301,MJU62914401,"Tube,Connector",(도번직결),도번직하위,
AJR73964301,MJU62914501,"Tube,Connector",(도번직결),도번직하위,
AJR73964609,4H00363B,"Damper,Tube",(도번직결),도번직하위,
AJR73964609,5014A20009A,"Damper,Tube",(도번직결),도번직하위,
AJR73964609,5014A20009C,"Damper,Tube",(도번직결),도번직하위,
AJR73964609,5014A30014F,"Damper,Tube",(도번직결),도번직하위,
AJR73964609,5210A22409B,"Tube,Connector",(도번직결),도번직하위,
AJR73964609,5220A30004A,"Valve,Check",(도번직결),도번직하위,
AJR73964609,5224A20005H,Strainer,(도번직결),도번직하위,
AJR73964609,MEV55008105,"Insulator,Tube",(도번직결),도번직하위,
AJR73964609,MHH41401201,"Separator,Oil",(도번직결),도번직하위,
AJR73964609,MJU61940102,"Tube,Connector",(도번직결),도번직하위,
AJR73964609,MJU61942701,"Tube,Connector",(도번직결),도번직하위,
AJR73964609,MJU61943601,"Tube,Capillary Bending",(도번직결),도번직하위,
AJR73964609,MJU62837001,"Tube,Connector",(도번직결),도번직하위,
AJR73964609,MJU63009601,"Tube,Connector",(도번직결),도번직하위,
AJR73964609,MJU63048504,"Tube,Connector",(도번직결),도번직하위,
AJR73964609,MJU63057302,"Tube,Connector",(도번직결),도번직하위,
AJR73964609,MJU63057401,"Tube,Connector",(도번직결),도번직하위,
AJR73964609,MJU64468101,"Tube,Connector",(도번직결),도번직하위,
AJR73964609,MJU64468201,"Tube,Connector",(도번직결),도번직하위,
AJR73964609,MJU64468301,"Tube,Connector",(도번직결),도번직하위,
AJR73964609,MJX62771705,"Valve,Check",(도번직결),도번직하위,
AJR73964609,RAC30599301,Solder Soldering,(도번직결),도번직하위,
AJR73964902,5014A20009A,"Damper,Tube",(도번직결),도번직하위,
AJR73964902,5014A20009C,"Damper,Tube",(도번직결),도번직하위,
AJR73964902,5040A20027E,Damper,(도번직결),도번직하위,
AJR73964902,5040A20027F,Damper,(도번직결),도번직하위,
AJR73964902,5040A20027G,Damper,(도번직결),도번직하위,
AJR73964902,5210A22409B,"Tube,Connector",(도번직결),도번직하위,
AJR73964902,5210A22526C,"Tube,Capillary Bending",(도번직결),도번직하위,
AJR73964902,5210A25793A,"Tube,Connector",(도번직결),도번직하위,
AJR73964902,5210A25793B,"Tube,Connector",(도번직결),도번직하위,
AJR73964902,5224A20005L,Strainer,(도번직결),도번직하위,
AJR73964902,5998A20002A,"Separator,Oil",(도번직결),도번직하위,
AJR73964902,MEV55008101,"Insulator,Tube",(도번직결),도번직하위,
AJR73964902,MJU62914901,"Tube,Connector",(도번직결),도번직하위,
AJR73964902,MJU62915001,"Tube,Connector",(도번직결),도번직하위,
AJR73964902,MJU62915002,"Tube,Connector",(도번직결),도번직하위,
AJR73964902,MJU63336501,"Tube,Connector",(도번직결),도번직하위,
AJR73964902,MJX62771705,"Valve,Check",(도번직결),도번직하위,
AJR73964902,RAC30599301,Solder Soldering,(도번직결),도번직하위,
AJR73964904,5210A22409B,"Tube,Connector",(도번직결),도번직하위,
AJR73964904,5210A22526C,"Tube,Capillary Bending",(도번직결),도번직하위,
AJR73964904,5210A25793B,"Tube,Connector",(도번직결),도번직하위,
AJR73964904,5224A20005L,Strainer,(도번직결),도번직하위,
AJR73964904,5998A20002A,"Separator,Oil",(도번직결),도번직하위,
AJR73964904,MEV55008101,"Insulator,Tube",(도번직결),도번직하위,
AJR73964904,MJU62915001,"Tube,Connector",(도번직결),도번직하위,
AJR73964904,MJU62915002,"Tube,Connector",(도번직결),도번직하위,
AJR73964904,MJU63318404,"Tube,Connector",(도번직결),도번직하위,
AJR73964904,MJU63318405,"Tube,Connector",(도번직결),도번직하위,
AJR73964904,MJU63318409,"Tube,Connector",(도번직결),도번직하위,
AJR73964904,MJX62771705,"Valve,Check",(도번직결),도번직하위,
AJR73964905,5014A20009B,"Damper,Tube",(도번직결),도번직하위,
AJR73964905,5014A20009C,"Damper,Tube",(도번직결),도번직하위,
AJR73964905,5040A20027E,Damper,(도번직결),도번직하위,
AJR73964905,5040A20027F,Damper,(도번직결),도번직하위,
AJR73964905,5040A20027G,Damper,(도번직결),도번직하위,
AJR73964905,5210A22409B,"Tube,Connector",(도번직결),도번직하위,
AJR73964905,5210A22526C,"Tube,Capillary Bending",(도번직결),도번직하위,
AJR73964905,5210A25793B,"Tube,Connector",(도번직결),도번직하위,
AJR73964905,5224A20005L,Strainer,(도번직결),도번직하위,
AJR73964905,5998A20002A,"Separator,Oil",(도번직결),도번직하위,
AJR73964905,MEV55008101,"Insulator,Tube",(도번직결),도번직하위,
AJR73964905,MEV55008104,"Insulator,Tube",(도번직결),도번직하위,
AJR73964905,MJU62915001,"Tube,Connector",(도번직결),도번직하위,
AJR73964905,MJU62915002,"Tube,Connector",(도번직결),도번직하위,
AJR73964905,MJU63318408,"Tube,Connector",(도번직결),도번직하위,
AJR73964905,MJU63318409,"Tube,Connector",(도번직결),도번직하위,
AJR73964905,MJU63336502,"Tube,Connector",(도번직결),도번직하위,
AJR73964905,MJX62771705,"Valve,Check",(도번직결),도번직하위,
AJR73964905,RAC30599301,Solder Soldering,(도번직결),도번직하위,
AJR73964906,5014A20009C,"Damper,Tube",(도번직결),도번직하위,
AJR73964906,5014A30001B,"Damper,Tube",(도번직결),도번직하위,
AJR73964906,5040A20027E,Damper,(도번직결),도번직하위,
AJR73964906,5040A20027F,Damper,(도번직결),도번직하위,
AJR73964906,5040A20027G,Damper,(도번직결),도번직하위,
AJR73964906,5210A22409B,"Tube,Connector",(도번직결),도번직하위,
AJR73964906,5210A22526C,"Tube,Capillary Bending",(도번직결),도번직하위,
AJR73964906,5210A25793B,"Tube,Connector",(도번직결),도번직하위,
AJR73964906,5224A20005L,Strainer,(도번직결),도번직하위,
AJR73964906,5998A20002A,"Separator,Oil",(도번직결),도번직하위,
AJR73964906,MEV55008101,"Insulator,Tube",(도번직결),도번직하위,
AJR73964906,MJU62915001,"Tube,Connector",(도번직결),도번직하위,
AJR73964906,MJU63318402,"Tube,Connector",(도번직결),도번직하위,
AJR73964906,MJU63318406,"Tube,Connector",(도번직결),도번직하위,
AJR73964906,MJU63318407,"Tube,Connector",(도번직결),도번직하위,
AJR73964906,MJU63318409,"Tube,Connector",(도번직결),도번직하위,
AJR73964906,MJX62771705,"Valve,Check",(도번직결),도번직하위,
AJR73964906,RAC30599301,Solder Soldering,(도번직결),도번직하위,
AJR73965502,4H00901F,"Tube,Connector",(도번직결),도번직하위,
AJR73965502,MJU62916103,"Tube,Connector",(도번직결),도번직하위,
AJR73965502,MJU62916104,"Tube,Connector",(도번직결),도번직하위,
AJR73965502,MJU62916105,"Tube,Connector",(도번직결),도번직하위,
AJR73965502,MJU62916106,"Tube,Connector",(도번직결),도번직하위,
AJR73965502,MJU62916107,"Tube,Connector",(도번직결),도번직하위,
AJR73965502,MJU62916202,"Tube,Connector",(도번직결),도번직하위,
AJR73965505,3H01582A,Tie,(도번직결),도번직하위,
AJR73965505,4H00901F,"Tube,Connector",AJR73965505-F&T,자동매핑,
AJR73965505,MEG66660105,"Holder,Tubing",(도번직결),도번직하위,
AJR73965505,MJU62916122,"Tube,Connector",AJR73965505-F&T,자동매핑,
AJR73965505,MJU62916123,"Tube,Connector",AJR73965505-F&T,자동매핑,
AJR73965505,MJU62916124,"Tube,Connector",AJR73965505-F&T,자동매핑,
AJR73965505,MJU62916125,"Tube,Connector",AJR73965505-F&T,자동매핑,
AJR73965505,MJU62916126,"Tube,Connector",AJR73965505-F&T,자동매핑,
AJR73965505,MJU62916207,"Tube,Connector",AJR73965505-F&T,자동매핑,
AJR73965506,4H00901F,"Tube,Connector",AJR73965506-F&T,자동매핑,
AJR73965506,MJU62916124,"Tube,Connector",AJR73965506-F&T,자동매핑,
AJR73965506,MJU62916125,"Tube,Connector",AJR73965506-F&T,자동매핑,
AJR73965506,MJU62916126,"Tube,Connector",AJR73965506-F&T,자동매핑,
AJR73965506,MJU62916127,"Tube,Connector",AJR73965506-F&T,자동매핑,
AJR73965506,MJU62916128,"Tube,Connector",AJR73965506-F&T,자동매핑,
AJR73965506,MJU62916208,"Tube,Connector",AJR73965506-F&T,자동매핑,
AJR73965601,MJU62915301,"Tube,Connector",(도번직결),도번직하위,
AJR73965601,MJU63512514,"Tube,Distributor",AJR73965601-SUB,자동매핑,
AJR73965602,MJU62915302,"Tube,Connector",(도번직결),도번직하위,
AJR73965602,MJU63512514,"Tube,Distributor",AJR73965602-SUB,자동매핑,
AJR73965606,5210A22409A,"Tube,Connector",AJR73965606-F&T,자동매핑,
AJR73965606,5210A28001C,"Tube,Return Bending",AJR73965606-F&T,자동매핑,
AJR73965606,5410A30279F,"Insulator,Tube",(도번직결),도번직하위,
AJR73965606,MJU62788805,"Tube,Connector",AJR73965606-F&T,자동매핑,
AJR73965606,MJU62788807,"Tube,Connector",AJR73965606-F&T,자동매핑,
AJR73965606,MJU62788809,"Tube,Connector",AJR73965606-F&T,자동매핑,
AJR73965606,MJU62788817,"Tube,Connector",AJR73965606-F&T,자동매핑,
AJR73965606,MJU62788819,"Tube,Connector",AJR73965606-F&T,자동매핑,
AJR73965606,MJU62788821,"Tube,Connector",AJR73965606-F&T,자동매핑,
AJR73965606,MJU62788822,"Tube,Connector",AJR73965606-F&T,자동매핑,
AJR73965606,MJU62915301,"Tube,Connector",AJR73965606-F&T,자동매핑,
AJR73965606,MJU62922101,"Tube,Connector",AJR73965606-F&T,자동매핑,
AJR73965606,MJU62922103,"Tube,Connector",AJR73965606-F&T,자동매핑,
AJR73965606,MJU62922105,"Tube,Connector",AJR73965606-F&T,자동매핑,
AJR73965606,MJU62922107,"Tube,Connector",AJR73965606-F&T,자동매핑,
AJR73965606,MJU62922109,"Tube,Connector",AJR73965606-F&T,자동매핑,
AJR73965606,MJU62922111,"Tube,Connector",AJR73965606-F&T,자동매핑,
AJR73965606,MJU62922113,"Tube,Connector",AJR73965606-F&T,자동매핑,
AJR73965606,MJU63512514,"Tube,Distributor",AJR73965606-SUB,자동매핑,
AJR73965607,5210A22409A,"Tube,Connector",AJR73965607-F&T,자동매핑,
AJR73965607,5210A28001C,"Tube,Return Bending",AJR73965607-F&T,자동매핑,
AJR73965607,MJU62788806,"Tube,Connector",AJR73965607-F&T,자동매핑,
AJR73965607,MJU62788808,"Tube,Connector",AJR73965607-F&T,자동매핑,
AJR73965607,MJU62788810,"Tube,Connector",AJR73965607-F&T,자동매핑,
AJR73965607,MJU62788818,"Tube,Connector",AJR73965607-F&T,자동매핑,
AJR73965607,MJU62788820,"Tube,Connector",AJR73965607-F&T,자동매핑,
AJR73965607,MJU62788823,"Tube,Connector",AJR73965607-F&T,자동매핑,
AJR73965607,MJU62788824,"Tube,Connector",AJR73965607-F&T,자동매핑,
AJR73965607,MJU62915302,"Tube,Connector",AJR73965607-F&T,자동매핑,
AJR73965607,MJU62922102,"Tube,Connector",AJR73965607-F&T,자동매핑,
AJR73965607,MJU62922104,"Tube,Connector",AJR73965607-F&T,자동매핑,
AJR73965607,MJU62922106,"Tube,Connector",AJR73965607-F&T,자동매핑,
AJR73965607,MJU62922108,"Tube,Connector",AJR73965607-F&T,자동매핑,
AJR73965607,MJU62922110,"Tube,Connector",AJR73965607-F&T,자동매핑,
AJR73965607,MJU62922112,"Tube,Connector",AJR73965607-F&T,자동매핑,
AJR73965607,MJU62922114,"Tube,Connector",AJR73965607-F&T,자동매핑,
AJR73965607,MJU63512514,"Tube,Distributor",AJR73965607-SUB,자동매핑,
AJR73965701,4A00114A,"Tube,Connector",(도번직결),도번직하위,
AJR73965701,5210A21174N,"Tube,Distributor",(도번직결),도번직하위,
AJR73965701,5210A22409A,"Tube,Connector",(도번직결),도번직하위,
AJR73965701,5210A30329D,"Tube,Coupling",(도번직결),도번직하위,
AJR73965701,5220A90003C,"Valve,Expansion Body",(도번직결),도번직하위,
AJR73965701,5224A20005M,Strainer,(도번직결),도번직하위,
AJR73965701,AJR72929210,"Tube Assembly,Connector",(도번직결),도번직하위,
AJR73965701,MJU61880501,"Tube,Connector",(도번직결),도번직하위,
AJR73965701,MJU61880502,"Tube,Connector",(도번직결),도번직하위,
AJR73965701,MJU61880503,"Tube,Connector",(도번직결),도번직하위,
AJR73965701,MJU61880601,"Tube,Connector",(도번직결),도번직하위,
AJR73965701,MJU61880701,"Tube,Connector",(도번직결),도번직하위,
AJR73965701,MJU61880901,"Tube,Connector",(도번직결),도번직하위,
AJR73965701,MJU61881701,"Tube,Connector",(도번직결),도번직하위,
AJR73965701,MJU62998301,"Tube,Connector",(도번직결),도번직하위,
AJR73965701,MJU62998302,"Tube,Connector",(도번직결),도번직하위,
AJR73965701,MJU62998303,"Tube,Connector",(도번직결),도번직하위,
AJR73965701,MJU62998401,"Tube,Connector",(도번직결),도번직하위,
AJR73965701,MJU62998402,"Tube,Connector",(도번직결),도번직하위,
AJR73965701,MJU62998501,"Tube,Connector",(도번직결),도번직하위,
AJR73965701,RAC30599301,Solder Soldering,(도번직결),도번직하위,
AJR73970508,1MPC0502018,"Screw,Machine",(도번직결),도번직하위,
AJR73970508,3H01582C,Tie,(도번직결),도번직하위,
AJR73970508,5014A30014W,"Damper,Tube",(도번직결),도번직하위,
AJR73970508,5210A21458Q,Accumulator,AJR73970508-7-1,자동매핑,
AJR73970508,5210A22520B,"Tube,Connector",(도번직결),도번직하위,
AJR73970508,5220AR3228Y,"Valve,Reverse",(도번직결),도번직하위,
AJR73970508,5410A30055C,"Insulator,Tube",(도번직결),도번직하위,
AJR73970508,6141A20017D,Solenoid,(도번직결),도번직하위,
AJR73970508,6600L000016,"Switch,Pressure",(도번직결),도번직하위,
AJR73970508,7250AR7015K,"Damper,Butyl",(도번직결),도번직하위,
AJR73970508,MEV55008104,"Insulator,Tube",(도번직결),도번직하위,
AJR73970508,MJU61848906,"Tube,Connector",AJR73970508-7-1,자동매핑,
AJR73970508,MJU61848910,"Tube,Connector",AJR73970508-7-1,자동매핑,
AJR73970508,MJU61848913,"Tube,Connector",(도번직결),도번직하위,
AJR73970508,MJU61848914,"Tube,Connector",(도번직결),도번직하위,
AJR73970508,MJU63031803,"Tube,Discharge",(도번직결),도번직하위,
AJR73970508,MJU63031804,"Tube,Discharge",(도번직결),도번직하위,
AJR73970508,MJU63031904,"Tube,Suction",AJR73970508-7-1,자동매핑,
AJR73970512,3H01582C,Tie,(도번직결),도번직하위,
AJR73970512,5014A30014W,"Damper,Tube",(도번직결),도번직하위,
AJR73970512,5210A22520B,"Tube,Connector",(도번직결),도번직하위,
AJR73970512,5220AR3228Y,"Valve,Reverse",(도번직결),도번직하위,
AJR73970512,5410A30055C,"Insulator,Tube",(도번직결),도번직하위,
AJR73970512,6600L000016,"Switch,Pressure",(도번직결),도번직하위,
AJR73970512,7250AR7015K,"Damper,Butyl",(도번직결),도번직하위,
AJR73970512,MEV55008104,"Insulator,Tube",(도번직결),도번직하위,
AJR73970512,MJU61848913,"Tube,Connector",(도번직결),도번직하위,
AJR73970512,MJU61848914,"Tube,Connector",(도번직결),도번직하위,
AJR73970512,MJU63031803,"Tube,Discharge",(도번직결),도번직하위,
AJR73970512,MJU63031804,"Tube,Discharge",(도번직결),도번직하위,
AJR73973707,4930A20053B,"Holder,Sensor",(도번직결),도번직하위,
AJR73973707,5210A22409B,"Tube,Connector",(도번직결),도번직하위,
AJR73973707,MFS62323001,Muffler,(도번직결),도번직하위,
AJR73973707,MJU65187805,"Tube,Connector",(도번직결),도번직하위,
AJR73973707,MJU65187816,"Tube,Connector",(도번직결),도번직하위,
AJR73980306,3H01582B,Tie,(도번직결),도번직하위,
AJR73980306,4010AR3071N,"Socket,Flare",(도번직결),도번직하위,
AJR73980306,4A00114D,"Tube,Connector",(도번직결),도번직하위,
AJR73980306,4A00322A,"Valve,Check",(도번직결),도번직하위,
AJR73980306,5014A20009C,"Damper,Tube",(도번직결),도번직하위,
AJR73980306,5210A22409A,"Tube,Connector",(도번직결),도번직하위,
AJR73980306,5210A23376A,"Tube,Connector",(도번직결),도번직하위,
AJR73980306,5220AP3777C,"Valve,Reverse",(도번직결),도번직하위,
AJR73980306,5410A21281A,"Insulator,Tube",(도번직결),도번직하위,
AJR73980306,5410A30055F,"Insulator,Tube",(도번직결),도번직하위,
AJR73980306,5410A30279A,"Insulator,Tube",(도번직결),도번직하위,
AJR73980306,6141A20010W,Solenoid,(도번직결),도번직하위,
AJR73980306,EBD64386504,"Sensor Module,Pressure",(도번직결),도번직하위,
AJR73980306,EBE60661407,Solenoid,(도번직결),도번직하위,
AJR73980306,EBF40271407,"Switch,Pressure",(도번직결),도번직하위,
AJR73980306,MJC62301701,Strainer,(도번직결),도번직하위,
AJR73980306,MJU62096501,"Tube,Connector",(도번직결),도번직하위,
AJR73980306,MJU63024803,"Tube,Connector",(도번직결),도번직하위,
AJR73980306,MJU63067204,"Tube,Connector",(도번직결),도번직하위,
AJR73980306,MJU63067303,"Tube,Connector",(도번직결),도번직하위,
AJR73980306,MJU63067407,"Tube,Connector",(도번직결),도번직하위,
AJR73980306,MJU63067507,"Tube,Connector",(도번직결),도번직하위,
AJR73980306,MJU63067703,"Tube,Connector",(도번직결),도번직하위,
AJR73980306,MJU63234802,"Tube,Connector",(도번직결),도번직하위,
AJR73980306,MJU63301401,"Tube,Connector",(도번직결),도번직하위,
AJR73980306,MJU63467201,"Tube,Connector",(도번직결),도번직하위,
AJR73980306,MJU63754102,"Tube,Connector",(도번직결),도번직하위,
AJR73980306,MJX61841301,"Valve,Solenoid",(도번직결),도번직하위,
AJR73980317,4010AR3071N,"Socket,Flare",(도번직결),도번직하위,
AJR73980317,4A00114D,"Tube,Connector",AJR73980317-S1-2,자동매핑,
AJR73980317,5014A20009C,"Damper,Tube",(도번직결),도번직하위,
AJR73980317,5210A22409A,"Tube,Connector",AJR73980317-S1-4,자동매핑,
AJR73980317,5210A23376A,"Tube,Connector",AJR73980317-S1-1,자동매핑,
AJR73980317,5220AP3777C,"Valve,Reverse",(도번직결),도번직하위,
AJR73980317,5410A21281A,"Insulator,Tube",(도번직결),도번직하위,
AJR73980317,5410A30055F,"Insulator,Tube",(도번직결),도번직하위,
AJR73980317,5410A30279A,"Insulator,Tube",(도번직결),도번직하위,
AJR73980317,5410A30279C,"Insulator,Tube",(도번직결),도번직하위,
AJR73980317,6141A20010W,Solenoid,(도번직결),도번직하위,
AJR73980317,EBD64386504,"Sensor Module,Pressure",AJR73980317-S1-1,자동매핑,
AJR73980317,EBE60661407,Solenoid,(도번직결),도번직하위,
AJR73980317,EBF40271407,"Switch,Pressure",AJR73980317-S1-1,자동매핑,
AJR73980317,MJC62301701,Strainer,AJR73980317-S1-3,자동매핑,
AJR73980317,MJU62096501,"Tube,Connector",(도번직결),도번직하위,
AJR73980317,MJU63024803,"Tube,Connector",AJR73980317-S1-1,자동매핑,
AJR73980317,MJU63067204,"Tube,Connector",AJR73980317-S1-3,자동매핑,
AJR73980317,MJU63067303,"Tube,Connector",AJR73980317-S1-4,자동매핑,
AJR73980317,MJU63067407,"Tube,Connector",AJR73980317-S1-2,자동매핑,
AJR73980317,MJU63067507,"Tube,Connector",AJR73980317-S1-2,자동매핑,
AJR73980317,MJU63067703,"Tube,Connector",(도번직결),도번직하위,
AJR73980317,MJU63234802,"Tube,Connector",AJR73980317-S1-2,자동매핑,
AJR73980317,MJU63301401,"Tube,Connector",AJR73980317-S1-3,자동매핑,
AJR73980317,MJU63467201,"Tube,Connector",AJR73980317-S1-1,자동매핑,
AJR73980317,MJU63754102,"Tube,Connector",AJR73980317-S1-2,자동매핑,
AJR73980317,MJX61841301,"Valve,Solenoid",AJR73980317-S1-2,자동매핑,
AJR73980318,4010AR3071N,"Socket,Flare",(도번직결),도번직하위,
AJR73980318,5014A20009C,"Damper,Tube",(도번직결),도번직하위,
AJR73980318,5210A22409A,"Tube,Connector",AJR73980318-S1-4,자동매핑,
AJR73980318,5210A23376A,"Tube,Connector",AJR73980318-S1-1,자동매핑,
AJR73980318,5220AP3777C,"Valve,Reverse",(도번직결),도번직하위,
AJR73980318,5410A21281A,"Insulator,Tube",(도번직결),도번직하위,
AJR73980318,5410A30055F,"Insulator,Tube",(도번직결),도번직하위,
AJR73980318,5410A30279A,"Insulator,Tube",(도번직결),도번직하위,
AJR73980318,5410A30279C,"Insulator,Tube",(도번직결),도번직하위,
AJR73980318,6141A20010W,Solenoid,(도번직결),도번직하위,
AJR73980318,EBD64386504,"Sensor Module,Pressure",AJR73980318-S1-1,자동매핑,
AJR73980318,EBE60661407,Solenoid,(도번직결),도번직하위,
AJR73980318,EBF40271407,"Switch,Pressure",AJR73980318-S1-1,자동매핑,
AJR73980318,MJC62301701,Strainer,AJR73980318-S1-3,자동매핑,
AJR73980318,MJU62096501,"Tube,Connector",(도번직결),도번직하위,
AJR73980318,MJU63024801,"Tube,Connector",AJR73980318-S1-1,자동매핑,
AJR73980318,MJU63067201,"Tube,Connector",AJR73980318-S1-3,자동매핑,
AJR73980318,MJU63067302,"Tube,Connector",AJR73980318-S1-4,자동매핑,
AJR73980318,MJU63067601,"Tube,Connector",AJR73980318-S1-1,자동매핑,
AJR73980318,MJU63067701,"Tube,Connector",(도번직결),도번직하위,
AJR73980318,MJU63234801,"Tube,Connector",AJR73980318-S1-2,자동매핑,
AJR73980318,MJU63301401,"Tube,Connector",AJR73980318-S1-3,자동매핑,
AJR73980318,MJX61841301,"Valve,Solenoid",AJR73980318-S1-2,자동매핑,
AJR73980320,4010AR3071N,"Socket,Flare",(도번직결),도번직하위,
AJR73980320,4A00114D,"Tube,Connector",(도번직결),도번직하위,
AJR73980320,5014A20009C,"Damper,Tube",(도번직결),도번직하위,
AJR73980320,5210A22409A,"Tube,Connector",(도번직결),도번직하위,
AJR73980320,5210A23376A,"Tube,Connector",(도번직결),도번직하위,
AJR73980320,5220AP3777C,"Valve,Reverse",(도번직결),도번직하위,
AJR73980320,5410A21281A,"Insulator,Tube",(도번직결),도번직하위,
AJR73980320,5410A30055F,"Insulator,Tube",(도번직결),도번직하위,
AJR73980320,5410A30279A,"Insulator,Tube",(도번직결),도번직하위,
AJR73980320,5410A30279C,"Insulator,Tube",(도번직결),도번직하위,
AJR73980320,6141A20010W,Solenoid,(도번직결),도번직하위,
AJR73980320,EBD64386504,"Sensor Module,Pressure",(도번직결),도번직하위,
AJR73980320,EBE60661407,Solenoid,(도번직결),도번직하위,
AJR73980320,EBF40271407,"Switch,Pressure",(도번직결),도번직하위,
AJR73980320,MJC62301701,Strainer,(도번직결),도번직하위,
AJR73980320,MJU62096501,"Tube,Connector",(도번직결),도번직하위,
AJR73980320,MJU63024803,"Tube,Connector",(도번직결),도번직하위,
AJR73980320,MJU63067205,"Tube,Connector",(도번직결),도번직하위,
AJR73980320,MJU63067303,"Tube,Connector",(도번직결),도번직하위,
AJR73980320,MJU63067407,"Tube,Connector",(도번직결),도번직하위,
AJR73980320,MJU63067507,"Tube,Connector",(도번직결),도번직하위,
AJR73980320,MJU63067703,"Tube,Connector",(도번직결),도번직하위,
AJR73980320,MJU63234802,"Tube,Connector",(도번직결),도번직하위,
AJR73980320,MJU63301403,"Tube,Connector",(도번직결),도번직하위,
AJR73980320,MJU63467201,"Tube,Connector",(도번직결),도번직하위,
AJR73980320,MJU63754102,"Tube,Connector",(도번직결),도번직하위,
AJR73980320,MJX61841301,"Valve,Solenoid",(도번직결),도번직하위,
AJR73980322,4A00114D,"Tube,Connector",AJR73980304-3-1,자동매핑,
AJR73980322,5014A20009C,"Damper,Tube",(도번직결),도번직하위,
AJR73980322,5210A22409A,"Tube,Connector",AJR73980304-3-1,자동매핑,
AJR73980322,5210A23376A,"Tube,Connector",(도번직결),도번직하위,
AJR73980322,5220AP3777C,"Valve,Reverse",(도번직결),도번직하위,
AJR73980322,5410A21281A,"Insulator,Tube",(도번직결),도번직하위,
AJR73980322,5410A30055F,"Insulator,Tube",(도번직결),도번직하위,
AJR73980322,5410A30279A,"Insulator,Tube",(도번직결),도번직하위,
AJR73980322,5410A30279C,"Insulator,Tube",(도번직결),도번직하위,
AJR73980322,6141A20010W,Solenoid,(도번직결),도번직하위,
AJR73980322,EBD64386504,"Sensor Module,Pressure",(도번직결),도번직하위,
AJR73980322,EBE60661407,Solenoid,(도번직결),도번직하위,
AJR73980322,EBF40271407,"Switch,Pressure",(도번직결),도번직하위,
AJR73980322,MJC62301701,Strainer,(도번직결),도번직하위,
AJR73980322,MJU63024802,"Tube,Connector",(도번직결),도번직하위,
AJR73980322,MJU63067202,"Tube,Connector",(도번직결),도번직하위,
AJR73980322,MJU63067307,"Tube,Connector",(도번직결),도번직하위,
AJR73980322,MJU63067406,"Tube,Connector",AJR73980304-3-1,자동매핑,
AJR73980322,MJU63067506,"Tube,Connector",AJR73980304-3-1,자동매핑,
AJR73980322,MJU63067702,"Tube,Connector",(도번직결),도번직하위,
AJR73980322,MJU63234801,"Tube,Connector",(도번직결),도번직하위,
AJR73980322,MJU63301402,"Tube,Connector",(도번직결),도번직하위,
AJR73980322,MJU63754101,"Tube,Connector",AJR73980304-3-1,자동매핑,
AJR73980322,MJX61841301,"Valve,Solenoid",(도번직결),도번직하위,
AJR73980323,4010AR3071N,"Socket,Flare",(도번직결),도번직하위,
AJR73980323,4A00114D,"Tube,Connector",AJR73980304-3-1,자동매핑,
AJR73980323,5014A20009C,"Damper,Tube",(도번직결),도번직하위,
AJR73980323,5210A22409A,"Tube,Connector",AJR73980304-3-1,자동매핑,
AJR73980323,5210A23376A,"Tube,Connector",(도번직결),도번직하위,
AJR73980323,5220AP3777C,"Valve,Reverse",(도번직결),도번직하위,
AJR73980323,5410A21281A,"Insulator,Tube",(도번직결),도번직하위,
AJR73980323,5410A30055F,"Insulator,Tube",(도번직결),도번직하위,
AJR73980323,5410A30279A,"Insulator,Tube",(도번직결),도번직하위,
AJR73980323,5410A30279C,"Insulator,Tube",(도번직결),도번직하위,
AJR73980323,6141A20010W,Solenoid,(도번직결),도번직하위,
AJR73980323,EBD64386504,"Sensor Module,Pressure",(도번직결),도번직하위,
AJR73980323,EBE60661407,Solenoid,(도번직결),도번직하위,
AJR73980323,EBF40271407,"Switch,Pressure",(도번직결),도번직하위,
AJR73980323,MJC62301701,Strainer,(도번직결),도번직하위,
AJR73980323,MJU62096501,"Tube,Connector",(도번직결),도번직하위,
AJR73980323,MJU63024801,"Tube,Connector",(도번직결),도번직하위,
AJR73980323,MJU63067201,"Tube,Connector",(도번직결),도번직하위,
AJR73980323,MJU63067307,"Tube,Connector",(도번직결),도번직하위,
AJR73980323,MJU63067406,"Tube,Connector",AJR73980304-3-1,자동매핑,
AJR73980323,MJU63067506,"Tube,Connector",AJR73980304-3-1,자동매핑,
AJR73980323,MJU63067601,"Tube,Connector",(도번직결),도번직하위,
AJR73980323,MJU63067701,"Tube,Connector",(도번직결),도번직하위,
AJR73980323,MJU63234801,"Tube,Connector",(도번직결),도번직하위,
AJR73980323,MJU63301401,"Tube,Connector",(도번직결),도번직하위,
AJR73980323,MJU63754101,"Tube,Connector",AJR73980304-3-1,자동매핑,
AJR73980323,MJX61841301,"Valve,Solenoid",(도번직결),도번직하위,
AJR73980323,RAC30599301,Solder Soldering,(도번직결),도번직하위,
AJR73981101,AAB73230901,Accumulator Assembly,(도번직결),도번직하위,
AJR73981101,AJJ73640101,Supporter Assembly,(도번직결),도번직하위,
AJR73981101,AJR73663001,"Tube Assembly,Reverse",(도번직결),도번직하위,
AJR73981102,4930A20053B,"Holder,Sensor",(도번직결),도번직하위,
AJR73981102,5014A20009E,"Damper,Tube",(도번직결),도번직하위,
AJR73981102,5014A30014N,"Damper,Tube",(도번직결),도번직하위,
AJR73981102,5210A22409A,"Tube,Connector",(도번직결),도번직하위,
AJR73981102,5410A30279C,"Insulator,Tube",(도번직결),도번직하위,
AJR73981102,AAB73390401,Accumulator Assembly,(도번직결),도번직하위,
AJR73981102,AJJ73640105,Supporter Assembly,(도번직결),도번직하위,
AJR73981102,AJR73663002,"Tube Assembly,Reverse",(도번직결),도번직하위,
AJR73981102,MEV55008105,"Insulator,Tube",(도번직결),도번직하위,
AJR73981102,MJU63470303,"Tube,Connector",(도번직결),도번직하위,
AJR73981102,RAC30599301,Solder Soldering,AJR73663002,자동매핑,
AJR73981104,4930A20053B,"Holder,Sensor",(도번직결),도번직하위,
AJR73981104,5014A20009E,"Damper,Tube",(도번직결),도번직하위,
AJR73981104,5014A30014N,"Damper,Tube",(도번직결),도번직하위,
AJR73981104,5210A22409A,"Tube,Connector",(도번직결),도번직하위,
AJR73981104,5410A30279C,"Insulator,Tube",(도번직결),도번직하위,
AJR73981104,AAB73390401,Accumulator Assembly,(도번직결),도번직하위,
AJR73981104,AAM35646414,"Barrier Assembly,Outdoor",(도번직결),도번직하위,
AJR73981104,AJJ73640105,Supporter Assembly,(도번직결),도번직하위,
AJR73981104,AJR73663004,"Tube Assembly,Reverse",(도번직결),도번직하위,
AJR73981104,MEV55008105,"Insulator,Tube",(도번직결),도번직하위,
AJR73981104,MEV64076405,Insulator,(도번직결),도번직하위,
AJR73981104,MJU63470303,"Tube,Connector",(도번직결),도번직하위,
AJR73981107,4930A20053B,"Holder,Sensor",(도번직결),도번직하위,
AJR73981107,5014A30014N,"Damper,Tube",(도번직결),도번직하위,
AJR73981107,5210A22409A,"Tube,Connector",(도번직결),도번직하위,
AJR73981107,5410A30279C,"Insulator,Tube",(도번직결),도번직하위,
AJR73981107,AAB73390401,Accumulator Assembly,(도번직결),도번직하위,
AJR73981107,AJJ73640101,Supporter Assembly,(도번직결),도번직하위,
AJR73981107,AJR73663006,"Tube Assembly,Reverse",(도번직결),도번직하위,
AJR73981107,MEV55008105,"Insulator,Tube",(도번직결),도번직하위,
AJR73981107,MJU63470303,"Tube,Connector",(도번직결),도번직하위,
AJR73981108,5014A20009A,"Damper,Tube",(도번직결),도번직하위,
AJR73981108,5410A30279A,"Insulator,Tube",(도번직결),도번직하위,
AJR73981108,5410A30279C,"Insulator,Tube",(도번직결),도번직하위,
AJR73981108,AAB73230901,Accumulator Assembly,(도번직결),도번직하위,
AJR73981108,AJR73663001,"Tube Assembly,Reverse",(도번직결),도번직하위,
AJR73981109,5014A20009A,"Damper,Tube",(도번직결),도번직하위,
AJR73981109,5410A30279A,"Insulator,Tube",(도번직결),도번직하위,
AJR73981109,5410A30279C,"Insulator,Tube",(도번직결),도번직하위,
AJR73981109,AAB73230901,Accumulator Assembly,(도번직결),도번직하위,
AJR73981109,AJJ73640108,Supporter Assembly,(도번직결),도번직하위,
AJR73981109,AJR73663001,"Tube Assembly,Reverse",(도번직결),도번직하위,
AJR73984806,3H01582A,Tie,(도번직결),도번직하위,
AJR73984806,4930A20053B,"Holder,Sensor",(도번직결),도번직하위,
AJR73984806,5210A22409A,"Tube,Connector",(도번직결),도번직하위,
AJR73984806,MEV37586012,"Insulator,Tube",(도번직결),도번직하위,
AJR73984806,MJU62993517,"Tube,Connector",(도번직결),도번직하위,
AJR73984806,MJU62993518,"Tube,Connector",(도번직결),도번직하위,
AJR73984806,MJU62993519,"Tube,Connector",(도번직결),도번직하위,
AJR73984806,MJU62993520,"Tube,Connector",(도번직결),도번직하위,
AJR73984806,MJU62993521,"Tube,Connector",(도번직결),도번직하위,
AJR73984806,MJU62993522,"Tube,Connector",(도번직결),도번직하위,
AJR73984806,MJU62993523,"Tube,Connector",(도번직결),도번직하위,
AJR73984806,MJU62993524,"Tube,Connector",(도번직결),도번직하위,
AJR73984806,MJU62995705,"Tube,Manifold",(도번직결),도번직하위,
AJR73988106,3H01582A,Tie,(도번직결),도번직하위,
AJR73988106,5014A30014W,"Damper,Tube",(도번직결),도번직하위,
AJR73988106,5210A22520B,"Tube,Connector",(도번직결),도번직하위,
AJR73988106,5220AR3228W,"Valve,Reverse",(도번직결),도번직하위,
AJR73988106,AFY73489501,Muffler Assembly,(도번직결),도번직하위,
AJR73988106,EAP64467708,"Coil Assembly,Reverse",(도번직결),도번직하위,
AJR73988106,EBD62165602,"Sensor,Pressure",(도번직결),도번직하위,
AJR73988106,MEV39836107,Insulator,(도번직결),도번직하위,
AJR73988106,MJU63070401,"Tube,Connector",(도번직결),도번직하위,
AJR73988106,MJU63070601,"Tube,Connector",(도번직결),도번직하위,
AJR73988106,MJU63070701,"Tube,Connector",(도번직결),도번직하위,
AJR73988201,5210A24677G,"Tube,Connector",(도번직결),도번직하위,
AJR73988201,5210A31939A,"Tube,Connector",(도번직결),도번직하위,
AJR73988201,MJU63070402,"Tube,Connector",(도번직결),도번직하위,
AJR73988201,MJU63087001,"Tube,Manifold",(도번직결),도번직하위,
AJR73988201,MJU63087002,"Tube,Manifold",(도번직결),도번직하위,
AJR73988601,3H03659L,Strainer,(도번직결),도번직하위,
AJR73988601,5210A21174B,"Tube,Distributor",(도번직결),도번직하위,
AJR73988601,5210A28001C,"Tube,Return Bending",(도번직결),도번직하위,
AJR73988601,5220A90003C,"Valve,Expansion Body",(도번직결),도번직하위,
AJR73988601,MJU63071001,"Tube,Connector",(도번직결),도번직하위,
AJR73988601,MJU63071101,"Tube,Connector",(도번직결),도번직하위,
AJR73988601,MJU63071201,"Tube,Connector",(도번직결),도번직하위,
AJR73988601,MJU63086901,"Tube,Capillary Bending",(도번직결),도번직하위,
AJR73988601,MJU63086902,"Tube,Capillary Bending",(도번직결),도번직하위,
AJR73988604,3H03659L,Strainer,(도번직결),도번직하위,
AJR73988604,5210A21174B,"Tube,Distributor",(도번직결),도번직하위,
AJR73988604,5210A28001C,"Tube,Return Bending",(도번직결),도번직하위,
AJR73988604,5220A90013F,"Valve,Expansion Body",(도번직결),도번직하위,
AJR73988604,MJU63071003,"Tube,Connector",(도번직결),도번직하위,
AJR73988604,MJU63071101,"Tube,Connector",(도번직결),도번직하위,
AJR73988604,MJU63071203,"Tube,Connector",(도번직결),도번직하위,
AJR73988604,MJU63086901,"Tube,Capillary Bending",(도번직결),도번직하위,
AJR73988604,MJU63086902,"Tube,Capillary Bending",(도번직결),도번직하위,
AJR74005701,5210A28001C,"Tube,Return Bending",(도번직결),도번직하위,
AJR74005701,MJU62287516,"Tube,Connector",(도번직결),도번직하위,
AJR74005701,MJU62356410,"Tube,Connector",(도번직결),도번직하위,
AJR74005701,MJU62356412,"Tube,Connector",(도번직결),도번직하위,
AJR74005701,MJU63107505,"Tube,Capillary Bending",(도번직결),도번직하위,
AJR74005701,MJU63107506,"Tube,Capillary Bending",(도번직결),도번직하위,
AJR74005701,MJU63107507,"Tube,Capillary Bending",(도번직결),도번직하위,
AJR74005701,MJU63107508,"Tube,Capillary Bending",(도번직결),도번직하위,
AJR74005701,MJU63512503,"Tube,Distributor",(도번직결),도번직하위,
AJR74005801,5210A22034A,"Tube,Condenser",(도번직결),도번직하위,
AJR74005801,5210A31939A,"Tube,Connector",(도번직결),도번직하위,
AJR74005801,MJU63125201,"Tube,Manifold",(도번직결),도번직하위,
AJR74005801,MJU63125202,"Tube,Manifold",(도번직결),도번직하위,
AJR74005801,MJU63125203,"Tube,Manifold",(도번직결),도번직하위,
AJR74007502,1SDTF040267,"Screw,Taptite",(도번직결),도번직하위,
AJR74007502,3H01582A,Tie,(도번직결),도번직하위,
AJR74007502,3H01582E,Tie,(도번직결),도번직하위,
AJR74007502,4930A20053B,"Holder,Sensor",(도번직결),도번직하위,
AJR74007502,4H00006A,"Screw,Customized",AJR74007502-SUB,자동매핑,
AJR74007502,5014A30014Q,"Damper,Tube",(도번직결),도번직하위,
AJR74007502,5014A30014W,"Damper,Tube",(도번직결),도번직하위,
AJR74007502,5210A22409A,"Tube,Connector",AJR74007502-16-1,자동매핑,
AJR74007502,5210A22409B,"Tube,Connector",AJR74007502-16-2,자동매핑,
AJR74007502,5210A22520B,"Tube,Connector",(도번직결),도번직하위,
AJR74007502,5220AR3228W,"Valve,Reverse",(도번직결),도번직하위,
AJR74007502,5256A30003C,Muffler,AJR74007502-16-2,자동매핑,
AJR74007502,EAP64467709,"Coil Assembly,Reverse",(도번직결),도번직하위,
AJR74007502,EBD60663821,"Sensor,Pressure",(도번직결),도번직하위,
AJR74007502,MEG66660102,"Holder,Tubing",(도번직결),도번직하위,
AJR74007502,MEG66660106,"Holder,Tubing",(도번직결),도번직하위,
AJR74007502,MEV39836107,Insulator,(도번직결),도번직하위,
AJR74007502,MJH56985704,Supporter,AJR74007502-SUB,자동매핑,
AJR74007502,MJU63156702,"Tube,Discharge",AJR74007502-16-2,자동매핑,
AJR74007502,MJU63156703,"Tube,Discharge",AJR74007502-16-2,자동매핑,
AJR74007502,MJU63156802,"Tube,Connector",(도번직결),도번직하위,
AJR74007502,MJU63156803,"Tube,Connector",(도번직결),도번직하위,
AJR74007502,MJU63156903,"Tube,Connector",(도번직결),도번직하위,
AJR74007502,MJU63209803,"Tube,Connector",(도번직결),도번직하위,
AJR74007502,MJU63209804,"Tube,Connector",AJR74007502-16-1,자동매핑,
AJR74007502,MJX62451504,"Valve,Service",AJR74007502-SUB,자동매핑,
AJR74007502,MJX63932320,"Valve,Service",AJR74007502-SUB,자동매핑,
AJR74043402,5210A31939A,"Tube,Connector",(도번직결),도번직하위,
AJR74043402,MEV31179315,Insulator,(도번직결),도번직하위,
AJR74043402,MJU61972902,"Tube,Connector",(도번직결),도번직하위,
AJR74043402,MJU63037001,"Tube,Connector",(도번직결),도번직하위,
AJR74043402,MJU63058001,"Tube,Manifold",(도번직결),도번직하위,
AJR74043402,MJU63058002,"Tube,Manifold",(도번직결),도번직하위,
AJR74043406,5210A31939A,"Tube,Connector",(도번직결),도번직하위,
AJR74043406,MJU61972902,"Tube,Connector",(도번직결),도번직하위,
AJR74043406,MJU63058007,"Tube,Manifold",(도번직결),도번직하위,
AJR74043408,4930A20053B,"Holder,Sensor",(도번직결),도번직하위,
AJR74043408,5210A22409B,"Tube,Connector",(도번직결),도번직하위,
AJR74043408,5210A31939A,"Tube,Connector",(도번직결),도번직하위,
AJR74043408,MJU61972902,"Tube,Connector",(도번직결),도번직하위,
AJR74043408,MJU63058009,"Tube,Manifold",(도번직결),도번직하위,
AJR74043408,MJU63088211,"Tube,Discharge",(도번직결),도번직하위,
AJR74043408,MJU63088212,"Tube,Discharge",(도번직결),도번직하위,
AJR74062502,4930A20053B,"Holder,Sensor",(도번직결),도번직하위,
AJR74062502,4H01688S,"Clamp,Cord",(도번직결),도번직하위,
AJR74062502,5014A20009E,"Damper,Tube",(도번직결),도번직하위,
AJR74062502,5210A22409A,"Tube,Connector",(도번직결),도번직하위,
AJR74062502,AAB73250401,Accumulator Assembly,(도번직결),도번직하위,
AJR74062502,AJR36388606,"Tube Assembly,Expansion",(도번직결),도번직하위,
AJR74062502,AJR73944503,"Tube Assembly,Reverse",(도번직결),도번직하위,
AJR74062502,MEV64101801,Insulator,(도번직결),도번직하위,
AJR74062502,MEZ41343601,"Label,Caution",(도번직결),도번직하위,
AJR74062502,MJH39544901,Supporter,(도번직결),도번직하위,
AJR74062502,MJU41942208,"Tube,Suction",(도번직결),도번직하위,
AJR74105602,1SZZA20001L,"Screw,Customized",(도번직결),도번직하위,
AJR74105602,3H01582A,Tie,(도번직결),도번직하위,
AJR74105602,3H01582E,Tie,(도번직결),도번직하위,
AJR74105602,4930A20053B,"Holder,Sensor",(도번직결),도번직하위,
AJR74105602,5014A20009E,"Damper,Tube",(도번직결),도번직하위,
AJR74105602,5210A22409A,"Tube,Connector",AAB73230902-2,자동매핑,
AJR74105602,AAB73230902,Accumulator Assembly,AAB73230902-2,자동매핑,
AJR74105602,AAM35646414,"Barrier Assembly,Outdoor",(도번직결),도번직하위,
AJR74105602,EBE61441605,Solenoid,(도번직결),도번직하위,
AJR74105602,MAZ63732401,Bracket,(도번직결),도번직하위,
AJR74105602,MCQ66969701,"Damper,Tube",(도번직결),도번직하위,
AJR74105602,MJU63032706,"Tube,Connector",AAB73230902-2,자동매핑,
AJR74105602,MJU63037905,"Tube,Connector",(도번직결),도번직하위,
AJR74105602,MJU63354602,"Tube,Connector",(도번직결),도번직하위,
AJR74105602,MJU63354604,"Tube,Connector",(도번직결),도번직하위,
AJR74105602,MJX61841306,"Valve,Solenoid",(도번직결),도번직하위,
AJR74107911,5210A22409C,"Tube,Connector",AJR74107911-4-1,자동매핑,
AJR74107911,5410A30055S,"Insulator,Tube",(도번직결),도번직하위,
AJR74107911,MJU64408006,"Tube,Connector",AJR74107911-4-1,자동매핑,
AJR74107911,MJU64408007,"Tube,Connector",AJR74107911-4-1,자동매핑,
AJR74107912,3H01582C,Tie,(도번직결),도번직하위,
AJR74107912,5014A30001B,"Damper,Tube",(도번직결),도번직하위,
AJR74107912,5014A30001C,"Damper,Tube",(도번직결),도번직하위,
AJR74107912,5210A22409C,"Tube,Connector",AJR74107912-4-1,자동매핑,
AJR74107912,5410A30055S,"Insulator,Tube",(도번직결),도번직하위,
AJR74107912,MJU64449912,"Tube,Connector",AJR74107912-4-1,자동매핑,
AJR74107912,MJU64449913,"Tube,Connector",AJR74107912-4-1,자동매핑,
AJR74107915,3H01582C,Tie,(도번직결),도번직하위,
AJR74107915,5014A30001A,"Damper,Tube",(도번직결),도번직하위,
AJR74107915,5014A30001C,"Damper,Tube",(도번직결),도번직하위,
AJR74107915,5210A22409C,"Tube,Connector",(도번직결),도번직하위,
AJR74107915,5410A30055S,"Insulator,Tube",(도번직결),도번직하위,
AJR74107915,MJU64449912,"Tube,Connector",(도번직결),도번직하위,
AJR74107915,MJU64449913,"Tube,Connector",(도번직결),도번직하위,
AJR74126004,3A02080B,"Valve,Reverse",(도번직결),도번직하위,
AJR74126004,4A00232N,Muffler,(도번직결),도번직하위,
AJR74126004,5014A20009A,"Damper,Tube",(도번직결),도번직하위,
AJR74126004,5014A30001C,"Damper,Tube",(도번직결),도번직하위,
AJR74126004,5220A90002E,"Valve,Solenoid",(도번직결),도번직하위,
AJR74126004,5256A30002D,Muffler,(도번직결),도번직하위,
AJR74126004,6141A20017D,Solenoid,(도번직결),도번직하위,
AJR74126004,6600L000016,"Switch,Pressure",(도번직결),도번직하위,
AJR74126004,EBE61301701,Solenoid,(도번직결),도번직하위,
AJR74126004,EBF61915201,"Switch,Pressure",(도번직결),도번직하위,
AJR74126004,MJU63311619,"Tube,Capillary Bending",(도번직결),도번직하위,
AJR74126004,MJU63338401,"Tube,Discharge",(도번직결),도번직하위,
AJR74126004,MJU63338709,"Tube,Suction",(도번직결),도번직하위,
AJR74126004,MJU63338710,"Tube,Suction",(도번직결),도번직하위,
AJR74126004,MJU63353511,"Tube,Connector",(도번직결),도번직하위,
AJR74126004,MJU63353513,"Tube,Connector",(도번직결),도번직하위,
AJR74126004,MJU63353514,"Tube,Connector",(도번직결),도번직하위,
AJR74126004,MJU63353515,"Tube,Connector",(도번직결),도번직하위,
AJR74126004,MJU63353516,"Tube,Connector",(도번직결),도번직하위,
AJR74126004,MJU63353517,"Tube,Connector",(도번직결),도번직하위,
AJR74145401,3H01582E,Tie,(도번직결),도번직하위,
AJR74145401,5210A22409A,"Tube,Connector",(도번직결),도번직하위,
AJR74145401,MEG66660103,"Holder,Tubing",(도번직결),도번직하위,
AJR74145401,MJU63060001,"Tube,Connector",(도번직결),도번직하위,
AJR74145402,3H01582E,Tie,(도번직결),도번직하위,
AJR74145402,5210A22409A,"Tube,Connector",(도번직결),도번직하위,
AJR74145402,MEG66660103,"Holder,Tubing",(도번직결),도번직하위,
AJR74145402,MJU63060002,"Tube,Connector",(도번직결),도번직하위,
AJR74145801,2H00351U,"Tube,Distributor",(도번직결),도번직하위,
AJR74145801,3A01020H,"Valve,Check",(도번직결),도번직하위,
AJR74145801,4H01281C,"Tube,Pinch Off",(도번직결),도번직하위,
AJR74145801,AJR73066527,"Tube Assembly,Capillary",(도번직결),도번직하위,
AJR74145801,AJR73066528,"Tube Assembly,Capillary",(도번직결),도번직하위,
AJR74145801,AJR73066529,"Tube Assembly,Capillary",(도번직결),도번직하위,
AJR74145801,AJR73066530,"Tube Assembly,Capillary",(도번직결),도번직하위,
AJR74145801,MJU61861611,"Tube,Connector",(도번직결),도번직하위,
AJR74145801,MJU61861617,"Tube,Connector",(도번직결),도번직하위,
AJR74145801,MJU61861618,"Tube,Connector",(도번직결),도번직하위,
AJR74145801,MJU63311601,"Tube,Capillary Bending",(도번직결),도번직하위,
AJR74145801,MJU63311602,"Tube,Capillary Bending",(도번직결),도번직하위,
AJR74145801,MJU63353501,"Tube,Connector",(도번직결),도번직하위,
AJR74145801,MJU63353502,"Tube,Connector",(도번직결),도번직하위,
AJR74145801,MJU63353503,"Tube,Connector",(도번직결),도번직하위,
AJR74145801,MJU63353504,"Tube,Connector",(도번직결),도번직하위,
AJR74145801,MJU63353508,"Tube,Connector",(도번직결),도번직하위,
AJR74145801,MJU63353512,"Tube,Connector",(도번직결),도번직하위,
AJR74145802,2H00351U,"Tube,Distributor",(도번직결),도번직하위,
AJR74145802,4H01281C,"Tube,Pinch Off",(도번직결),도번직하위,
AJR74145802,AJR73066527,"Tube Assembly,Capillary",(도번직결),도번직하위,
AJR74145802,AJR73066528,"Tube Assembly,Capillary",(도번직결),도번직하위,
AJR74145802,AJR73066529,"Tube Assembly,Capillary",(도번직결),도번직하위,
AJR74145802,AJR73066530,"Tube Assembly,Capillary",(도번직결),도번직하위,
AJR74145802,MJU61861611,"Tube,Connector",(도번직결),도번직하위,
AJR74145802,MJU61861617,"Tube,Connector",(도번직결),도번직하위,
AJR74145802,MJU61861618,"Tube,Connector",(도번직결),도번직하위,
AJR74145802,MJU63311604,"Tube,Capillary Bending",(도번직결),도번직하위,
AJR74145802,MJU63358401,"Tube,Connector",(도번직결),도번직하위,
AJR74145802,MJU63358402,"Tube,Connector",(도번직결),도번직하위,
AJR74145802,MJU63358403,"Tube,Connector",(도번직결),도번직하위,
AJR74162501,3H01582E,Tie,(도번직결),도번직하위,
AJR74162501,MEG66660104,"Holder,Tubing",(도번직결),도번직하위,
AJR74162501,MJU63208804,"Tube,Connector",(도번직결),도번직하위,
AJR74162501,MJU63208805,"Tube,Connector",(도번직결),도번직하위,
AJR74162501,MJU63208807,"Tube,Connector",(도번직결),도번직하위,
AJR74162501,MJU63307403,"Tube,Manifold",(도번직결),도번직하위,
AJR74162503,3H03659N,Strainer,(도번직결),도번직하위,
AJR74162503,4930A20053B,"Holder,Sensor",(도번직결),도번직하위,
AJR74162503,5210A22409A,"Tube,Connector",(도번직결),도번직하위,
AJR74162503,MJU63297801,"Tube,Connector",(도번직결),도번직하위,
AJR74162503,MJU63297802,"Tube,Connector",(도번직결),도번직하위,
AJR74162503,MJU63297803,"Tube,Connector",(도번직결),도번직하위,
AJR74162503,MJU63297804,"Tube,Connector",(도번직결),도번직하위,
AJR74162503,MJU63297806,"Tube,Connector",(도번직결),도번직하위,
AJR74162503,MJU63355601,"Tube,Manifold",(도번직결),도번직하위,
AJR74162504,3H03659M,Strainer,(도번직결),도번직하위,
AJR74162504,MJU57271806,"Tube,Connector",(도번직결),도번직하위,
AJR74162504,MJU62841705,"Tube,Manifold",(도번직결),도번직하위,
AJR74162504,MJU63447303,"Tube,Connector",(도번직결),도번직하위,
AJR74162602,4930A20053B,"Holder,Sensor",AAB73230902-1,자동매핑,
AJR74162602,4H00006A,"Screw,Customized",(도번직결),도번직하위,
AJR74162602,4H01688S,"Clamp,Cord",(도번직결),도번직하위,
AJR74162602,5014A20009D,"Damper,Tube",(도번직결),도번직하위,
AJR74162602,5210A22409A,"Tube,Connector",AAB73230902-1,자동매핑,
AJR74162602,5220A90013B,"Valve,Expansion Body",(도번직결),도번직하위,
AJR74162602,5224A20002T,Strainer,(도번직결),도번직하위,
AJR74162602,5410A30279A,"Insulator,Tube",(도번직결),도번직하위,
AJR74162602,AAB73230902,Accumulator Assembly,AAB73230902-1,자동매핑,
AJR74162602,AAM35646414,"Barrier Assembly,Outdoor",(도번직결),도번직하위,
AJR74162602,EBD62165602,"Sensor,Pressure",(도번직결),도번직하위,
AJR74162602,MAZ63732401,Bracket,(도번직결),도번직하위,
AJR74162602,MEV64341806,Insulator,(도번직결),도번직하위,
AJR74162602,MEZ41343601,"Label,Caution",(도번직결),도번직하위,
AJR74162602,MEZ41343608,"Label,Caution",(도번직결),도번직하위,
AJR74162602,MJH39544901,Supporter,(도번직결),도번직하위,
AJR74162602,MJU63032703,"Tube,Connector",AAB73230902-1,자동매핑,
AJR74162602,MJU63032704,"Tube,Connector",(도번직결),도번직하위,
AJR74162602,MJU63122901,"Tube,Connector",(도번직결),도번직하위,
AJR74162602,MJU63347201,"Tube,Connector",(도번직결),도번직하위,
AJR74162602,MJU63347202,"Tube,Connector",(도번직결),도번직하위,
AJR74162602,MJU63347203,"Tube,Connector",(도번직결),도번직하위,
AJR74162602,MJX62472203,"Valve,Service",(도번직결),도번직하위,
AJR74162603,4930A20053B,"Holder,Sensor",AAB73230902-1,자동매핑,
AJR74162603,4H00006A,"Screw,Customized",(도번직결),도번직하위,
AJR74162603,4H00363H,"Damper,Tube",(도번직결),도번직하위,
AJR74162603,4H01688S,"Clamp,Cord",(도번직결),도번직하위,
AJR74162603,5014A20009D,"Damper,Tube",(도번직결),도번직하위,
AJR74162603,5210A22409A,"Tube,Connector",AAB73230902-1,자동매핑,
AJR74162603,5220A90013B,"Valve,Expansion Body",(도번직결),도번직하위,
AJR74162603,5224A20002T,Strainer,(도번직결),도번직하위,
AJR74162603,5410A30279A,"Insulator,Tube",(도번직결),도번직하위,
AJR74162603,AAB73230902,Accumulator Assembly,AAB73230902-1,자동매핑,
AJR74162603,AAM35646414,"Barrier Assembly,Outdoor",(도번직결),도번직하위,
AJR74162603,EBD62165602,"Sensor,Pressure",(도번직결),도번직하위,
AJR74162603,MAZ63732401,Bracket,(도번직결),도번직하위,
AJR74162603,MEV64341806,Insulator,(도번직결),도번직하위,
AJR74162603,MEZ41343601,"Label,Caution",(도번직결),도번직하위,
AJR74162603,MEZ41343603,"Label,Caution",(도번직결),도번직하위,
AJR74162603,MJH39544901,Supporter,(도번직결),도번직하위,
AJR74162603,MJU63032703,"Tube,Connector",AAB73230902-1,자동매핑,
AJR74162603,MJU63032704,"Tube,Connector",(도번직결),도번직하위,
AJR74162603,MJU63122901,"Tube,Connector",(도번직결),도번직하위,
AJR74162603,MJU63347201,"Tube,Connector",(도번직결),도번직하위,
AJR74162603,MJU63347202,"Tube,Connector",(도번직결),도번직하위,
AJR74162603,MJU63347203,"Tube,Connector",(도번직결),도번직하위,
AJR74162603,MJX62472203,"Valve,Service",(도번직결),도번직하위,
AJR74162604,1SZZA20001L,"Screw,Customized",(도번직결),도번직하위,
AJR74162604,3H01582E,Tie,(도번직결),도번직하위,
AJR74162604,4930A20053B,"Holder,Sensor",AAB73230902-1,자동매핑,
AJR74162604,4H00006C,"Screw,Customized",(도번직결),도번직하위,
AJR74162604,4H01688S,"Clamp,Cord",(도번직결),도번직하위,
AJR74162604,5014A20009D,"Damper,Tube",(도번직결),도번직하위,
AJR74162604,5210A22409A,"Tube,Connector",AAB73230902-1,자동매핑,
AJR74162604,5220A90013B,"Valve,Expansion Body",AJR74162604-S2-1,자동매핑,
AJR74162604,5224A20002T,Strainer,AJR74162604-S2-1,자동매핑,
AJR74162604,AAB73230902,Accumulator Assembly,AAB73230902-1,자동매핑,
AJR74162604,AAM35646414,"Barrier Assembly,Outdoor",(도번직결),도번직하위,
AJR74162604,EBD62165602,"Sensor,Pressure",(도번직결),도번직하위,
AJR74162604,MAZ63732401,Bracket,(도번직결),도번직하위,
AJR74162604,MEG66660104,"Holder,Tubing",(도번직결),도번직하위,
AJR74162604,MEV64341806,Insulator,(도번직결),도번직하위,
AJR74162604,MEZ41343603,"Label,Caution",(도번직결),도번직하위,
AJR74162604,MJH39544901,Supporter,(도번직결),도번직하위,
AJR74162604,MJU63032703,"Tube,Connector",AAB73230902-1,자동매핑,
AJR74162604,MJU63032704,"Tube,Connector",AJR74162604-S2-1,자동매핑,
AJR74162604,MJU63122901,"Tube,Connector",AJR74162604-S2-1,자동매핑,
AJR74162604,MJU63347201,"Tube,Connector",AJR74162604-S2-1,자동매핑,
AJR74162604,MJU63347202,"Tube,Connector",AJR74162604-S2-1,자동매핑,
AJR74162604,MJU63347203,"Tube,Connector",AJR74162604-S2-1,자동매핑,
AJR74162604,MJX62472203,"Valve,Service",(도번직결),도번직하위,
AJR74165705,MJU62919025,"Tube,Connector",(도번직결),도번직하위,
AJR74165705,MJU63294810,"Tube,Connector",(도번직결),도번직하위,
AJR74169701,5014A20009C,"Damper,Tube",(도번직결),도번직하위,
AJR74169701,5014A20009D,"Damper,Tube",(도번직결),도번직하위,
AJR74169701,5210A22409B,"Tube,Connector",(도번직결),도번직하위,
AJR74169701,5210A23376A,"Tube,Connector",5211A22074A-3,자동매핑,
AJR74169701,5220A90008H,"Valve,Solenoid",(도번직결),도번직하위,
AJR74169701,5224A20005L,Strainer,(도번직결),도번직하위,
AJR74169701,5410A30279A,"Insulator,Tube",(도번직결),도번직하위,
AJR74169701,6141A20050Y,Solenoid,(도번직결),도번직하위,
AJR74169701,MJU62406601,"Tube,Connector",(도번직결),도번직하위,
AJR74169701,MJU62817601,"Tube,Connector",(도번직결),도번직하위,
AJR74169701,MJU63083401,"Tube,Connector",(도번직결),도번직하위,
AJR74169701,MJU63302101,"Tube,Connector",(도번직결),도번직하위,
AJR74169701,MJU63306910,"Tube,Absorbing",(도번직결),도번직하위,
AJR74169701,MJU63328401,"Tube,Connector",(도번직결),도번직하위,
AJR74169701,MKW30000003,"Plug,Fusible",(도번직결),도번직하위,
AJR74169703,5014A20009D,"Damper,Tube",(도번직결),도번직하위,
AJR74169703,5210A22409B,"Tube,Connector",(도번직결),도번직하위,
AJR74169703,5210A23376A,"Tube,Connector",(도번직결),도번직하위,
AJR74169703,5220A90008H,"Valve,Solenoid",(도번직결),도번직하위,
AJR74169703,5224A20005L,Strainer,(도번직결),도번직하위,
AJR74169703,5410A30279A,"Insulator,Tube",(도번직결),도번직하위,
AJR74169703,6141A20050Y,Solenoid,(도번직결),도번직하위,
AJR74169703,MJU62406601,"Tube,Connector",(도번직결),도번직하위,
AJR74169703,MJU62817601,"Tube,Connector",(도번직결),도번직하위,
AJR74169703,MJU63083401,"Tube,Connector",(도번직결),도번직하위,
AJR74169703,MJU63302105,"Tube,Connector",(도번직결),도번직하위,
AJR74169703,MJU63306910,"Tube,Absorbing",(도번직결),도번직하위,
AJR74169703,MJU63328401,"Tube,Connector",(도번직결),도번직하위,
AJR74203404,4010AR3071C,"Socket,Flare",AJR74203404-은납,자동매핑,
AJR74203404,4930A20053B,"Holder,Sensor",(도번직결),도번직하위,
AJR74203404,4A00742A,"Nut,Flare",(도번직결),도번직하위,
AJR74203404,5210A22409A,"Tube,Connector",(도번직결),도번직하위,
AJR74203404,5210A22441D,"Tube,Distributor",(도번직결),도번직하위,
AJR74203404,5410A30279T,"Insulator,Tube",(도번직결),도번직하위,
AJR74203404,MBL67877901,Cap,(도번직결),도번직하위,
AJR74203404,MBL67878001,Cap,(도번직결),도번직하위,
AJR74203404,MJU63509602,"Tube,Connector",AJR74203404-은납,자동매핑,
AJR74203404,MJU63510701,"Tube,Connector",(도번직결),도번직하위,
AJR74203404,MJU63510702,"Tube,Connector",(도번직결),도번직하위,
AJR74203404,RAC30599327,Solder Soldering,AJR74203404-은납,자동매핑,
AJR74204401,5210A22409A,"Tube,Connector",(도번직결),도번직하위,
AJR74204401,5210A22409B,"Tube,Connector",(도번직결),도번직하위,
AJR74204401,5224A20005H,Strainer,(도번직결),도번직하위,
AJR74204401,5410A30279A,"Insulator,Tube",(도번직결),도번직하위,
AJR74204401,MJU63430901,"Tube,Connector",(도번직결),도번직하위,
AJR74204401,MJU63431001,"Tube,Connector",(도번직결),도번직하위,
AJR74204401,MJU63431101,"Tube,Connector",(도번직결),도번직하위,
AJR74205202,MJU62009204,"Tube,Distributor",(도번직결),도번직하위,
AJR74205202,MJU63311611,"Tube,Capillary Bending",(도번직결),도번직하위,
AJR74205202,MJU63311612,"Tube,Capillary Bending",(도번직결),도번직하위,
AJR74205202,MJU63311620,"Tube,Capillary Bending",(도번직결),도번직하위,
AJR74205202,MJU63496801,"Tube,Capillary Bending",(도번직결),도번직하위,
AJR74205202,MJU63496802,"Tube,Capillary Bending",(도번직결),도번직하위,
AJR74205202,MJU63496803,"Tube,Capillary Bending",(도번직결),도번직하위,
AJR74205202,MJU63496804,"Tube,Capillary Bending",(도번직결),도번직하위,
AJR74205202,MJU63497604,"Tube,Connector",(도번직결),도번직하위,
AJR74205202,MJU63497605,"Tube,Connector",(도번직결),도번직하위,
AJR74205202,MJU63497606,"Tube,Connector",(도번직결),도번직하위,
AJR74205202,MJU63497609,"Tube,Connector",(도번직결),도번직하위,
AJR74205202,MJU63497610,"Tube,Connector",(도번직결),도번직하위,
AJR74207301,4H00363B,"Damper,Tube",(도번직결),도번직하위,
AJR74207301,5014A20009A,"Damper,Tube",(도번직결),도번직하위,
AJR74207301,5210A22409B,"Tube,Connector",AJR74207301-S3-1,자동매핑,
AJR74207301,5220A30004A,"Valve,Check",(도번직결),도번직하위,
AJR74207301,MDS63981001,Gasket,(도번직결),도번직하위,
AJR74207301,MHH41401201,"Separator,Oil",(도번직결),도번직하위,
AJR74207301,MJU61940901,"Tube,Connector",(도번직결),도번직하위,
AJR74207301,MJU62837001,"Tube,Connector",(도번직결),도번직하위,
AJR74207301,MJU63083101,"Tube,Connector",(도번직결),도번직하위,
AJR74207301,MJU63083202,"Tube,Connector",AJR74207301-S3-1,자동매핑,
AJR74207301,MJU63083302,"Tube,Connector",(도번직결),도번직하위,
AJR74207301,MJX62771705,"Valve,Check",(도번직결),도번직하위,
AJR74224101,MJU57271814,"Tube,Connector",(도번직결),도번직하위,
AJR74224101,MJU63470802,"Tube,Manifold",(도번직결),도번직하위,
AJR74224101,MJU63470903,"Tube,Connector",(도번직결),도번직하위,
AJR74224202,3H03659N,Strainer,(도번직결),도번직하위,
AJR74224202,5210A31939A,"Tube,Connector",(도번직결),도번직하위,
AJR74224202,MJU57271806,"Tube,Connector",(도번직결),도번직하위,
AJR74224202,MJU63470801,"Tube,Manifold",(도번직결),도번직하위,
AJR74224202,MJU63470901,"Tube,Connector",(도번직결),도번직하위,
AJR74227601,3H01582C,Tie,(도번직결),도번직하위,
AJR74227601,5210A23344Q,"Tube,Coupling",(도번직결),도번직하위,
AJR74227601,5410A21281A,"Insulator,Tube",(도번직결),도번직하위,
AJR74227601,5410A30055S,"Insulator,Tube",(도번직결),도번직하위,
AJR74227601,EBD60663824,"Sensor,Pressure",(도번직결),도번직하위,
AJR74227601,MJU42938502,"Tube,Connector",(도번직결),도번직하위,
AJR74227601,MJU63314601,"Tube,Connector",(도번직결),도번직하위,
AJR74227601,MJU63315201,"Tube,Connector",(도번직결),도번직하위,
AJR74227601,MJU63315202,"Tube,Connector",(도번직결),도번직하위,
AJR74227601,MJU63475301,"Tube,Connector",(도번직결),도번직하위,
AJR74227601,MJU63496101,"Tube,Connector",(도번직결),도번직하위,
AJR74229901,MJU63437401,"Tube,Connector",(도번직결),도번직하위,
AJR74229901,MJU63479101,"Tube,Connector",(도번직결),도번직하위,
AJR74229901,MJU63479201,"Tube,Manifold",(도번직결),도번직하위,
AJR74229901,MJU63482301,"Tube,Connector",(도번직결),도번직하위,
AJR74229901,MJU63482401,"Tube,Connector",(도번직결),도번직하위,
AJR74229901,MJU63482501,"Tube,Connector",(도번직결),도번직하위,
AJR74229902,MJU63437401,"Tube,Connector",(도번직결),도번직하위,
AJR74229902,MJU63479101,"Tube,Connector",(도번직결),도번직하위,
AJR74229902,MJU63479204,"Tube,Manifold",(도번직결),도번직하위,
AJR74229902,MJU63482301,"Tube,Connector",(도번직결),도번직하위,
AJR74229902,MJU63482401,"Tube,Connector",(도번직결),도번직하위,
AJR74229902,MJU63482501,"Tube,Connector",(도번직결),도번직하위,
AJR74230002,MJU63479106,"Tube,Connector",(도번직결),도번직하위,
AJR74230002,MJU63479107,"Tube,Connector",(도번직결),도번직하위,
AJR74230002,MJU63479205,"Tube,Manifold",(도번직결),도번직하위,
AJR74230002,MJU63482201,"Tube,Connector",(도번직결),도번직하위,
AJR74230302,3A02531C,"Tube,Distributor",(도번직결),도번직하위,
AJR74230302,3H03750H,"Tube,Capillary",(도번직결),도번직하위,
AJR74230302,5211AP4052A,"Tube Assembly,Connector",(도번직결),도번직하위,
AJR74242301,3H01582E,Tie,(도번직결),도번직하위,
AJR74242301,4930A20053B,"Holder,Sensor",(도번직결),도번직하위,
AJR74242301,5014A20009B,"Damper,Tube",(도번직결),도번직하위,
AJR74242301,5014A30001C,"Damper,Tube",(도번직결),도번직하위,
AJR74242301,5210A22409B,"Tube,Connector",(도번직결),도번직하위,
AJR74242301,MJU63406902,"Tube,Connector",(도번직결),도번직하위,
AJR74242301,MJU63407102,"Tube,Connector",(도번직결),도번직하위,
AJR74242301,MJU63407103,"Tube,Connector",(도번직결),도번직하위,
AJR74242301,MJU63407201,"Tube,Connector",(도번직결),도번직하위,
AJR74242310,3H01582A,Tie,(도번직결),도번직하위,
AJR74242310,3H01582E,Tie,(도번직결),도번직하위,
AJR74242310,4930A20053B,"Holder,Sensor",(도번직결),도번직하위,
AJR74242310,5014A20009B,"Damper,Tube",(도번직결),도번직하위,
AJR74242310,5014A30001C,"Damper,Tube",(도번직결),도번직하위,
AJR74242310,5210A22409B,"Tube,Connector",(도번직결),도번직하위,
AJR74242310,MEG66660102,"Holder,Tubing",(도번직결),도번직하위,
AJR74242310,MJU63406902,"Tube,Connector",(도번직결),도번직하위,
AJR74242310,MJU63407102,"Tube,Connector",(도번직결),도번직하위,
AJR74242310,MJU63407103,"Tube,Connector",(도번직결),도번직하위,
AJR74242310,MJU63407201,"Tube,Connector",(도번직결),도번직하위,
AJR74242401,MJC61841303,Strainer,(도번직결),도번직하위,
AJR74242401,MJU63407101,"Tube,Connector",(도번직결),도번직하위,
AJR74242401,MJU63407202,"Tube,Connector",(도번직결),도번직하위,
AJR74242401,MJU63407203,"Tube,Connector",(도번직결),도번직하위,
AJR74242401,MJU63407204,"Tube,Connector",(도번직결),도번직하위,
AJR74242401,MJU63407205,"Tube,Connector",(도번직결),도번직하위,
AJR74242408,MJC61841303,Strainer,(도번직결),도번직하위,
AJR74242408,MJU63407202,"Tube,Connector",(도번직결),도번직하위,
AJR74242408,MJU63407211,"Tube,Connector",(도번직결),도번직하위,
AJR74242408,MJU63407212,"Tube,Connector",(도번직결),도번직하위,
AJR74242408,MJU64050401,"Tube,Connector",(도번직결),도번직하위,
AJR74242501,3H01582E,Tie,(도번직결),도번직하위,
AJR74242501,5014A20009A,"Damper,Tube",(도번직결),도번직하위,
AJR74242501,5014A30014H,"Damper,Tube",(도번직결),도번직하위,
AJR74242501,5210A23376A,"Tube,Connector",(도번직결),도번직하위,
AJR74242501,EBD62165602,"Sensor,Pressure",(도번직결),도번직하위,
AJR74242501,MEG66660103,"Holder,Tubing",(도번직결),도번직하위,
AJR74242501,MJU63407001,"Tube,Connector",(도번직결),도번직하위,
AJR74242504,3H01582A,Tie,(도번직결),도번직하위,
AJR74242504,3H01582E,Tie,(도번직결),도번직하위,
AJR74242504,4H00363M,"Damper,Tube",(도번직결),도번직하위,
AJR74242504,5014A20009A,"Damper,Tube",(도번직결),도번직하위,
AJR74242504,5014A30014H,"Damper,Tube",(도번직결),도번직하위,
AJR74242504,5210A23376A,"Tube,Connector",(도번직결),도번직하위,
AJR74242504,EBD62165602,"Sensor,Pressure",(도번직결),도번직하위,
AJR74242504,MEG66660102,"Holder,Tubing",(도번직결),도번직하위,
AJR74242504,MEG66660103,"Holder,Tubing",(도번직결),도번직하위,
AJR74242504,MJU63504201,"Tube,Connector",(도번직결),도번직하위,
AJR74242509,3H01582E,Tie,(도번직결),도번직하위,
AJR74242509,5014A30001D,"Damper,Tube",(도번직결),도번직하위,
AJR74242509,5210A23376A,"Tube,Connector",(도번직결),도번직하위,
AJR74242509,EBD62165602,"Sensor,Pressure",(도번직결),도번직하위,
AJR74242509,MJU64050501,"Tube,Suction",(도번직결),도번직하위,
AJR74242510,3H01582E,Tie,(도번직결),도번직하위,
AJR74242510,5014A30014H,"Damper,Tube",(도번직결),도번직하위,
AJR74242510,5210A23376A,"Tube,Connector",(도번직결),도번직하위,
AJR74242510,5410A21281D,"Insulator,Tube",(도번직결),도번직하위,
AJR74242510,EBD62165602,"Sensor,Pressure",(도번직결),도번직하위,
AJR74242510,MJU63407011,"Tube,Connector",(도번직결),도번직하위,
AJR74242512,3H01582A,Tie,(도번직결),도번직하위,
AJR74242512,3H01582E,Tie,(도번직결),도번직하위,
AJR74242512,5014A20009A,"Damper,Tube",(도번직결),도번직하위,
AJR74242512,5014A30014H,"Damper,Tube",(도번직결),도번직하위,
AJR74242512,5210A23376A,"Tube,Connector",(도번직결),도번직하위,
AJR74242512,EBD62165602,"Sensor,Pressure",(도번직결),도번직하위,
AJR74242512,MEG66660102,"Holder,Tubing",(도번직결),도번직하위,
AJR74242512,MEG66660103,"Holder,Tubing",(도번직결),도번직하위,
AJR74242512,MJU64050501,"Tube,Suction",(도번직결),도번직하위,
AJR74242514,3H01582E,Tie,(도번직결),도번직하위,
AJR74242514,5014A30014E,"Damper,Tube",(도번직결),도번직하위,
AJR74242514,5014A30014H,"Damper,Tube",(도번직결),도번직하위,
AJR74242514,5210A23376A,"Tube,Connector",(도번직결),도번직하위,
AJR74242514,AAB32861207,Accumulator Assembly,(도번직결),도번직하위,
AJR74242514,EBD60663821,"Sensor,Pressure",(도번직결),도번직하위,
AJR74242514,MEG66660103,"Holder,Tubing",(도번직결),도번직하위,
AJR74242514,MJU63407012,"Tube,Connector",(도번직결),도번직하위,
AJR74242514,MJU63407013,"Tube,Connector",(도번직결),도번직하위,
AJR74242520,3H01582A,Tie,(도번직결),도번직하위,
AJR74242520,3H01582E,Tie,(도번직결),도번직하위,
AJR74242520,5014A20009A,"Damper,Tube",(도번직결),도번직하위,
AJR74242520,5210A23376A,"Tube,Connector",(도번직결),도번직하위,
AJR74242520,EBD64386506,"Sensor Module,Pressure",(도번직결),도번직하위,
AJR74242520,MJU64050503,"Tube,Suction",(도번직결),도번직하위,
AJR74243201,3H01582A,Tie,(도번직결),도번직하위,
AJR74243201,3H01582E,Tie,(도번직결),도번직하위,
AJR74243201,4930A20053B,"Holder,Sensor",(도번직결),도번직하위,
AJR74243201,5014A20009B,"Damper,Tube",(도번직결),도번직하위,
AJR74243201,5210A22409B,"Tube,Connector",(도번직결),도번직하위,
AJR74243201,MEG66660102,"Holder,Tubing",(도번직결),도번직하위,
AJR74243201,MJU57271811,"Tube,Connector",(도번직결),도번직하위,
AJR74243201,MJU63406904,"Tube,Connector",(도번직결),도번직하위,
AJR74243201,MJU63407104,"Tube,Connector",(도번직결),도번직하위,
AJR74243201,MJU63407105,"Tube,Connector",(도번직결),도번직하위,
AJR74243204,3H01582A,Tie,(도번직결),도번직하위,
AJR74243204,3H01582E,Tie,(도번직결),도번직하위,
AJR74243204,4930A20053B,"Holder,Sensor",(도번직결),도번직하위,
AJR74243204,5014A20009B,"Damper,Tube",(도번직결),도번직하위,
AJR74243204,5210A22409B,"Tube,Connector",(도번직결),도번직하위,
AJR74243204,MEG66660102,"Holder,Tubing",(도번직결),도번직하위,
AJR74243204,MJU57271811,"Tube,Connector",(도번직결),도번직하위,
AJR74243204,MJU63406904,"Tube,Connector",(도번직결),도번직하위,
AJR74243204,MJU63407104,"Tube,Connector",(도번직결),도번직하위,
AJR74243204,MJU63407105,"Tube,Connector",(도번직결),도번직하위,
AJR74243206,3H01582E,Tie,(도번직결),도번직하위,
AJR74243206,4930A20053B,"Holder,Sensor",(도번직결),도번직하위,
AJR74243206,5014A30001B,"Damper,Tube",(도번직결),도번직하위,
AJR74243206,5210A22409B,"Tube,Connector",(도번직결),도번직하위,
AJR74243206,MJU57271811,"Tube,Connector",(도번직결),도번직하위,
AJR74243206,MJU63406914,"Tube,Connector",(도번직결),도번직하위,
AJR74243206,MJU63407105,"Tube,Connector",(도번직결),도번직하위,
AJR74243206,MJU64050404,"Tube,Connector",(도번직결),도번직하위,
AJR74243301,MJC61841303,Strainer,(도번직결),도번직하위,
AJR74243301,MJU63406905,"Tube,Connector",(도번직결),도번직하위,
AJR74243301,MJU63407201,"Tube,Connector",(도번직결),도번직하위,
AJR74263316,3A00375P,"Socket,Flare",AJR74263316-F&T,자동매핑,
AJR74263316,4930A20053B,"Holder,Sensor",(도번직결),도번직하위,
AJR74263316,4A00742B,"Nut,Flare",(도번직결),도번직하위,
AJR74263316,5006AR4091D,Cap,(도번직결),도번직하위,
AJR74263316,5210A22409B,"Tube,Connector",AJR74263316-F&T,자동매핑,
AJR74263316,MEV66751901,"Insulator,Tube",(도번직결),도번직하위,
AJR74263316,MJU63509811,"Tube,Connector",AJR74263316-F&T,자동매핑,
AJR74263316,MJU63509916,"Tube,Connector",AJR74263316-F&T,자동매핑,
AJR74263316,MJU63509917,"Tube,Connector",AJR74263316-F&T,자동매핑,
AJR74263316,MJU63509918,"Tube,Connector",AJR74263316-F&T,자동매핑,
AJR74263316,MJU63509919,"Tube,Connector",AJR74263316-F&T,자동매핑,
AJR74263316,MJU63509920,"Tube,Connector",AJR74263316-F&T,자동매핑,
AJR74263401,3H01582A,Tie,(도번직결),도번직하위,
AJR74263401,AJU75851201,"Valve Assembly,Gear Expa",(도번직결),도번직하위,
AJR74263401,AJU75851202,"Valve Assembly,Gear Expa",(도번직결),도번직하위,
AJR74263401,MEV55008105,"Insulator,Tube",(도번직결),도번직하위,
AJR74263401,MJU63078301,"Tube,Connector",(도번직결),도번직하위,
AJR74263401,MJU63467003,"Tube,Connector",(도번직결),도번직하위,
AJR74263401,MJU63467004,"Tube,Connector",(도번직결),도번직하위,
AJR74263401,MJU63467006,"Tube,Connector",(도번직결),도번직하위,
AJR74263402,3H01582A,Tie,(도번직결),도번직하위,
AJR74263402,AJU73472403,Valve Assembly,(도번직결),도번직하위,
AJR74263402,AJU73472415,Valve Assembly,(도번직결),도번직하위,
AJR74263402,MJU63078301,"Tube,Connector",(도번직결),도번직하위,
AJR74263402,MJU63467004,"Tube,Connector",(도번직결),도번직하위,
AJR74263402,MJU63467006,"Tube,Connector",(도번직결),도번직하위,
AJR74263402,MJU63646701,"Tube,Connector",(도번직결),도번직하위,
AJR74265701,5014A20009C,"Damper,Tube",(도번직결),도번직하위,
AJR74265701,5014A20009D,"Damper,Tube",(도번직결),도번직하위,
AJR74265701,5210A23344G,"Tube,Coupling",(도번직결),도번직하위,
AJR74265701,5210A23376A,"Tube,Connector",5211A22074A-3,자동매핑,
AJR74265701,5220A90008H,"Valve,Solenoid",(도번직결),도번직하위,
AJR74265701,5224A20005L,Strainer,(도번직결),도번직하위,
AJR74265701,5410A30262C,"Insulator,Tube",(도번직결),도번직하위,
AJR74265701,5410A30279A,"Insulator,Tube",(도번직결),도번직하위,
AJR74265701,6141A20050Y,Solenoid,(도번직결),도번직하위,
AJR74265701,AJR74488601,"Tube Assembly,Capillary",(도번직결),도번직하위,
AJR74265701,MJU62406601,"Tube,Connector",(도번직결),도번직하위,
AJR74265701,MJU62817603,"Tube,Connector",(도번직결),도번직하위,
AJR74265701,MJU62912101,"Tube,Connector",(도번직결),도번직하위,
AJR74265701,MJU63039503,"Tube,Connector",(도번직결),도번직하위,
AJR74265701,MJU63039611,"Tube,Connector",(도번직결),도번직하위,
AJR74265701,MJU63302103,"Tube,Connector",(도번직결),도번직하위,
AJR74265701,MJU63306909,"Tube,Absorbing",(도번직결),도번직하위,
AJR74265701,MKW30000003,"Plug,Fusible",(도번직결),도번직하위,
AJR74265702,5014A20009C,"Damper,Tube",(도번직결),도번직하위,
AJR74265702,5014A20009D,"Damper,Tube",(도번직결),도번직하위,
AJR74265702,5210A23344G,"Tube,Coupling",(도번직결),도번직하위,
AJR74265702,5210A23376A,"Tube,Connector",(도번직결),도번직하위,
AJR74265702,5220A90008H,"Valve,Solenoid",(도번직결),도번직하위,
AJR74265702,5224A20005L,Strainer,(도번직결),도번직하위,
AJR74265702,5410A30262C,"Insulator,Tube",(도번직결),도번직하위,
AJR74265702,5410A30279A,"Insulator,Tube",(도번직결),도번직하위,
AJR74265702,6141A20050Y,Solenoid,(도번직결),도번직하위,
AJR74265702,AJR74488601,"Tube Assembly,Capillary",(도번직결),도번직하위,
AJR74265702,MJU62406601,"Tube,Connector",(도번직결),도번직하위,
AJR74265702,MJU62817603,"Tube,Connector",(도번직결),도번직하위,
AJR74265702,MJU62912101,"Tube,Connector",(도번직결),도번직하위,
AJR74265702,MJU63039503,"Tube,Connector",(도번직결),도번직하위,
AJR74265702,MJU63039611,"Tube,Connector",(도번직결),도번직하위,
AJR74265702,MJU63302104,"Tube,Connector",(도번직결),도번직하위,
AJR74265702,MJU63306909,"Tube,Absorbing",(도번직결),도번직하위,
AJR74266005,3A00375A,"Socket,Flare",AJR74266005-SUB2,자동매핑,
AJR74266005,3H01582A,Tie,AJR74266005-SUB,자동매핑,
AJR74266005,4930A20053B,"Holder,Sensor",(도번직결),도번직하위,
AJR74266005,4A00742F,"Nut,Common",AJR74266005-SUB2,자동매핑,
AJR74266005,5210A22409A,"Tube,Connector",(도번직결),도번직하위,
AJR74266005,5410A30055F,"Insulator,Tube",(도번직결),도번직하위,
AJR74266005,MJU62360301,"Tube,Connector",AJR74266005-SUB,자동매핑,
AJR74266005,MJU62360401,"Tube,Connector",AJR74266005-SUB,자동매핑,
AJR74266005,MJU62360501,"Tube,Connector",AJR74266005-SUB,자동매핑,
AJR74266005,MJU62360601,"Tube,Connector",AJR74266005-SUB,자동매핑,
AJR74266005,MJU62393501,"Tube,Connector",AJR74266005-SUB,자동매핑,
AJR74266005,MJU62393601,"Tube,Connector",AJR74266005-SUB,자동매핑,
AJR74266005,MJU62393806,"Tube,Connector",AJR74266005-SUB2,자동매핑,
AJR74266005,MJU62490101,"Tube,Connector",AJR74266005-SUB,자동매핑,
AJR74266005,MJU62490201,"Tube,Connector",AJR74266005-SUB,자동매핑,
AJR74266005,MJU62490301,"Tube,Connector",AJR74266005-SUB,자동매핑,
AJR74266005,MJU62490401,"Tube,Connector",AJR74266005-SUB,자동매핑,
AJR74266005,MJU62491901,"Tube,Pinch Off",AJR74266005-SUB2,자동매핑,
AJR74266005,MJU63512511,"Tube,Distributor",AJR74266005-SUB,자동매핑,
AJR74282902,5014A20009B,"Damper,Tube",(도번직결),도번직하위,
AJR74282902,5014A30001C,"Damper,Tube",(도번직결),도번직하위,
AJR74282902,5210A22409B,"Tube,Connector",(도번직결),도번직하위,
AJR74282902,5224A20005L,Strainer,(도번직결),도번직하위,
AJR74282902,5410A20214R,Insulator,(도번직결),도번직하위,
AJR74282902,5998A20002A,"Separator,Oil",(도번직결),도번직하위,
AJR74282902,EBF40271416,"Switch,Pressure",(도번직결),도번직하위,
AJR74282902,MEV55008101,"Insulator,Tube",(도번직결),도번직하위,
AJR74282902,MEV64111101,Insulator,(도번직결),도번직하위,
AJR74282902,MJU41489501,"Tube,Connector",(도번직결),도번직하위,
AJR74282902,MJU63433501,"Tube,Capillary Bending",(도번직결),도번직하위,
AJR74282902,MJU63433601,"Tube,Connector",(도번직결),도번직하위,
AJR74282902,MJU63495001,"Tube,Connector",(도번직결),도번직하위,
AJR74283401,3H03659V,Strainer,(도번직결),도번직하위,
AJR74283401,5014A20009C,"Damper,Tube",(도번직결),도번직하위,
AJR74283401,5210A22526C,"Tube,Capillary Bending",(도번직결),도번직하위,
AJR74283401,5410A20839B,"Insulator,Foam",(도번직결),도번직하위,
AJR74283401,5410A21281A,"Insulator,Tube",(도번직결),도번직하위,
AJR74283401,5410A21281S,"Insulator,Tube",(도번직결),도번직하위,
AJR74283401,EBD62165605,"Sensor,Pressure",(도번직결),도번직하위,
AJR74283401,EBF40271414,"Switch,Pressure",(도번직결),도번직하위,
AJR74283401,MAZ63103902,Bracket,(도번직결),도번직하위,
AJR74283401,MEV55008101,"Insulator,Tube",(도번직결),도번직하위,
AJR74283401,MHH42801404,"Separator,Oil",(도번직결),도번직하위,
AJR74283401,MJU41635301,"Tube,Connector",(도번직결),도번직하위,
AJR74283401,MJU63435001,"Tube,Connector",(도번직결),도번직하위,
AJR74283401,MJU63507601,"Tube,Connector",(도번직결),도번직하위,
AJR74283401,MJU63507701,"Tube,Connector",(도번직결),도번직하위,
AJR74283401,MJU63507801,"Tube,Connector",(도번직결),도번직하위,
AJR74283401,MJU63507901,"Tube,Connector",(도번직결),도번직하위,
AJR74283401,MJU63508001,"Tube,Connector",(도번직결),도번직하위,
AJR74283401,MJU63508101,"Tube,Connector",(도번직결),도번직하위,
AJR74283401,MJX62771702,"Valve,Check",(도번직결),도번직하위,
AJR74283401,RAC30599301,Solder Soldering,(도번직결),도번직하위,
AJR74284501,4930A20053B,"Holder,Sensor",(도번직결),도번직하위,
AJR74284501,4A00742B,"Nut,Flare",(도번직결),도번직하위,
AJR74284501,5006AR4091D,Cap,(도번직결),도번직하위,
AJR74284501,5210A22409B,"Tube,Connector",(도번직결),도번직하위,
AJR74284501,MEV64169001,Insulator,(도번직결),도번직하위,
AJR74284501,MJU63468601,"Tube,Manifold",(도번직결),도번직하위,
AJR74284501,MJU63468602,"Tube,Manifold",AJR74284501-은납,자동매핑,
AJR74284501,MJU63491101,"Tube,Connector",(도번직결),도번직하위,
AJR74284501,MJU63491102,"Tube,Connector",(도번직결),도번직하위,
AJR74284501,MJU63491103,"Tube,Connector",(도번직결),도번직하위,
AJR74284501,MJU63491105,"Tube,Connector",(도번직결),도번직하위,
AJR74284505,3A00375E,"Socket,Flare",AJR74284505-은납,자동매핑,
AJR74284505,4930A20053B,"Holder,Sensor",(도번직결),도번직하위,
AJR74284505,4A00742C,"Nut,Flare",(도번직결),도번직하위,
AJR74284505,5006AR4091H,Cap,(도번직결),도번직하위,
AJR74284505,5210A22409B,"Tube,Connector",(도번직결),도번직하위,
AJR74284505,MEV64169001,Insulator,(도번직결),도번직하위,
AJR74284505,MJU63468601,"Tube,Manifold",(도번직결),도번직하위,
AJR74284505,MJU63468606,"Tube,Manifold",AJR74284505-은납,자동매핑,
AJR74284505,MJU63491101,"Tube,Connector",(도번직결),도번직하위,
AJR74284505,MJU63491102,"Tube,Connector",(도번직결),도번직하위,
AJR74284505,MJU63491103,"Tube,Connector",(도번직결),도번직하위,
AJR74284505,MJU63491105,"Tube,Connector",(도번직결),도번직하위,
AJR74286001,5210A22409B,"Tube,Connector",(도번직결),도번직하위,
AJR74286001,5410A30279C,"Insulator,Tube",(도번직결),도번직하위,
AJR74286001,MJU63494301,"Tube,Suction",(도번직결),도번직하위,
AJR74286002,5210A22409B,"Tube,Connector",(도번직결),도번직하위,
AJR74286002,5410A30279C,"Insulator,Tube",(도번직결),도번직하위,
AJR74286002,MJU63494201,"Tube,Suction",(도번직결),도번직하위,
AJR74286002,MJU63494302,"Tube,Suction",(도번직결),도번직하위,
AJR74288801,EBD64386504,"Sensor Module,Pressure",(도번직결),도번직하위,
AJR74288801,EBF40271407,"Switch,Pressure",(도번직결),도번직하위,
AJR74288801,MEV39836107,Insulator,(도번직결),도번직하위,
AJR74288801,MJU63501401,"Tube,Connector",(도번직결),도번직하위,
AJR74288801,MJU63501403,"Tube,Connector",(도번직결),도번직하위,
AJR74288904,4A00114D,"Tube,Connector",(도번직결),도번직하위,
AJR74288904,5014A20009C,"Damper,Tube",(도번직결),도번직하위,
AJR74288904,5210A22409A,"Tube,Connector",(도번직결),도번직하위,
AJR74288904,MJC62301701,Strainer,(도번직결),도번직하위,
AJR74288904,MJU63301402,"Tube,Connector",(도번직결),도번직하위,
AJR74288904,MJU63501511,"Tube,Connector",(도번직결),도번직하위,
AJR74288904,MJU63501512,"Tube,Connector",(도번직결),도번직하위,
AJR74288904,MJU63501513,"Tube,Connector",(도번직결),도번직하위,
AJR74288904,MJU63501514,"Tube,Connector",(도번직결),도번직하위,
AJR74289301,3H01582E,Tie,(도번직결),도번직하위,
AJR74289301,5014A20009D,"Damper,Tube",(도번직결),도번직하위,
AJR74289301,5014A30014Z,"Damper,Tube",(도번직결),도번직하위,
AJR74289301,5210A23344G,"Tube,Coupling",(도번직결),도번직하위,
AJR74289301,5220A90008H,"Valve,Solenoid",(도번직결),도번직하위,
AJR74289301,5224A20005L,Strainer,(도번직결),도번직하위,
AJR74289301,6141A20050Y,Solenoid,(도번직결),도번직하위,
AJR74289301,AJR74488601,"Tube Assembly,Capillary",(도번직결),도번직하위,
AJR74289301,EAP65270758,"Coil Module,Expansion",(도번직결),도번직하위,
AJR74289301,MEG66660104,"Holder,Tubing",(도번직결),도번직하위,
AJR74289301,MJU62406601,"Tube,Connector",(도번직결),도번직하위,
AJR74289301,MJU63039509,"Tube,Connector",(도번직결),도번직하위,
AJR74289301,MJU63039612,"Tube,Connector",(도번직결),도번직하위,
AJR74289301,MJU63306909,"Tube,Absorbing",(도번직결),도번직하위,
AJR74289301,MJU63436501,"Tube,Connector",(도번직결),도번직하위,
AJR74289301,MJU63436601,"Tube,Connector",(도번직결),도번직하위,
AJR74289301,MJU63479401,"Tube,Connector",(도번직결),도번직하위,
AJR74291202,5210A22409B,"Tube,Connector",(도번직결),도번직하위,
AJR74291202,5210A23376A,"Tube,Connector",(도번직결),도번직하위,
AJR74291202,EBD60663824,"Sensor,Pressure",(도번직결),도번직하위,
AJR74291202,EBF40271404,"Switch,Pressure",(도번직결),도번직하위,
AJR74291202,MJU61920003,"Tube,Connector",(도번직결),도번직하위,
AJR74291202,MJU61920106,"Tube,Connector",(도번직결),도번직하위,
AJR74364809,5014A20009B,"Damper,Tube",(도번직결),도번직하위,
AJR74364809,5220A30004A,"Valve,Check",(도번직결),도번직하위,
AJR74364809,5224A20005G,Strainer,(도번직결),도번직하위,
AJR74364809,AJU73472405,Valve Assembly,(도번직결),도번직하위,
AJR74364809,MJU63160501,"Tube,Connector",(도번직결),도번직하위,
AJR74364809,MJU63160502,"Tube,Connector",(도번직결),도번직하위,
AJR74364809,MJU63614801,"Tube,Connector",(도번직결),도번직하위,
AJR74364809,MJU63649302,"Tube,Connector",(도번직결),도번직하위,
AJR74364809,MJU64970401,"Tube,Connector",(도번직결),도번직하위,
AJR74364809,MJU64970501,"Tube,Connector",(도번직결),도번직하위,
AJR74364818,5014A20009B,"Damper,Tube",(도번직결),도번직하위,
AJR74364818,5220A30004A,"Valve,Check",AJR74364818-3-3,자동매핑,
AJR74364818,AJU73472405,Valve Assembly,AJR74364818-3-3,자동매핑,
AJR74364825,5014A20009B,"Damper,Tube",(도번직결),도번직하위,
AJR74364825,5220A30004A,"Valve,Check",AJR74364825-3-3,자동매핑,
AJR74364825,EAP65270401,"Coil Module,Gear Expansi",AJR74364825-3-3,자동매핑,
AJR74364901,5210A28001C,"Tube,Return Bending",AJR74364901-4-3,자동매핑,
AJR74364901,MJU63669501,"Tube,Connector",AJR74364901-4-1,자동매핑,
AJR74364901,MJU63669601,"Tube,Connector",AJR74364901-4-3,자동매핑,
AJR74364901,MJU63669705,"Tube,Connector",(도번직결),도번직하위,
AJR74364901,MJU63687701,"Tube,Connector",AJR74364901-4-2,자동매핑,
AJR74364901,MJU63689401,"Tube,Connector",(도번직결),도번직하위,
AJR74364901,MJU63691201,"Tube,Connector",(도번직결),도번직하위,
AJR74364902,5210A28001C,"Tube,Return Bending",AJR74364902-9-4,자동매핑,
AJR74364902,MEV55008105,"Insulator,Tube",(도번직결),도번직하위,
AJR74364902,MJU63669501,"Tube,Connector",AJR74364902-9-1,자동매핑,
AJR74364902,MJU63669504,"Tube,Connector",AJR74364902-9-2,자동매핑,
AJR74364902,MJU63669601,"Tube,Connector",AJR74364902-9-3,자동매핑,
AJR74364902,MJU63669706,"Tube,Connector",(도번직결),도번직하위,
AJR74364902,MJU63687701,"Tube,Connector",AJR74364902-9-4,자동매핑,
AJR74364903,5210A28001C,"Tube,Return Bending",AJR74364922-4-4,자동매핑,
AJR74364903,MJU63669501,"Tube,Connector",AJR74364922-4-1,자동매핑,
AJR74364903,MJU63669504,"Tube,Connector",AJR74364922-4-4,자동매핑,
AJR74364903,MJU63669601,"Tube,Connector",AJR74364922-4-3,자동매핑,
AJR74364903,MJU63669707,"Tube,Connector",(도번직결),도번직하위,
AJR74364903,MJU63687701,"Tube,Connector",AJR74364922-4-2,자동매핑,
AJR74364904,5210A28001C,"Tube,Return Bending",AJR74364904-9-3,자동매핑,
AJR74364904,MEV55008105,"Insulator,Tube",(도번직결),도번직하위,
AJR74364904,MJU63669501,"Tube,Connector",AJR74364904-9-1,자동매핑,
AJR74364904,MJU63669601,"Tube,Connector",AJR74364904-9-2,자동매핑,
AJR74364904,MJU63669708,"Tube,Connector",(도번직결),도번직하위,
AJR74364904,MJU63687701,"Tube,Connector",AJR74364904-9-3,자동매핑,
AJR74364904,MJU63689401,"Tube,Connector",(도번직결),도번직하위,
AJR74364904,MJU63691201,"Tube,Connector",(도번직결),도번직하위,
AJR74364911,MJU64433003,"Tube,Return Bending",AJR74364911-4-4,자동매핑,
AJR74364911,MJU64959101,"Tube,Connector",AJR74364911-4-1,자동매핑,
AJR74364911,MJU64959102,"Tube,Connector",AJR74364911-4-2,자동매핑,
AJR74364911,MJU64959103,"Tube,Connector",AJR74364911-4-3,자동매핑,
AJR74364911,MJU64959104,"Tube,Connector",AJR74364911-4-4,자동매핑,
AJR74364911,MJU64971501,"Tube,Connector",(도번직결),도번직하위,
AJR74364912,5210A28001S,"Tube,Return Bending",AJR74364912-4-2,자동매핑,
AJR74364912,MJU63669502,"Tube,Connector",AJR74364912-4-1,자동매핑,
AJR74364912,MJU63669601,"Tube,Connector",AJR74364912-4-2,자동매핑,
AJR74364912,MJU63669713,"Tube,Connector",(도번직결),도번직하위,
AJR74364917,5210A28001S,"Tube,Return Bending",(도번직결),도번직하위,
AJR74364917,MJU63669501,"Tube,Connector",(도번직결),도번직하위,
AJR74364917,MJU63669503,"Tube,Connector",(도번직결),도번직하위,
AJR74364917,MJU63669519,"Tube,Connector",(도번직결),도번직하위,
AJR74364917,MJU63669601,"Tube,Connector",(도번직결),도번직하위,
AJR74364917,MJU63669717,"Tube,Connector",(도번직결),도번직하위,
AJR74364918,5210A28001C,"Tube,Return Bending",AJR74364918-4-3,자동매핑,
AJR74364918,MJU63669501,"Tube,Connector",AJR74364918-4-1,자동매핑,
AJR74364918,MJU63669601,"Tube,Connector",AJR74364918-4-3,자동매핑,
AJR74364918,MJU63669714,"Tube,Connector",(도번직결),도번직하위,
AJR74364918,MJU63687701,"Tube,Connector",AJR74364918-4-2,자동매핑,
AJR74364918,MJU63689401,"Tube,Connector",(도번직결),도번직하위,
AJR74364918,MJU63691201,"Tube,Connector",(도번직결),도번직하위,
AJR74364919,MJU64433003,"Tube,Return Bending",AJR74364919-4-4,자동매핑,
AJR74364919,MJU64959109,"Tube,Connector",AJR74364919-4-1,자동매핑,
AJR74364919,MJU64959110,"Tube,Connector",AJR74364919-4-2,자동매핑,
AJR74364919,MJU64959111,"Tube,Connector",AJR74364919-4-3,자동매핑,
AJR74364919,MJU64959112,"Tube,Connector",AJR74364919-4-4,자동매핑,
AJR74364919,MJU64971503,"Tube,Connector",(도번직결),도번직하위,
AJR74364920,MJU63669511,"Tube,Connector",AJR74364920-1-1(링),자동매핑,
AJR74364920,MJU63669606,"Tube,Connector",AJR74364920-1-2(링),자동매핑,
AJR74364920,MJU63669715,"Tube,Connector",(도번직결),도번직하위,
AJR74364920,MJU63687708,"Tube,Connector",AJR74364920-1-3(링),자동매핑,
AJR74364920,MJU63689407,"Tube,Connector",(도번직결),도번직하위,
AJR74364920,MJU63691207,"Tube,Connector",(도번직결),도번직하위,
AJR74364920,MJU64433003,"Tube,Return Bending",AJR74364920-1-3(링),자동매핑,
AJR74364921,MJU64433003,"Tube,Return Bending",AJR74364921-4-4,자동매핑,
AJR74364921,MJU64959113,"Tube,Connector",AJR74364921-4-1,자동매핑,
AJR74364921,MJU64959114,"Tube,Connector",AJR74364921-4-2,자동매핑,
AJR74364921,MJU64959115,"Tube,Connector",AJR74364921-4-4,자동매핑,
AJR74364921,MJU64959116,"Tube,Connector",AJR74364921-4-3,자동매핑,
AJR74364921,MJU64971504,"Tube,Connector",(도번직결),도번직하위,
AJR74364922,5210A28001C,"Tube,Return Bending",AJR74364922-4-4,자동매핑,
AJR74364922,MJU63669501,"Tube,Connector",AJR74364922-4-1,자동매핑,
AJR74364922,MJU63669504,"Tube,Connector",AJR74364922-4-4,자동매핑,
AJR74364922,MJU63669601,"Tube,Connector",AJR74364922-4-3,자동매핑,
AJR74364922,MJU63669716,"Tube,Connector",(도번직결),도번직하위,
AJR74364922,MJU63687701,"Tube,Connector",AJR74364922-4-2,자동매핑,
AJR74364923,MJU63669505,"Tube,Connector",AJR74364923-4-1,자동매핑,
AJR74364923,MJU63669506,"Tube,Connector",AJR74364923-4-2,자동매핑,
AJR74364923,MJU63669718,"Tube,Connector",(도번직결),도번직하위,
AJR74364923,MJU64433003,"Tube,Return Bending",AJR74364923-4-2,자동매핑,
AJR74364923,MJU64959111,"Tube,Connector",AJR74364919-4-3(링X),자동매핑,
AJR74364924,MJU63669508,"Tube,Connector",AJR74364924-4-1,자동매핑,
AJR74364924,MJU63669512,"Tube,Connector",AJR74364924-4-2,자동매핑,
AJR74364924,MJU63669720,"Tube,Connector",(도번직결),도번직하위,
AJR74364924,MJU64433003,"Tube,Return Bending",AJR74364924-4-2,자동매핑,
AJR74364924,MJU64959115,"Tube,Connector",AJR74364921-4-4(링X),자동매핑,
AJR74364925,MJU63669513,"Tube,Connector",(도번직결),도번직하위,
AJR74364925,MJU63669516,"Tube,Connector",(도번직결),도번직하위,
AJR74364925,MJU63669517,"Tube,Connector",(도번직결),도번직하위,
AJR74364925,MJU63669518,"Tube,Connector",(도번직결),도번직하위,
AJR74364925,MJU63669606,"Tube,Connector",AJR74364920-1-2(링),자동매핑,
AJR74364925,MJU63669721,"Tube,Connector",(도번직결),도번직하위,
AJR74364925,MJU64433003,"Tube,Return Bending",AJR74364920-1-2(링),자동매핑,
AJR74365101,5210A22409A,"Tube,Connector",(도번직결),도번직하위,
AJR74365101,5210A28001C,"Tube,Return Bending",(도번직결),도번직하위,
AJR74365101,MJU41313101,"Tube,Distributor",AJR74365101-SUB,자동매핑,
AJR74365101,MJU63614801,"Tube,Connector",(도번직결),도번직하위,
AJR74365101,MJU63617802,"Tube,Connector",(도번직결),도번직하위,
AJR74365101,MJU63732301,"Tube,Connector",(도번직결),도번직하위,
AJR74365101,MJU63732401,"Tube,Connector",(도번직결),도번직하위,
AJR74365101,MJU63732402,"Tube,Connector",(도번직결),도번직하위,
AJR74365101,MJU63751201,"Tube,Connector",AJR74365101-SUB,자동매핑,
AJR74365101,MJU63751301,"Tube,Connector",AJR74365101-SUB,자동매핑,
AJR74365101,MJU63751401,"Tube,Connector",AJR74365101-SUB,자동매핑,
AJR74365101,MJU63751501,"Tube,Connector",AJR74365101-SUB,자동매핑,
AJR74365101,MJU63751601,"Tube,Connector",AJR74365101-SUB,자동매핑,
AJR74365101,MJU63751701,"Tube,Connector",AJR74365101-SUB,자동매핑,
AJR74365101,MJU63751801,"Tube,Connector",AJR74365101-SUB,자동매핑,
AJR74365101,MJU63751901,"Tube,Connector",AJR74365101-SUB,자동매핑,
AJR74365101,MJU63752001,"Tube,Connector",AJR74365101-SUB,자동매핑,
AJR74365101,MJU63752101,"Tube,Connector",AJR74365101-SUB,자동매핑,
AJR74365101,MJU63752201,"Tube,Connector",AJR74365101-SUB,자동매핑,
AJR74365101,MJU63752301,"Tube,Connector",AJR74365101-SUB,자동매핑,
AJR74365101,MJU63752401,"Tube,Connector",AJR74365101-SUB,자동매핑,
AJR74365202,5014A30001A,"Damper,Tube",(도번직결),도번직하위,
AJR74365202,5210A22409B,"Tube,Connector",AJR74365202-S3-2,자동매핑,
AJR74365202,5224A20005L,Strainer,AJR74365202-S3-3,자동매핑,
AJR74365202,5998A20002L,"Separator,Oil",(도번직결),도번직하위,
AJR74365202,MCQ66969705,"Damper,Tube",(도번직결),도번직하위,
AJR74365202,MEV55008101,"Insulator,Tube",AJR74365202-S3-3,자동매핑,
AJR74365202,MJU63009601,"Tube,Connector",AJR74365202-S3-1,자동매핑,
AJR74365202,MJU63057401,"Tube,Connector",AJR74365202-S3-1,자동매핑,
AJR74365202,MJU63617901,"Tube,Connector",AJR74365202-S3-3,자동매핑,
AJR74365202,MJU63618001,"Tube,Capillary Bending",AJR74365202-S3-3,자동매핑,
AJR74365202,MJU63618102,"Tube,Connector",AJR74365202-S3-2,자동매핑,
AJR74365202,MJU63618202,"Tube,Connector",AJR74365202-S3-3,자동매핑,
AJR74365202,MJX62771705,"Valve,Check",AJR74365202-S3-1,자동매핑,
AJR74365205,5014A30001A,"Damper,Tube",(도번직결),도번직하위,
AJR74365205,5210A22409B,"Tube,Connector",AJR74365205-S3-2,자동매핑,
AJR74365205,5224A20005L,Strainer,AJR74365205-S3-3,자동매핑,
AJR74365205,5998A20002L,"Separator,Oil",(도번직결),도번직하위,
AJR74365205,MCQ66969705,"Damper,Tube",(도번직결),도번직하위,
AJR74365205,MJU63009601,"Tube,Connector",AJR74365205-S3-1,자동매핑,
AJR74365205,MJU63057401,"Tube,Connector",AJR74365205-S3-1,자동매핑,
AJR74365205,MJU63617901,"Tube,Connector",AJR74365205-S3-3,자동매핑,
AJR74365205,MJU63618002,"Tube,Capillary Bending",AJR74365205-S3-3,자동매핑,
AJR74365205,MJU63618103,"Tube,Connector",AJR74365205-S3-2,자동매핑,
AJR74365205,MJU63618202,"Tube,Connector",AJR74365205-S3-3,자동매핑,
AJR74365205,MJX62771705,"Valve,Check",AJR74365205-S3-1,자동매핑,
AJR74366603,3H01582A,Tie,(도번직결),도번직하위,
AJR74366603,3H01582E,Tie,(도번직결),도번직하위,
AJR74366603,4H01688S,"Clamp,Cord",AJR74366603-SUB,자동매핑,
AJR74366603,5014A20009E,"Damper,Tube",(도번직결),도번직하위,
AJR74366603,5210A23376A,"Tube,Connector",(도번직결),도번직하위,
AJR74366603,AAB35754002,Accumulator Assembly,(도번직결),도번직하위,
AJR74366603,AJR36388606,"Tube Assembly,Expansion",(도번직결),도번직하위,
AJR74366603,EAP30616906,"Coil,Expansion",(도번직결),도번직하위,
AJR74366603,EBD60663824,"Sensor,Pressure",(도번직결),도번직하위,
AJR74366603,MCQ66969701,"Damper,Tube",(도번직결),도번직하위,
AJR74366603,MEG66660102,"Holder,Tubing",(도번직결),도번직하위,
AJR74366603,MEG66660103,"Holder,Tubing",(도번직결),도번직하위,
AJR74366603,MEZ41343601,"Label,Caution",(도번직결),도번직하위,
AJR74366603,MJH39544901,Supporter,AJR74366603-SUB,자동매핑,
AJR74366603,MJU41942213,"Tube,Suction",(도번직결),도번직하위,
AJR74366603,MJU63673001,"Tube,Suction",(도번직결),도번직하위,
AJR74366605,3H01582E,Tie,(도번직결),도번직하위,
AJR74366605,4H01688S,"Clamp,Cord",(도번직결),도번직하위,
AJR74366605,5014A20009E,"Damper,Tube",(도번직결),도번직하위,
AJR74366605,5210A23376A,"Tube,Connector",(도번직결),도번직하위,
AJR74366605,5410A30279C,"Insulator,Tube",(도번직결),도번직하위,
AJR74366605,5410A30285B,"Insulator,Tube",(도번직결),도번직하위,
AJR74366605,AAB35754002,Accumulator Assembly,(도번직결),도번직하위,
AJR74366605,AJR36388606,"Tube Assembly,Expansion",(도번직결),도번직하위,
AJR74366605,EAP30616906,"Coil,Expansion",(도번직결),도번직하위,
AJR74366605,EBD60663824,"Sensor,Pressure",(도번직결),도번직하위,
AJR74366605,MCQ66969701,"Damper,Tube",(도번직결),도번직하위,
AJR74366605,MEZ41343608,"Label,Caution",(도번직결),도번직하위,
AJR74366605,MJH39544901,Supporter,(도번직결),도번직하위,
AJR74366605,MJR62181901,Tie,(도번직결),도번직하위,
AJR74366605,MJU41942213,"Tube,Suction",(도번직결),도번직하위,
AJR74366605,MJU63673001,"Tube,Suction",(도번직결),도번직하위,
AJR74366605,MJX65116801,"Valve,Service",(도번직결),도번직하위,
AJR74366606,3H01582A,Tie,(도번직결),도번직하위,
AJR74366606,3H01582E,Tie,(도번직결),도번직하위,
AJR74366606,5014A20009E,"Damper,Tube",(도번직결),도번직하위,
AJR74366606,5210A23376A,"Tube,Connector",AJR74366606-S2-1,자동매핑,
AJR74366606,AAB35754002,Accumulator Assembly,(도번직결),도번직하위,
AJR74366606,EBD60663821,"Sensor,Pressure",AJR74366606-S2-1,자동매핑,
AJR74366606,MCQ69127301,"Damper,Rubber",(도번직결),도번직하위,
AJR74366606,MEV39836107,Insulator,(도번직결),도번직하위,
AJR74366606,MJU65187815,"Tube,Connector",AJR74366606-S2-1,자동매핑,
AJR74385603,5014A20009C,"Damper,Tube",(도번직결),도번직하위,
AJR74385603,5210A23344G,"Tube,Coupling",(도번직결),도번직하위,
AJR74385603,5210A23376A,"Tube,Connector",(도번직결),도번직하위,
AJR74385603,5220A90008H,"Valve,Solenoid",(도번직결),도번직하위,
AJR74385603,5224A20005H,Strainer,(도번직결),도번직하위,
AJR74385603,5224A20005L,Strainer,(도번직결),도번직하위,
AJR74385603,5410A30055S,"Insulator,Tube",(도번직결),도번직하위,
AJR74385603,5410A30262C,"Insulator,Tube",(도번직결),도번직하위,
AJR74385603,5410A30279A,"Insulator,Tube",(도번직결),도번직하위,
AJR74385603,6141A20050Y,Solenoid,(도번직결),도번직하위,
AJR74385603,EAP62126401,"Coil,Expansion",(도번직결),도번직하위,
AJR74385603,MJU62406601,"Tube,Connector",(도번직결),도번직하위,
AJR74385603,MJU62911903,"Tube,Capillary Bending",(도번직결),도번직하위,
AJR74385603,MJU63616501,"Tube,Connector",(도번직결),도번직하위,
AJR74385603,MJU63616601,"Tube,Connector",(도번직결),도번직하위,
AJR74385603,MJU63616702,"Tube,Connector",(도번직결),도번직하위,
AJR74385603,MJU63616802,"Tube,Connector",(도번직결),도번직하위,
AJR74385603,MJU63616901,"Tube,Connector",(도번직결),도번직하위,
AJR74385603,MJU63617002,"Tube,Connector",(도번직결),도번직하위,
AJR74385603,MJU63617201,"Tube,Condenser",(도번직결),도번직하위,
AJR74385603,MJU63617301,"Tube,Connector",(도번직결),도번직하위,
AJR74385603,MJU63617401,"Tube,Connector",(도번직결),도번직하위,
AJR74385603,MJU63648401,"Tube,Connector",(도번직결),도번직하위,
AJR74385603,MJX62751401,"Valve,Expansion Body",(도번직결),도번직하위,
AJR74385604,5014A20009C,"Damper,Tube",(도번직결),도번직하위,
AJR74385604,5210A23344G,"Tube,Coupling",(도번직결),도번직하위,
AJR74385604,5210A23376A,"Tube,Connector",(도번직결),도번직하위,
AJR74385604,5220A90008H,"Valve,Solenoid",(도번직결),도번직하위,
AJR74385604,5224A20005H,Strainer,(도번직결),도번직하위,
AJR74385604,5224A20005L,Strainer,(도번직결),도번직하위,
AJR74385604,5410A30055S,"Insulator,Tube",(도번직결),도번직하위,
AJR74385604,5410A30262C,"Insulator,Tube",(도번직결),도번직하위,
AJR74385604,5410A30279A,"Insulator,Tube",(도번직결),도번직하위,
AJR74385604,6141A20050Y,Solenoid,(도번직결),도번직하위,
AJR74385604,EAP62126401,"Coil,Expansion",(도번직결),도번직하위,
AJR74385604,MJU62406601,"Tube,Connector",(도번직결),도번직하위,
AJR74385604,MJU62911903,"Tube,Capillary Bending",(도번직결),도번직하위,
AJR74385604,MJU63616501,"Tube,Connector",(도번직결),도번직하위,
AJR74385604,MJU63616601,"Tube,Connector",(도번직결),도번직하위,
AJR74385604,MJU63616702,"Tube,Connector",(도번직결),도번직하위,
AJR74385604,MJU63616802,"Tube,Connector",(도번직결),도번직하위,
AJR74385604,MJU63616901,"Tube,Connector",(도번직결),도번직하위,
AJR74385604,MJU63617002,"Tube,Connector",(도번직결),도번직하위,
AJR74385604,MJU63617202,"Tube,Condenser",(도번직결),도번직하위,
AJR74385604,MJU63617301,"Tube,Connector",(도번직결),도번직하위,
AJR74385604,MJU63617401,"Tube,Connector",(도번직결),도번직하위,
AJR74385604,MJU63648401,"Tube,Connector",(도번직결),도번직하위,
AJR74385604,MJX62751401,"Valve,Expansion Body",(도번직결),도번직하위,
AJR74385607,3H01582E,Tie,(도번직결),도번직하위,
AJR74385607,4A00742A,"Nut,Flare",(도번직결),도번직하위,
AJR74385607,5014A20009C,"Damper,Tube",(도번직결),도번직하위,
AJR74385607,5210A22840A,"Tube,Connector",(도번직결),도번직하위,
AJR74385607,5210A23344G,"Tube,Coupling",(도번직결),도번직하위,
AJR74385607,5210A23376A,"Tube,Connector",(도번직결),도번직하위,
AJR74385607,5220A90008H,"Valve,Solenoid",(도번직결),도번직하위,
AJR74385607,5224A20005H,Strainer,(도번직결),도번직하위,
AJR74385607,5224A20005L,Strainer,(도번직결),도번직하위,
AJR74385607,5410A30055S,"Insulator,Tube",(도번직결),도번직하위,
AJR74385607,5410A30279A,"Insulator,Tube",(도번직결),도번직하위,
AJR74385607,6141A20050Y,Solenoid,(도번직결),도번직하위,
AJR74385607,EAP62126401,"Coil,Expansion",(도번직결),도번직하위,
AJR74385607,EBD64386505,"Sensor Module,Pressure",(도번직결),도번직하위,
AJR74385607,MJU62406601,"Tube,Connector",(도번직결),도번직하위,
AJR74385607,MJU62911903,"Tube,Capillary Bending",(도번직결),도번직하위,
AJR74385607,MJU63616504,"Tube,Connector",(도번직결),도번직하위,
AJR74385607,MJU63616605,"Tube,Connector",(도번직결),도번직하위,
AJR74385607,MJU63616702,"Tube,Connector",(도번직결),도번직하위,
AJR74385607,MJU63616802,"Tube,Connector",(도번직결),도번직하위,
AJR74385607,MJU63616901,"Tube,Connector",(도번직결),도번직하위,
AJR74385607,MJU63617002,"Tube,Connector",(도번직결),도번직하위,
AJR74385607,MJU63617202,"Tube,Condenser",(도번직결),도번직하위,
AJR74385607,MJU63617301,"Tube,Connector",(도번직결),도번직하위,
AJR74385607,MJU63617404,"Tube,Connector",(도번직결),도번직하위,
AJR74385607,MJU63648401,"Tube,Connector",(도번직결),도번직하위,
AJR74385607,MJX62751401,"Valve,Expansion Body",(도번직결),도번직하위,
AJR74385607,MKW30000003,"Plug,Fusible",(도번직결),도번직하위,
AJR74423402,5014A20009C,"Damper,Tube",(도번직결),도번직하위,
AJR74423402,5210A23376A,"Tube,Connector",(도번직결),도번직하위,
AJR74423402,5410A30279A,"Insulator,Tube",(도번직결),도번직하위,
AJR74423402,MEV39836107,Insulator,(도번직결),도번직하위,
AJR74423402,MEV61853101,Insulator,(도번직결),도번직하위,
AJR74423402,MJU64046301,"Tube,Connector",(도번직결),도번직하위,
AJR74423402,MJU64046501,"Tube,Connector",(도번직결),도번직하위,
AJR74423403,5014A20009C,"Damper,Tube",(도번직결),도번직하위,
AJR74423403,5210A23376A,"Tube,Connector",(도번직결),도번직하위,
AJR74423403,5410A30279A,"Insulator,Tube",(도번직결),도번직하위,
AJR74423403,MEV39836107,Insulator,(도번직결),도번직하위,
AJR74423403,MEV61853101,Insulator,(도번직결),도번직하위,
AJR74423403,MJU64046401,"Tube,Connector",(도번직결),도번직하위,
AJR74423403,MJU64046601,"Tube,Connector",(도번직결),도번직하위,
AJR74423407,5014A20009C,"Damper,Tube",(도번직결),도번직하위,
AJR74423407,5014A20009D,"Damper,Tube",(도번직결),도번직하위,
AJR74423407,5210A23376A,"Tube,Connector",(도번직결),도번직하위,
AJR74423407,5410A30279A,"Insulator,Tube",(도번직결),도번직하위,
AJR74423407,MEV61853101,Insulator,(도번직결),도번직하위,
AJR74423407,MJU64046302,"Tube,Connector",(도번직결),도번직하위,
AJR74423407,MJU64046501,"Tube,Connector",(도번직결),도번직하위,
AJR74423601,4930A20053B,"Holder,Sensor",(도번직결),도번직하위,
AJR74423601,4H00901F,"Tube,Connector",(도번직결),도번직하위,
AJR74423601,5210A22409B,"Tube,Connector",(도번직결),도번직하위,
AJR74423601,5210AR3055Q,"Insulator,Tube",(도번직결),도번직하위,
AJR74423601,MJU63648201,"Tube,Manifold",(도번직결),도번직하위,
AJR74423601,MJU63648301,"Tube,Connector",(도번직결),도번직하위,
AJR74423601,MJU63648302,"Tube,Connector",(도번직결),도번직하위,
AJR74423601,MJU63648303,"Tube,Connector",(도번직결),도번직하위,
AJR74423601,MJU63648304,"Tube,Connector",(도번직결),도번직하위,
AJR74424501,5210A24677G,"Tube,Connector",(도번직결),도번직하위,
AJR74424501,MJU63650501,"Tube,Manifold",(도번직결),도번직하위,
AJR74424501,MJU63650601,"Tube,Manifold",(도번직결),도번직하위,
AJR74424501,MJU63650701,"Tube,Connector",(도번직결),도번직하위,
AJR74424506,5210A24677G,"Tube,Connector",(도번직결),도번직하위,
AJR74424506,MJU63650505,"Tube,Manifold",(도번직결),도번직하위,
AJR74424506,MJU63650601,"Tube,Manifold",(도번직결),도번직하위,
AJR74424506,MJU63650702,"Tube,Connector",(도번직결),도번직하위,
AJR74424616,4930A20053B,"Holder,Sensor",(도번직결),도번직하위,
AJR74424616,5210A22409C,"Tube,Connector",(도번직결),도번직하위,
AJR74424616,5256A30003C,Muffler,(도번직결),도번직하위,
AJR74424616,MJU63651002,"Tube,Connector",(도번직결),도번직하위,
AJR74424616,MJU63651004,"Tube,Connector",(도번직결),도번직하위,
AJR74424616,MJU63651005,"Tube,Connector",(도번직결),도번직하위,
AJR74424620,4930A20053B,"Holder,Sensor",(도번직결),도번직하위,
AJR74424620,5220AR3228W,"Valve,Reverse",(도번직결),도번직하위,
AJR74424620,AJR71429343,"Tube Assembly,Suction(Ou",(도번직결),도번직하위,
AJR74424620,MJU63612307,"Tube,Connector",(도번직결),도번직하위,
AJR74424620,MJU63612308,"Tube,Connector",(도번직결),도번직하위,
AJR74424620,MJU63612402,"Tube,Connector",(도번직결),도번직하위,
AJR74424620,MJU63650902,"Tube,Connector",(도번직결),도번직하위,
AJR74425401,MJU62672401,"Tube,Connector",(도번직결),도번직하위,
AJR74425401,MJU63651901,"Tube,Connector",(도번직결),도번직하위,
AJR74425401,MJU63652001,"Tube,Manifold",(도번직결),도번직하위,
AJR74425401,MJU63652002,"Tube,Manifold",(도번직결),도번직하위,
AJR74425401,RAC30599301,Solder Soldering,(도번직결),도번직하위,
AJR74425403,MJU62672401,"Tube,Connector",(도번직결),도번직하위,
AJR74425403,MJU63651901,"Tube,Connector",(도번직결),도번직하위,
AJR74425403,MJU63652005,"Tube,Manifold",(도번직결),도번직하위,
AJR74425403,MJU63652008,"Tube,Manifold",(도번직결),도번직하위,
AJR74425405,MJU62672401,"Tube,Connector",(도번직결),도번직하위,
AJR74425405,MJU63651901,"Tube,Connector",(도번직결),도번직하위,
AJR74425405,MJU63652006,"Tube,Manifold",(도번직결),도번직하위,
AJR74425405,MJU63652007,"Tube,Manifold",(도번직결),도번직하위,
AJR74444401,3H01582A,Tie,(도번직결),도번직하위,
AJR74444401,4848A20007H,Accumulator,(도번직결),도번직하위,
AJR74444401,4930A20053B,"Holder,Sensor",(도번직결),도번직하위,
AJR74444401,5210A22409A,"Tube,Connector",(도번직결),도번직하위,
AJR74444401,5210A22520E,"Tube,Connector",(도번직결),도번직하위,
AJR74444401,5410A30055P,"Insulator,Tube",(도번직결),도번직하위,
AJR74444401,5410A30285A,"Insulator,Tube",(도번직결),도번직하위,
AJR74444401,EBE61441605,Solenoid,(도번직결),도번직하위,
AJR74444401,MEV39836107,Insulator,(도번직결),도번직하위,
AJR74444401,MJU40157910,"Tube,Capillary Bending",(도번직결),도번직하위,
AJR74444401,MJU63037905,"Tube,Connector",(도번직결),도번직하위,
AJR74444401,MJU63730501,"Tube,Connector",(도번직결),도번직하위,
AJR74444401,MJU63730502,"Tube,Connector",(도번직결),도번직하위,
AJR74444401,MJU63730503,"Tube,Connector",(도번직결),도번직하위,
AJR74444401,MJU63730504,"Tube,Connector",(도번직결),도번직하위,
AJR74444401,MJU63730505,"Tube,Connector",(도번직결),도번직하위,
AJR74444401,MJX61841306,"Valve,Solenoid",(도번직결),도번직하위,
AJR74444402,3H01582A,Tie,(도번직결),도번직하위,
AJR74444402,4848A20007H,Accumulator,(도번직결),도번직하위,
AJR74444402,4930A20053B,"Holder,Sensor",(도번직결),도번직하위,
AJR74444402,5210A22409A,"Tube,Connector",(도번직결),도번직하위,
AJR74444402,5210A22520E,"Tube,Connector",(도번직결),도번직하위,
AJR74444402,MEG66660101,"Holder,Tubing",(도번직결),도번직하위,
AJR74444402,MEV39836107,Insulator,(도번직결),도번직하위,
AJR74444402,MJU63730502,"Tube,Connector",(도번직결),도번직하위,
AJR74444402,MJU63730505,"Tube,Connector",(도번직결),도번직하위,
AJR74444402,MJU63730506,"Tube,Connector",(도번직결),도번직하위,
AJR74444508,3H01582E,Tie,(도번직결),도번직하위,
AJR74444508,5014A30014B,"Damper,Tube",(도번직결),도번직하위,
AJR74444508,5210A22409B,"Tube,Connector",(도번직결),도번직하위,
AJR74444508,MJU63748402,"Tube,Connector",(도번직결),도번직하위,
AJR74444508,MJU63748409,"Tube,Connector",(도번직결),도번직하위,
AJR74444508,MJU63748410,"Tube,Connector",(도번직결),도번직하위,
AJR74444508,MJU63748506,"Tube,Manifold",(도번직결),도번직하위,
AJR74444509,MJU63748401,"Tube,Connector",(도번직결),도번직하위,
AJR74444509,MJU63748402,"Tube,Connector",(도번직결),도번직하위,
AJR74444509,MJU63748410,"Tube,Connector",(도번직결),도번직하위,
AJR74444509,MJU63748504,"Tube,Manifold",(도번직결),도번직하위,
AJR74444509,MJU63748505,"Tube,Manifold",(도번직결),도번직하위,
AJR74462301,5014A30014E,"Damper,Tube",(도번직결),도번직하위,
AJR74462301,5210A22409A,"Tube,Connector",(도번직결),도번직하위,
AJR74462301,5224A20005D,Strainer,(도번직결),도번직하위,
AJR74462301,5224A20005G,Strainer,(도번직결),도번직하위,
AJR74462301,5224A20005J,Strainer,(도번직결),도번직하위,
AJR74462301,AJR74482401,"Tube Assembly,Connector",AJR74482401-1,자동매핑,
AJR74462301,EAP30616912,"Coil,Expansion",(도번직결),도번직하위,
AJR74462301,MEV39836107,Insulator,(도번직결),도번직하위,
AJR74462301,MJU63706101,"Tube,Connector",(도번직결),도번직하위,
AJR74462301,MJU63706301,"Tube,Connector",(도번직결),도번직하위,
AJR74462301,MJU63706401,"Tube,Connector",(도번직결),도번직하위,
AJR74462301,MJU63706501,"Tube,Connector",AJR30012101-16-1,자동매핑,
AJR74462301,MJU63706601,"Tube,Connector",(도번직결),도번직하위,
AJR74462301,MJU63707001,"Tube,Connector",(도번직결),도번직하위,
AJR74462301,MJU63707101,"Tube,Connector",(도번직결),도번직하위,
AJR74462301,MJU63751002,"Tube,Connector",AJR30012101-16-1,자동매핑,
AJR74462301,MJX62751401,"Valve,Expansion Body",(도번직결),도번직하위,
AJR74462302,4A00114E,"Tube,Connector",(도번직결),도번직하위,
AJR74462302,5014A30014E,"Damper,Tube",(도번직결),도번직하위,
AJR74462302,5210A22409A,"Tube,Connector",(도번직결),도번직하위,
AJR74462302,5224A20005D,Strainer,(도번직결),도번직하위,
AJR74462302,5224A20005G,Strainer,(도번직결),도번직하위,
AJR74462302,5224A20005J,Strainer,(도번직결),도번직하위,
AJR74462302,AJR74482401,"Tube Assembly,Connector",(도번직결),도번직하위,
AJR74462302,EAP30616912,"Coil,Expansion",(도번직결),도번직하위,
AJR74462302,MEV39836107,Insulator,(도번직결),도번직하위,
AJR74462302,MJU63706401,"Tube,Connector",(도번직결),도번직하위,
AJR74462302,MJU63706501,"Tube,Connector",(도번직결),도번직하위,
AJR74462302,MJU63707001,"Tube,Connector",(도번직결),도번직하위,
AJR74462302,MJU63707101,"Tube,Connector",(도번직결),도번직하위,
AJR74462302,MJU63751001,"Tube,Connector",(도번직결),도번직하위,
AJR74462302,MJU63751002,"Tube,Connector",(도번직결),도번직하위,
AJR74462302,MJU64086301,"Tube,Connector",(도번직결),도번직하위,
AJR74462302,MJU64086601,"Tube,Connector",(도번직결),도번직하위,
AJR74462302,MJX62751401,"Valve,Expansion Body",(도번직결),도번직하위,
AJR74462303,4A00114E,"Tube,Connector",(도번직결),도번직하위,
AJR74462303,5014A30014E,"Damper,Tube",(도번직결),도번직하위,
AJR74462303,5210A22409A,"Tube,Connector",(도번직결),도번직하위,
AJR74462303,5224A20005D,Strainer,(도번직결),도번직하위,
AJR74462303,5224A20005G,Strainer,(도번직결),도번직하위,
AJR74462303,5224A20005J,Strainer,(도번직결),도번직하위,
AJR74462303,AJR74482401,"Tube Assembly,Connector",(도번직결),도번직하위,
AJR74462303,EAP30616912,"Coil,Expansion",(도번직결),도번직하위,
AJR74462303,MEV39836107,Insulator,(도번직결),도번직하위,
AJR74462303,MJU63706401,"Tube,Connector",(도번직결),도번직하위,
AJR74462303,MJU63706501,"Tube,Connector",(도번직결),도번직하위,
AJR74462303,MJU63707001,"Tube,Connector",(도번직결),도번직하위,
AJR74462303,MJU63707101,"Tube,Connector",(도번직결),도번직하위,
AJR74462303,MJU63751001,"Tube,Connector",(도번직결),도번직하위,
AJR74462303,MJU63751002,"Tube,Connector",(도번직결),도번직하위,
AJR74462303,MJU64086401,"Tube,Connector",(도번직결),도번직하위,
AJR74462303,MJU64086601,"Tube,Connector",(도번직결),도번직하위,
AJR74462303,MJX62751401,"Valve,Expansion Body",(도번직결),도번직하위,
AJR74465905,4010AR3071C,"Socket,Flare",(도번직결),도번직하위,
AJR74465905,4930A20053B,"Holder,Sensor",(도번직결),도번직하위,
AJR74465905,4A00742A,"Nut,Flare",(도번직결),도번직하위,
AJR74465905,5210A22409A,"Tube,Connector",(도번직결),도번직하위,
AJR74465905,5410A30055S,"Insulator,Tube",(도번직결),도번직하위,
AJR74465905,MBL67877901,Cap,(도번직결),도번직하위,
AJR74465905,MBL67878001,Cap,(도번직결),도번직하위,
AJR74465905,MJU63512604,"Tube,Distributor",(도번직결),도번직하위,
AJR74465905,MJU63711305,"Tube,Connector",(도번직결),도번직하위,
AJR74465905,MJU63711315,"Tube,Connector",(도번직결),도번직하위,
AJR74465905,MJU63711316,"Tube,Connector",(도번직결),도번직하위,
AJR74465905,MJU63711317,"Tube,Connector",(도번직결),도번직하위,
AJR74465905,MJU63711318,"Tube,Connector",(도번직결),도번직하위,
AJR74465905,MJU63786304,"Tube,Capillary Bending",(도번직결),도번직하위,
AJR74465906,4930A20053B,"Holder,Sensor",(도번직결),도번직하위,
AJR74465906,4A00742F,"Nut,Common",(도번직결),도번직하위,
AJR74465906,5210A22409A,"Tube,Connector",(도번직결),도번직하위,
AJR74465906,5410A30055S,"Insulator,Tube",(도번직결),도번직하위,
AJR74465906,MBL67877902,Cap,(도번직결),도번직하위,
AJR74465906,MBL67878002,Cap,(도번직결),도번직하위,
AJR74465906,MJU63512604,"Tube,Distributor",(도번직결),도번직하위,
AJR74465906,MJU63711305,"Tube,Connector",(도번직결),도번직하위,
AJR74465906,MJU63711315,"Tube,Connector",(도번직결),도번직하위,
AJR74465906,MJU63711316,"Tube,Connector",(도번직결),도번직하위,
AJR74465906,MJU63711317,"Tube,Connector",(도번직결),도번직하위,
AJR74465906,MJU63711318,"Tube,Connector",(도번직결),도번직하위,
AJR74465906,MJU63786304,"Tube,Capillary Bending",(도번직결),도번직하위,
AJR74482601,3H01582C,Tie,(도번직결),도번직하위,
AJR74482601,5014A30001B,"Damper,Tube",(도번직결),도번직하위,
AJR74482601,5014A30001C,"Damper,Tube",(도번직결),도번직하위,
AJR74482601,5210A22409A,"Tube,Connector",(도번직결),도번직하위,
AJR74482601,5210A31939A,"Tube,Connector",(도번직결),도번직하위,
AJR74482601,MJU62609309,"Tube,Manifold",(도번직결),도번직하위,
AJR74482601,MJU63746203,"Tube,Connector",(도번직결),도번직하위,
AJR74482601,MJU63746204,"Tube,Connector",(도번직결),도번직하위,
AJR74482801,3H01582C,Tie,(도번직결),도번직하위,
AJR74482801,4848A20007P,Accumulator,(도번직결),도번직하위,
AJR74482801,4930A20053B,"Holder,Sensor",(도번직결),도번직하위,
AJR74482801,5210A22409A,"Tube,Connector",(도번직결),도번직하위,
AJR74482801,5210A23376A,"Tube,Connector",(도번직결),도번직하위,
AJR74482801,EBD62165607,"Sensor,Pressure",(도번직결),도번직하위,
AJR74482801,MEV39836107,Insulator,(도번직결),도번직하위,
AJR74482801,MJU63746205,"Tube,Connector",(도번직결),도번직하위,
AJR74482801,MJU63746206,"Tube,Connector",(도번직결),도번직하위,
AJR74482801,MJU63746207,"Tube,Connector",(도번직결),도번직하위,
AJR74485504,AJR73566525,Tube Assembly,(도번직결),도번직하위,
AJR74485504,AJR74288602,Tube Assembly,(도번직결),도번직하위,
AJR74485504,MEV60674901,"Insulator,Tube",(도번직결),도번직하위,
AJR74488604,5224A20005J,Strainer,(도번직결),도번직하위,
AJR74488604,MJU61942801,"Tube,Connector",(도번직결),도번직하위,
AJR74488604,MJU63713901,"Tube,Connector",(도번직결),도번직하위,
AJR74488604,MJU63714003,"Tube,Connector",(도번직결),도번직하위,
AJR74488604,MJU63714102,"Tube,Connector",(도번직결),도번직하위,
AJR74488604,MJU63772602,"Tube,Capillary Bending",(도번직결),도번직하위,
AJR74488604,MJX62751401,"Valve,Expansion Body",(도번직결),도번직하위,
AJR74504701,5210A24677J,"Tube,Connector",(도번직결),도번직하위,
AJR74504701,MJU63732602,"Tube,Manifold",(도번직결),도번직하위,
AJR74504801,5210A24677G,"Tube,Connector",(도번직결),도번직하위,
AJR74504801,MJU63732501,"Tube,Connector",(도번직결),도번직하위,
AJR74504801,MJU63732601,"Tube,Manifold",(도번직결),도번직하위,
AJR74523201,5210A28001C,"Tube,Return Bending",AJR74523201-12-2,자동매핑,
AJR74523201,MEG66660106,"Holder,Tubing",(도번직결),도번직하위,
AJR74523201,MJU63768501,"Tube,Connector",(도번직결),도번직하위,
AJR74523201,MJU63768601,"Tube,Connector",AJR74523201-12-1,자동매핑,
AJR74523201,MJU63768701,"Tube,Connector",AJR74523201-12-2,자동매핑,
AJR74524701,3H03659M,Strainer,AJR74524701-3-1,자동매핑,
AJR74524701,4980AR4395E,Supporter,(도번직결),도번직하위,
AJR74524701,4H00006A,"Screw,Customized",AJR74524701-SUB,자동매핑,
AJR74524701,4H01688A,"Clamp,Cord",(도번직결),도번직하위,
AJR74524701,4H01688S,"Clamp,Cord",AJR74524701-SUB,자동매핑,
AJR74524701,5014A20009B,"Damper,Tube",(도번직결),도번직하위,
AJR74524701,5410A21281S,"Insulator,Tube",(도번직결),도번직하위,
AJR74524701,6141A20010X,Solenoid,(도번직결),도번직하위,
AJR74524701,AJR74522901,"Tube Assembly,Reverse",(도번직결),도번직하위,
AJR74524701,AJR74523006,"Tube Assembly,Discharge(",(도번직결),도번직하위,
AJR74524701,MEG66660106,"Holder,Tubing",(도번직결),도번직하위,
AJR74524701,MEV39836107,Insulator,AJR74523006,자동매핑,
AJR74524701,MEV41216529,Insulator,(도번직결),도번직하위,
AJR74524701,MJH39544901,Supporter,AJR74524701-SUB,자동매핑,
AJR74524701,MJU64092901,"Tube,Connector",AJR74524701-3-1,자동매핑,
AJR74524701,MJU64093001,"Tube,Connector",AJR74524701-3-1,자동매핑,
AJR74524701,MJX65110001,"Valve,Service",AJR74524701-SUB,자동매핑,
AJR74524701,MJX65110401,"Valve,Service",AJR74524701-SUB,자동매핑,
AJR74524702,3H03659M,Strainer,AJR74524701-3-1,자동매핑,
AJR74524702,4H00006A,"Screw,Customized",AJR74524702-SUB,자동매핑,
AJR74524702,4H01688A,"Clamp,Cord",(도번직결),도번직하위,
AJR74524702,4H01688S,"Clamp,Cord",AJR74524702-SUB,자동매핑,
AJR74524702,5014A20009B,"Damper,Tube",(도번직결),도번직하위,
AJR74524702,5410A21281A,"Insulator,Tube",(도번직결),도번직하위,
AJR74524702,5410A21281S,"Insulator,Tube",(도번직결),도번직하위,
AJR74524702,5410A30055R,"Insulator,Tube",(도번직결),도번직하위,
AJR74524702,5410A30285B,"Insulator,Tube",(도번직결),도번직하위,
AJR74524702,5410A30285G,"Insulator,Tube",(도번직결),도번직하위,
AJR74524702,6141A20010X,Solenoid,(도번직결),도번직하위,
AJR74524702,AJR74522902,"Tube Assembly,Reverse",(도번직결),도번직하위,
AJR74524702,AJR74523001,"Tube Assembly,Discharge(",(도번직결),도번직하위,
AJR74524702,MEV39836107,Insulator,AJR74523001,자동매핑,
AJR74524702,MEV41216529,Insulator,(도번직결),도번직하위,
AJR74524702,MJH39544901,Supporter,AJR74524702-SUB,자동매핑,
AJR74524702,MJU64092901,"Tube,Connector",AJR74524701-3-1,자동매핑,
AJR74524702,MJU64093001,"Tube,Connector",AJR74524701-3-1,자동매핑,
AJR74524702,MJX65110001,"Valve,Service",AJR74524702-SUB,자동매핑,
AJR74524702,MJX65110301,"Valve,Service",AJR74524702-SUB,자동매핑,
AJR74524703,3H03659M,Strainer,AJR74524701-3-1,자동매핑,
AJR74524703,4H00006A,"Screw,Customized",AJR74524703-SUB,자동매핑,
AJR74524703,4H01688A,"Clamp,Cord",AJR74524703-SUB,자동매핑,
AJR74524703,4H01688S,"Clamp,Cord",AJR74524703-SUB,자동매핑,
AJR74524703,5014A20009B,"Damper,Tube",(도번직결),도번직하위,
AJR74524703,6141A20010X,Solenoid,(도번직결),도번직하위,
AJR74524703,AJR74522902,"Tube Assembly,Reverse",(도번직결),도번직하위,
AJR74524703,AJR74523003,"Tube Assembly,Discharge(",(도번직결),도번직하위,
AJR74524703,MEG66660106,"Holder,Tubing",(도번직결),도번직하위,
AJR74524703,MEV39836107,Insulator,(도번직결),도번직하위,
AJR74524703,MEV41216529,Insulator,(도번직결),도번직하위,
AJR74524703,MJH39544901,Supporter,AJR74524703-SUB,자동매핑,
AJR74524703,MJU64092901,"Tube,Connector",AJR74524701-3-1,자동매핑,
AJR74524703,MJU64093001,"Tube,Connector",AJR74524701-3-1,자동매핑,
AJR74524703,MJX65110001,"Valve,Service",AJR74524703-SUB,자동매핑,
AJR74524703,MJX65110301,"Valve,Service",AJR74524703-SUB,자동매핑,
AJR74524704,3H03659M,Strainer,AJR74524701-3-1,자동매핑,
AJR74524704,4980AR4395E,Supporter,AJR74524704-SUB,자동매핑,
AJR74524704,4H00006A,"Screw,Customized",AJR74524704-SUB,자동매핑,
AJR74524704,4H01688A,"Clamp,Cord",AJR74524704-SUB,자동매핑,
AJR74524704,4H01688S,"Clamp,Cord",AJR74524704-SUB,자동매핑,
AJR74524704,5014A20009B,"Damper,Tube",(도번직결),도번직하위,
AJR74524704,6141A20010X,Solenoid,(도번직결),도번직하위,
AJR74524704,AJR74522901,"Tube Assembly,Reverse",(도번직결),도번직하위,
AJR74524704,AJR74523003,"Tube Assembly,Discharge(",(도번직결),도번직하위,
AJR74524704,MEG66660106,"Holder,Tubing",(도번직결),도번직하위,
AJR74524704,MEV39836107,Insulator,(도번직결),도번직하위,
AJR74524704,MEV41216529,Insulator,(도번직결),도번직하위,
AJR74524704,MJH39544901,Supporter,AJR74524704-SUB,자동매핑,
AJR74524704,MJU64092901,"Tube,Connector",AJR74524701-3-1,자동매핑,
AJR74524704,MJU64093001,"Tube,Connector",AJR74524701-3-1,자동매핑,
AJR74524704,MJX65110001,"Valve,Service",AJR74524704-SUB,자동매핑,
AJR74524707,3H03659M,Strainer,(도번직결),도번직하위,
AJR74524707,4980AR4395E,Supporter,(도번직결),도번직하위,
AJR74524707,4A00637A,"Screw,Customized",(도번직결),도번직하위,
AJR74524707,4H00006A,"Screw,Customized",(도번직결),도번직하위,
AJR74524707,4H01688A,"Clamp,Cord",(도번직결),도번직하위,
AJR74524707,5014A20009B,"Damper,Tube",(도번직결),도번직하위,
AJR74524707,5224A20002D,Strainer,(도번직결),도번직하위,
AJR74524707,5410A21281A,"Insulator,Tube",(도번직결),도번직하위,
AJR74524707,5410A30055R,"Insulator,Tube",(도번직결),도번직하위,
AJR74524707,5410A30285B,"Insulator,Tube",(도번직결),도번직하위,
AJR74524707,5410A30285G,"Insulator,Tube",(도번직결),도번직하위,
AJR74524707,6141A20010X,Solenoid,(도번직결),도번직하위,
AJR74524707,AJR74522905,"Tube Assembly,Reverse",(도번직결),도번직하위,
AJR74524707,AJR74523005,"Tube Assembly,Discharge(",(도번직결),도번직하위,
AJR74524707,MAZ63544701,Bracket,(도번직결),도번직하위,
AJR74524707,MEV39836107,Insulator,AJR74523005,자동매핑,
AJR74524707,MEZ64011507,"Label,Caution",(도번직결),도번직하위,
AJR74524707,MJH39544901,Supporter,(도번직결),도번직하위,
AJR74524707,MJU64092902,"Tube,Connector",(도번직결),도번직하위,
AJR74524707,MJU64093001,"Tube,Connector",(도번직결),도번직하위,
AJR74524707,MJX65110001,"Valve,Service",(도번직결),도번직하위,
AJR74524707,MJX65110301,"Valve,Service",(도번직결),도번직하위,
AJR74524708,3H03659M,Strainer,AJR74524701-3-1,자동매핑,
AJR74524708,4980AR4395E,Supporter,(도번직결),도번직하위,
AJR74524708,4H00006A,"Screw,Customized",AJR74524708-SUB,자동매핑,
AJR74524708,4H01688A,"Clamp,Cord",(도번직결),도번직하위,
AJR74524708,4H01688S,"Clamp,Cord",AJR74524708-SUB,자동매핑,
AJR74524708,5014A20009B,"Damper,Tube",(도번직결),도번직하위,
AJR74524708,6141A20010X,Solenoid,(도번직결),도번직하위,
AJR74524708,AJR74522902,"Tube Assembly,Reverse",(도번직결),도번직하위,
AJR74524708,AJR74523006,"Tube Assembly,Discharge(",(도번직결),도번직하위,
AJR74524708,MEG66660106,"Holder,Tubing",(도번직결),도번직하위,
AJR74524708,MEV39836107,Insulator,AJR74523006,자동매핑,
AJR74524708,MEV41216529,Insulator,(도번직결),도번직하위,
AJR74524708,MJH39544901,Supporter,AJR74524708-SUB,자동매핑,
AJR74524708,MJU64092901,"Tube,Connector",AJR74524701-3-1,자동매핑,
AJR74524708,MJU64093001,"Tube,Connector",AJR74524701-3-1,자동매핑,
AJR74524708,MJX65110001,"Valve,Service",AJR74524708-SUB,자동매핑,
AJR74524708,MJX65110301,"Valve,Service",AJR74524708-SUB,자동매핑,
AJR74524709,3H03659M,Strainer,(도번직결),도번직하위,
AJR74524709,4A00637A,"Screw,Customized",(도번직결),도번직하위,
AJR74524709,4H00006A,"Screw,Customized",(도번직결),도번직하위,
AJR74524709,4H01688A,"Clamp,Cord",(도번직결),도번직하위,
AJR74524709,4H01688S,"Clamp,Cord",(도번직결),도번직하위,
AJR74524709,5014A20009B,"Damper,Tube",(도번직결),도번직하위,
AJR74524709,5224A20002D,Strainer,(도번직결),도번직하위,
AJR74524709,6141A20010X,Solenoid,(도번직결),도번직하위,
AJR74524709,AJR74522906,"Tube Assembly,Reverse",(도번직결),도번직하위,
AJR74524709,AJR74523006,"Tube Assembly,Discharge(",(도번직결),도번직하위,
AJR74524709,MAZ63544701,Bracket,(도번직결),도번직하위,
AJR74524709,MEG66660106,"Holder,Tubing",(도번직결),도번직하위,
AJR74524709,MEV39836107,Insulator,AJR74523006,자동매핑,
AJR74524709,MEV41216529,Insulator,(도번직결),도번직하위,
AJR74524709,MJH39544901,Supporter,(도번직결),도번직하위,
AJR74524709,MJU64092903,"Tube,Connector",(도번직결),도번직하위,
AJR74524709,MJU64093001,"Tube,Connector",(도번직결),도번직하위,
AJR74524709,MJX65110001,"Valve,Service",(도번직결),도번직하위,
AJR74524709,MJX65110301,"Valve,Service",(도번직결),도번직하위,
AJR74643301,MCQ67987401,"Damper,Butyl",(도번직결),도번직하위,
AJR74643301,MJU63908201,"Tube,Suction",(도번직결),도번직하위,
AJR74662702,3H01582E,Tie,(도번직결),도번직하위,
AJR74662702,4848A10002D,Accumulator,(도번직결),도번직하위,
AJR74662702,4980A21002C,Supporter,(도번직결),도번직하위,
AJR74662702,5014A20009D,"Damper,Tube",(도번직결),도번직하위,
AJR74662702,5210A23656B,"Tube,Suction",(도번직결),도번직하위,
AJR74662702,5210A23656C,"Tube,Suction",(도번직결),도번직하위,
AJR74662702,MJU62920501,"Tube,Connector",(도번직결),도번직하위,
AJR74662702,MJU62920506,"Tube,Connector",(도번직결),도번직하위,
AJR74662702,MJU63016804,"Tube,Suction",(도번직결),도번직하위,
AJR74662702,MJU63016812,"Tube,Suction",(도번직결),도번직하위,
AJR74662702,MJX62711301,"Valve,Service",(도번직결),도번직하위,
AJR74662703,3H01582A,Tie,(도번직결),도번직하위,
AJR74662703,3H01582E,Tie,(도번직결),도번직하위,
AJR74662703,4004A20006A,Clip,(도번직결),도번직하위,
AJR74662703,4010AR3071N,"Socket,Flare",AJR74662703-7-2,자동매핑,
AJR74662703,4930A20053B,"Holder,Sensor",(도번직결),도번직하위,
AJR74662703,5210A22409A,"Tube,Connector",(도번직결),도번직하위,
AJR74662703,5210A23376A,"Tube,Connector",(도번직결),도번직하위,
AJR74662703,AJR74662704,"Tube Assembly,Suction",AJR74662703-7-2,자동매핑,
AJR74662703,EBD61486102,"Sensor,Pressure",(도번직결),도번직하위,
AJR74662703,MCQ66969701,"Damper,Tube",(도번직결),도번직하위,
AJR74662703,MEV37586008,"Insulator,Tube",(도번직결),도번직하위,
AJR74662703,MEV39836107,Insulator,(도번직결),도번직하위,
AJR74662703,MJU62920509,"Tube,Connector",(도번직결),도번직하위,
AJR74662703,MJU63016816,"Tube,Suction",(도번직결),도번직하위,
AJR74662703,MJU63750701,"Tube,Connector",AJR74662703-7-2,자동매핑,
AJR74663217,5210A22409C,"Tube,Connector",(도번직결),도번직하위,
AJR74663217,5410A30055S,"Insulator,Tube",(도번직결),도번직하위,
AJR74663217,MJU63341510,"Tube,Discharge",(도번직결),도번직하위,
AJR74663217,MJU64966203,"Tube,Discharge",(도번직결),도번직하위,
AJR74663701,MCQ67987401,"Damper,Butyl",(도번직결),도번직하위,
AJR74663701,MJU63947901,"Tube,Connector",(도번직결),도번직하위,
AJR74683101,4010AR3071N,"Socket,Flare",(도번직결),도번직하위,
AJR74683101,4A00114D,"Tube,Connector",(도번직결),도번직하위,
AJR74683101,5014A20009C,"Damper,Tube",(도번직결),도번직하위,
AJR74683101,5210A22409A,"Tube,Connector",(도번직결),도번직하위,
AJR74683101,5210A23376A,"Tube,Connector",(도번직결),도번직하위,
AJR74683101,5220AP3777C,"Valve,Reverse",(도번직결),도번직하위,
AJR74683101,5410A21281A,"Insulator,Tube",(도번직결),도번직하위,
AJR74683101,5410A30279A,"Insulator,Tube",(도번직결),도번직하위,
AJR74683101,5410A30279C,"Insulator,Tube",(도번직결),도번직하위,
AJR74683101,6141A20010W,Solenoid,(도번직결),도번직하위,
AJR74683101,EBE60661407,Solenoid,(도번직결),도번직하위,
AJR74683101,EBF40271407,"Switch,Pressure",(도번직결),도번직하위,
AJR74683101,MEV39836107,Insulator,(도번직결),도번직하위,
AJR74683101,MJC62301701,Strainer,(도번직결),도번직하위,
AJR74683101,MJU62096501,"Tube,Connector",(도번직결),도번직하위,
AJR74683101,MJU63024801,"Tube,Connector",(도번직결),도번직하위,
AJR74683101,MJU63067201,"Tube,Connector",(도번직결),도번직하위,
AJR74683101,MJU63067305,"Tube,Connector",(도번직결),도번직하위,
AJR74683101,MJU63067306,"Tube,Connector",(도번직결),도번직하위,
AJR74683101,MJU63067601,"Tube,Connector",(도번직결),도번직하위,
AJR74683101,MJU63067701,"Tube,Connector",(도번직결),도번직하위,
AJR74683101,MJU63234805,"Tube,Connector",(도번직결),도번직하위,
AJR74683101,MJU63301401,"Tube,Connector",(도번직결),도번직하위,
AJR74683101,MJU63754101,"Tube,Connector",(도번직결),도번직하위,
AJR74683101,MJU63888301,"Tube,Connector",(도번직결),도번직하위,
AJR74683101,MJU63888401,"Tube,Connector",(도번직결),도번직하위,
AJR74683101,MJX61841301,"Valve,Solenoid",(도번직결),도번직하위,
AJR74683102,4010AR3071N,"Socket,Flare",(도번직결),도번직하위,
AJR74683102,4A00114D,"Tube,Connector",(도번직결),도번직하위,
AJR74683102,5014A20009C,"Damper,Tube",(도번직결),도번직하위,
AJR74683102,5210A22409A,"Tube,Connector",(도번직결),도번직하위,
AJR74683102,5210A23376A,"Tube,Connector",(도번직결),도번직하위,
AJR74683102,5220AP3777C,"Valve,Reverse",(도번직결),도번직하위,
AJR74683102,5410A21281A,"Insulator,Tube",(도번직결),도번직하위,
AJR74683102,5410A30279A,"Insulator,Tube",(도번직결),도번직하위,
AJR74683102,5410A30279C,"Insulator,Tube",(도번직결),도번직하위,
AJR74683102,6141A20010W,Solenoid,(도번직결),도번직하위,
AJR74683102,EBE60661407,Solenoid,(도번직결),도번직하위,
AJR74683102,EBF40271407,"Switch,Pressure",(도번직결),도번직하위,
AJR74683102,MEV39836107,Insulator,(도번직결),도번직하위,
AJR74683102,MJU62096501,"Tube,Connector",(도번직결),도번직하위,
AJR74683102,MJU63024801,"Tube,Connector",(도번직결),도번직하위,
AJR74683102,MJU63067201,"Tube,Connector",(도번직결),도번직하위,
AJR74683102,MJU63067305,"Tube,Connector",(도번직결),도번직하위,
AJR74683102,MJU63067306,"Tube,Connector",(도번직결),도번직하위,
AJR74683102,MJU63067601,"Tube,Connector",(도번직결),도번직하위,
AJR74683102,MJU63067701,"Tube,Connector",(도번직결),도번직하위,
AJR74683102,MJU63234805,"Tube,Connector",(도번직결),도번직하위,
AJR74683102,MJU63302901,"Tube,Connector",(도번직결),도번직하위,
AJR74683102,MJU63754101,"Tube,Connector",(도번직결),도번직하위,
AJR74683102,MJU63888301,"Tube,Connector",(도번직결),도번직하위,
AJR74683102,MJU63888401,"Tube,Connector",(도번직결),도번직하위,
AJR74683102,MJX61841301,"Valve,Solenoid",(도번직결),도번직하위,
AJR74702801,MJU38232201,"Tube,Pinch Off",(도번직결),도번직하위,
AJR74702801,MJU63485402,"Tube,Connector",(도번직결),도번직하위,
AJR74702801,MJU63485601,"Tube,Manifold",(도번직결),도번직하위,
AJR74702901,5210A22409B,"Tube,Connector",(도번직결),도번직하위,
AJR74702901,MJU63946401,"Tube,Discharge",(도번직결),도번직하위,
AJR74803001,3A00375A,"Socket,Flare",AJR74803001-SUB,자동매핑,
AJR74803001,3H01582C,Tie,(도번직결),도번직하위,
AJR74803001,4930A20053B,"Holder,Sensor",(도번직결),도번직하위,
AJR74803001,4A00742F,"Nut,Common",AJR74803001-SUB,자동매핑,
AJR74803001,5210A22409B,"Tube,Connector",(도번직결),도번직하위,
AJR74803001,5211AP4052R,"Tube Assembly,Connector",(도번직결),도번직하위,
AJR74803001,MEV37586016,"Insulator,Tube",(도번직결),도번직하위,
AJR74803001,MEV64074505,Insulator,(도번직결),도번직하위,
AJR74803001,MJU62009206,"Tube,Distributor",(도번직결),도번직하위,
AJR74803001,MJU62491901,"Tube,Pinch Off",(도번직결),도번직하위,
AJR74803001,MJU64029701,"Tube,Capillary Bending",(도번직결),도번직하위,
AJR74803001,MJU64029702,"Tube,Capillary Bending",(도번직결),도번직하위,
AJR74803001,MJU64029703,"Tube,Capillary Bending",(도번직결),도번직하위,
AJR74803001,MJU64029704,"Tube,Capillary Bending",(도번직결),도번직하위,
AJR74803001,MJU64029705,"Tube,Capillary Bending",(도번직결),도번직하위,
AJR74803001,MJU64029706,"Tube,Capillary Bending",(도번직결),도번직하위,
AJR74803001,MJU64070901,"Tube,Suction",AJR74803001-SUB,자동매핑,
AJR74803002,3A00375A,"Socket,Flare",(도번직결),도번직하위,
AJR74803002,3H01582C,Tie,(도번직결),도번직하위,
AJR74803002,4A00742F,"Nut,Common",(도번직결),도번직하위,
AJR74803002,5211AP4052R,"Tube Assembly,Connector",(도번직결),도번직하위,
AJR74803002,MEV37586016,"Insulator,Tube",(도번직결),도번직하위,
AJR74803002,MEV64074505,Insulator,(도번직결),도번직하위,
AJR74803002,MJU62009206,"Tube,Distributor",(도번직결),도번직하위,
AJR74803002,MJU62491901,"Tube,Pinch Off",(도번직결),도번직하위,
AJR74803002,MJU64029704,"Tube,Capillary Bending",(도번직결),도번직하위,
AJR74803002,MJU64029705,"Tube,Capillary Bending",(도번직결),도번직하위,
AJR74803002,MJU64029706,"Tube,Capillary Bending",(도번직결),도번직하위,
AJR74803002,MJU64029708,"Tube,Capillary Bending",(도번직결),도번직하위,
AJR74803002,MJU64029709,"Tube,Capillary Bending",(도번직결),도번직하위,
AJR74803002,MJU64029710,"Tube,Capillary Bending",(도번직결),도번직하위,
AJR74803002,MJU64070901,"Tube,Suction",(도번직결),도번직하위,
AJR74803102,3H01582E,Tie,(도번직결),도번직하위,
AJR74803102,4930A20053B,"Holder,Sensor",(도번직결),도번직하위,
AJR74803102,5014A30001C,"Damper,Tube",(도번직결),도번직하위,
AJR74803102,5014A30014Q,"Damper,Tube",(도번직결),도번직하위,
AJR74803102,5210A22409B,"Tube,Connector",(도번직결),도번직하위,
AJR74803102,MJU63406913,"Tube,Connector",(도번직결),도번직하위,
AJR74803102,MJU63407216,"Tube,Connector",(도번직결),도번직하위,
AJR74803102,MJU64050402,"Tube,Connector",(도번직결),도번직하위,
AJR74803102,MJU64050403,"Tube,Connector",(도번직결),도번직하위,
AJR74803514,5210A22409A,"Tube,Connector",AJR74803512-4-1,자동매핑,
AJR74803514,MJU64868531,"Tube,Connector",(도번직결),도번직하위,
AJR74803514,MJU64868532,"Tube,Connector",AJR74803512-4-1,자동매핑,
AJR74803514,MJU64868533,"Tube,Connector",AJR74803512-4-1,자동매핑,
AJR74803514,MJU64868534,"Tube,Connector",AJR74803512-4-1,자동매핑,
AJR74803514,MJU64868535,"Tube,Connector",(도번직결),도번직하위,
AJR74803514,MJU64868536,"Tube,Connector",AJR74803512-4-1,자동매핑,
AJR74803514,MJX63991803,"Valve,Expansion Body",(도번직결),도번직하위,
AJR74803534,4930A20053B,"Holder,Sensor",(도번직결),도번직하위,
AJR74803534,5210A22409A,"Tube,Connector",(도번직결),도번직하위,
AJR74803534,MJU64868531,"Tube,Connector",(도번직결),도번직하위,
AJR74803534,MJU64868534,"Tube,Connector",(도번직결),도번직하위,
AJR74803534,MJU64868548,"Tube,Connector",(도번직결),도번직하위,
AJR74803534,MJU64868550,"Tube,Connector",(도번직결),도번직하위,
AJR74803534,MJU64868564,"Tube,Connector",(도번직결),도번직하위,
AJR74803534,MJU65026413,"Tube,Manifold",(도번직결),도번직하위,
AJR74803534,MJX63991801,"Valve,Expansion Body",(도번직결),도번직하위,
AJR74803535,4930A20053B,"Holder,Sensor",(도번직결),도번직하위,
AJR74803535,5210A22409A,"Tube,Connector",(도번직결),도번직하위,
AJR74803535,MJU64868534,"Tube,Connector",(도번직결),도번직하위,
AJR74803535,MJU64868548,"Tube,Connector",(도번직결),도번직하위,
AJR74803535,MJU64868556,"Tube,Connector",(도번직결),도번직하위,
AJR74803535,MJU64868557,"Tube,Connector",(도번직결),도번직하위,
AJR74803535,MJU64868564,"Tube,Connector",(도번직결),도번직하위,
AJR74803535,MJU65026413,"Tube,Manifold",(도번직결),도번직하위,
AJR74803535,MJX63991801,"Valve,Expansion Body",(도번직결),도번직하위,
AJR74803536,4930A20053B,"Holder,Sensor",AJR74803521-3-1,자동매핑,
AJR74803536,5210A22409A,"Tube,Connector",AJR74803521-3-1,자동매핑,
AJR74803536,MJU64868531,"Tube,Connector",(도번직결),도번직하위,
AJR74803536,MJU64868534,"Tube,Connector",AJR74803521-3-1,자동매핑,
AJR74803536,MJU64868548,"Tube,Connector",(도번직결),도번직하위,
AJR74803536,MJU64868549,"Tube,Connector",AJR74803521-3-1,자동매핑,
AJR74803536,MJU64868550,"Tube,Connector",AJR74803521-3-1,자동매핑,
AJR74803536,MJU65026413,"Tube,Manifold",AJR74803521-3-1,자동매핑,
AJR74803536,MJX63991801,"Valve,Expansion Body",(도번직결),도번직하위,
AJR74803537,4930A20053B,"Holder,Sensor",AJR74803522-4-1,자동매핑,
AJR74803537,5210A22409A,"Tube,Connector",AJR74803522-4-1,자동매핑,
AJR74803537,MJU64868534,"Tube,Connector",AJR74803522-4-1,자동매핑,
AJR74803537,MJU64868548,"Tube,Connector",(도번직결),도번직하위,
AJR74803537,MJU64868549,"Tube,Connector",AJR74803522-4-1,자동매핑,
AJR74803537,MJU64868556,"Tube,Connector",(도번직결),도번직하위,
AJR74803537,MJU64868557,"Tube,Connector",AJR74803522-4-1,자동매핑,
AJR74803537,MJX63991801,"Valve,Expansion Body",(도번직결),도번직하위,
AJR74843701,3H01582C,Tie,(도번직결),도번직하위,
AJR74843701,4930A20053B,"Holder,Sensor",(도번직결),도번직하위,
AJR74843701,5040A30013D,Damper,(도번직결),도번직하위,
AJR74843701,5210A22409A,"Tube,Connector",(도번직결),도번직하위,
AJR74843701,MBL68398701,Cap,(도번직결),도번직하위,
AJR74843701,MEV64995302,Insulator,(도번직결),도번직하위,
AJR74843701,MHT62361201,"Socket,Flare",(도번직결),도번직하위,
AJR74843701,MJU64091001,"Tube,Manifold",(도번직결),도번직하위,
AJR74843701,MJU64091101,"Tube,Connector",(도번직결),도번직하위,
AJR74843701,MJU64091102,"Tube,Connector",(도번직결),도번직하위,
AJR74843701,MJU64091104,"Tube,Connector",(도번직결),도번직하위,
AJR74843702,3H01582C,Tie,(도번직결),도번직하위,
AJR74843702,5040A30013D,Damper,(도번직결),도번직하위,
AJR74843702,MBL68398701,Cap,(도번직결),도번직하위,
AJR74843702,MCD63107401,Connector,(도번직결),도번직하위,
AJR74843702,MCQ67968901,"Damper,Vent",(도번직결),도번직하위,
AJR74843702,MEV64995301,Insulator,(도번직결),도번직하위,
AJR74843702,MEV65131601,Insulator,(도번직결),도번직하위,
AJR74843702,MEV65131602,Insulator,(도번직결),도번직하위,
AJR74843702,MHT62361201,"Socket,Flare",(도번직결),도번직하위,
AJR74843702,MJU64091002,"Tube,Manifold",(도번직결),도번직하위,
AJR74843702,MJU64091103,"Tube,Connector",(도번직결),도번직하위,
AJR74843702,MJU64091202,"Tube,Connector",(도번직결),도번직하위,
AJR74844101,3H01582C,Tie,(도번직결),도번직하위,
AJR74844101,4930A20053B,"Holder,Sensor",(도번직결),도번직하위,
AJR74844101,5040A30013D,Damper,(도번직결),도번직하위,
AJR74844101,5210A22409A,"Tube,Connector",(도번직결),도번직하위,
AJR74844101,MBL68398701,Cap,(도번직결),도번직하위,
AJR74844101,MEV64995304,Insulator,(도번직결),도번직하위,
AJR74844101,MHT62361201,"Socket,Flare",AJR74844101-SUB,자동매핑,
AJR74844101,MJU64094701,"Tube,Manifold",AJR74844101-SUB,자동매핑,
AJR74844101,MJU64094801,"Tube,Connector",(도번직결),도번직하위,
AJR74844102,3H01582C,Tie,(도번직결),도번직하위,
AJR74844102,5040A30013D,Damper,(도번직결),도번직하위,
AJR74844102,MBL68398701,Cap,(도번직결),도번직하위,
AJR74844102,MCD63107401,Connector,(도번직결),도번직하위,
AJR74844102,MCQ67968901,"Damper,Vent",(도번직결),도번직하위,
AJR74844102,MEV64995303,Insulator,(도번직결),도번직하위,
AJR74844102,MEV65131601,Insulator,(도번직결),도번직하위,
AJR74844102,MEV65131602,Insulator,(도번직결),도번직하위,
AJR74844102,MHT62361201,"Socket,Flare",AJR74844102-SUB,자동매핑,
AJR74844102,MJU64094702,"Tube,Manifold",AJR74844102-SUB,자동매핑,
AJR74844102,MJU64094802,"Tube,Connector",(도번직결),도번직하위,
AJR74844102,MJU64094803,"Tube,Connector",(도번직결),도번직하위,
AJR74844102,MJU64094804,"Tube,Connector",(도번직결),도번직하위,
AJR74844102,MJU64094805,"Tube,Connector",(도번직결),도번직하위,
AJR74844102,MJU64094806,"Tube,Connector",(도번직결),도번직하위,
AJR74844301,3H01582C,Tie,(도번직결),도번직하위,
AJR74844301,4930A20053B,"Holder,Sensor",(도번직결),도번직하위,
AJR74844301,5040A30013D,Damper,(도번직결),도번직하위,
AJR74844301,5210A22409A,"Tube,Connector",(도번직결),도번직하위,
AJR74844301,MBL68398701,Cap,(도번직결),도번직하위,
AJR74844301,MEV64169001,Insulator,(도번직결),도번직하위,
AJR74844301,MHT62361201,"Socket,Flare",AJR74844301-은납,자동매핑,
AJR74844301,MJU64094901,"Tube,Manifold",(도번직결),도번직하위,
AJR74844301,MJU64095001,"Tube,Connector",(도번직결),도번직하위,
AJR74844301,MJU64095101,"Tube,Connector",AJR74844301-은납,자동매핑,
AJR74844302,3H01582C,Tie,(도번직결),도번직하위,
AJR74844302,5040A30013D,Damper,(도번직결),도번직하위,
AJR74844302,MBL68398701,Cap,(도번직결),도번직하위,
AJR74844302,MCD63107401,Connector,(도번직결),도번직하위,
AJR74844302,MCQ67968901,"Damper,Vent",(도번직결),도번직하위,
AJR74844302,MEV64169001,Insulator,(도번직결),도번직하위,
AJR74844302,MEV65131601,Insulator,(도번직결),도번직하위,
AJR74844302,MEV65131602,Insulator,(도번직결),도번직하위,
AJR74844302,MHT62361201,"Socket,Flare",AJR74844302-은납,자동매핑,
AJR74844302,MJU64094902,"Tube,Manifold",(도번직결),도번직하위,
AJR74844302,MJU64095002,"Tube,Connector",(도번직결),도번직하위,
AJR74844302,MJU64095102,"Tube,Connector",AJR74844302-은납,자동매핑,
AJR74844307,3H01582C,Tie,(도번직결),도번직하위,
AJR74844307,5040A30013D,Damper,(도번직결),도번직하위,
AJR74844307,5210A22409A,"Tube,Connector",(도번직결),도번직하위,
AJR74844307,MBL68398701,Cap,(도번직결),도번직하위,
AJR74844307,MEV48131001,"Insulator,Tube",(도번직결),도번직하위,
AJR74844307,MHT62361201,"Socket,Flare",AJR74844307-은납,자동매핑,
AJR74844307,MJU64094903,"Tube,Manifold",(도번직결),도번직하위,
AJR74844307,MJU64095003,"Tube,Connector",(도번직결),도번직하위,
AJR74844307,MJU64095004,"Tube,Connector",(도번직결),도번직하위,
AJR74844307,MJU64095103,"Tube,Connector",AJR74844307-은납,자동매핑,
AJR74844308,3H01582C,Tie,(도번직결),도번직하위,
AJR74844308,5040A30013D,Damper,(도번직결),도번직하위,
AJR74844308,5410A30055D,"Insulator,Tube",(도번직결),도번직하위,
AJR74844308,MBL68398701,Cap,(도번직결),도번직하위,
AJR74844308,MCD63107401,Connector,(도번직결),도번직하위,
AJR74844308,MCQ67968901,"Damper,Vent",(도번직결),도번직하위,
AJR74844308,MEV65131601,Insulator,(도번직결),도번직하위,
AJR74844308,MEV65131602,Insulator,(도번직결),도번직하위,
AJR74844308,MHT62361201,"Socket,Flare",AJR74844308-은납,자동매핑,
AJR74844308,MJU64094904,"Tube,Manifold",(도번직결),도번직하위,
AJR74844308,MJU64095003,"Tube,Connector",(도번직결),도번직하위,
AJR74844308,MJU64095004,"Tube,Connector",(도번직결),도번직하위,
AJR74844308,MJU64095104,"Tube,Connector",AJR74844308-은납,자동매핑,
AJR74844309,3H01582C,Tie,(도번직결),도번직하위,
AJR74844309,5040A30013D,Damper,(도번직결),도번직하위,
AJR74844309,5410A30055D,"Insulator,Tube",(도번직결),도번직하위,
AJR74844309,MBL68398701,Cap,(도번직결),도번직하위,
AJR74844309,MCD63107401,Connector,(도번직결),도번직하위,
AJR74844309,MCQ67968901,"Damper,Vent",(도번직결),도번직하위,
AJR74844309,MEJ64687101,"Hose,Air",(도번직결),도번직하위,
AJR74844309,MEV65131601,Insulator,(도번직결),도번직하위,
AJR74844309,MEV65131602,Insulator,(도번직결),도번직하위,
AJR74844309,MHT62361201,"Socket,Flare",AJR74844309-은납,자동매핑,
AJR74844309,MJU64094905,"Tube,Manifold",(도번직결),도번직하위,
AJR74844309,MJU64095004,"Tube,Connector",(도번직결),도번직하위,
AJR74844309,MJU64095104,"Tube,Connector",AJR74844309-은납,자동매핑,
AJR74844310,3H01582C,Tie,(도번직결),도번직하위,
AJR74844310,5040A30013D,Damper,(도번직결),도번직하위,
AJR74844310,5210A22409A,"Tube,Connector",(도번직결),도번직하위,
AJR74844310,MBL68398701,Cap,(도번직결),도번직하위,
AJR74844310,MEV48131001,"Insulator,Tube",(도번직결),도번직하위,
AJR74844310,MHT62361201,"Socket,Flare",AJR74844310-은납,자동매핑,
AJR74844310,MJU64094906,"Tube,Manifold",(도번직결),도번직하위,
AJR74844310,MJU64095003,"Tube,Connector",(도번직결),도번직하위,
AJR74844310,MJU64095004,"Tube,Connector",(도번직결),도번직하위,
AJR74844310,MJU64095005,"Tube,Connector",(도번직결),도번직하위,
AJR74844310,MJU64095103,"Tube,Connector",AJR74844310-은납,자동매핑,
AJR74844311,3H01582C,Tie,(도번직결),도번직하위,
AJR74844311,4930A20053B,"Holder,Sensor",(도번직결),도번직하위,
AJR74844311,5040A30013D,Damper,(도번직결),도번직하위,
AJR74844311,5210A22409B,"Tube,Connector",(도번직결),도번직하위,
AJR74844311,MBL68398701,Cap,(도번직결),도번직하위,
AJR74844311,MCD63107401,Connector,(도번직결),도번직하위,
AJR74844311,MCQ67968901,"Damper,Vent",(도번직결),도번직하위,
AJR74844311,MEV64169001,Insulator,(도번직결),도번직하위,
AJR74844311,MEV65131601,Insulator,(도번직결),도번직하위,
AJR74844311,MEV65131602,Insulator,(도번직결),도번직하위,
AJR74844311,MHT62361201,"Socket,Flare",AJR74844311-은납,자동매핑,
AJR74844311,MJU64094902,"Tube,Manifold",(도번직결),도번직하위,
AJR74844311,MJU64095002,"Tube,Connector",(도번직결),도번직하위,
AJR74844311,MJU64095102,"Tube,Connector",AJR74844311-은납,자동매핑,
AJR74844312,3H01582C,Tie,(도번직결),도번직하위,
AJR74844312,4930A20053B,"Holder,Sensor",(도번직결),도번직하위,
AJR74844312,5040A30013D,Damper,(도번직결),도번직하위,
AJR74844312,5210A22409B,"Tube,Connector",(도번직결),도번직하위,
AJR74844312,5410A30055D,"Insulator,Tube",(도번직결),도번직하위,
AJR74844312,MBL68398701,Cap,(도번직결),도번직하위,
AJR74844312,MCD63107401,Connector,(도번직결),도번직하위,
AJR74844312,MCQ67968901,"Damper,Vent",(도번직결),도번직하위,
AJR74844312,MEJ64687101,"Hose,Air",(도번직결),도번직하위,
AJR74844312,MEV65131601,Insulator,(도번직결),도번직하위,
AJR74844312,MEV65131602,Insulator,(도번직결),도번직하위,
AJR74844312,MHT62361201,"Socket,Flare",AJR74844312-은납,자동매핑,
AJR74844312,MJU64094904,"Tube,Manifold",(도번직결),도번직하위,
AJR74844312,MJU64095003,"Tube,Connector",(도번직결),도번직하위,
AJR74844312,MJU64095004,"Tube,Connector",(도번직결),도번직하위,
AJR74844312,MJU64095104,"Tube,Connector",AJR74844312-은납,자동매핑,
AJR74844313,3H01582C,Tie,(도번직결),도번직하위,
AJR74844313,4930A20053B,"Holder,Sensor",(도번직결),도번직하위,
AJR74844313,5040A30013D,Damper,(도번직결),도번직하위,
AJR74844313,5210A22409B,"Tube,Connector",(도번직결),도번직하위,
AJR74844313,5410A30055D,"Insulator,Tube",(도번직결),도번직하위,
AJR74844313,MBL68398701,Cap,(도번직결),도번직하위,
AJR74844313,MCD63107401,Connector,(도번직결),도번직하위,
AJR74844313,MCQ67968901,"Damper,Vent",(도번직결),도번직하위,
AJR74844313,MEJ64687101,"Hose,Air",(도번직결),도번직하위,
AJR74844313,MEV65131601,Insulator,(도번직결),도번직하위,
AJR74844313,MEV65131602,Insulator,(도번직결),도번직하위,
AJR74844313,MHT62361201,"Socket,Flare",AJR74844313-은납,자동매핑,
AJR74844313,MJU64094905,"Tube,Manifold",(도번직결),도번직하위,
AJR74844313,MJU64095004,"Tube,Connector",(도번직결),도번직하위,
AJR74844313,MJU64095104,"Tube,Connector",AJR74844313-은납,자동매핑,
AJR74844314,3H01582C,Tie,(도번직결),도번직하위,
AJR74844314,4930A20053B,"Holder,Sensor",(도번직결),도번직하위,
AJR74844314,5040A30013D,Damper,(도번직결),도번직하위,
AJR74844314,5210A22409A,"Tube,Connector",(도번직결),도번직하위,
AJR74844314,MBL68398701,Cap,(도번직결),도번직하위,
AJR74844314,MEV64169001,Insulator,(도번직결),도번직하위,
AJR74844314,MHT62361203,"Socket,Flare",AJR74844314-은납,자동매핑,
AJR74844314,MJU64094901,"Tube,Manifold",(도번직결),도번직하위,
AJR74844314,MJU64095001,"Tube,Connector",(도번직결),도번직하위,
AJR74844314,MJU64095101,"Tube,Connector",AJR74844314-은납,자동매핑,
AJR74844315,3H01582C,Tie,(도번직결),도번직하위,
AJR74844315,4930A20053B,"Holder,Sensor",(도번직결),도번직하위,
AJR74844315,5040A30013D,Damper,(도번직결),도번직하위,
AJR74844315,5210A22409B,"Tube,Connector",(도번직결),도번직하위,
AJR74844315,MBL68398701,Cap,(도번직결),도번직하위,
AJR74844315,MCD63107401,Connector,(도번직결),도번직하위,
AJR74844315,MCQ67968901,"Damper,Vent",(도번직결),도번직하위,
AJR74844315,MEJ64687101,"Hose,Air",(도번직결),도번직하위,
AJR74844315,MEV64169001,Insulator,(도번직결),도번직하위,
AJR74844315,MEV65131601,Insulator,(도번직결),도번직하위,
AJR74844315,MEV65131602,Insulator,(도번직결),도번직하위,
AJR74844315,MHT62361203,"Socket,Flare",AJR74844315-은납,자동매핑,
AJR74844315,MJU64094902,"Tube,Manifold",(도번직결),도번직하위,
AJR74844315,MJU64095002,"Tube,Connector",(도번직결),도번직하위,
AJR74844315,MJU64095102,"Tube,Connector",AJR74844315-은납,자동매핑,
AJR74844316,3H01582C,Tie,(도번직결),도번직하위,
AJR74844316,5040A30013D,Damper,(도번직결),도번직하위,
AJR74844316,5210A22409A,"Tube,Connector",(도번직결),도번직하위,
AJR74844316,MBL68398701,Cap,(도번직결),도번직하위,
AJR74844316,MEV48131001,"Insulator,Tube",(도번직결),도번직하위,
AJR74844316,MHT62361203,"Socket,Flare",(도번직결),도번직하위,
AJR74844316,MJU64094903,"Tube,Manifold",(도번직결),도번직하위,
AJR74844316,MJU64095003,"Tube,Connector",(도번직결),도번직하위,
AJR74844316,MJU64095004,"Tube,Connector",(도번직결),도번직하위,
AJR74844316,MJU64095103,"Tube,Connector",(도번직결),도번직하위,
AJR74844317,3H01582C,Tie,(도번직결),도번직하위,
AJR74844317,4930A20053B,"Holder,Sensor",(도번직결),도번직하위,
AJR74844317,5040A30013D,Damper,(도번직결),도번직하위,
AJR74844317,5210A22409B,"Tube,Connector",(도번직결),도번직하위,
AJR74844317,5410A30055D,"Insulator,Tube",(도번직결),도번직하위,
AJR74844317,MBL68398701,Cap,(도번직결),도번직하위,
AJR74844317,MCD63107401,Connector,(도번직결),도번직하위,
AJR74844317,MCQ67968901,"Damper,Vent",(도번직결),도번직하위,
AJR74844317,MEJ64687101,"Hose,Air",(도번직결),도번직하위,
AJR74844317,MEV65131601,Insulator,(도번직결),도번직하위,
AJR74844317,MEV65131602,Insulator,(도번직결),도번직하위,
AJR74844317,MHT62361203,"Socket,Flare",(도번직결),도번직하위,
AJR74844317,MJU64094904,"Tube,Manifold",(도번직결),도번직하위,
AJR74844317,MJU64095003,"Tube,Connector",(도번직결),도번직하위,
AJR74844317,MJU64095004,"Tube,Connector",(도번직결),도번직하위,
AJR74844317,MJU64095104,"Tube,Connector",(도번직결),도번직하위,
AJR74844318,3H01582C,Tie,(도번직결),도번직하위,
AJR74844318,5040A30013D,Damper,(도번직결),도번직하위,
AJR74844318,5210A22409A,"Tube,Connector",(도번직결),도번직하위,
AJR74844318,MBL68398701,Cap,(도번직결),도번직하위,
AJR74844318,MEV48131001,"Insulator,Tube",(도번직결),도번직하위,
AJR74844318,MHT62361203,"Socket,Flare",AJR74844318-SUB,자동매핑,
AJR74844318,MJU64094906,"Tube,Manifold",(도번직결),도번직하위,
AJR74844318,MJU64095003,"Tube,Connector",(도번직결),도번직하위,
AJR74844318,MJU64095004,"Tube,Connector",(도번직결),도번직하위,
AJR74844318,MJU64095005,"Tube,Connector",(도번직결),도번직하위,
AJR74844318,MJU64095103,"Tube,Connector",AJR74844318-SUB,자동매핑,
AJR74844319,3H01582C,Tie,(도번직결),도번직하위,
AJR74844319,4930A20053B,"Holder,Sensor",(도번직결),도번직하위,
AJR74844319,5040A30013D,Damper,(도번직결),도번직하위,
AJR74844319,5210A22409B,"Tube,Connector",(도번직결),도번직하위,
AJR74844319,5410A30055D,"Insulator,Tube",(도번직결),도번직하위,
AJR74844319,MBL68398701,Cap,(도번직결),도번직하위,
AJR74844319,MCD63107401,Connector,(도번직결),도번직하위,
AJR74844319,MCQ67968901,"Damper,Vent",(도번직결),도번직하위,
AJR74844319,MEJ64687101,"Hose,Air",(도번직결),도번직하위,
AJR74844319,MEV65131601,Insulator,(도번직결),도번직하위,
AJR74844319,MEV65131602,Insulator,(도번직결),도번직하위,
AJR74844319,MHT62361203,"Socket,Flare",AJR74844319-SUB,자동매핑,
AJR74844319,MJU64094905,"Tube,Manifold",(도번직결),도번직하위,
AJR74844319,MJU64095004,"Tube,Connector",(도번직결),도번직하위,
AJR74844319,MJU64095104,"Tube,Connector",AJR74844319-SUB,자동매핑,
AJR74863102,5210A30334B,"Tube,Pinch Off",(도번직결),도번직하위,
AJR74863102,MJU62823101,"Tube,Distributor",(도번직결),도번직하위,
AJR74863102,MJU62907916,"Tube,Connector",(도번직결),도번직하위,
AJR74863102,MJU64048101,"Tube,Connector",(도번직결),도번직하위,
AJR74863102,MJU64048201,"Tube,Connector",(도번직결),도번직하위,
AJR74863102,MJU64048301,"Tube,Connector",(도번직결),도번직하위,
AJR74863102,MJU64048402,"Tube,Connector",(도번직결),도번직하위,
AJR74923004,3H01582C,Tie,(도번직결),도번직하위,
AJR74923004,4930A20053B,"Holder,Sensor",(도번직결),도번직하위,
AJR74923004,5210A22409B,"Tube,Connector",(도번직결),도번직하위,
AJR74923004,MBL68398701,Cap,(도번직결),도번직하위,
AJR74923004,MCD63107401,Connector,(도번직결),도번직하위,
AJR74923004,MCQ67968901,"Damper,Vent",(도번직결),도번직하위,
AJR74923004,MEJ64687101,"Hose,Air",(도번직결),도번직하위,
AJR74923004,MEV64301301,"Insulator,Tube",(도번직결),도번직하위,
AJR74923004,MEV65131601,Insulator,(도번직결),도번직하위,
AJR74923004,MEV65131602,Insulator,(도번직결),도번직하위,
AJR74923004,MHT62361203,"Socket,Flare",AJR74923004-SUB,자동매핑,
AJR74923004,MJU63058301,"Tube,Connector",(도번직결),도번직하위,
AJR74923004,MJU63058302,"Tube,Connector",(도번직결),도번직하위,
AJR74923004,MJU63058303,"Tube,Connector",(도번직결),도번직하위,
AJR74923004,MJU63058304,"Tube,Connector",(도번직결),도번직하위,
AJR74923004,MJU63058305,"Tube,Connector",(도번직결),도번직하위,
AJR74923004,MJU63314302,"Tube,Manifold",AJR74923004-SUB,자동매핑,
AJR74925001,4A00114A,"Tube,Connector",(도번직결),도번직하위,
AJR74925001,5410A30285G,"Insulator,Tube",(도번직결),도번직하위,
AJR74925001,MJU64168701,"Tube,Connector",(도번직결),도번직하위,
AJR74925001,MJU64168801,"Tube,Connector",(도번직결),도번직하위,
AJR74925001,MJU64168901,"Tube,Connector",(도번직결),도번직하위,
AJR74925001,MJU64169001,"Tube,Connector",(도번직결),도번직하위,
AJR74925001,MJU64191601,"Tube,Connector",(도번직결),도번직하위,
AJR74925001,MJU64191701,"Tube,Connector",(도번직결),도번직하위,
AJR74925001,MJU64191801,"Tube,Connector",(도번직결),도번직하위,
AJR74925001,MJU64191901,"Tube,Connector",(도번직결),도번직하위,
AJR74925001,MJU64192001,"Tube,Connector",(도번직결),도번직하위,
AJR74962901,4930A20053B,"Holder,Sensor",(도번직결),도번직하위,
AJR74962901,5210A22409A,"Tube,Connector",(도번직결),도번직하위,
AJR74962901,5410A30055M,"Insulator,Tube",(도번직결),도번직하위,
AJR74962901,MBL68398701,Cap,(도번직결),도번직하위,
AJR74962901,MHT62361201,"Socket,Flare",AJR74962901-SUB,자동매핑,
AJR74962901,MJU63058201,"Tube,Manifold",AJR74962901-SUB,자동매핑,
AJR74962901,MJU63058301,"Tube,Connector",(도번직결),도번직하위,
AJR74962901,MJU63058302,"Tube,Connector",(도번직결),도번직하위,
AJR74962901,MJU63058303,"Tube,Connector",(도번직결),도번직하위,
AJR74962901,MJU63058304,"Tube,Connector",(도번직결),도번직하위,
AJR74962901,MJU63058305,"Tube,Connector",(도번직결),도번직하위,
AJR74962901,MJU63058306,"Tube,Connector",(도번직결),도번직하위,
AJR74962902,3H01582C,Tie,(도번직결),도번직하위,
AJR74962902,MBL68398701,Cap,(도번직결),도번직하위,
AJR74962902,MCD63107401,Connector,(도번직결),도번직하위,
AJR74962902,MCQ67968901,"Damper,Vent",(도번직결),도번직하위,
AJR74962902,MEV64301301,"Insulator,Tube",(도번직결),도번직하위,
AJR74962902,MEV65131601,Insulator,(도번직결),도번직하위,
AJR74962902,MEV65131602,Insulator,(도번직결),도번직하위,
AJR74962902,MHT62361201,"Socket,Flare",AJR74962902-SUB,자동매핑,
AJR74962902,MJU63058202,"Tube,Manifold",AJR74962902-SUB,자동매핑,
AJR74962902,MJU64961301,"Tube,Connector",(도번직결),도번직하위,
AJR74962902,MJU64961302,"Tube,Connector",(도번직결),도번직하위,
AJR74962902,MJU64961303,"Tube,Connector",(도번직결),도번직하위,
AJR74962902,MJU64961304,"Tube,Connector",(도번직결),도번직하위,
AJR74962902,MJU64961305,"Tube,Connector",(도번직결),도번직하위,
AJR74962902,MJU64961306,"Tube,Connector",(도번직결),도번직하위,
AJR74962906,3H01582C,Tie,(도번직결),도번직하위,
AJR74962906,4930A20053B,"Holder,Sensor",(도번직결),도번직하위,
AJR74962906,5210A22409B,"Tube,Connector",(도번직결),도번직하위,
AJR74962906,MBL68398701,Cap,(도번직결),도번직하위,
AJR74962906,MCD63107401,Connector,(도번직결),도번직하위,
AJR74962906,MCQ67968901,"Damper,Vent",(도번직결),도번직하위,
AJR74962906,MEJ64687101,"Hose,Air",(도번직결),도번직하위,
AJR74962906,MEV64301301,"Insulator,Tube",(도번직결),도번직하위,
AJR74962906,MEV65131601,Insulator,(도번직결),도번직하위,
AJR74962906,MEV65131602,Insulator,(도번직결),도번직하위,
AJR74962906,MHT62361201,"Socket,Flare",AJR74962906-SUB,자동매핑,
AJR74962906,MJU63058202,"Tube,Manifold",AJR74962906-SUB,자동매핑,
AJR74962906,MJU64961301,"Tube,Connector",(도번직결),도번직하위,
AJR74962906,MJU64961302,"Tube,Connector",(도번직결),도번직하위,
AJR74962906,MJU64961303,"Tube,Connector",(도번직결),도번직하위,
AJR74962906,MJU64961304,"Tube,Connector",(도번직결),도번직하위,
AJR74962906,MJU64961305,"Tube,Connector",(도번직결),도번직하위,
AJR74962906,MJU64961306,"Tube,Connector",(도번직결),도번직하위,
AJR74962907,3H01582C,Tie,(도번직결),도번직하위,
AJR74962907,4930A20053B,"Holder,Sensor",(도번직결),도번직하위,
AJR74962907,5040A30013D,Damper,(도번직결),도번직하위,
AJR74962907,5210A22409B,"Tube,Connector",(도번직결),도번직하위,
AJR74962907,MBL68398701,Cap,(도번직결),도번직하위,
AJR74962907,MCD63107401,Connector,(도번직결),도번직하위,
AJR74962907,MCQ67968901,"Damper,Vent",(도번직결),도번직하위,
AJR74962907,MEJ64687101,"Hose,Air",(도번직결),도번직하위,
AJR74962907,MEV64301301,"Insulator,Tube",(도번직결),도번직하위,
AJR74962907,MEV65131601,Insulator,(도번직결),도번직하위,
AJR74962907,MEV65131602,Insulator,(도번직결),도번직하위,
AJR74962907,MHT62361203,"Socket,Flare",AJR74962907-SUB,자동매핑,
AJR74962907,MJU63058206,"Tube,Manifold",AJR74962907-SUB,자동매핑,
AJR74962907,MJU64961301,"Tube,Connector",(도번직결),도번직하위,
AJR74962907,MJU64961302,"Tube,Connector",(도번직결),도번직하위,
AJR74962907,MJU64961303,"Tube,Connector",(도번직결),도번직하위,
AJR74962907,MJU64961304,"Tube,Connector",(도번직결),도번직하위,
AJR74962907,MJU64961305,"Tube,Connector",(도번직결),도번직하위,
AJR74962907,MJU64961306,"Tube,Connector",(도번직결),도번직하위,
AJR74963002,3H01582C,Tie,(도번직결),도번직하위,
AJR74963002,MBL68398701,Cap,(도번직결),도번직하위,
AJR74963002,MCD63107401,Connector,(도번직결),도번직하위,
AJR74963002,MCQ67968901,"Damper,Vent",(도번직결),도번직하위,
AJR74963002,MEV64301301,"Insulator,Tube",(도번직결),도번직하위,
AJR74963002,MEV65131601,Insulator,(도번직결),도번직하위,
AJR74963002,MEV65131602,Insulator,(도번직결),도번직하위,
AJR74963002,MHT62361201,"Socket,Flare",AJR74963002-은납,자동매핑,
AJR74963002,MJU63429401,"Tube,Connector",(도번직결),도번직하위,
AJR74963002,MJU63429402,"Tube,Connector",(도번직결),도번직하위,
AJR74963002,MJU63429403,"Tube,Connector",(도번직결),도번직하위,
AJR74963002,MJU63429404,"Tube,Connector",(도번직결),도번직하위,
AJR74963002,MJU63429405,"Tube,Connector",(도번직결),도번직하위,
AJR74963002,MJU63429502,"Tube,Manifold",AJR74963002-은납,자동매핑,
AJR74963003,3H01582C,Tie,(도번직결),도번직하위,
AJR74963003,4930A20053B,"Holder,Sensor",(도번직결),도번직하위,
AJR74963003,5210A22409B,"Tube,Connector",(도번직결),도번직하위,
AJR74963003,MBL68398701,Cap,(도번직결),도번직하위,
AJR74963003,MCD63107401,Connector,(도번직결),도번직하위,
AJR74963003,MCQ67968901,"Damper,Vent",(도번직결),도번직하위,
AJR74963003,MEV64301301,"Insulator,Tube",(도번직결),도번직하위,
AJR74963003,MEV65131601,Insulator,(도번직결),도번직하위,
AJR74963003,MEV65131602,Insulator,(도번직결),도번직하위,
AJR74963003,MHT62361201,"Socket,Flare",AJR74963003-은납,자동매핑,
AJR74963003,MJU63429401,"Tube,Connector",(도번직결),도번직하위,
AJR74963003,MJU63429402,"Tube,Connector",(도번직결),도번직하위,
AJR74963003,MJU63429403,"Tube,Connector",(도번직결),도번직하위,
AJR74963003,MJU63429404,"Tube,Connector",(도번직결),도번직하위,
AJR74963003,MJU63429405,"Tube,Connector",(도번직결),도번직하위,
AJR74963003,MJU63429502,"Tube,Manifold",AJR74963003-은납,자동매핑,
AJR74963101,3H01582C,Tie,(도번직결),도번직하위,
AJR74963101,4930A20053B,"Holder,Sensor",(도번직결),도번직하위,
AJR74963101,5040A30013D,Damper,(도번직결),도번직하위,
AJR74963101,5210A22409A,"Tube,Connector",(도번직결),도번직하위,
AJR74963101,5410A30055D,"Insulator,Tube",(도번직결),도번직하위,
AJR74963101,MBL68398701,Cap,(도번직결),도번직하위,
AJR74963101,MHT62361201,"Socket,Flare",(도번직결),도번직하위,
AJR74963101,MJU62822101,"Tube,Manifold",AJR74963101-1-1,자동매핑,
AJR74963101,MJU62842301,"Tube,Connector",AJR74963101-1-1,자동매핑,
AJR74963101,MJU62842302,"Tube,Connector",AJR74963101-1-1,자동매핑,
AJR74964501,5210A22409A,"Tube,Connector",(도번직결),도번직하위,
AJR74964501,MJC62301701,Strainer,(도번직결),도번직하위,
AJR74964501,MJU63615501,"Tube,Connector",(도번직결),도번직하위,
AJR74964501,MJU64193801,"Tube,Connector",(도번직결),도번직하위,
AJR74964701,5014A30014E,"Damper,Tube",(도번직결),도번직하위,
AJR74964701,5210A22409A,"Tube,Connector",(도번직결),도번직하위,
AJR74964701,5224A20005D,Strainer,(도번직결),도번직하위,
AJR74964701,5224A20005J,Strainer,(도번직결),도번직하위,
AJR74964701,AJR74482401,"Tube Assembly,Connector",(도번직결),도번직하위,
AJR74964701,EAP30616912,"Coil,Expansion",(도번직결),도번직하위,
AJR74964701,MEV39836107,Insulator,(도번직결),도번직하위,
AJR74964701,MJU63706102,"Tube,Connector",(도번직결),도번직하위,
AJR74964701,MJU63706401,"Tube,Connector",(도번직결),도번직하위,
AJR74964701,MJU63706501,"Tube,Connector",(도번직결),도번직하위,
AJR74964701,MJU63706601,"Tube,Connector",(도번직결),도번직하위,
AJR74964701,MJU63707001,"Tube,Connector",(도번직결),도번직하위,
AJR74964701,MJU63751002,"Tube,Connector",(도번직결),도번직하위,
AJR74964701,MJU64194001,"Tube,Connector",(도번직결),도번직하위,
AJR74964701,MJX62751401,"Valve,Expansion Body",(도번직결),도번직하위,
AJR74964804,3H01582A,Tie,(도번직결),도번직하위,
AJR74964804,4848A20005A,Accumulator,(도번직결),도번직하위,
AJR74964804,5220AR3228W,"Valve,Reverse",(도번직결),도번직하위,
AJR74964804,5256A30003J,Muffler,(도번직결),도번직하위,
AJR74964804,5410A30055C,"Insulator,Tube",(도번직결),도번직하위,
AJR74964804,5410A30055R,"Insulator,Tube",(도번직결),도번직하위,
AJR74964804,6141A20017C,Solenoid,(도번직결),도번직하위,
AJR74964804,MJU64169612,"Tube,Connector",(도번직결),도번직하위,
AJR74964804,MJU64169613,"Tube,Connector",(도번직결),도번직하위,
AJR74964804,MJU64169614,"Tube,Connector",(도번직결),도번직하위,
AJR74964804,MJU64169615,"Tube,Connector",(도번직결),도번직하위,
AJR74964804,MJU64169616,"Tube,Connector",(도번직결),도번직하위,
AJR74964804,MJU64169617,"Tube,Connector",(도번직결),도번직하위,
AJR74964804,MJU64169618,"Tube,Connector",(도번직결),도번직하위,
AJR74964807,3H01582A,Tie,(도번직결),도번직하위,
AJR74964807,3H01582E,Tie,(도번직결),도번직하위,
AJR74964807,4848A20005A,Accumulator,(도번직결),도번직하위,
AJR74964807,4H00363M,"Damper,Tube",(도번직결),도번직하위,
AJR74964807,5014A20009C,"Damper,Tube",(도번직결),도번직하위,
AJR74964807,5014A30001B,"Damper,Tube",(도번직결),도번직하위,
AJR74964807,5220AR3228W,"Valve,Reverse",(도번직결),도번직하위,
AJR74964807,5256A30003J,Muffler,(도번직결),도번직하위,
AJR74964807,5410A30055C,"Insulator,Tube",(도번직결),도번직하위,
AJR74964807,5410A30055R,"Insulator,Tube",(도번직결),도번직하위,
AJR74964807,6141A20017C,Solenoid,(도번직결),도번직하위,
AJR74964807,MJU64169615,"Tube,Connector",(도번직결),도번직하위,
AJR74964807,MJU64169617,"Tube,Connector",(도번직결),도번직하위,
AJR74964807,MJU64169618,"Tube,Connector",(도번직결),도번직하위,
AJR74964807,MJU64169624,"Tube,Connector",(도번직결),도번직하위,
AJR74964807,MJU64169625,"Tube,Connector",(도번직결),도번직하위,
AJR74964807,MJU64169626,"Tube,Connector",(도번직결),도번직하위,
AJR74964807,MJU64169627,"Tube,Connector",(도번직결),도번직하위,
AJR74983801,3H01582E,Tie,(도번직결),도번직하위,
AJR74983801,4A00114D,"Tube,Connector",(도번직결),도번직하위,
AJR74983801,5014A20009A,"Damper,Tube",(도번직결),도번직하위,
AJR74983801,5210A22409B,"Tube,Connector",(도번직결),도번직하위,
AJR74983801,EBE61083216,Solenoid,(도번직결),도번직하위,
AJR74983801,MEV55008105,"Insulator,Tube",(도번직결),도번직하위,
AJR74983801,MHH62041501,"Separator,Oil",(도번직결),도번직하위,
AJR74983801,MJU63009601,"Tube,Connector",(도번직결),도번직하위,
AJR74983801,MJU64406701,"Tube,Connector",(도번직결),도번직하위,
AJR74983801,MJU64406801,"Tube,Connector",(도번직결),도번직하위,
AJR74983801,MJU64406901,"Tube,Connector",(도번직결),도번직하위,
AJR74983801,MJU64407001,"Tube,Connector",(도번직결),도번직하위,
AJR74983801,MJU64407101,"Tube,Connector",(도번직결),도번직하위,
AJR74983801,MJU64407201,"Tube,Connector",(도번직결),도번직하위,
AJR74983801,MJU64407301,"Tube,Connector",(도번직결),도번직하위,
AJR74983801,MJX61841301,"Valve,Solenoid",(도번직결),도번직하위,
AJR74983801,MJX62771702,"Valve,Check",(도번직결),도번직하위,
AJR74983801,MJX62771705,"Valve,Check",(도번직결),도번직하위,
AJR74983802,3H01582E,Tie,(도번직결),도번직하위,
AJR74983802,4A00114D,"Tube,Connector",(도번직결),도번직하위,
AJR74983802,5014A20009A,"Damper,Tube",(도번직결),도번직하위,
AJR74983802,5210A22409B,"Tube,Connector",(도번직결),도번직하위,
AJR74983802,EBE61083217,Solenoid,(도번직결),도번직하위,
AJR74983802,MEV55008105,"Insulator,Tube",(도번직결),도번직하위,
AJR74983802,MHH62041501,"Separator,Oil",(도번직결),도번직하위,
AJR74983802,MJU63009601,"Tube,Connector",(도번직결),도번직하위,
AJR74983802,MJU64368501,"Tube,Connector",(도번직결),도번직하위,
AJR74983802,MJU64368601,"Tube,Connector",(도번직결),도번직하위,
AJR74983802,MJU64368701,"Tube,Connector",(도번직결),도번직하위,
AJR74983802,MJU64406801,"Tube,Connector",(도번직결),도번직하위,
AJR74983802,MJU64406901,"Tube,Connector",(도번직결),도번직하위,
AJR74983802,MJU64407001,"Tube,Connector",(도번직결),도번직하위,
AJR74983802,MJU64407201,"Tube,Connector",(도번직결),도번직하위,
AJR74983802,MJU64407301,"Tube,Connector",(도번직결),도번직하위,
AJR74983802,MJX61841301,"Valve,Solenoid",(도번직결),도번직하위,
AJR74983802,MJX62771702,"Valve,Check",(도번직결),도번직하위,
AJR74983802,MJX62771705,"Valve,Check",(도번직결),도번직하위,
AJR74983902,5014A20009C,"Damper,Tube",(도번직결),도번직하위,
AJR74983902,5210A00039G,"Tube,Connector",(도번직결),도번직하위,
AJR74983902,5210A23376A,"Tube,Connector",(도번직결),도번직하위,
AJR74983902,5210A30334M,"Tube,Pinch Off",(도번직결),도번직하위,
AJR74983902,5220A20039A,"Valve,Reverse",(도번직결),도번직하위,
AJR74983902,5224A20002P,Strainer,(도번직결),도번직하위,
AJR74983902,5410A21281A,"Insulator,Tube",(도번직결),도번직하위,
AJR74983902,5410A30279A,"Insulator,Tube",(도번직결),도번직하위,
AJR74983902,6141A20010U,Solenoid,(도번직결),도번직하위,
AJR74983902,EBD64386504,"Sensor Module,Pressure",(도번직결),도번직하위,
AJR74983902,EBD64386505,"Sensor Module,Pressure",(도번직결),도번직하위,
AJR74983902,EBE60742004,Solenoid,(도번직결),도번직하위,
AJR74983902,MEV39836107,Insulator,(도번직결),도번직하위,
AJR74983902,MJC62301702,Strainer,(도번직결),도번직하위,
AJR74983902,MJU30514503,"Tube,Coupling",(도번직결),도번직하위,
AJR74983902,MJU64170101,"Tube,Connector",(도번직결),도번직하위,
AJR74983902,MJU64170102,"Tube,Connector",(도번직결),도번직하위,
AJR74983902,MJU64387801,"Tube,Connector",(도번직결),도번직하위,
AJR74983902,MJU64388002,"Tube,Connector",(도번직결),도번직하위,
AJR74983902,MJU64388201,"Tube,Connector",(도번직결),도번직하위,
AJR74983902,MJU64388302,"Tube,Connector",(도번직결),도번직하위,
AJR74983902,MJU64929801,"Tube,Connector",(도번직결),도번직하위,
AJR74983902,MJU64930001,"Tube,Connector",(도번직결),도번직하위,
AJR74983902,MJU64930101,"Tube,Connector",(도번직결),도번직하위,
AJR74983902,MJU64975501,"Tube,Connector",(도번직결),도번직하위,
AJR74983902,MJU64975502,"Tube,Connector",(도번직결),도번직하위,
AJR74983903,4A00114G,"Tube,Connector",(도번직결),도번직하위,
AJR74983903,5014A20009C,"Damper,Tube",(도번직결),도번직하위,
AJR74983903,5210A00039G,"Tube,Connector",(도번직결),도번직하위,
AJR74983903,5210A00039Z,"Tube,Connector",(도번직결),도번직하위,
AJR74983903,5210A23089D,"Tube,Pinch Off",(도번직결),도번직하위,
AJR74983903,5210A23376A,"Tube,Connector",(도번직결),도번직하위,
AJR74983903,5220A20039A,"Valve,Reverse",(도번직결),도번직하위,
AJR74983903,5224A20002P,Strainer,(도번직결),도번직하위,
AJR74983903,5224A20005P,Strainer,(도번직결),도번직하위,
AJR74983903,5410A30279D,"Insulator,Tube",(도번직결),도번직하위,
AJR74983903,6141A20010U,Solenoid,(도번직결),도번직하위,
AJR74983903,EBD64386504,"Sensor Module,Pressure",(도번직결),도번직하위,
AJR74983903,EBD64386505,"Sensor Module,Pressure",(도번직결),도번직하위,
AJR74983903,EBE60742004,Solenoid,(도번직결),도번직하위,
AJR74983903,MEV39836107,Insulator,(도번직결),도번직하위,
AJR74983903,MEV65111703,Insulator,(도번직결),도번직하위,
AJR74983903,MJU30514504,"Tube,Coupling",(도번직결),도번직하위,
AJR74983903,MJU64170101,"Tube,Connector",(도번직결),도번직하위,
AJR74983903,MJU64170103,"Tube,Connector",(도번직결),도번직하위,
AJR74983903,MJU64387802,"Tube,Connector",(도번직결),도번직하위,
AJR74983903,MJU64388003,"Tube,Connector",(도번직결),도번직하위,
AJR74983903,MJU64388202,"Tube,Connector",(도번직결),도번직하위,
AJR74983903,MJU64388303,"Tube,Connector",(도번직결),도번직하위,
AJR74983903,MJU64930002,"Tube,Connector",(도번직결),도번직하위,
AJR74983903,MJU64975501,"Tube,Connector",(도번직결),도번직하위,
AJR74983903,MJU64975503,"Tube,Connector",(도번직결),도번직하위,
AJR74983903,MJU65026601,"Tube,Connector",(도번직결),도번직하위,
AJR74983903,MJU65026701,"Tube,Connector",(도번직결),도번직하위,
AJR74983903,MJU65026801,"Tube,Connector",(도번직결),도번직하위,
AJR74983903,MJU65026901,"Tube,Connector",(도번직결),도번직하위,
AJR74983903,MJU65027001,"Tube,Connector",(도번직결),도번직하위,
AJR74983903,MJU65030801,"Tube,Connector",(도번직결),도번직하위,
AJR74983903,MJX61911802,"Valve,Reverse",(도번직결),도번직하위,
AJR74983910,5014A20009C,"Damper,Tube",(도번직결),도번직하위,
AJR74983910,5210A00039G,"Tube,Connector",(도번직결),도번직하위,
AJR74983910,5220A20039A,"Valve,Reverse",AJR74983910-S1-4,자동매핑,
AJR74983910,5224A20002P,Strainer,AJR74983910-12-1,자동매핑,
AJR74983910,5410A21281A,"Insulator,Tube",(도번직결),도번직하위,
AJR74983910,5410A30279A,"Insulator,Tube",(도번직결),도번직하위,
AJR74983910,6141A20010W,Solenoid,(도번직결),도번직하위,
AJR74983910,EBD64386505,"Sensor Module,Pressure",AJR74983910-S1-3,자동매핑,
AJR74983910,EBE60742004,Solenoid,(도번직결),도번직하위,
AJR74983910,MJC62301702,Strainer,AJR74983910-S1-3,자동매핑,
AJR74983910,MJU30514503,"Tube,Coupling",AJR74983910-S1-3,자동매핑,
AJR74983910,MJU64387801,"Tube,Connector",(도번직결),도번직하위,
AJR74983910,MJU64388302,"Tube,Connector",AJR74983910-S1-3,자동매핑,
AJR74983910,MJU64975504,"Tube,Connector",AJR74983910-12-1,자동매핑,
AJR74983910,MJU64975506,"Tube,Connector",AJR74983910-12-1,자동매핑,
AJR74983910,MKW30000003,"Plug,Fusible",(도번직결),도번직하위,
AJR74983938,5014A20009C,"Damper,Tube",(도번직결),도번직하위,
AJR74983938,5210A00039G,"Tube,Connector",(도번직결),도번직하위,
AJR74983938,5224A20002P,Strainer,AJR74983910-12-1,자동매핑,
AJR74983938,5410A21281A,"Insulator,Tube",(도번직결),도번직하위,
AJR74983938,5410A30279A,"Insulator,Tube",(도번직결),도번직하위,
AJR74983938,EAP64467703,"Coil Assembly,Reverse",(도번직결),도번직하위,
AJR74983938,EAP64467704,"Coil Assembly,Reverse",(도번직결),도번직하위,
AJR74983938,EBD64386505,"Sensor Module,Pressure",(도번직결),도번직하위,
AJR74983938,MJC62301702,Strainer,AJR74983938-S1-3,자동매핑,
AJR74983938,MJU30514503,"Tube,Coupling",AJR74983938-S1-3,자동매핑,
AJR74983938,MJU64387801,"Tube,Connector",(도번직결),도번직하위,
AJR74983938,MJU64388302,"Tube,Connector",AJR74983938-S1-3,자동매핑,
AJR74983938,MJU64975504,"Tube,Connector",AJR74983910-12-1,자동매핑,
AJR74983938,MJU64975506,"Tube,Connector",AJR74983910-12-1,자동매핑,
AJR74983938,MJX63491604,"Valve,Reverse",AJR74983938-S1-4,자동매핑,
AJR74983938,MKW30000003,"Plug,Fusible",(도번직결),도번직하위,
AJR74983939,5014A20009C,"Damper,Tube",(도번직결),도번직하위,
AJR74983939,5210A00039G,"Tube,Connector",(도번직결),도번직하위,
AJR74983939,5224A20002P,Strainer,AJR74983910-12-1,자동매핑,
AJR74983939,5410A21281A,"Insulator,Tube",(도번직결),도번직하위,
AJR74983939,5410A30279A,"Insulator,Tube",(도번직결),도번직하위,
AJR74983939,EAP64467703,"Coil Assembly,Reverse",(도번직결),도번직하위,
AJR74983939,EAP64467704,"Coil Assembly,Reverse",(도번직결),도번직하위,
AJR74983939,EBD64386505,"Sensor Module,Pressure",(도번직결),도번직하위,
AJR74983939,MJC62301702,Strainer,AJR74983939-S1-3,자동매핑,
AJR74983939,MJU30514503,"Tube,Coupling",AJR74983939-S1-3,자동매핑,
AJR74983939,MJU64387801,"Tube,Connector",(도번직결),도번직하위,
AJR74983939,MJU64388302,"Tube,Connector",AJR74983939-S1-3,자동매핑,
AJR74983939,MJU64910702,"Tube,Connector",(도번직결),도번직하위,
AJR74983939,MJU64975504,"Tube,Connector",AJR74983910-12-1,자동매핑,
AJR74983939,MJU64975506,"Tube,Connector",AJR74983910-12-1,자동매핑,
AJR74983939,MJX63491604,"Valve,Reverse",AJR74983939-S1-4,자동매핑,
AJR74983939,MKW30000003,"Plug,Fusible",(도번직결),도번직하위,
AJR74984303,4930A20053B,"Holder,Sensor",(도번직결),도번직하위,
AJR74984303,MEG66660106,"Holder,Tubing",(도번직결),도번직하위,
AJR74984303,MJU64427102,"Tube,Connector",AJR74984303-S5-1,자동매핑,
AJR74984303,MJU64427202,"Tube,Connector",AJR74984303-S5-1,자동매핑,
AJR74984303,MJU64671107,"Tube,Connector",AJR74984303-S5-1,자동매핑,
AJR74984303,MJX62771704,"Valve,Check",(도번직결),도번직하위,
AJR74984304,4930A20053B,"Holder,Sensor",(도번직결),도번직하위,
AJR74984304,5014A30014Z,"Damper,Tube",(도번직결),도번직하위,
AJR74984304,MJH63775702,Supporter,(도번직결),도번직하위,
AJR74984304,MJU64427104,"Tube,Connector",AJR74984304-S5-1,자동매핑,
AJR74984304,MJU64427203,"Tube,Connector",AJR74984304-S3-2,자동매핑,
AJR74984304,MJU64427301,"Tube,Connector",(도번직결),도번직하위,
AJR74984304,MJU64671101,"Tube,Connector",AJR74984304-S5-1,자동매핑,
AJR74984304,MJU64671102,"Tube,Connector",AJR74984304-S5-1,자동매핑,
AJR74984304,MJU64671104,"Tube,Connector",AJR74984304-S3-2,자동매핑,
AJR74984304,MJU64671105,"Tube,Connector",AJR74984304-S5-1,자동매핑,
AJR74984304,MJU64671107,"Tube,Connector",AJR74984304-S5-1,자동매핑,
AJR74984304,MJU64671109,"Tube,Connector",AJR74984304-S5-1,자동매핑,
AJR74984304,MJU64979001,"Tube,Connector",(도번직결),도번직하위,
AJR74984304,MJX62771704,"Valve,Check",(도번직결),도번직하위,
AJR74984307,4930A20053B,"Holder,Sensor",(도번직결),도번직하위,
AJR74984307,5014A30014Z,"Damper,Tube",(도번직결),도번직하위,
AJR74984307,5210A22409A,"Tube,Connector",AJR74984307-S5-1,자동매핑,
AJR74984307,5210A22409B,"Tube,Connector",AJR74984307-S5-2,자동매핑,
AJR74984307,MJH63775702,Supporter,(도번직결),도번직하위,
AJR74984307,MJU64427105,"Tube,Connector",AJR74984307-S5-2,자동매핑,
AJR74984307,MJU64427205,"Tube,Connector",AJR74984307-S5-1,자동매핑,
AJR74984307,MJU64427301,"Tube,Connector",AJR74984307-S5-1,자동매핑,
AJR74984307,MJU64671101,"Tube,Connector",AJR74984307-S5-2,자동매핑,
AJR74984307,MJU64671102,"Tube,Connector",AJR74984307-S5-2,자동매핑,
AJR74984307,MJU64671104,"Tube,Connector",AJR74984307-S5-1,자동매핑,
AJR74984307,MJU64671105,"Tube,Connector",AJR74984307-S5-2,자동매핑,
AJR74984307,MJU64671107,"Tube,Connector",AJR74984307-S5-2,자동매핑,
AJR74984307,MJU64671109,"Tube,Connector",AJR74984307-S5-2,자동매핑,
AJR74984307,MJU64708502,"Tube,Connector",AJR74984307-S5-2,자동매핑,
AJR74984307,MJU64708602,"Tube,Connector",AJR74984307-S5-1,자동매핑,
AJR74984307,MJU64979001,"Tube,Connector",(도번직결),도번직하위,
AJR74984307,MJX62771704,"Valve,Check",(도번직결),도번직하위,
AJR74984501,3H01582E,Tie,(도번직결),도번직하위,
AJR74984501,4A00114D,"Tube,Connector",(도번직결),도번직하위,
AJR74984501,5014A20009C,"Damper,Tube",(도번직결),도번직하위,
AJR74984501,5014A30001A,"Damper,Tube",(도번직결),도번직하위,
AJR74984501,5220A90008Q,"Valve,Solenoid",(도번직결),도번직하위,
AJR74984501,5224A20005J,Strainer,(도번직결),도번직하위,
AJR74984501,EBE61083214,Solenoid,(도번직결),도번직하위,
AJR74984501,EBE61083215,Solenoid,(도번직결),도번직하위,
AJR74984501,MEV55008105,"Insulator,Tube",(도번직결),도번직하위,
AJR74984501,MJU61943601,"Tube,Capillary Bending",(도번직결),도번직하위,
AJR74984501,MJU64427401,"Tube,Connector",(도번직결),도번직하위,
AJR74984501,MJU64427501,"Tube,Connector",(도번직결),도번직하위,
AJR74984501,MJU64427601,"Tube,Connector",(도번직결),도번직하위,
AJR74984501,MJU64427701,"Tube,Connector",(도번직결),도번직하위,
AJR74984501,MJU64427901,"Tube,Connector",(도번직결),도번직하위,
AJR74985201,5014A30014E,"Damper,Tube",(도번직결),도번직하위,
AJR74985201,5210A22409A,"Tube,Connector",(도번직결),도번직하위,
AJR74985201,5224A20005D,Strainer,(도번직결),도번직하위,
AJR74985201,5224A20005G,Strainer,(도번직결),도번직하위,
AJR74985201,5224A20005J,Strainer,(도번직결),도번직하위,
AJR74985201,AJR74482401,"Tube Assembly,Connector",(도번직결),도번직하위,
AJR74985201,EAP30616912,"Coil,Expansion",(도번직결),도번직하위,
AJR74985201,MEV39836107,Insulator,(도번직결),도번직하위,
AJR74985201,MJU63706301,"Tube,Connector",(도번직결),도번직하위,
AJR74985201,MJU63706401,"Tube,Connector",(도번직결),도번직하위,
AJR74985201,MJU63706501,"Tube,Connector",(도번직결),도번직하위,
AJR74985201,MJU63706601,"Tube,Connector",(도번직결),도번직하위,
AJR74985201,MJU63707001,"Tube,Connector",(도번직결),도번직하위,
AJR74985201,MJU63707101,"Tube,Connector",(도번직결),도번직하위,
AJR74985201,MJU63751002,"Tube,Connector",(도번직결),도번직하위,
AJR74985201,MJX62751401,"Valve,Expansion Body",(도번직결),도번직하위,
AJR74985201,RAC30599301,Solder Soldering,(도번직결),도번직하위,
AJR74985202,5014A30014E,"Damper,Tube",(도번직결),도번직하위,
AJR74985202,5210A22409A,"Tube,Connector",(도번직결),도번직하위,
AJR74985202,5224A20005D,Strainer,(도번직결),도번직하위,
AJR74985202,5224A20005G,Strainer,(도번직결),도번직하위,
AJR74985202,5224A20005J,Strainer,(도번직결),도번직하위,
AJR74985202,AJR74482401,"Tube Assembly,Connector",(도번직결),도번직하위,
AJR74985202,EAP30616912,"Coil,Expansion",(도번직결),도번직하위,
AJR74985202,MEV39836107,Insulator,(도번직결),도번직하위,
AJR74985202,MJU63706401,"Tube,Connector",(도번직결),도번직하위,
AJR74985202,MJU63706501,"Tube,Connector",(도번직결),도번직하위,
AJR74985202,MJU63707001,"Tube,Connector",(도번직결),도번직하위,
AJR74985202,MJU63707101,"Tube,Connector",(도번직결),도번직하위,
AJR74985202,MJU63751001,"Tube,Connector",(도번직결),도번직하위,
AJR74985202,MJU63751002,"Tube,Connector",(도번직결),도번직하위,
AJR74985202,MJU64086601,"Tube,Connector",(도번직결),도번직하위,
AJR74985202,MJX62751401,"Valve,Expansion Body",(도번직결),도번직하위,
AJR74985202,RAC30599301,Solder Soldering,(도번직결),도번직하위,
AJR74985204,5014A30014E,"Damper,Tube",(도번직결),도번직하위,
AJR74985204,5210A22409A,"Tube,Connector",(도번직결),도번직하위,
AJR74985204,5224A20005D,Strainer,(도번직결),도번직하위,
AJR74985204,5224A20005G,Strainer,(도번직결),도번직하위,
AJR74985204,5224A20005J,Strainer,(도번직결),도번직하위,
AJR74985204,AJR74482401,"Tube Assembly,Connector",AJR74482401-1,자동매핑,
AJR74985204,EAP30616912,"Coil,Expansion",(도번직결),도번직하위,
AJR74985204,MEV39836107,Insulator,(도번직결),도번직하위,
AJR74985204,MJU63706401,"Tube,Connector",(도번직결),도번직하위,
AJR74985204,MJU63706501,"Tube,Connector",(도번직결),도번직하위,
AJR74985204,MJU63707001,"Tube,Connector",(도번직결),도번직하위,
AJR74985204,MJU63707101,"Tube,Connector",(도번직결),도번직하위,
AJR74985204,MJU63751001,"Tube,Connector",(도번직결),도번직하위,
AJR74985204,MJU63751002,"Tube,Connector",(도번직결),도번직하위,
AJR74985204,MJU64086701,"Tube,Connector",(도번직결),도번직하위,
AJR74985204,MJX62751401,"Valve,Expansion Body",(도번직결),도번직하위,
AJR74985204,RAC30599301,Solder Soldering,(도번직결),도번직하위,
AJR75002401,4H01281C,"Tube,Pinch Off",(도번직결),도번직하위,
AJR75002401,MJU64266801,"Tube,Capillary Bending",(도번직결),도번직하위,
AJR75002401,MJU64266901,"Tube,Connector",(도번직결),도번직하위,
AJR75002401,MJU64266903,"Tube,Connector",(도번직결),도번직하위,
AJR75002402,4H01281C,"Tube,Pinch Off",(도번직결),도번직하위,
AJR75002402,MJU64266802,"Tube,Capillary Bending",(도번직결),도번직하위,
AJR75002402,MJU64266901,"Tube,Connector",(도번직결),도번직하위,
AJR75002402,MJU64266904,"Tube,Connector",(도번직결),도번직하위,
AJR75044203,3A02080E,"Valve,Reverse",(도번직결),도번직하위,
AJR75044203,3H01582A,Tie,(도번직결),도번직하위,
AJR75044203,3H01582E,Tie,(도번직결),도번직하위,
AJR75044203,4930A20053B,"Holder,Sensor",(도번직결),도번직하위,
AJR75044203,4H00363M,"Damper,Tube",(도번직결),도번직하위,
AJR75044203,5014A20009A,"Damper,Tube",(도번직결),도번직하위,
AJR75044203,5210A22409B,"Tube,Connector",(도번직결),도번직하위,
AJR75044203,5210A23376A,"Tube,Connector",(도번직결),도번직하위,
AJR75044203,5410A21281S,"Insulator,Tube",(도번직결),도번직하위,
AJR75044203,5410A30055D,"Insulator,Tube",(도번직결),도번직하위,
AJR75044203,5410A30055V,"Insulator,Tube",(도번직결),도번직하위,
AJR75044203,AFY73769501,Muffler Assembly,(도번직결),도번직하위,
AJR75044203,EAD62115302,"Drawing,Assembly",(도번직결),도번직하위,
AJR75044203,EBD62165602,"Sensor,Pressure",(도번직결),도번직하위,
AJR75044203,MEV39836107,Insulator,(도번직결),도번직하위,
AJR75044203,MJU64326201,"Tube,Connector",(도번직결),도번직하위,
AJR75044203,MJU64326202,"Tube,Connector",(도번직결),도번직하위,
AJR75044203,MJU64326203,"Tube,Connector",(도번직결),도번직하위,
AJR75044203,MJU64326403,"Tube,Connector",(도번직결),도번직하위,
AJR75044203,MJU64326404,"Tube,Connector",(도번직결),도번직하위,
AJR75062906,3H01582A,Tie,(도번직결),도번직하위,
AJR75062906,5210A22409A,"Tube,Connector",AJR75062906-F&T,자동매핑,
AJR75062906,MEG66660102,"Holder,Tubing",(도번직결),도번직하위,
AJR75062906,MJU63512511,"Tube,Distributor",AJR75062906-SUB,자동매핑,
AJR75062906,MJU64307307,"Tube,Capillary Bending",AJR75062906-F&T,자동매핑,
AJR75062906,MJU64307308,"Tube,Capillary Bending",AJR75062906-F&T,자동매핑,
AJR75062906,MJU64307309,"Tube,Capillary Bending",AJR75062906-F&T,자동매핑,
AJR75062906,MJU64307310,"Tube,Capillary Bending",AJR75062906-F&T,자동매핑,
AJR75062906,MJU64307311,"Tube,Capillary Bending",AJR75062906-F&T,자동매핑,
AJR75062906,MJU64307312,"Tube,Capillary Bending",AJR75062906-F&T,자동매핑,
AJR75062906,MJU64307313,"Tube,Capillary Bending",AJR75062906-F&T,자동매핑,
AJR75062906,MJU64307314,"Tube,Capillary Bending",AJR75062906-F&T,자동매핑,
AJR75062906,MJU64307315,"Tube,Capillary Bending",AJR75062906-F&T,자동매핑,
AJR75062906,MJU64307316,"Tube,Capillary Bending",AJR75062906-F&T,자동매핑,
AJR75062906,MJU65146131,"Tube,Connector",AJR75062906-F&T,자동매핑,
AJR75062906,MJU65146132,"Tube,Connector",AJR75062906-F&T,자동매핑,
AJR75062906,MJU65146134,"Tube,Connector",AJR75062906-F&T,자동매핑,
AJR75062906,MJU65146135,"Tube,Connector",AJR75062906-F&T,자동매핑,
AJR75062907,5210A22409A,"Tube,Connector",AJR75062907-F&T,자동매핑,
AJR75062907,5210A28001C,"Tube,Return Bending",AJR75062907-F&T,자동매핑,
AJR75062907,MJU62356410,"Tube,Connector",AJR75062907-F&T,자동매핑,
AJR75062907,MJU63512507,"Tube,Distributor",AJR75062907-SUB,자동매핑,
AJR75062907,MJU64307317,"Tube,Capillary Bending",AJR75062907-F&T,자동매핑,
AJR75062907,MJU64307318,"Tube,Capillary Bending",AJR75062907-F&T,자동매핑,
AJR75062907,MJU64307319,"Tube,Capillary Bending",AJR75062907-F&T,자동매핑,
AJR75062907,MJU64307320,"Tube,Capillary Bending",AJR75062907-F&T,자동매핑,
AJR75062907,MJU64307321,"Tube,Capillary Bending",AJR75062907-F&T,자동매핑,
AJR75062907,MJU64307322,"Tube,Capillary Bending",AJR75062907-F&T,자동매핑,
AJR75062907,MJU65146131,"Tube,Connector",AJR75062907-F&T,자동매핑,
AJR75062911,3H01582A,Tie,AJR75062911-SUB,자동매핑,
AJR75062911,MEG66660102,"Holder,Tubing",(도번직결),도번직하위,
AJR75062911,MJU63512511,"Tube,Distributor",AJR75062911-SUB,자동매핑,
AJR75062911,MJU64307307,"Tube,Capillary Bending",AJR75062911-SUB,자동매핑,
AJR75062911,MJU64307308,"Tube,Capillary Bending",AJR75062911-SUB,자동매핑,
AJR75062911,MJU64307309,"Tube,Capillary Bending",AJR75062911-SUB,자동매핑,
AJR75062911,MJU64307310,"Tube,Capillary Bending",AJR75062911-SUB,자동매핑,
AJR75062911,MJU64307311,"Tube,Capillary Bending",AJR75062911-SUB,자동매핑,
AJR75062911,MJU64307312,"Tube,Capillary Bending",AJR75062911-SUB,자동매핑,
AJR75062911,MJU64307313,"Tube,Capillary Bending",AJR75062911-SUB,자동매핑,
AJR75062911,MJU64307314,"Tube,Capillary Bending",AJR75062911-SUB,자동매핑,
AJR75062911,MJU64307315,"Tube,Capillary Bending",AJR75062911-SUB,자동매핑,
AJR75062911,MJU64307316,"Tube,Capillary Bending",AJR75062911-SUB,자동매핑,
AJR75062911,MJU65146131,"Tube,Connector",(도번직결),도번직하위,
AJR75062911,MJU65146132,"Tube,Connector",AJR75062911-SUB,자동매핑,
AJR75062911,MJU65146134,"Tube,Connector",AJR75062911-SUB,자동매핑,
AJR75062911,MJU65146135,"Tube,Connector",AJR75062911-SUB,자동매핑,
AJR75102405,3H01582E,Tie,(도번직결),도번직하위,
AJR75102405,4930A20053B,"Holder,Sensor",AJR75102405-7-1,자동매핑,
AJR75102405,5210A22409A,"Tube,Connector",AJR75102405-7-1,자동매핑,
AJR75102405,MAA63264602,Accumulator,AJR75102405-7-1,자동매핑,
AJR75102405,MEV64093310,Insulator,(도번직결),도번직하위,
AJR75102405,MJU64226503,"Tube,Suction",AJR75102405-7-1,자동매핑,
AJR75102405,MJU64226504,"Tube,Suction",AJR75102405-7-1,자동매핑,
AJR75102501,MJU62672401,"Tube,Connector",(도번직결),도번직하위,
AJR75102501,MJU62672402,"Tube,Connector",(도번직결),도번직하위,
AJR75102501,MJU64326601,"Tube,Manifold",(도번직결),도번직하위,
AJR75102501,MJU64326602,"Tube,Manifold",(도번직결),도번직하위,
AJR75104017,3H03659L,Strainer,AJR75104017-12-1,자동매핑,
AJR75104017,4H01281C,"Tube,Pinch Off",AJR75104017-12-1,자동매핑,
AJR75104017,5410A20111N,"Damper,Butyl",(도번직결),도번직하위,
AJR75104017,5410A20234X,Insulator,(도번직결),도번직하위,
AJR75104017,EAP65270719,"Coil Module,Expansion",(도번직결),도번직하위,
AJR75104017,MJU64328307,"Tube,Connector",AJR75104017-12-1,자동매핑,
AJR75104017,MJU64328310,"Tube,Connector",(도번직결),도번직하위,
AJR75104017,MJU65516626,"Tube,Connector",AJR75104017-12-1,자동매핑,
AJR75104017,MJX63992001,"Valve,Expansion Body",(도번직결),도번직하위,
AJR75104018,3H03659L,Strainer,AJR75104018-13-1,자동매핑,
AJR75104018,5410A20111E,"Damper,Butyl",(도번직결),도번직하위,
AJR75104018,EAP65270703,"Coil Module,Expansion",(도번직결),도번직하위,
AJR75104018,MJU63650905,"Tube,Connector",AJR75104018-13-1,자동매핑,
AJR75104018,MJU64328311,"Tube,Connector",(도번직결),도번직하위,
AJR75104018,MJU64328408,"Tube,Connector",(도번직결),도번직하위,
AJR75104018,MJX64032401,"Valve,Expansion Body",(도번직결),도번직하위,
AJR75104030,3H01582E,Tie,(도번직결),도번직하위,
AJR75104030,5410A20111N,"Damper,Butyl",(도번직결),도번직하위,
AJR75104030,5410A20234X,Insulator,(도번직결),도번직하위,
AJR75104030,EAP65270719,"Coil Module,Expansion",(도번직결),도번직하위,
AJR75104030,MFN62721711,Mesh,(도번직결),도번직하위,
AJR75104030,MJU62389205,"Tube,Return Bending",(도번직결),도번직하위,
AJR75104030,MJU63650905,"Tube,Connector",(도번직결),도번직하위,
AJR75104030,MJU63650913,"Tube,Connector",(도번직결),도번직하위,
AJR75104030,MJU63650915,"Tube,Connector",(도번직결),도번직하위,
AJR75104030,MJU64328317,"Tube,Connector",(도번직결),도번직하위,
AJR75104030,MJU64328318,"Tube,Connector",(도번직결),도번직하위,
AJR75104030,MJX63991801,"Valve,Expansion Body",(도번직결),도번직하위,
AJR75104601,3A00375P,"Socket,Flare",AJR75104601-은납,자동매핑,
AJR75104601,4A00742B,"Nut,Flare",(도번직결),도번직하위,
AJR75104601,5006AR4091D,Cap,(도번직결),도번직하위,
AJR75104601,5210A22409B,"Tube,Connector",(도번직결),도번직하위,
AJR75104601,5410A30055D,"Insulator,Tube",(도번직결),도번직하위,
AJR75104601,MJU64329101,"Tube,Connector",AJR75104601-은납,자동매핑,
AJR75104601,MJU64329103,"Tube,Connector",(도번직결),도번직하위,
AJR75104601,MJU64329104,"Tube,Connector",(도번직결),도번직하위,
AJR75104601,MJU64329105,"Tube,Connector",(도번직결),도번직하위,
AJR75104601,MJU64329106,"Tube,Connector",(도번직결),도번직하위,
AJR75104601,MJU64329109,"Tube,Connector",(도번직결),도번직하위,
AJR75123701,4930A20053B,"Holder,Sensor",(도번직결),도번직하위,
AJR75123701,5014A30001B,"Damper,Tube",(도번직결),도번직하위,
AJR75123701,5210A22409B,"Tube,Connector",(도번직결),도번직하위,
AJR75123701,MEV55008105,"Insulator,Tube",(도번직결),도번직하위,
AJR75123701,MJU64368001,"Tube,Connector",(도번직결),도번직하위,
AJR75123701,MJU64368101,"Tube,Connector",(도번직결),도번직하위,
AJR75123901,4A00114A,"Tube,Connector",(도번직결),도번직하위,
AJR75123901,MJU64350501,"Tube,Connector",(도번직결),도번직하위,
AJR75123901,MJU64350601,"Tube,Connector",(도번직결),도번직하위,
AJR75123901,MJU64350701,"Tube,Connector",(도번직결),도번직하위,
AJR75123901,MJU64350801,"Tube,Connector",(도번직결),도번직하위,
AJR75123901,MJU64350901,"Tube,Connector",(도번직결),도번직하위,
AJR75142601,3H01582C,Tie,AJR75142603,자동매핑,
AJR75142601,4930A20053B,"Holder,Sensor",(도번직결),도번직하위,
AJR75142601,5210A22409A,"Tube,Connector",(도번직결),도번직하위,
AJR75142601,AJR75142603,"Tube Assembly,Manifold(I",(도번직결),도번직하위,
AJR75142601,MBL68398701,Cap,(도번직결),도번직하위,
AJR75142601,MCQ69107101,"Damper,Tube",(도번직결),도번직하위,
AJR75142601,MEV65350902,Insulator,(도번직결),도번직하위,
AJR75142601,MHT62361201,"Socket,Flare",(도번직결),도번직하위,
AJR75142601,MJU64406301,"Tube,Connector",(도번직결),도번직하위,
AJR75142601,MJU64406302,"Tube,Connector",(도번직결),도번직하위,
AJR75142601,MJU64406303,"Tube,Connector",(도번직결),도번직하위,
AJR75142601,MJU64406304,"Tube,Connector",(도번직결),도번직하위,
AJR75142601,MJU64406501,"Tube,Manifold",(도번직결),도번직하위,
AJR75142601,MJU64406503,"Tube,Manifold",(도번직결),도번직하위,
AJR75142604,3H01582C,Tie,AJR75142603,자동매핑,
AJR75142604,4930A20053B,"Holder,Sensor",(도번직결),도번직하위,
AJR75142604,5210A22409A,"Tube,Connector",(도번직결),도번직하위,
AJR75142604,AJR75142603,"Tube Assembly,Manifold(I",(도번직결),도번직하위,
AJR75142604,MBL68398701,Cap,(도번직결),도번직하위,
AJR75142604,MCQ69107101,"Damper,Tube",(도번직결),도번직하위,
AJR75142604,MEV65350902,Insulator,(도번직결),도번직하위,
AJR75142604,MHT62361201,"Socket,Flare",(도번직결),도번직하위,
AJR75142604,MJU64406301,"Tube,Connector",(도번직결),도번직하위,
AJR75142604,MJU64406302,"Tube,Connector",(도번직결),도번직하위,
AJR75142604,MJU64406303,"Tube,Connector",(도번직결),도번직하위,
AJR75142604,MJU64406304,"Tube,Connector",(도번직결),도번직하위,
AJR75142604,MJU64406501,"Tube,Manifold",(도번직결),도번직하위,
AJR75142604,MJU64406503,"Tube,Manifold",(도번직결),도번직하위,
AJR75163201,3H01582C,Tie,AJR75163203,자동매핑,
AJR75163201,4930A20053B,"Holder,Sensor",(도번직결),도번직하위,
AJR75163201,5210A22409A,"Tube,Connector",(도번직결),도번직하위,
AJR75163201,AJR75163203,"Tube Assembly,Manifold(I",(도번직결),도번직하위,
AJR75163201,MBL68398701,Cap,(도번직결),도번직하위,
AJR75163201,MEV65350902,Insulator,(도번직결),도번직하위,
AJR75163201,MHT62361201,"Socket,Flare",AJR75163201-은납,자동매핑,
AJR75163201,MJU64346801,"Tube,Manifold",AJR75163201-은납,자동매핑,
AJR75163201,MJU64346803,"Tube,Manifold",(도번직결),도번직하위,
AJR75163201,MJU64346901,"Tube,Connector",(도번직결),도번직하위,
AJR75163201,MJU64346902,"Tube,Connector",(도번직결),도번직하위,
AJR75163201,MJU64346903,"Tube,Connector",(도번직결),도번직하위,
AJR75163201,MJU64346904,"Tube,Connector",(도번직결),도번직하위,
AJR75163204,3H01582C,Tie,AJR75163203,자동매핑,
AJR75163204,4930A20053B,"Holder,Sensor",(도번직결),도번직하위,
AJR75163204,5210A22409A,"Tube,Connector",(도번직결),도번직하위,
AJR75163204,AJR75163203,"Tube Assembly,Manifold(I",(도번직결),도번직하위,
AJR75163204,MBL68398701,Cap,(도번직결),도번직하위,
AJR75163204,MCQ69107101,"Damper,Tube",(도번직결),도번직하위,
AJR75163204,MEV65350902,Insulator,(도번직결),도번직하위,
AJR75163204,MHT62361201,"Socket,Flare",(도번직결),도번직하위,
AJR75163204,MJU64346801,"Tube,Manifold",(도번직결),도번직하위,
AJR75163204,MJU64346803,"Tube,Manifold",(도번직결),도번직하위,
AJR75163204,MJU64346901,"Tube,Connector",(도번직결),도번직하위,
AJR75163204,MJU64346902,"Tube,Connector",(도번직결),도번직하위,
AJR75163204,MJU64346903,"Tube,Connector",(도번직결),도번직하위,
AJR75163204,MJU64346904,"Tube,Connector",(도번직결),도번직하위,
AJR75243119,AJR75242806,"Tube Assembly,Evaporator",(도번직결),도번직하위,
AJR75243119,AJR75243015,"Tube Assembly,Evaporator",(도번직결),도번직하위,
AJR75243119,MEV35967118,"Insulator,Tube",(도번직결),도번직하위,
AJR75245201,5210A24677G,"Tube,Connector",(도번직결),도번직하위,
AJR75245201,5210A31939A,"Tube,Connector",(도번직결),도번직하위,
AJR75245201,MJU63650504,"Tube,Manifold",(도번직결),도번직하위,
AJR75245201,MJU63650602,"Tube,Manifold",(도번직결),도번직하위,
AJR75245201,MJU63650701,"Tube,Connector",(도번직결),도번직하위,
AJR75462802,4930A20053B,"Holder,Sensor",(도번직결),도번직하위,
AJR75462802,5014A20009A,"Damper,Tube",(도번직결),도번직하위,
AJR75462802,5014A30001B,"Damper,Tube",(도번직결),도번직하위,
AJR75462802,MEZ67612933,"Label,Information",(도번직결),도번직하위,
AJR75462802,MHH62041502,"Separator,Oil",(도번직결),도번직하위,
AJR75462803,4930A20053B,"Holder,Sensor",(도번직결),도번직하위,
AJR75462803,5014A20009C,"Damper,Tube",(도번직결),도번직하위,
AJR75462803,5014A20009E,"Damper,Tube",(도번직결),도번직하위,
AJR75462803,5210A22409B,"Tube,Connector",AJR75462803-S3-1,자동매핑,
AJR75462803,MHH62041502,"Separator,Oil",(도번직결),도번직하위,
AJR75462803,MJU64407201,"Tube,Connector",AJR75462803-S3-1,자동매핑,
AJR75462803,MJU64687502,"Tube,Connector",AJR75462803-S3-1,자동매핑,
AJR75462803,MJU64687701,"Tube,Connector",(도번직결),도번직하위,
AJR75462803,MJU64688202,"Tube,Connector",(도번직결),도번직하위,
AJR75462803,MJU64919001,"Tube,Connector",AJR75462803-S3-1,자동매핑,
AJR75462803,MJX62771702,"Valve,Check",(도번직결),도번직하위,
AJR75462803,MJX62771705,"Valve,Check",AJR75462803-S3-1,자동매핑,
AJR75463001,3H01582E,Tie,(도번직결),도번직하위,
AJR75463001,5210A23089D,"Tube,Pinch Off",AJR75463001-SUB1,자동매핑,
AJR75463001,5410A30055S,"Insulator,Tube",(도번직결),도번직하위,
AJR75463001,6141A20010U,Solenoid,(도번직결),도번직하위,
AJR75463001,EBD64386504,"Sensor Module,Pressure",AJR75463001-SUB3,자동매핑,
AJR75463001,EBD64386505,"Sensor Module,Pressure",AJR75463001-SUB2,자동매핑,
AJR75463001,EBF40271416,"Switch,Pressure",AJR75463001-SUB3,자동매핑,
AJR75463001,MEG66660106,"Holder,Tubing",(도번직결),도번직하위,
AJR75463001,MJC62301702,Strainer,AJR75463001-SUB1,자동매핑,
AJR75463001,MJU64170101,"Tube,Connector",AJR75463001-SUB3,자동매핑,
AJR75463001,MJU64688701,"Tube,Connector",(도번직결),도번직하위,
AJR75463001,MJU64688901,"Tube,Connector",AJR75463001-SUB3,자동매핑,
AJR75463001,MJU64706401,"Tube,Connector",AJR75463001-SUB3,자동매핑,
AJR75463002,3H01582E,Tie,(도번직결),도번직하위,
AJR75463002,5210A23089D,"Tube,Pinch Off",(도번직결),도번직하위,
AJR75463002,5220A20039A,"Valve,Reverse",(도번직결),도번직하위,
AJR75463002,6141A20010U,Solenoid,(도번직결),도번직하위,
AJR75463002,EBD64386504,"Sensor Module,Pressure",(도번직결),도번직하위,
AJR75463002,EBD64386505,"Sensor Module,Pressure",(도번직결),도번직하위,
AJR75463002,EBF40271416,"Switch,Pressure",(도번직결),도번직하위,
AJR75463002,MEG66660106,"Holder,Tubing",(도번직결),도번직하위,
AJR75463002,MJC62301702,Strainer,(도번직결),도번직하위,
AJR75463002,MJU64170101,"Tube,Connector",(도번직결),도번직하위,
AJR75463002,MJU64688601,"Tube,Connector",(도번직결),도번직하위,
AJR75463002,MJU64688703,"Tube,Connector",(도번직결),도번직하위,
AJR75463002,MJU64688801,"Tube,Connector",(도번직결),도번직하위,
AJR75463002,MJU64688902,"Tube,Connector",(도번직결),도번직하위,
AJR75463003,3H01582E,Tie,(도번직결),도번직하위,
AJR75463003,5014A30001A,"Damper,Tube",(도번직결),도번직하위,
AJR75463003,5210A23089D,"Tube,Pinch Off",(도번직결),도번직하위,
AJR75463003,5210A23376A,"Tube,Connector",(도번직결),도번직하위,
AJR75463003,5220A20039A,"Valve,Reverse",(도번직결),도번직하위,
AJR75463003,6141A20010U,Solenoid,(도번직결),도번직하위,
AJR75463003,EBD64386504,"Sensor Module,Pressure",(도번직결),도번직하위,
AJR75463003,EBD64386505,"Sensor Module,Pressure",(도번직결),도번직하위,
AJR75463003,EBF40271416,"Switch,Pressure",(도번직결),도번직하위,
AJR75463003,MEG66660106,"Holder,Tubing",(도번직결),도번직하위,
AJR75463003,MJC62301702,Strainer,(도번직결),도번직하위,
AJR75463003,MJU64688601,"Tube,Connector",(도번직결),도번직하위,
AJR75463003,MJU64688703,"Tube,Connector",(도번직결),도번직하위,
AJR75463003,MJU64688801,"Tube,Connector",(도번직결),도번직하위,
AJR75463003,MJU64731707,"Tube,Connector",(도번직결),도번직하위,
AJR75463110,1SZZA20001L,"Screw,Customized",(도번직결),도번직하위,
AJR75463110,4A00114E,"Tube,Connector",AJR75463101-1-2,자동매핑,
AJR75463110,5224A20005G,Strainer,AJR75463101-4-1,자동매핑,
AJR75463110,5410A20217B,"Insulator,Felt",MAZ64571804,자동매핑,
AJR75463110,AJR75484601,"Tube Assembly,Solenoide",(도번직결),도번직하위,
AJR75463110,AJR75503602,"Tube Assembly,Expansion",(도번직결),도번직하위,
AJR75463110,AJR75503610,"Tube Assembly,Expansion",(도번직결),도번직하위,
AJR75463110,AJR75503704,"Tube Assembly,Solenoide",(도번직결),도번직하위,
AJR75463110,EBE60661415,Solenoid,(도번직결),도번직하위,
AJR75463110,EBE60661416,Solenoid,(도번직결),도번직하위,
AJR75463110,EBE61083212,Solenoid,(도번직결),도번직하위,
AJR75463110,MAZ64571702,Bracket,(도번직결),도번직하위,
AJR75463110,MAZ64571803,Bracket,(도번직결),도번직하위,
AJR75463110,MAZ64571804,Bracket,(도번직결),도번직하위,
AJR75463110,MJU30514501,"Tube,Coupling",AJR75483401-14-2,자동매핑,
AJR75463110,MJU64706502,"Tube,Connector",AJR75463101-4-1,자동매핑,
AJR75463110,MJU64706802,"Tube,Connector",AJR75483401-14-2,자동매핑,
AJR75463110,MJU64707001,"Tube,Connector",AJR75463101-4-1,자동매핑,
AJR75463110,MJU64707101,"Tube,Connector",AJR75463101-1-1,자동매핑,
AJR75463110,MJU64707201,"Tube,Connector",(도번직결),도번직하위,
AJR75463110,MJU64708001,"Tube,Connector",AJR75463101-1-2,자동매핑,
AJR75463110,MJX62771702,"Valve,Check",AJR75483401-14-2,자동매핑,
AJR75463304,5014A30014W,"Damper,Tube",(도번직결),도번직하위,
AJR75463304,MJU64708702,"Tube,Connector",(도번직결),도번직하위,
AJR75463304,MJU64711701,"Tube,Connector",AJR75463304-S5-1,자동매핑,
AJR75463304,MJU64712401,"Tube,Connector",AJR75463304-S5-2,자동매핑,
AJR75463304,MJU64979006,"Tube,Connector",(도번직결),도번직하위,
AJR75463304,MJX62771704,"Valve,Check",(도번직결),도번직하위,
AJR75463503,4A00114D,"Tube,Connector",(도번직결),도번직하위,
AJR75463503,5014A20009C,"Damper,Tube",(도번직결),도번직하위,
AJR75463503,5040A20026A,Damper,(도번직결),도번직하위,
AJR75463503,5220A90008Q,"Valve,Solenoid",(도번직결),도번직하위,
AJR75463503,5224A20005X,Strainer,AJR75463503-S1-1,자동매핑,
AJR75463503,EBE61083214,Solenoid,(도번직결),도번직하위,
AJR75463503,EBE61083215,Solenoid,(도번직결),도번직하위,
AJR75463503,MJU61943601,"Tube,Capillary Bending",AJR75463503-S1-1,자동매핑,
AJR75463503,MJU64427701,"Tube,Connector",(도번직결),도번직하위,
AJR75463503,MJU64787001,"Tube,Connector",AJR75463503-S1-1,자동매핑,
AJR75463503,MJU64787101,"Tube,Connector",AJR75463503-S1-1,자동매핑,
AJR75463503,MJU64787202,"Tube,Connector",AJR75463503-S1-1,자동매핑,
AJR75463503,MJU64787302,"Tube,Connector",AJR75463503-S1-1,자동매핑,
AJR75463503,MJU64787402,"Tube,Connector",(도번직결),도번직하위,
AJR75464301,4930A20053B,"Holder,Sensor",(도번직결),도번직하위,
AJR75464301,5210A22409A,"Tube,Connector",(도번직결),도번직하위,
AJR75464301,MBL68398701,Cap,(도번직결),도번직하위,
AJR75464301,MEV65634901,Insulator,(도번직결),도번직하위,
AJR75464301,MHT62361201,"Socket,Flare",AJR75464301-은납,자동매핑,
AJR75464301,MJU64711101,"Tube,Manifold",AJR75464301-은납,자동매핑,
AJR75464301,MJU64711301,"Tube,Connector",(도번직결),도번직하위,
AJR75464301,MJU64711302,"Tube,Connector",(도번직결),도번직하위,
AJR75464301,MJU64711303,"Tube,Connector",(도번직결),도번직하위,
AJR75464301,MJU64711304,"Tube,Connector",(도번직결),도번직하위,
AJR75464301,MJU64711305,"Tube,Connector",(도번직결),도번직하위,
AJR75464302,3H01582C,Tie,(도번직결),도번직하위,
AJR75464302,MBL68398701,Cap,(도번직결),도번직하위,
AJR75464302,MCD63107401,Connector,(도번직결),도번직하위,
AJR75464302,MCQ67968901,"Damper,Vent",(도번직결),도번직하위,
AJR75464302,MEV65131601,Insulator,(도번직결),도번직하위,
AJR75464302,MEV65131602,Insulator,(도번직결),도번직하위,
AJR75464302,MEV65634902,Insulator,(도번직결),도번직하위,
AJR75464302,MHT62361201,"Socket,Flare",AJR75464302-은납,자동매핑,
AJR75464302,MJU64711102,"Tube,Manifold",AJR75464302-은납,자동매핑,
AJR75464302,MJU64711201,"Tube,Connector",(도번직결),도번직하위,
AJR75464302,MJU64711202,"Tube,Connector",(도번직결),도번직하위,
AJR75464302,MJU64711203,"Tube,Connector",(도번직결),도번직하위,
AJR75464302,MJU64711204,"Tube,Connector",(도번직결),도번직하위,
AJR75464302,MJU64711205,"Tube,Connector",(도번직결),도번직하위,
AJR75464602,3H01582E,Tie,(도번직결),도번직하위,
AJR75464602,5014A30001A,"Damper,Tube",(도번직결),도번직하위,
AJR75464602,5210A23376A,"Tube,Connector",(도번직결),도번직하위,
AJR75464602,5220AP3777C,"Valve,Reverse",(도번직결),도번직하위,
AJR75464602,6141A20010W,Solenoid,(도번직결),도번직하위,
AJR75464602,EBD64386504,"Sensor Module,Pressure",(도번직결),도번직하위,
AJR75464602,EBD64386505,"Sensor Module,Pressure",(도번직결),도번직하위,
AJR75464602,EBF40271416,"Switch,Pressure",(도번직결),도번직하위,
AJR75464602,MEG66660106,"Holder,Tubing",(도번직결),도번직하위,
AJR75464602,MJC62301701,Strainer,(도번직결),도번직하위,
AJR75464602,MJU64749001,"Tube,Connector",(도번직결),도번직하위,
AJR75464602,MJU64749701,"Tube,Connector",(도번직결),도번직하위,
AJR75464602,MJU64749801,"Tube,Connector",(도번직결),도번직하위,
AJR75464602,MJU64749901,"Tube,Connector",(도번직결),도번직하위,
AJR75464602,MJU64750001,"Tube,Connector",(도번직결),도번직하위,
AJR75464603,3H01582E,Tie,(도번직결),도번직하위,
AJR75464603,5014A30001A,"Damper,Tube",(도번직결),도번직하위,
AJR75464603,5210A23376A,"Tube,Connector",(도번직결),도번직하위,
AJR75464603,5220AP3777C,"Valve,Reverse",(도번직결),도번직하위,
AJR75464603,6141A20010W,Solenoid,(도번직결),도번직하위,
AJR75464603,EBD64386504,"Sensor Module,Pressure",(도번직결),도번직하위,
AJR75464603,EBD64386505,"Sensor Module,Pressure",(도번직결),도번직하위,
AJR75464603,EBF40271416,"Switch,Pressure",(도번직결),도번직하위,
AJR75464603,MEG66660106,"Holder,Tubing",(도번직결),도번직하위,
AJR75464603,MJC62301701,Strainer,(도번직결),도번직하위,
AJR75464603,MJU63301403,"Tube,Connector",(도번직결),도번직하위,
AJR75464603,MJU64749001,"Tube,Connector",(도번직결),도번직하위,
AJR75464603,MJU64749701,"Tube,Connector",(도번직결),도번직하위,
AJR75464603,MJU64749801,"Tube,Connector",(도번직결),도번직하위,
AJR75464603,MJU64749902,"Tube,Connector",(도번직결),도번직하위,
AJR75464603,MJU64750001,"Tube,Connector",(도번직결),도번직하위,
AJR75464702,3H01582E,Tie,(도번직결),도번직하위,
AJR75464702,4848A20005A,Accumulator,(도번직결),도번직하위,
AJR75464702,5014A20009A,"Damper,Tube",(도번직결),도번직하위,
AJR75464702,MJU64169624,"Tube,Connector",(도번직결),도번직하위,
AJR75464702,MJU64712601,"Tube,Connector",(도번직결),도번직하위,
AJR75482702,MJU63512511,"Tube,Distributor",AJR75482702-SUB,자동매핑,
AJR75482702,MJU64729802,"Tube,Connector",(도번직결),도번직하위,
AJR75483601,1SZZA20001L,"Screw,Customized",(도번직결),도번직하위,
AJR75483601,4A00114D,"Tube,Connector",AJR75483601-3-1,자동매핑,
AJR75483601,4H00363B,"Damper,Tube",(도번직결),도번직하위,
AJR75483601,5014A20009C,"Damper,Tube",(도번직결),도번직하위,
AJR75483601,5410A30055S,"Insulator,Tube",(도번직결),도번직하위,
AJR75483601,AJU73472403,Valve Assembly,(도번직결),도번직하위,
AJR75483601,EBE60661414,Solenoid,(도번직결),도번직하위,
AJR75483601,MAZ64825101,Bracket,(도번직결),도번직하위,
AJR75483601,MAZ64825201,Bracket,(도번직결),도번직하위,
AJR75483601,MAZ64825301,Bracket,(도번직결),도번직하위,
AJR75483601,MJH63775701,Supporter,(도번직결),도번직하위,
AJR75483601,MJU64428601,"Tube,Connector",(도번직결),도번직하위,
AJR75483601,MJU64731601,"Tube,Connector",(도번직결),도번직하위,
AJR75483601,MJU64731602,"Tube,Connector",AJR75483601-3-1,자동매핑,
AJR75483601,MJU64731603,"Tube,Connector",AJR75483601-3-1,자동매핑,
AJR75483601,MJU64731604,"Tube,Connector",AJR75483601-3-1,자동매핑,
AJR75483601,MJX61841301,"Valve,Solenoid",(도번직결),도번직하위,
AJR75483603,1SZZA20001L,"Screw,Customized",(도번직결),도번직하위,
AJR75483603,4930A20053B,"Holder,Sensor",(도번직결),도번직하위,
AJR75483603,4A00114D,"Tube,Connector",AJR75483603-3-1,자동매핑,
AJR75483603,5210A22409A,"Tube,Connector",(도번직결),도번직하위,
AJR75483603,5410A20217B,"Insulator,Felt",(도번직결),도번직하위,
AJR75483603,AJU73472403,Valve Assembly,(도번직결),도번직하위,
AJR75483603,EBE60661414,Solenoid,(도번직결),도번직하위,
AJR75483603,MAZ64825101,Bracket,(도번직결),도번직하위,
AJR75483603,MAZ64825201,Bracket,(도번직결),도번직하위,
AJR75483603,MAZ64825301,Bracket,(도번직결),도번직하위,
AJR75483603,MJH63775701,Supporter,(도번직결),도번직하위,
AJR75483603,MJU64428601,"Tube,Connector",(도번직결),도번직하위,
AJR75483603,MJU64731604,"Tube,Connector",AJR75483603-3-1,자동매핑,
AJR75483603,MJU64731606,"Tube,Connector",(도번직결),도번직하위,
AJR75483603,MJU64731607,"Tube,Connector",AJR75483603-3-1,자동매핑,
AJR75483603,MJU64731608,"Tube,Connector",AJR75483603-3-1,자동매핑,
AJR75483603,MJX61841301,"Valve,Solenoid",(도번직결),도번직하위,
AJR75483702,MEG66660106,"Holder,Tubing",(도번직결),도번직하위,
AJR75483702,MJU64671107,"Tube,Connector",AJR75483702-S5-1,자동매핑,
AJR75483702,MJU64671112,"Tube,Connector",(도번직결),도번직하위,
AJR75483702,MJU64749501,"Tube,Connector",AJR75483702-S5-1,자동매핑,
AJR75483702,MJU64749601,"Tube,Connector",AJR75483702-S5-2,자동매핑,
AJR75483702,MJX62771712,"Valve,Check",(도번직결),도번직하위,
AJR75522802,3H01582E,Tie,(도번직결),도번직하위,
AJR75522802,5014A30001B,"Damper,Tube",(도번직결),도번직하위,
AJR75522802,5014A30014E,"Damper,Tube",(도번직결),도번직하위,
AJR75522802,5014A30014H,"Damper,Tube",(도번직결),도번직하위,
AJR75522802,5210A23376A,"Tube,Connector",(도번직결),도번직하위,
AJR75522802,5410A30055C,"Insulator,Tube",(도번직결),도번직하위,
AJR75522802,EBD62165602,"Sensor,Pressure",(도번직결),도번직하위,
AJR75522802,EBE61441605,Solenoid,(도번직결),도번직하위,
AJR75522802,MEV39836107,Insulator,(도번직결),도번직하위,
AJR75522802,MJU62610701,"Tube,Connector",(도번직결),도번직하위,
AJR75522802,MJU63618601,"Tube,Connector",(도번직결),도번직하위,
AJR75522802,MJU63671201,"Tube,Connector",(도번직결),도번직하위,
AJR75522802,MJU64770401,"Tube,Connector",(도번직결),도번직하위,
AJR75522802,MJX61841306,"Valve,Solenoid",(도번직결),도번직하위,
AJR75522803,3H01582E,Tie,(도번직결),도번직하위,
AJR75522803,3H03659M,Strainer,(도번직결),도번직하위,
AJR75522803,4A00987B,Bush,(도번직결),도번직하위,
AJR75522803,4H00006A,"Screw,Customized",(도번직결),도번직하위,
AJR75522803,5014A30014H,"Damper,Tube",(도번직결),도번직하위,
AJR75522803,5210A22409A,"Tube,Connector",(도번직결),도번직하위,
AJR75522803,5210A23376A,"Tube,Connector",(도번직결),도번직하위,
AJR75522803,5410A20217B,"Insulator,Felt",(도번직결),도번직하위,
AJR75522803,5410A21281S,"Insulator,Tube",(도번직결),도번직하위,
AJR75522803,5410A30055C,"Insulator,Tube",(도번직결),도번직하위,
AJR75522803,5410A30279A,"Insulator,Tube",(도번직결),도번직하위,
AJR75522803,5410A30285M,"Insulator,Tube",(도번직결),도번직하위,
AJR75522803,ABA76068301,Bracket Assembly,(도번직결),도번직하위,
AJR75522803,AJU32452008,Valve Assembly,(도번직결),도번직하위,
AJR75522803,MAZ61902404,Bracket,(도번직결),도번직하위,
AJR75522803,MAZ63503304,Bracket,(도번직결),도번직하위,
AJR75522803,MCK69188301,Cover,(도번직결),도번직하위,
AJR75522803,MEV40846901,"Insulator,Felt",(도번직결),도번직하위,
AJR75522803,MEZ64011511,"Label,Caution",(도번직결),도번직하위,
AJR75522803,MJH63775702,Supporter,(도번직결),도번직하위,
AJR75522803,MJU64669307,"Tube,Connector",(도번직결),도번직하위,
AJR75522803,MJU64873001,"Tube,Connector",(도번직결),도번직하위,
AJR75522803,MJU64873002,"Tube,Connector",(도번직결),도번직하위,
AJR75522803,MJU64873003,"Tube,Connector",(도번직결),도번직하위,
AJR75522803,MJU64873004,"Tube,Connector",(도번직결),도번직하위,
AJR75522803,MJU64873005,"Tube,Connector",(도번직결),도번직하위,
AJR75522803,MJU64873007,"Tube,Connector",(도번직결),도번직하위,
AJR75522803,MJU64873008,"Tube,Connector",(도번직결),도번직하위,
AJR75522803,MJU64873009,"Tube,Connector",(도번직결),도번직하위,
AJR75522803,MJU64973901,"Tube,Connector",(도번직결),도번직하위,
AJR75522803,MJX62472203,"Valve,Service",(도번직결),도번직하위,
AJR75522901,3H01582E,Tie,(도번직결),도번직하위,
AJR75522901,5014A20009B,"Damper,Tube",(도번직결),도번직하위,
AJR75522901,5014A30001B,"Damper,Tube",(도번직결),도번직하위,
AJR75522901,5014A30001C,"Damper,Tube",(도번직결),도번직하위,
AJR75522901,5210A23376A,"Tube,Connector",(도번직결),도번직하위,
AJR75522901,MEG65559801,"Holder,Sensor",(도번직결),도번직하위,
AJR75522901,MEV55008101,"Insulator,Tube",(도번직결),도번직하위,
AJR75522901,MEV55008105,"Insulator,Tube",(도번직결),도번직하위,
AJR75522901,MJU41635301,"Tube,Connector",(도번직결),도번직하위,
AJR75522901,MJU63407102,"Tube,Connector",(도번직결),도번직하위,
AJR75522901,MJU63407103,"Tube,Connector",(도번직결),도번직하위,
AJR75522901,MJU63407201,"Tube,Connector",(도번직결),도번직하위,
AJR75522901,MJU63648801,"Tube,Connector",(도번직결),도번직하위,
AJR75522901,MJU63648901,"Tube,Connector",(도번직결),도번직하위,
AJR75522901,MJU63649101,"Tube,Connector",(도번직결),도번직하위,
AJR75522901,MJU64770402,"Tube,Connector",(도번직결),도번직하위,
AJR75522901,MJX62771702,"Valve,Check",(도번직결),도번직하위,
AJR75524701,4A00114A,"Tube,Connector",(도번직결),도번직하위,
AJR75524701,MJU64350801,"Tube,Connector",(도번직결),도번직하위,
AJR75524701,MJU64773301,"Tube,Connector",AJR75524701-S6-1,자동매핑,
AJR75524701,MJU64773401,"Tube,Connector",AJR75524701-S6-1,자동매핑,
AJR75524701,MJU64773402,"Tube,Connector",AJR75524701-S6-1,자동매핑,
AJR75524701,MJU64773403,"Tube,Connector",AJR75524701-S6-1,자동매핑,
AJR75524701,MJU64773701,"Tube,Connector",AJR75524701-S6-1,자동매핑,
AJR75543801,5210A31939A,"Tube,Connector",(도번직결),도번직하위,
AJR75543801,MJU64789301,"Tube,Manifold",(도번직결),도번직하위,
AJR75543801,MJU64809705,"Tube,Connector",(도번직결),도번직하위,
AJR75543801,MJU64809706,"Tube,Connector",(도번직결),도번직하위,
AJR75544201,1SZZA20001L,"Screw,Customized",(도번직결),도번직하위,
AJR75544201,4A00114A,"Tube,Connector",(도번직결),도번직하위,
AJR75544201,5224A20002W,Strainer,AJR75544201-4-1,자동매핑,
AJR75544201,5224A20005G,Strainer,AJR75544201-3-1,자동매핑,
AJR75544201,5410A20217B,"Insulator,Felt",MAZ64571802,자동매핑,
AJR75544201,AJR75544501,"Tube Assembly,Solenoide",(도번직결),도번직하위,
AJR75544201,AJR75544601,"Tube Assembly,Solenoide",(도번직결),도번직하위,
AJR75544201,AJU73472405,Valve Assembly,(도번직결),도번직하위,
AJR75544201,AJU73472406,Valve Assembly,(도번직결),도번직하위,
AJR75544201,EBE60661415,Solenoid,(도번직결),도번직하위,
AJR75544201,EBE60661416,Solenoid,(도번직결),도번직하위,
AJR75544201,EBE61083212,Solenoid,(도번직결),도번직하위,
AJR75544201,MAZ64571802,Bracket,(도번직결),도번직하위,
AJR75544201,MJU30514502,"Tube,Coupling",(도번직결),도번직하위,
AJR75544201,MJU64706601,"Tube,Connector",AJR75544201-3-1,자동매핑,
AJR75544201,MJU64750402,"Tube,Connector",(도번직결),도번직하위,
AJR75544201,MJU64750504,"Tube,Connector",AJR75544201-4-1,자동매핑,
AJR75544201,MJU64770301,"Tube,Connector",(도번직결),도번직하위,
AJR75544201,MJU64791001,"Tube,Connector",(도번직결),도번직하위,
AJR75544201,MJU64791101,"Tube,Connector",(도번직결),도번직하위,
AJR75544201,MJU64791203,"Tube,Connector",AJR75544201-4-1,자동매핑,
AJR75544201,MJU64791301,"Tube,Connector",AJR75544201-3-1,자동매핑,
AJR75544201,MJU64791401,"Tube,Connector",(도번직결),도번직하위,
AJR75544201,MJU64791701,"Tube,Connector",(도번직결),도번직하위,
AJR75544201,MJX62771705,"Valve,Check",(도번직결),도번직하위,
AJR75544204,1SZZA20001L,"Screw,Customized",(도번직결),도번직하위,
AJR75544204,5224A20002W,Strainer,AJR75544204-4-1,자동매핑,
AJR75544204,5410A20217B,"Insulator,Felt",MAZ64571802,자동매핑,
AJR75544204,AJR75544503,"Tube Assembly,Solenoide",(도번직결),도번직하위,
AJR75544204,AJR75544604,"Tube Assembly,Solenoide",(도번직결),도번직하위,
AJR75544204,AJU73472405,Valve Assembly,AJR75544204-S1-3,자동매핑,
AJR75544204,AJU73472406,Valve Assembly,AJR75544204-S1-4,자동매핑,
AJR75544204,EBE60661415,Solenoid,(도번직결),도번직하위,
AJR75544204,EBE60661416,Solenoid,(도번직결),도번직하위,
AJR75544204,EBE61083212,Solenoid,(도번직결),도번직하위,
AJR75544204,MAZ64571701,Bracket,(도번직결),도번직하위,
AJR75544204,MAZ64571801,Bracket,(도번직결),도번직하위,
AJR75544204,MAZ64571802,Bracket,(도번직결),도번직하위,
AJR75544204,MJU30514502,"Tube,Coupling",AJR75544201-14-2,자동매핑,
AJR75544204,MJU64750402,"Tube,Connector",AJR75544201-14-2,자동매핑,
AJR75544204,MJU64750504,"Tube,Connector",AJR75544204-4-1,자동매핑,
AJR75544204,MJU64791001,"Tube,Connector",AJR75544204-S1-3,자동매핑,
AJR75544204,MJU64791101,"Tube,Connector",AJR75544201-14-2,자동매핑,
AJR75544204,MJU64791203,"Tube,Connector",AJR75544204-4-1,자동매핑,
AJR75544204,MJU64791401,"Tube,Connector",AJR75544204-S1-4,자동매핑,
AJR75544204,MJU64791704,"Tube,Connector",(도번직결),도번직하위,
AJR75544204,MJX62771705,"Valve,Check",AJR75544201-14-2,자동매핑,
AJR75544608,4A00114D,"Tube,Connector",(도번직결),도번직하위,
AJR75544608,MFN62721711,Mesh,(도번직결),도번직하위,
AJR75544608,MJU66479401,"Tube,Connector",(도번직결),도번직하위,
AJR75544608,MJU66479501,"Tube,Connector",(도번직결),도번직하위,
AJR75544608,MJU66479601,"Tube,Connector",(도번직결),도번직하위,
AJR75544608,MJU66749602,"Tube,Connector",(도번직결),도번직하위,
AJR75544608,MJU66749603,"Tube,Connector",(도번직결),도번직하위,
AJR75544608,MJU66749604,"Tube,Connector",(도번직결),도번직하위,
AJR75544608,MJU66799901,"Tube,Connector",(도번직결),도번직하위,
AJR75544608,MJX61537805,"Valve,Solenoid",(도번직결),도번직하위,
AJR75545702,MJU63687703,"Tube,Connector",(도번직결),도번직하위,
AJR75545702,MJU64795601,"Tube,Connector",(도번직결),도번직하위,
AJR75545702,MJU64795701,"Tube,Connector",(도번직결),도번직하위,
AJR75545702,MJU64967701,"Tube,Connector",(도번직결),도번직하위,
AJR75545702,MJU64967801,"Tube,Connector",(도번직결),도번직하위,
AJR75545702,MJU64967901,"Tube,Connector",(도번직결),도번직하위,
AJR75545703,MJU64795602,"Tube,Connector",(도번직결),도번직하위,
AJR75545703,MJU64795603,"Tube,Connector",(도번직결),도번직하위,
AJR75545703,MJU64795604,"Tube,Connector",(도번직결),도번직하위,
AJR75545703,MJU64795605,"Tube,Connector",(도번직결),도번직하위,
AJR75545703,MJU64967702,"Tube,Connector",(도번직결),도번직하위,
AJR75545703,MJU66960905,"Tube,Connector",(도번직결),도번직하위,
AJR75563401,3A00375A,"Socket,Flare",AJR75563401-은납,자동매핑,
AJR75563401,3H02717A,"Tube,Coupling",(도번직결),도번직하위,
AJR75563401,4930A20053B,"Holder,Sensor",(도번직결),도번직하위,
AJR75563401,4A00742F,"Nut,Common",AJR75563401-은납,자동매핑,
AJR75563401,5006AR4091G,Cap,AJR75563401-은납,자동매핑,
AJR75563401,5210A22409B,"Tube,Connector",(도번직결),도번직하위,
AJR75563401,5410A30055D,"Insulator,Tube",(도번직결),도번직하위,
AJR75563401,MJU64794201,"Tube,Connector",(도번직결),도번직하위,
AJR75563401,MJU64794202,"Tube,Connector",(도번직결),도번직하위,
AJR75563401,MJU64794301,"Tube,Connector",AJR75563401-은납,자동매핑,
AJR75563401,RAC30599327,Solder Soldering,AJR75563401-은납,자동매핑,
AJR75563501,3A00375D,"Socket,Flare",AJR75563501-은납,자동매핑,
AJR75563501,4930A20053B,"Holder,Sensor",(도번직결),도번직하위,
AJR75563501,4A00742A,"Nut,Flare",(도번직결),도번직하위,
AJR75563501,5210A22409A,"Tube,Connector",(도번직결),도번직하위,
AJR75563501,5410A30285A,"Insulator,Tube",(도번직결),도번직하위,
AJR75563501,7250AR3866W,"Damper,Butyl",(도번직결),도번직하위,
AJR75563501,MBL67877901,Cap,(도번직결),도번직하위,
AJR75563501,MBL67878001,Cap,(도번직결),도번직하위,
AJR75563501,MJU63512516,"Tube,Distributor",AJR75563501-12-1,자동매핑,
AJR75563501,MJU64794001,"Tube,Capillary Bending",AJR75563501-12-1,자동매핑,
AJR75563501,MJU64794101,"Tube,Connector",AJR75563501-은납,자동매핑,
AJR75563501,MJU64794401,"Tube,Connector",AJR75563501-12-1,자동매핑,
AJR75563502,3A00375D,"Socket,Flare",AJR75563502-은납,자동매핑,
AJR75563502,4930A20053B,"Holder,Sensor",(도번직결),도번직하위,
AJR75563502,4A00742A,"Nut,Flare",(도번직결),도번직하위,
AJR75563502,5210A22409A,"Tube,Connector",AJR75563502-12-1,자동매핑,
AJR75563502,5224A20005J,Strainer,AJR75563502-12-2,자동매핑,
AJR75563502,5410A20111T,"Damper,Butyl",(도번직결),도번직하위,
AJR75563502,5410A30285A,"Insulator,Tube",(도번직결),도번직하위,
AJR75563502,AJU32452009,Valve Assembly,(도번직결),도번직하위,
AJR75563502,MBL67877901,Cap,(도번직결),도번직하위,
AJR75563502,MBL67878001,Cap,(도번직결),도번직하위,
AJR75563502,MEV39836107,Insulator,(도번직결),도번직하위,
AJR75563502,MEV65938201,Insulator,(도번직결),도번직하위,
AJR75563502,MJU63512516,"Tube,Distributor",AJR75563502-12-1,자동매핑,
AJR75563502,MJU64794402,"Tube,Connector",AJR75563502-12-1,자동매핑,
AJR75563502,MJU64794403,"Tube,Connector",AJR75563502-12-2,자동매핑,
AJR75563502,MJU64921201,"Tube,Capillary Bending",AJR75563502-12-1,자동매핑,
AJR75563502,MJU64963001,"Tube,Connector",AJR75563502-은납,자동매핑,
AJR75563503,3A00375D,"Socket,Flare",AJR75563503-F&T-2,자동매핑,
AJR75563503,4930A20053B,"Holder,Sensor",AJR75563503-F&T,자동매핑,
AJR75563503,4A00742A,"Nut,Flare",AJR75563503-F&T,자동매핑,
AJR75563503,5210A22409A,"Tube,Connector",AJR75563503-F&T-1,자동매핑,
AJR75563503,5224A20005J,Strainer,AJR75563503-F&T-2,자동매핑,
AJR75563503,5410A20111T,"Damper,Butyl",AJR75563503-F&T,자동매핑,
AJR75563503,5410A30285A,"Insulator,Tube",(도번직결),도번직하위,
AJR75563503,AJU32452009,Valve Assembly,AJR75563503-F&T,자동매핑,
AJR75563503,MBL67877901,Cap,AJR75563503-F&T,자동매핑,
AJR75563503,MBL67878001,Cap,AJR75563503-F&T,자동매핑,
AJR75563503,MCQ68044401,"Damper,Butyl",AJR75563503-F&T,자동매핑,
AJR75563503,MJU63512516,"Tube,Distributor",AJR75563503-F&T-1,자동매핑,
AJR75563503,MJU64794402,"Tube,Connector",AJR75563503-F&T-1,자동매핑,
AJR75563503,MJU64794403,"Tube,Connector",AJR75563503-F&T-2,자동매핑,
AJR75563503,MJU64794405,"Tube,Connector",AJR75563503-F&T-1,자동매핑,
AJR75563503,MJU64921201,"Tube,Capillary Bending",AJR75563503-F&T-1,자동매핑,
AJR75563503,MJU64963001,"Tube,Connector",AJR75563503-F&T-2,자동매핑,
AJR75563504,3A00375D,"Socket,Flare",AJR75563501-은납,자동매핑,
AJR75563504,4930A20053B,"Holder,Sensor",(도번직결),도번직하위,
AJR75563504,4A00742A,"Nut,Flare",(도번직결),도번직하위,
AJR75563504,5210A22409A,"Tube,Connector",(도번직결),도번직하위,
AJR75563504,5410A30285A,"Insulator,Tube",(도번직결),도번직하위,
AJR75563504,7250AR3866W,"Damper,Butyl",(도번직결),도번직하위,
AJR75563504,MBL67877901,Cap,(도번직결),도번직하위,
AJR75563504,MBL67878001,Cap,(도번직결),도번직하위,
AJR75563504,MJU63512516,"Tube,Distributor",AJR75563501-12-1,자동매핑,
AJR75563504,MJU64794001,"Tube,Capillary Bending",AJR75563501-12-1,자동매핑,
AJR75563504,MJU64794101,"Tube,Connector",AJR75563501-은납,자동매핑,
AJR75563504,MJU64794401,"Tube,Connector",AJR75563501-12-1,자동매핑,
AJR75563701,3H01582A,Tie,(도번직결),도번직하위,
AJR75563701,MEG66660103,"Holder,Tubing",(도번직결),도번직하위,
AJR75563701,MJU64809901,"Tube,Connector",AJR75563701-SUB,자동매핑,
AJR75563701,MJU64809902,"Tube,Connector",AJR75563701-SUB,자동매핑,
AJR75563701,MJU64809903,"Tube,Connector",AJR75563701-SUB,자동매핑,
AJR75563701,MJU64809904,"Tube,Connector",AJR75563701-SUB,자동매핑,
AJR75563701,MJU64809905,"Tube,Connector",AJR75563701-SUB,자동매핑,
AJR75563701,MJU64809906,"Tube,Connector",AJR75563701-SUB,자동매핑,
AJR75563701,MJU64809907,"Tube,Connector",AJR75563701-SUB,자동매핑,
AJR75563701,MJU64809908,"Tube,Connector",AJR75563701-SUB,자동매핑,
AJR75563701,MJU64809909,"Tube,Connector",AJR75563701-SUB,자동매핑,
AJR75563701,MJU64809910,"Tube,Connector",AJR75563701-SUB,자동매핑,
AJR75563701,MJU64809911,"Tube,Connector",AJR75563701-SUB,자동매핑,
AJR75563701,MJU64809912,"Tube,Connector",AJR75563701-SUB,자동매핑,
AJR75563701,MJU64809913,"Tube,Connector",AJR75563701-SUB,자동매핑,
AJR75563701,MJU64809914,"Tube,Connector",AJR75563701-SUB,자동매핑,
AJR75563701,MJU64809915,"Tube,Connector",(도번직결),도번직하위,
AJR75563701,MJU64809916,"Tube,Connector",AJR75563701-SUB,자동매핑,
AJR75563701,MJU64809917,"Tube,Connector",AJR75563701-SUB,자동매핑,
AJR75563701,MJU64809918,"Tube,Connector",AJR75563701-SUB,자동매핑,
AJR75563702,3H01582A,Tie,(도번직결),도번직하위,
AJR75563702,MEG66660103,"Holder,Tubing",(도번직결),도번직하위,
AJR75563702,MJU41313101,"Tube,Distributor",AJR75563702-SUB,자동매핑,
AJR75563702,MJU64809915,"Tube,Connector",(도번직결),도번직하위,
AJR75563702,MJU64809916,"Tube,Connector",AJR75563702-SUB,자동매핑,
AJR75563702,MJU65030901,"Tube,Connector",AJR75563702-SUB,자동매핑,
AJR75563702,MJU65030902,"Tube,Connector",AJR75563702-SUB,자동매핑,
AJR75563702,MJU65030903,"Tube,Connector",AJR75563702-SUB,자동매핑,
AJR75563702,MJU65030904,"Tube,Connector",AJR75563702-SUB,자동매핑,
AJR75563702,MJU65030905,"Tube,Connector",AJR75563702-SUB,자동매핑,
AJR75563702,MJU65030906,"Tube,Connector",AJR75563702-SUB,자동매핑,
AJR75563702,MJU65030907,"Tube,Connector",AJR75563702-SUB,자동매핑,
AJR75563702,MJU65030908,"Tube,Connector",AJR75563702-SUB,자동매핑,
AJR75563702,MJU65030909,"Tube,Connector",AJR75563702-SUB,자동매핑,
AJR75563702,MJU65030910,"Tube,Connector",AJR75563702-SUB,자동매핑,
AJR75563702,MJU65030911,"Tube,Connector",AJR75563702-SUB,자동매핑,
AJR75563702,MJU65030912,"Tube,Connector",AJR75563702-SUB,자동매핑,
AJR75563702,MJU65030913,"Tube,Connector",AJR75563702-SUB,자동매핑,
AJR75563702,MJU65030914,"Tube,Connector",AJR75563702-SUB,자동매핑,
AJR75563702,MJU65030915,"Tube,Connector",AJR75563702-SUB,자동매핑,
AJR75584502,3H01582C,Tie,AJR74844204,자동매핑,
AJR75584502,3H01582E,Tie,AJR75584501,자동매핑,
AJR75584502,AJR74844204,"Tube Assembly,Expansion",(도번직결),도번직하위,
AJR75584502,AJR75584501,Tube Assembly,(도번직결),도번직하위,
AJR75584502,MEG66660106,"Holder,Tubing",AJR75584501,자동매핑,
AJR75584502,MEV39836111,Insulator,AJR74844204,자동매핑,
AJR75604801,3H01582A,Tie,(도번직결),도번직하위,
AJR75604801,3H01582E,Tie,(도번직결),도번직하위,
AJR75604801,4930A20053B,"Holder,Sensor",AJR75625401,자동매핑,
AJR75604801,4H01688S,"Clamp,Cord",AJR75604801-SUB,자동매핑,
AJR75604801,5014A20009B,"Damper,Tube",(도번직결),도번직하위,
AJR75604801,5014A20009E,"Damper,Tube",(도번직결),도번직하위,
AJR75604801,5210A22409A,"Tube,Connector",(도번직결),도번직하위,
AJR75604801,AAB35754002,Accumulator Assembly,(도번직결),도번직하위,
AJR75604801,AJR36388606,"Tube Assembly,Expansion",(도번직결),도번직하위,
AJR75604801,AJR75625401,"Tube Assembly,Reverse",(도번직결),도번직하위,
AJR75604801,EAD62115301,"Drawing,Assembly",(도번직결),도번직하위,
AJR75604801,EAP30616906,"Coil,Expansion",(도번직결),도번직하위,
AJR75604801,MCQ66969701,"Damper,Tube",(도번직결),도번직하위,
AJR75604801,MEG66660103,"Holder,Tubing",(도번직결),도번직하위,
AJR75604801,MEG66660106,"Holder,Tubing",(도번직결),도번직하위,
AJR75604801,MEZ41343601,"Label,Caution",(도번직결),도번직하위,
AJR75604801,MJH39544901,Supporter,AJR75604801-SUB,자동매핑,
AJR75604801,MJU41942216,"Tube,Suction",(도번직결),도번직하위,
AJR75604801,MJX65116801,"Valve,Service",AJR75604801-SUB,자동매핑,
AJR75604801,MJX65117101,"Valve,Service",AJR75604801-SUB,자동매핑,
AJR75604804,3H01582A,Tie,(도번직결),도번직하위,
AJR75604804,3H01582E,Tie,(도번직결),도번직하위,
AJR75604804,4930A20053B,"Holder,Sensor",AJR75625401,자동매핑,
AJR75604804,4H01688S,"Clamp,Cord",AJR75604804-SUB,자동매핑,
AJR75604804,5014A20009B,"Damper,Tube",(도번직결),도번직하위,
AJR75604804,5014A20009E,"Damper,Tube",(도번직결),도번직하위,
AJR75604804,5210A22409A,"Tube,Connector",(도번직결),도번직하위,
AJR75604804,AAB35754002,Accumulator Assembly,(도번직결),도번직하위,
AJR75604804,AJR36388606,"Tube Assembly,Expansion",(도번직결),도번직하위,
AJR75604804,AJR75625401,"Tube Assembly,Reverse",(도번직결),도번직하위,
AJR75604804,EAD62115301,"Drawing,Assembly",(도번직결),도번직하위,
AJR75604804,EAP30616906,"Coil,Expansion",(도번직결),도번직하위,
AJR75604804,MCQ66969701,"Damper,Tube",(도번직결),도번직하위,
AJR75604804,MEG66660103,"Holder,Tubing",(도번직결),도번직하위,
AJR75604804,MEG66660106,"Holder,Tubing",(도번직결),도번직하위,
AJR75604804,MEZ41343607,"Label,Caution",(도번직결),도번직하위,
AJR75604804,MJH39544901,Supporter,AJR75604804-SUB,자동매핑,
AJR75604804,MJU41942216,"Tube,Suction",(도번직결),도번직하위,
AJR75604804,MJX65116801,"Valve,Service",AJR75604804-SUB,자동매핑,
AJR75605102,MJU62491908,"Tube,Pinch Off",(도번직결),도번직하위,
AJR75605102,MJU65034225,"Tube,Connector",(도번직결),도번직하위,
AJR75605104,MJU66386101,"Tube,Raw",(도번직결),도번직하위,
AJR75623701,1SZZA20001L,"Screw,Customized",(도번직결),도번직하위,
AJR75623701,3H01582A,Tie,(도번직결),도번직하위,
AJR75623701,4A00114D,"Tube,Connector",(도번직결),도번직하위,
AJR75623701,5014A20009C,"Damper,Tube",(도번직결),도번직하위,
AJR75623701,5210A22409B,"Tube,Connector",(도번직결),도번직하위,
AJR75623701,5410A20217B,"Insulator,Felt",(도번직결),도번직하위,
AJR75623701,AJU73472403,Valve Assembly,(도번직결),도번직하위,
AJR75623701,AJU73472415,Valve Assembly,(도번직결),도번직하위,
AJR75623701,MAZ64825201,Bracket,(도번직결),도번직하위,
AJR75623701,MAZ64825301,Bracket,(도번직결),도번직하위,
AJR75623701,MAZ65245601,Bracket,(도번직결),도번직하위,
AJR75623701,MEV39836107,Insulator,(도번직결),도번직하위,
AJR75623701,MJH63775701,Supporter,(도번직결),도번직하위,
AJR75623701,MJU64850701,"Tube,Connector",(도번직결),도번직하위,
AJR75623701,MJU64850702,"Tube,Connector",(도번직결),도번직하위,
AJR75623701,MJU64850703,"Tube,Connector",(도번직결),도번직하위,
AJR75623701,MJU64887101,"Tube,Connector",(도번직결),도번직하위,
AJR75623703,1SZZA20001L,"Screw,Customized",(도번직결),도번직하위,
AJR75623703,3H01582A,Tie,(도번직결),도번직하위,
AJR75623703,4A00114D,"Tube,Connector",(도번직결),도번직하위,
AJR75623703,5014A20009C,"Damper,Tube",(도번직결),도번직하위,
AJR75623703,5210A22409B,"Tube,Connector",(도번직결),도번직하위,
AJR75623703,5410A20217B,"Insulator,Felt",(도번직결),도번직하위,
AJR75623703,AJU73472403,Valve Assembly,(도번직결),도번직하위,
AJR75623703,AJU73472415,Valve Assembly,(도번직결),도번직하위,
AJR75623703,MAZ64825201,Bracket,(도번직결),도번직하위,
AJR75623703,MAZ64825301,Bracket,(도번직결),도번직하위,
AJR75623703,MAZ65245602,Bracket,(도번직결),도번직하위,
AJR75623703,MEV39836107,Insulator,(도번직결),도번직하위,
AJR75623703,MJH63775701,Supporter,(도번직결),도번직하위,
AJR75623703,MJU64850701,"Tube,Connector",(도번직결),도번직하위,
AJR75623703,MJU64850702,"Tube,Connector",(도번직결),도번직하위,
AJR75623703,MJU64850703,"Tube,Connector",(도번직결),도번직하위,
AJR75623703,MJU64887101,"Tube,Connector",(도번직결),도번직하위,
AJR75624402,4930A20053B,"Holder,Sensor",(도번직결),도번직하위,
AJR75624402,5210A22409A,"Tube,Connector",(도번직결),도번직하위,
AJR75624402,MJU64870511,"Tube,Connector",(도번직결),도번직하위,
AJR75624402,MJU64870514,"Tube,Connector",(도번직결),도번직하위,
AJR75624402,MJU64870520,"Tube,Connector",(도번직결),도번직하위,
AJR75624402,MJU64870524,"Tube,Connector",(도번직결),도번직하위,
AJR75643001,3H03659M,Strainer,(도번직결),도번직하위,
AJR75643001,4010AR3071C,"Socket,Flare",(도번직결),도번직하위,
AJR75643001,4930A20053B,"Holder,Sensor",(도번직결),도번직하위,
AJR75643001,4A00742A,"Nut,Flare",(도번직결),도번직하위,
AJR75643001,5210A22409A,"Tube,Connector",(도번직결),도번직하위,
AJR75643001,5410A30279T,"Insulator,Tube",(도번직결),도번직하위,
AJR75643001,7250AR3866W,"Damper,Butyl",(도번직결),도번직하위,
AJR75643001,AJU36719710,Valve Assembly,(도번직결),도번직하위,
AJR75643001,MBL67877901,Cap,(도번직결),도번직하위,
AJR75643001,MBL67878001,Cap,(도번직결),도번직하위,
AJR75643001,MJU62823101,"Tube,Distributor",(도번직결),도번직하위,
AJR75643001,MJU63082505,"Tube,Connector",(도번직결),도번직하위,
AJR75643001,MJU63082508,"Tube,Connector",(도번직결),도번직하위,
AJR75643001,MJU64853001,"Tube,Connector",(도번직결),도번직하위,
AJR75643001,MJU64853002,"Tube,Connector",(도번직결),도번직하위,
AJR75643001,MJU64853003,"Tube,Connector",(도번직결),도번직하위,
AJR75645201,4930A20053B,"Holder,Sensor",(도번직결),도번직하위,
AJR75645201,MEG66660102,"Holder,Tubing",(도번직결),도번직하위,
AJR75645201,MJU41313101,"Tube,Distributor",AJR75645201-SUB,자동매핑,
AJR75645201,MJU64856901,"Tube,Connector",(도번직결),도번직하위,
AJR75645604,3H02716A,"Tube,Coupling",(도번직결),도번직하위,
AJR75645604,MJU64875406,"Tube,Connector",(도번직결),도번직하위,
AJR75645604,MJU64875413,"Tube,Connector",(도번직결),도번직하위,
AJR75645604,MJU64875414,"Tube,Connector",(도번직결),도번직하위,
AJR75645605,3H02716A,"Tube,Coupling",(도번직결),도번직하위,
AJR75645605,MJU64875408,"Tube,Connector",(도번직결),도번직하위,
AJR75645605,MJU64875415,"Tube,Connector",(도번직결),도번직하위,
AJR75645605,MJU64875416,"Tube,Connector",(도번직결),도번직하위,
AJR75645606,3H02716A,"Tube,Coupling",(도번직결),도번직하위,
AJR75645606,5210A22409B,"Tube,Connector",(도번직결),도번직하위,
AJR75645606,MJU64875412,"Tube,Connector",(도번직결),도번직하위,
AJR75645606,MJU64875417,"Tube,Connector",(도번직결),도번직하위,
AJR75645606,MJU64875418,"Tube,Connector",(도번직결),도번직하위,
AJR75645701,MJU64856601,"Tube,Connector",(도번직결),도번직하위,
AJR75645701,MJU64856602,"Tube,Connector",(도번직결),도번직하위,
AJR75645701,MJU64856603,"Tube,Connector",(도번직결),도번직하위,
AJR75645701,MJU64856604,"Tube,Connector",(도번직결),도번직하위,
AJR75645701,MJU64856605,"Tube,Connector",(도번직결),도번직하위,
AJR75645701,MJU64856606,"Tube,Connector",(도번직결),도번직하위,
AJR75645701,MJU64926101,"Tube,Manifold",(도번직결),도번직하위,
AJR75645801,MJU64856607,"Tube,Connector",(도번직결),도번직하위,
AJR75645801,MJU64856608,"Tube,Connector",(도번직결),도번직하위,
AJR75645801,MJU64856609,"Tube,Connector",(도번직결),도번직하위,
AJR75645801,MJU64856610,"Tube,Connector",(도번직결),도번직하위,
AJR75645801,MJU64856611,"Tube,Connector",(도번직결),도번직하위,
AJR75645801,MJU64856612,"Tube,Connector",(도번직결),도번직하위,
AJR75645801,MJU64856613,"Tube,Connector",(도번직결),도번직하위,
AJR75645801,MJU64926102,"Tube,Manifold",(도번직결),도번직하위,
AJR75662310,3H01582C,Tie,(도번직결),도번직하위,
AJR75662310,5014A30001B,"Damper,Tube",(도번직결),도번직하위,
AJR75662310,5210A22409C,"Tube,Connector",(도번직결),도번직하위,
AJR75662310,7250AR7015K,"Damper,Butyl",(도번직결),도번직하위,
AJR75662310,MEG65680002,"Holder,Sensor",(도번직결),도번직하위,
AJR75662310,MJU64867609,"Tube,Connector",AJR75662310-12-1,자동매핑,
AJR75662310,MJU64867610,"Tube,Connector",AJR75662310-12-1,자동매핑,
AJR75662317,MEG65680002,"Holder,Sensor",(도번직결),도번직하위,
AJR75662317,MEG65798802,"Holder,Sensor",(도번직결),도번직하위,
AJR75662317,MJU66267603,"Tube,Connector",(도번직결),도번직하위,
AJR75662317,MJU66267605,"Tube,Connector",(도번직결),도번직하위,
AJR75662319,MEG65680001,"Holder,Sensor",(도번직결),도번직하위,
AJR75662319,MEG65798801,"Holder,Sensor",(도번직결),도번직하위,
AJR75662319,MJU64867606,"Tube,Connector",(도번직결),도번직하위,
AJR75662319,MJU64867607,"Tube,Connector",(도번직결),도번직하위,
AJR75662327,3H01582A,Tie,(도번직결),도번직하위,
AJR75662327,4930A20053B,"Holder,Sensor",(도번직결),도번직하위,
AJR75662327,4H00363M,"Damper,Tube",(도번직결),도번직하위,
AJR75662327,5014A30014B,"Damper,Tube",(도번직결),도번직하위,
AJR75662327,5210A22409C,"Tube,Connector",(도번직결),도번직하위,
AJR75662327,MCQ70547702,"Damper,Rubber",(도번직결),도번직하위,
AJR75662327,MJU65034227,"Tube,Connector",(도번직결),도번직하위,
AJR75662327,MJU65034228,"Tube,Connector",(도번직결),도번직하위,
AJR75662334,5410A30055S,"Insulator,Tube",(도번직결),도번직하위,
AJR75662334,MEG65680001,"Holder,Sensor",(도번직결),도번직하위,
AJR75662334,MEG65798801,"Holder,Sensor",(도번직결),도번직하위,
AJR75662334,MJU64867627,"Tube,Connector",(도번직결),도번직하위,
AJR75662335,5410A30055S,"Insulator,Tube",(도번직결),도번직하위,
AJR75662335,MEG65680001,"Holder,Sensor",(도번직결),도번직하위,
AJR75662335,MEG65798801,"Holder,Sensor",(도번직결),도번직하위,
AJR75662335,MJU64867606,"Tube,Connector",(도번직결),도번직하위,
AJR75662335,MJU64867607,"Tube,Connector",(도번직결),도번직하위,
AJR75662337,5410A30055S,"Insulator,Tube",(도번직결),도번직하위,
AJR75662337,MEG65680002,"Holder,Sensor",(도번직결),도번직하위,
AJR75662337,MEG65798802,"Holder,Sensor",(도번직결),도번직하위,
AJR75662337,MJU66267603,"Tube,Connector",(도번직결),도번직하위,
AJR75662337,MJU66267648,"Tube,Connector",(도번직결),도번직하위,
AJR75662342,5410A30055S,"Insulator,Tube",(도번직결),도번직하위,
AJR75662342,MEG65680002,"Holder,Sensor",(도번직결),도번직하위,
AJR75662342,MEG65798802,"Holder,Sensor",(도번직결),도번직하위,
AJR75662342,MJU66267656,"Tube,Connector",(도번직결),도번직하위,
AJR75662342,MJU66267657,"Tube,Connector",(도번직결),도번직하위,
AJR75662343,5410A30055S,"Insulator,Tube",(도번직결),도번직하위,
AJR75662343,MEG65680002,"Holder,Sensor",(도번직결),도번직하위,
AJR75662343,MEG65798802,"Holder,Sensor",(도번직결),도번직하위,
AJR75662343,MJU64867630,"Tube,Connector",(도번직결),도번직하위,
AJR75662345,5410A30055S,"Insulator,Tube",(도번직결),도번직하위,
AJR75662345,MEG65680001,"Holder,Sensor",(도번직결),도번직하위,
AJR75662345,MEG65798801,"Holder,Sensor",(도번직결),도번직하위,
AJR75662345,MJU64867633,"Tube,Connector",(도번직결),도번직하위,
AJR75662347,5410A30055S,"Insulator,Tube",(도번직결),도번직하위,
AJR75662347,MEG65680001,"Holder,Sensor",(도번직결),도번직하위,
AJR75662347,MEG65798801,"Holder,Sensor",(도번직결),도번직하위,
AJR75662347,MJU64867634,"Tube,Connector",(도번직결),도번직하위,
AJR75662348,5410A30055S,"Insulator,Tube",(도번직결),도번직하위,
AJR75662348,MEG65680001,"Holder,Sensor",(도번직결),도번직하위,
AJR75662348,MEG65798801,"Holder,Sensor",(도번직결),도번직하위,
AJR75662348,MJU64867635,"Tube,Connector",(도번직결),도번직하위,
AJR75662349,5410A30055S,"Insulator,Tube",(도번직결),도번직하위,
AJR75662349,MEG65680001,"Holder,Sensor",(도번직결),도번직하위,
AJR75662349,MEG65798801,"Holder,Sensor",(도번직결),도번직하위,
AJR75662349,MJU64867637,"Tube,Connector",(도번직결),도번직하위,
AJR75662350,5410A30055S,"Insulator,Tube",(도번직결),도번직하위,
AJR75662350,MEG65680001,"Holder,Sensor",(도번직결),도번직하위,
AJR75662350,MEG65798801,"Holder,Sensor",(도번직결),도번직하위,
AJR75662350,MJU64867636,"Tube,Connector",(도번직결),도번직하위,
AJR75702302,3H02716A,"Tube,Coupling",(도번직결),도번직하위,
AJR75702302,MJU64907003,"Tube,Connector",(도번직결),도번직하위,
AJR75702302,MJU64907008,"Tube,Connector",(도번직결),도번직하위,
AJR75702302,MJU64907009,"Tube,Connector",(도번직결),도번직하위,
AJR75702801,MJU64948401,"Tube,Connector",(도번직결),도번직하위,
AJR75702801,MJU64948501,"Tube,Connector",AJR75702801-SUB,자동매핑,
AJR75702801,MJU64948601,"Tube,Connector",AJR75702801-SUB,자동매핑,
AJR75702801,MJU64948701,"Tube,Connector",AJR75702801-SUB,자동매핑,
AJR75702801,MJU64948801,"Tube,Connector",AJR75702801-SUB,자동매핑,
AJR75702801,MJU64948901,"Tube,Connector",AJR75702801-SUB,자동매핑,
AJR75702801,MJU64949001,"Tube,Connector",AJR75702801-SUB,자동매핑,
AJR75702801,MJU64949101,"Tube,Connector",AJR75702801-SUB,자동매핑,
AJR75702801,MJU64949201,"Tube,Connector",AJR75702801-SUB,자동매핑,
AJR75702801,MJU64949301,"Tube,Connector",AJR75702801-SUB,자동매핑,
AJR75702801,MJU64949401,"Tube,Connector",AJR75702801-SUB,자동매핑,
AJR75702801,MJU64949501,"Tube,Connector",AJR75702801-SUB,자동매핑,
AJR75702801,MJU64949601,"Tube,Connector",AJR75702801-SUB,자동매핑,
AJR75702801,MJU64949701,"Tube,Connector",AJR75702801-SUB,자동매핑,
AJR75702801,MJU64955001,"Tube,Distributor",AJR75702801-SUB,자동매핑,
AJR75704003,5014A20009C,"Damper,Tube",(도번직결),도번직하위,
AJR75704003,5210A00039H,"Tube,Connector",(도번직결),도번직하위,
AJR75704003,5210A23376A,"Tube,Connector",(도번직결),도번직하위,
AJR75704003,5220AP3777C,"Valve,Reverse",(도번직결),도번직하위,
AJR75704003,5224A20005F,Strainer,(도번직결),도번직하위,
AJR75704003,5410A21281A,"Insulator,Tube",(도번직결),도번직하위,
AJR75704003,5410A30279A,"Insulator,Tube",(도번직결),도번직하위,
AJR75704003,6141A20010W,Solenoid,(도번직결),도번직하위,
AJR75704003,EBE60742004,Solenoid,(도번직결),도번직하위,
AJR75704003,EBF40271401,"Switch,Pressure",(도번직결),도번직하위,
AJR75704003,MJC62301701,Strainer,(도번직결),도번직하위,
AJR75704003,MJU64910301,"Tube,Connector",(도번직결),도번직하위,
AJR75704003,MJU64910401,"Tube,Connector",(도번직결),도번직하위,
AJR75704003,MJU64910502,"Tube,Connector",(도번직결),도번직하위,
AJR75704003,MJU64910503,"Tube,Connector",(도번직결),도번직하위,
AJR75704003,MJU64910601,"Tube,Connector",(도번직결),도번직하위,
AJR75704003,MJU64910701,"Tube,Connector",(도번직결),도번직하위,
AJR75704003,MJU64910801,"Tube,Connector",(도번직결),도번직하위,
AJR75704003,MJU64910901,"Tube,Connector",(도번직결),도번직하위,
AJR75704003,MJU64911001,"Tube,Connector",(도번직결),도번직하위,
AJR75704003,MJU64911101,"Tube,Connector",(도번직결),도번직하위,
AJR75704003,MJU64988901,"Tube,Connector",(도번직결),도번직하위,
AJR75709903,AJU36719737,Valve Assembly,(도번직결),도번직하위,
AJR75709903,MJU66479001,"Tube,Connector",(도번직결),도번직하위,
AJR75709903,MJU66749606,"Tube,Connector",(도번직결),도번직하위,
AJR75710506,3H01582A,Tie,AJR75722805,자동매핑,
AJR75710506,4930A20053B,"Holder,Sensor",AJR75722805,자동매핑,
AJR75710506,5014A20009C,"Damper,Tube",(도번직결),도번직하위,
AJR75710506,5014A30014Q,"Damper,Tube",(도번직결),도번직하위,
AJR75710506,5014A30014W,"Damper,Tube",(도번직결),도번직하위,
AJR75710506,5210A22409A,"Tube,Connector",(도번직결),도번직하위,
AJR75710506,AAB32861207,Accumulator Assembly,(도번직결),도번직하위,
AJR75710506,AJR75722805,"Tube Assembly,Reverse",(도번직결),도번직하위,
AJR75710506,MJU64927011,"Tube,Connector",(도번직결),도번직하위,
AJR75711401,MJU64920801,"Tube,Manifold",(도번직결),도번직하위,
AJR75711401,MJU64963705,"Tube,Connector",(도번직결),도번직하위,
AJR75711401,MJU64963706,"Tube,Connector",(도번직결),도번직하위,
AJR75711401,MJU64963707,"Tube,Connector",(도번직결),도번직하위,
AJR75711401,MJU64963708,"Tube,Connector",(도번직결),도번직하위,
AJR75711401,MJU64963709,"Tube,Connector",(도번직결),도번직하위,
AJR75711401,MJU64963710,"Tube,Connector",(도번직결),도번직하위,
AJR75711501,1MPC0502018,"Screw,Machine",(도번직결),도번직하위,
AJR75711501,2H02479J,"Valve,Service",(도번직결),도번직하위,
AJR75711501,4930A20053B,"Holder,Sensor",(도번직결),도번직하위,
AJR75711501,4H00006A,"Screw,Customized",(도번직결),도번직하위,
AJR75711501,5210A22409C,"Tube,Connector",(도번직결),도번직하위,
AJR75711501,5220AR3228Y,"Valve,Reverse",(도번직결),도번직하위,
AJR75711501,5256A30003J,Muffler,(도번직결),도번직하위,
AJR75711501,5410A21281A,"Insulator,Tube",(도번직결),도번직하위,
AJR75711501,5410A30055S,"Insulator,Tube",(도번직결),도번직하위,
AJR75711501,6877A20052D,"Drawing,Assembly",(도번직결),도번직하위,
AJR75711501,AAB73850401,Accumulator Assembly,(도번직결),도번직하위,
AJR75711501,MJH64434001,Supporter,(도번직결),도번직하위,
AJR75711501,MJU64963803,"Tube,Connector",(도번직결),도번직하위,
AJR75711501,MJU64963804,"Tube,Connector",(도번직결),도번직하위,
AJR75711501,MJU64963805,"Tube,Connector",(도번직결),도번직하위,
AJR75711501,MJU64963806,"Tube,Connector",(도번직결),도번직하위,
AJR75711501,MJU64963807,"Tube,Connector",(도번직결),도번직하위,
AJR75711501,MJU64963808,"Tube,Connector",(도번직결),도번직하위,
AJR75711503,4930A20053B,"Holder,Sensor",(도번직결),도번직하위,
AJR75711503,4H00006A,"Screw,Customized",(도번직결),도번직하위,
AJR75711503,5210A22409C,"Tube,Connector",(도번직결),도번직하위,
AJR75711503,5220AR3228Y,"Valve,Reverse",(도번직결),도번직하위,
AJR75711503,5256A30003J,Muffler,(도번직결),도번직하위,
AJR75711503,5410A20017P,"Damper,Butyl",(도번직결),도번직하위,
AJR75711503,5410A20111T,"Damper,Butyl",(도번직결),도번직하위,
AJR75711503,5410A21281A,"Insulator,Tube",(도번직결),도번직하위,
AJR75711503,5410A30055S,"Insulator,Tube",(도번직결),도번직하위,
AJR75711503,AAB73850401,Accumulator Assembly,(도번직결),도번직하위,
AJR75711503,MJH64434001,Supporter,(도번직결),도번직하위,
AJR75711503,MJU64963803,"Tube,Connector",(도번직결),도번직하위,
AJR75711503,MJU64963804,"Tube,Connector",(도번직결),도번직하위,
AJR75711503,MJU64963805,"Tube,Connector",(도번직결),도번직하위,
AJR75711503,MJU64963806,"Tube,Connector",(도번직결),도번직하위,
AJR75711503,MJU64963807,"Tube,Connector",(도번직결),도번직하위,
AJR75711503,MJU64963808,"Tube,Connector",(도번직결),도번직하위,
AJR75711503,MJX63932312,"Valve,Service",(도번직결),도번직하위,
AJR75711504,4930A20053B,"Holder,Sensor",AJR75711504-11-1,자동매핑,
AJR75711504,4H00006A,"Screw,Customized",(도번직결),도번직하위,
AJR75711504,5210A22409C,"Tube,Connector",AJR75711504-11-1,자동매핑,
AJR75711504,5220AR3228W,"Valve,Reverse",(도번직결),도번직하위,
AJR75711504,5256A30003J,Muffler,AJR75711504-11-1,자동매핑,
AJR75711504,5410A20017P,"Damper,Butyl",(도번직결),도번직하위,
AJR75711504,5410A20111T,"Damper,Butyl",(도번직결),도번직하위,
AJR75711504,5410A21281A,"Insulator,Tube",(도번직결),도번직하위,
AJR75711504,AAB73850401,Accumulator Assembly,(도번직결),도번직하위,
AJR75711504,MJH64434001,Supporter,(도번직결),도번직하위,
AJR75711504,MJU64963803,"Tube,Connector",(도번직결),도번직하위,
AJR75711504,MJU64963804,"Tube,Connector",(도번직결),도번직하위,
AJR75711504,MJU64963805,"Tube,Connector",(도번직결),도번직하위,
AJR75711504,MJU64963806,"Tube,Connector",(도번직결),도번직하위,
AJR75711504,MJU64963807,"Tube,Connector",AJR75711504-11-1,자동매핑,
AJR75711504,MJU64963808,"Tube,Connector",AJR75711504-11-1,자동매핑,
AJR75711504,MJX63932312,"Valve,Service",(도번직결),도번직하위,
AJR75711901,1SDTF040267,"Screw,Taptite",(도번직결),도번직하위,
AJR75711901,3H01582A,Tie,(도번직결),도번직하위,
AJR75711901,3H01582E,Tie,(도번직결),도번직하위,
AJR75711901,4H01688S,"Clamp,Cord",AJR75711901-SUB,자동매핑,
AJR75711901,5014A30014V,"Damper,Tube",(도번직결),도번직하위,
AJR75711901,5014A30014W,"Damper,Tube",(도번직결),도번직하위,
AJR75711901,5210A22520B,"Tube,Connector",AJR75711901-7-1,자동매핑,
AJR75711901,AFY73689506,Muffler Assembly,AJR75711901-7-1,자동매핑,
AJR75711901,EAD62115302,"Drawing,Assembly",(도번직결),도번직하위,
AJR75711901,EBD64386506,"Sensor Module,Pressure",(도번직결),도번직하위,
AJR75711901,EBF40271404,"Switch,Pressure",(도번직결),도번직하위,
AJR75711901,MEG65559802,"Holder,Sensor",(도번직결),도번직하위,
AJR75711901,MEG65680002,"Holder,Sensor",(도번직결),도번직하위,
AJR75711901,MEV39836107,Insulator,(도번직결),도번직하위,
AJR75711901,MEZ41343609,"Label,Caution",(도번직결),도번직하위,
AJR75711901,MJH39544901,Supporter,AJR75711901-SUB,자동매핑,
AJR75711901,MJU63089406,"Tube,Connector",(도번직결),도번직하위,
AJR75711901,MJU64226404,"Tube,Connector",(도번직결),도번직하위,
AJR75711901,MJU64964201,"Tube,Connector",AJR75711901-7-1,자동매핑,
AJR75711901,MJU64964203,"Tube,Connector",(도번직결),도번직하위,
AJR75711901,MJU64964204,"Tube,Connector",(도번직결),도번직하위,
AJR75711901,MJU64964217,"Tube,Connector",AJR75711901-7-1,자동매핑,
AJR75711901,MJU64964218,"Tube,Connector",(도번직결),도번직하위,
AJR75711901,MJX65075502,"Valve,Reverse",(도번직결),도번직하위,
AJR75711901,MJX65116801,"Valve,Service",AJR75711901-SUB,자동매핑,
AJR75711901,MJX65117001,"Valve,Service",AJR75711901-SUB,자동매핑,
AJR75712801,4930A20053B,"Holder,Sensor",(도번직결),도번직하위,
AJR75712801,4A00114B,"Tube,Connector",(도번직결),도번직하위,
AJR75712801,4A00114C,"Tube,Connector",(도번직결),도번직하위,
AJR75712801,5014A30014H,"Damper,Tube",(도번직결),도번직하위,
AJR75712801,5210A22409A,"Tube,Connector",(도번직결),도번직하위,
AJR75712801,5210A23344C,"Tube,Coupling",(도번직결),도번직하위,
AJR75712801,5210A23376A,"Tube,Connector",(도번직결),도번직하위,
AJR75712801,5220A90008H,"Valve,Solenoid",(도번직결),도번직하위,
AJR75712801,5224A20005X,Strainer,(도번직결),도번직하위,
AJR75712801,5410A21281H,"Insulator,Tube",(도번직결),도번직하위,
AJR75712801,5410A30279A,"Insulator,Tube",(도번직결),도번직하위,
AJR75712801,6141A20050Y,Solenoid,(도번직결),도번직하위,
AJR75712801,AJU36719701,Valve Assembly,(도번직결),도번직하위,
AJR75712801,AJU74932401,Valve,(도번직결),도번직하위,
AJR75712801,EBD63265703,"Sensor Assembly,Pressure",(도번직결),도번직하위,
AJR75712801,EBD64386504,"Sensor Module,Pressure",(도번직결),도번직하위,
AJR75712801,EBE61881802,Solenoid Assembly,(도번직결),도번직하위,
AJR75712801,EBF40271416,"Switch,Pressure",(도번직결),도번직하위,
AJR75712801,MEV39836107,Insulator,(도번직결),도번직하위,
AJR75712801,MEV66252901,Insulator,(도번직결),도번직하위,
AJR75712801,MEV66252902,Insulator,(도번직결),도번직하위,
AJR75712801,MJU64870702,"Tube,Capillary Bending",(도번직결),도번직하위,
AJR75712801,MJU64980101,"Tube,Connector",(도번직결),도번직하위,
AJR75712801,MJU64980102,"Tube,Connector",(도번직결),도번직하위,
AJR75712801,MJU64980103,"Tube,Connector",(도번직결),도번직하위,
AJR75712801,MJU64980104,"Tube,Connector",(도번직결),도번직하위,
AJR75712801,MJU64980105,"Tube,Connector",(도번직결),도번직하위,
AJR75712801,MJU64980106,"Tube,Connector",(도번직결),도번직하위,
AJR75712801,MJU64980107,"Tube,Connector",(도번직결),도번직하위,
AJR75712801,MJU64980108,"Tube,Connector",(도번직결),도번직하위,
AJR75712801,MJU64980109,"Tube,Connector",(도번직결),도번직하위,
AJR75712801,MJU64980110,"Tube,Connector",(도번직결),도번직하위,
AJR75712801,MJU64980111,"Tube,Connector",(도번직결),도번직하위,
AJR75712801,MJU64980112,"Tube,Connector",(도번직결),도번직하위,
AJR75712801,MJU64980113,"Tube,Connector",(도번직결),도번직하위,
AJR75712801,MJU64980114,"Tube,Connector",(도번직결),도번직하위,
AJR75712801,MJU64980115,"Tube,Connector",(도번직결),도번직하위,
AJR75712801,MJU65149401,"Tube,Connector",(도번직결),도번직하위,
AJR75712801,MJU65149402,"Tube,Connector",(도번직결),도번직하위,
AJR75712801,MJU65149403,"Tube,Connector",(도번직결),도번직하위,
AJR75712801,MJU65149404,"Tube,Connector",(도번직결),도번직하위,
AJR75712801,MJU65149405,"Tube,Connector",(도번직결),도번직하위,
AJR75712801,MJU65149406,"Tube,Connector",(도번직결),도번직하위,
AJR75712801,MJU65149407,"Tube,Connector",(도번직결),도번직하위,
AJR75712801,MJX61848901,"Valve,Check",(도번직결),도번직하위,
AJR75713001,5220A90013F,"Valve,Expansion Body",(도번직결),도번직하위,
AJR75713001,5224A20005H,Strainer,AJR75713001-16-1,자동매핑,
AJR75713001,5410A21281H,"Insulator,Tube",(도번직결),도번직하위,
AJR75713001,EAP62126401,"Coil,Expansion",(도번직결),도번직하위,
AJR75713001,MEV39836107,Insulator,(도번직결),도번직하위,
AJR75713001,MJU64870702,"Tube,Capillary Bending",(도번직결),도번직하위,
AJR75713001,MJU64987001,"Tube,Connector",AJR75713001-16-1,자동매핑,
AJR75713001,MJU64987002,"Tube,Connector",(도번직결),도번직하위,
AJR75713001,MJU64987003,"Tube,Connector",AJR75713001-16-1,자동매핑,
AJR75713001,MJU64987004,"Tube,Connector",(도번직결),도번직하위,
AJR75713101,MJU64987101,"Tube,Connector",(도번직결),도번직하위,
AJR75713101,MJU64987103,"Tube,Connector",(도번직결),도번직하위,
AJR75713101,MJU64987107,"Tube,Connector",(도번직결),도번직하위,
AJR75713102,MJU64987102,"Tube,Connector",(도번직결),도번직하위,
AJR75713102,MJU64987104,"Tube,Connector",(도번직결),도번직하위,
AJR75713102,MJU64987105,"Tube,Connector",(도번직결),도번직하위,
AJR75713102,MJU64987106,"Tube,Connector",(도번직결),도번직하위,
AJR75713102,MJU64987108,"Tube,Connector",(도번직결),도번직하위,
AJR75713301,4H00006A,"Screw,Customized",AJR75713301-SUB,자동매핑,
AJR75713301,5210A22409A,"Tube,Connector",(도번직결),도번직하위,
AJR75713301,5410A30279A,"Insulator,Tube",(도번직결),도번직하위,
AJR75713301,AJU73472403,Valve Assembly,(도번직결),도번직하위,
AJR75713301,MAZ63103802,Bracket,AJR75713301-SUB,자동매핑,
AJR75713301,MEV39836107,Insulator,(도번직결),도번직하위,
AJR75713301,MEZ64011502,"Label,Caution",AJR75713301-SUB,자동매핑,
AJR75713301,MJH57203801,Supporter,AJR75713301-SUB,자동매핑,
AJR75713301,MJU64980003,"Tube,Connector",(도번직결),도번직하위,
AJR75713301,MJU64980004,"Tube,Connector",(도번직결),도번직하위,
AJR75713301,MJX62572803,"Valve,Service",AJR75713301-SUB,자동매핑,
AJR75713301,MJX65117201,"Valve,Service",AJR75713301-SUB,자동매핑,
AJR75723702,3H01582A,Tie,(도번직결),도번직하위,
AJR75723702,4010AR3071A,"Socket,Flare",(도번직결),도번직하위,
AJR75723702,4A00742F,"Nut,Common",(도번직결),도번직하위,
AJR75723702,5210A22409A,"Tube,Connector",(도번직결),도번직하위,
AJR75723702,5224A20002T,Strainer,(도번직결),도번직하위,
AJR75723702,5410A30055F,"Insulator,Tube",(도번직결),도번직하위,
AJR75723702,AJU36719713,Valve Assembly,(도번직결),도번직하위,
AJR75723702,MEV64672901,Insulator,(도번직결),도번직하위,
AJR75723702,MJU62491901,"Tube,Pinch Off",(도번직결),도번직하위,
AJR75723702,MJU63512610,"Tube,Distributor",(도번직결),도번직하위,
AJR75723702,MJU64329001,"Tube,Capillary Bending",(도번직결),도번직하위,
AJR75723702,MJU64329002,"Tube,Capillary Bending",(도번직결),도번직하위,
AJR75723702,MJU64329003,"Tube,Capillary Bending",(도번직결),도번직하위,
AJR75723702,MJU64329004,"Tube,Capillary Bending",(도번직결),도번직하위,
AJR75723702,MJU64329005,"Tube,Capillary Bending",(도번직결),도번직하위,
AJR75723702,MJU64329006,"Tube,Capillary Bending",(도번직결),도번직하위,
AJR75723702,MJU64329007,"Tube,Capillary Bending",(도번직결),도번직하위,
AJR75723702,MJU64329008,"Tube,Capillary Bending",(도번직결),도번직하위,
AJR75723702,MJU64869501,"Tube,Connector",(도번직결),도번직하위,
AJR75723702,MJU64869502,"Tube,Connector",(도번직결),도번직하위,
AJR75723702,MJU64953802,"Tube,Connector",(도번직결),도번직하위,
AJR75723702,MJU64971902,"Tube,Connector",(도번직결),도번직하위,
AJR75727201,4H01281C,"Tube,Pinch Off",(도번직결),도번직하위,
AJR75727201,5210A21174C,"Tube,Distributor",(도번직결),도번직하위,
AJR75727201,MJU64963701,"Tube,Connector",(도번직결),도번직하위,
AJR75727201,MJU64963702,"Tube,Connector",(도번직결),도번직하위,
AJR75727201,MJU64963703,"Tube,Connector",(도번직결),도번직하위,
AJR75727201,MJU64963704,"Tube,Connector",(도번직결),도번직하위,
AJR75743201,MJU64927101,"Tube,Connector",(도번직결),도번직하위,
AJR75743201,MJU64927102,"Tube,Connector",(도번직결),도번직하위,
AJR75743201,MJU64927103,"Tube,Connector",(도번직결),도번직하위,
AJR75743201,MJU64927104,"Tube,Connector",(도번직결),도번직하위,
AJR75743201,MJU64927201,"Tube,Manifold",(도번직결),도번직하위,
AJR75743204,MJU62732605,"Tube,Pinch Off",(도번직결),도번직하위,
AJR75743204,MJU64927101,"Tube,Connector",(도번직결),도번직하위,
AJR75743204,MJU64927102,"Tube,Connector",(도번직결),도번직하위,
AJR75743204,MJU64927109,"Tube,Connector",(도번직결),도번직하위,
AJR75743204,MJU64927110,"Tube,Connector",(도번직결),도번직하위,
AJR75743204,MJU64927204,"Tube,Manifold",(도번직결),도번직하위,
AJR75743209,MJU62732605,"Tube,Pinch Off",(도번직결),도번직하위,
AJR75743209,MJU64927120,"Tube,Connector",(도번직결),도번직하위,
AJR75743209,MJU64927208,"Tube,Manifold",(도번직결),도번직하위,
AJR75743301,MJU64927301,"Tube,Connector",(도번직결),도번직하위,
AJR75743301,MJU64927302,"Tube,Connector",(도번직결),도번직하위,
AJR75743301,MJU64927303,"Tube,Connector",(도번직결),도번직하위,
AJR75743301,MJU64927401,"Tube,Manifold",(도번직결),도번직하위,
AJR75744102,5256A30003U,Muffler,(도번직결),도번직하위,
AJR75744102,MJU60436639,"Tube,Connector",(도번직결),도번직하위,
AJR75744102,MJU64868509,"Tube,Connector",(도번직결),도번직하위,
AJR75744102,MJU64868510,"Tube,Connector",(도번직결),도번직하위,
AJR75744102,MJU64868511,"Tube,Connector",(도번직결),도번직하위,
AJR75744102,MJU64868514,"Tube,Connector",(도번직결),도번직하위,
AJR75744115,4A00114D,"Tube,Connector",(도번직결),도번직하위,
AJR75744115,MJU65868007,"Tube,Connector",(도번직결),도번직하위,
AJR75744115,MJU65868008,"Tube,Connector",(도번직결),도번직하위,
AJR75744115,MJU65868009,"Tube,Connector",(도번직결),도번직하위,
AJR75744137,4A00114D,"Tube,Connector",(도번직결),도번직하위,
AJR75744137,MJU66936601,"Tube,Connector",(도번직결),도번직하위,
AJR75744137,MJU66936602,"Tube,Connector",(도번직결),도번직하위,
AJR75744137,MJU66936603,"Tube,Connector",(도번직결),도번직하위,
AJR75744137,MJU66936604,"Tube,Connector",(도번직결),도번직하위,
AJR75744140,5256A30002D,Muffler,(도번직결),도번직하위,
AJR75744140,5256A30003U,Muffler,(도번직결),도번직하위,
AJR75744140,MJU64868527,"Tube,Connector",(도번직결),도번직하위,
AJR75744140,MJU64868529,"Tube,Connector",(도번직결),도번직하위,
AJR75744140,MJU64868530,"Tube,Connector",(도번직결),도번직하위,
AJR75744140,MJU64868565,"Tube,Connector",(도번직결),도번직하위,
AJR75744401,3A00375A,"Socket,Flare",AJR75744401-SUB,자동매핑,
AJR75744401,3H01582C,Tie,(도번직결),도번직하위,
AJR75744401,4930A20053B,"Holder,Sensor",(도번직결),도번직하위,
AJR75744401,4A00742F,"Nut,Common",(도번직결),도번직하위,
AJR75744401,5210A22409A,"Tube,Connector",(도번직결),도번직하위,
AJR75744401,5224A20005H,Strainer,(도번직결),도번직하위,
AJR75744401,5410A21252F,"Insulator,Tube",(도번직결),도번직하위,
AJR75744401,5410A30055N,"Insulator,Tube",(도번직결),도번직하위,
AJR75744401,AJU36719728,Valve Assembly,(도번직결),도번직하위,
AJR75744401,MJU63512508,"Tube,Distributor",(도번직결),도번직하위,
AJR75744401,MJU64957701,"Tube,Form",(도번직결),도번직하위,
AJR75744401,MJU64957801,"Tube,Connector",AJR75744401-SUB,자동매핑,
AJR75744401,MJU64957901,"Tube,Connector",(도번직결),도번직하위,
AJR75744401,MJU64958001,"Tube,Connector",(도번직결),도번직하위,
AJR75744401,MJU64958101,"Tube,Connector",(도번직결),도번직하위,
AJR75744401,MJU64958301,"Tube,Connector",(도번직결),도번직하위,
AJR75744401,MJU64958401,"Tube,Connector",(도번직결),도번직하위,
AJR75744401,MJU64958501,"Tube,Connector",(도번직결),도번직하위,
AJR75744401,MJU64958601,"Tube,Connector",(도번직결),도번직하위,
AJR75744401,MJU64958701,"Tube,Connector",(도번직결),도번직하위,
AJR75744401,MJU64958801,"Tube,Connector",(도번직결),도번직하위,
AJR75744401,MJU64958901,"Tube,Connector",(도번직결),도번직하위,
AJR75744501,1MPC0502018,"Screw,Machine",(도번직결),도번직하위,
AJR75744501,4H00006A,"Screw,Customized",(도번직결),도번직하위,
AJR75744501,5014A30001B,"Damper,Tube",(도번직결),도번직하위,
AJR75744501,5256A30003J,Muffler,(도번직결),도번직하위,
AJR75744501,7250AR7015K,"Damper,Butyl",(도번직결),도번직하위,
AJR75744501,EAD62115302,"Drawing,Assembly",(도번직결),도번직하위,
AJR75744501,MEG65680002,"Holder,Sensor",(도번직결),도번직하위,
AJR75744501,MEG65798802,"Holder,Sensor",(도번직결),도번직하위,
AJR75744501,MJH64434001,Supporter,(도번직결),도번직하위,
AJR75744501,MJU64929101,"Tube,Connector",(도번직결),도번직하위,
AJR75744501,MJU64929102,"Tube,Connector",(도번직결),도번직하위,
AJR75744501,MJU64929103,"Tube,Connector",(도번직결),도번직하위,
AJR75744501,MJU64929104,"Tube,Connector",(도번직결),도번직하위,
AJR75744501,MJU64929105,"Tube,Connector",(도번직결),도번직하위,
AJR75744501,MJX63932312,"Valve,Service",(도번직결),도번직하위,
AJR75744501,MJX63932320,"Valve,Service",(도번직결),도번직하위,
AJR75744501,MJX65075502,"Valve,Reverse",(도번직결),도번직하위,
AJR75744510,1MPC0502018,"Screw,Machine",(도번직결),도번직하위,
AJR75744510,4930A20053B,"Holder,Sensor",(도번직결),도번직하위,
AJR75744510,5014A30001B,"Damper,Tube",(도번직결),도번직하위,
AJR75744510,5210A22409C,"Tube,Connector",(도번직결),도번직하위,
AJR75744510,5220AR3228Y,"Valve,Reverse",(도번직결),도번직하위,
AJR75744510,5256A30003J,Muffler,(도번직결),도번직하위,
AJR75744510,5410A30055G,"Insulator,Tube",(도번직결),도번직하위,
AJR75744510,5410A30055S,"Insulator,Tube",(도번직결),도번직하위,
AJR75744510,7250AR7015K,"Damper,Butyl",(도번직결),도번직하위,
AJR75744510,EAD62115302,"Drawing,Assembly",(도번직결),도번직하위,
AJR75744510,FAB30208605,"Screw,Customized",(도번직결),도번직하위,
AJR75744510,MJH64434003,Supporter,(도번직결),도번직하위,
AJR75744510,MJU64929101,"Tube,Connector",(도번직결),도번직하위,
AJR75744510,MJU64929102,"Tube,Connector",(도번직결),도번직하위,
AJR75744510,MJU64929103,"Tube,Connector",(도번직결),도번직하위,
AJR75744510,MJU64929104,"Tube,Connector",(도번직결),도번직하위,
AJR75744510,MJU64929105,"Tube,Connector",(도번직결),도번직하위,
AJR75744510,MJX63932312,"Valve,Service",(도번직결),도번직하위,
AJR75744512,1MPC0502018,"Screw,Machine",(도번직결),도번직하위,
AJR75744512,4930A20053B,"Holder,Sensor",(도번직결),도번직하위,
AJR75744512,4H00006A,"Screw,Customized",(도번직결),도번직하위,
AJR75744512,5014A30001B,"Damper,Tube",(도번직결),도번직하위,
AJR75744512,5210A22409C,"Tube,Connector",(도번직결),도번직하위,
AJR75744512,5220AR3228Y,"Valve,Reverse",(도번직결),도번직하위,
AJR75744512,5256A30003J,Muffler,(도번직결),도번직하위,
AJR75744512,5410A30055G,"Insulator,Tube",(도번직결),도번직하위,
AJR75744512,5410A30055S,"Insulator,Tube",(도번직결),도번직하위,
AJR75744512,7250AR7015K,"Damper,Butyl",(도번직결),도번직하위,
AJR75744512,EAD62115302,"Drawing,Assembly",(도번직결),도번직하위,
AJR75744512,MJH64434001,Supporter,(도번직결),도번직하위,
AJR75744512,MJU64929101,"Tube,Connector",(도번직결),도번직하위,
AJR75744512,MJU64929102,"Tube,Connector",(도번직결),도번직하위,
AJR75744512,MJU64929103,"Tube,Connector",(도번직결),도번직하위,
AJR75744512,MJU64929104,"Tube,Connector",(도번직결),도번직하위,
AJR75744512,MJU64929105,"Tube,Connector",(도번직결),도번직하위,
AJR75744512,MJX63932312,"Valve,Service",(도번직결),도번직하위,
AJR75744512,MJX63932320,"Valve,Service",(도번직결),도번직하위,
AJR75744535,3H01582E,Tie,(도번직결),도번직하위,
AJR75744535,4H00006A,"Screw,Customized",AJR75744535-SUB,자동매핑,
AJR75744535,5014A30014Z,"Damper,Tube",(도번직결),도번직하위,
AJR75744535,5410A30055S,"Insulator,Tube",(도번직결),도번직하위,
AJR75744535,7250AR3866E,"Damper,Butyl",(도번직결),도번직하위,
AJR75744535,AFY73689511,Muffler Assembly,(도번직결),도번직하위,
AJR75744535,EBE61242402,Solenoid,(도번직결),도번직하위,
AJR75744535,MEG65680002,"Holder,Sensor",(도번직결),도번직하위,
AJR75744535,MEG65798802,"Holder,Sensor",(도번직결),도번직하위,
AJR75744535,MJH64434001,Supporter,AJR75744535-SUB,자동매핑,
AJR75744535,MJU65008407,"Tube,Connector",(도번직결),도번직하위,
AJR75744535,MJU65008410,"Tube,Connector",(도번직결),도번직하위,
AJR75744535,MJU65008411,"Tube,Connector",(도번직결),도번직하위,
AJR75744535,MJU65008412,"Tube,Connector",(도번직결),도번직하위,
AJR75744535,MJX62451505,"Valve,Service",AJR75744535-SUB,자동매핑,
AJR75744535,MJX62732501,"Valve,Reverse",(도번직결),도번직하위,
AJR75744535,MJX63932317,"Valve,Service",AJR75744535-SUB,자동매핑,
AJR75763701,4848A20005X,Accumulator,(도번직결),도번직하위,
AJR75763701,4930A20053B,"Holder,Sensor",AJR75763701-4-1,자동매핑,
AJR75763701,5210A22409A,"Tube,Connector",AJR75763701-4-1,자동매핑,
AJR75763701,MJU64988301,"Tube,Connector",AJR75763701-4-1,자동매핑,
AJR75782901,3H01582C,Tie,(도번직결),도번직하위,
AJR75782901,4930A20053B,"Holder,Sensor",(도번직결),도번직하위,
AJR75782901,5014A30001A,"Damper,Tube",(도번직결),도번직하위,
AJR75782901,5210A22409B,"Tube,Connector",(도번직결),도번직하위,
AJR75782901,MJU64964401,"Tube,Discharge",(도번직결),도번직하위,
AJR75782901,MJU64964402,"Tube,Discharge",(도번직결),도번직하위,
AJR75782901,MJU64964403,"Tube,Discharge",(도번직결),도번직하위,
AJR75784701,4930A20053B,"Holder,Sensor",(도번직결),도번직하위,
AJR75784701,5210A22409B,"Tube,Connector",(도번직결),도번직하위,
AJR75784701,5220AR3228Y,"Valve,Reverse",(도번직결),도번직하위,
AJR75784701,5256A30003J,Muffler,(도번직결),도번직하위,
AJR75784701,5410A30279U,"Insulator,Tube",(도번직결),도번직하위,
AJR75784701,7250AR7015K,"Damper,Butyl",(도번직결),도번직하위,
AJR75784701,EAD62115303,"Drawing,Assembly",(도번직결),도번직하위,
AJR75784701,MJU65008101,"Tube,Connector",(도번직결),도번직하위,
AJR75784701,MJU65008102,"Tube,Connector",(도번직결),도번직하위,
AJR75784701,MJU65008103,"Tube,Connector",(도번직결),도번직하위,
AJR75784701,MJU65008104,"Tube,Connector",(도번직결),도번직하위,
AJR75784701,MJU65008105,"Tube,Connector",(도번직결),도번직하위,
AJR75786301,3H01582A,Tie,AJR75786301-F&T-1,자동매핑,
AJR75786301,3H03659M,Strainer,AJR75786301-F&T-2,자동매핑,
AJR75786301,4010AR3071C,"Socket,Flare",AJR75786301-F&T-2,자동매핑,
AJR75786301,4930A20053B,"Holder,Sensor",(도번직결),도번직하위,
AJR75786301,4A00742A,"Nut,Flare",(도번직결),도번직하위,
AJR75786301,4H00363B,"Damper,Tube",(도번직결),도번직하위,
AJR75786301,5210A22409A,"Tube,Connector",AJR75786301-F&T-1,자동매핑,
AJR75786301,5410A30055S,"Insulator,Tube",(도번직결),도번직하위,
AJR75786301,7250AR3866W,"Damper,Butyl",(도번직결),도번직하위,
AJR75786301,AJU36719711,Valve Assembly,(도번직결),도번직하위,
AJR75786301,MBL67877901,Cap,(도번직결),도번직하위,
AJR75786301,MBL67878001,Cap,(도번직결),도번직하위,
AJR75786301,MCQ68044401,"Damper,Butyl",(도번직결),도번직하위,
AJR75786301,MEV64160419,Insulator,(도번직결),도번직하위,
AJR75786301,MJU63512604,"Tube,Distributor",AJR75786301-F&T-1,자동매핑,
AJR75786301,MJU65009101,"Tube,Connector",AJR75786301-F&T-1,자동매핑,
AJR75786301,MJU65009102,"Tube,Connector",AJR75786301-F&T-1,자동매핑,
AJR75786301,MJU65009103,"Tube,Connector",AJR75786301-F&T-1,자동매핑,
AJR75786301,MJU65009104,"Tube,Connector",AJR75786301-F&T-1,자동매핑,
AJR75786301,MJU65030601,"Tube,Connector",AJR75786301-F&T-1,자동매핑,
AJR75786301,MJU65030602,"Tube,Connector",AJR75786301-F&T-1,자동매핑,
AJR75786301,MJU65030603,"Tube,Connector",AJR75786301-F&T-2,자동매핑,
AJR75786301,MJU65030604,"Tube,Connector",AJR75786301-F&T-2,자동매핑,
AJR75786301,RAC30599327,Solder Soldering,AJR75786301-F&T-2,자동매핑,
AJR75786302,3A00375A,"Socket,Flare",AJR75786302-F&T-2,자동매핑,
AJR75786302,3H01582A,Tie,AJR75786302-F&T-1,자동매핑,
AJR75786302,3H03659M,Strainer,AJR75786302-F&T-2,자동매핑,
AJR75786302,4930A20053B,"Holder,Sensor",(도번직결),도번직하위,
AJR75786302,4A00742F,"Nut,Common",(도번직결),도번직하위,
AJR75786302,4H00363B,"Damper,Tube",(도번직결),도번직하위,
AJR75786302,5210A22409A,"Tube,Connector",AJR75786302-F&T-1,자동매핑,
AJR75786302,5410A30055S,"Insulator,Tube",(도번직결),도번직하위,
AJR75786302,7250AR3866W,"Damper,Butyl",(도번직결),도번직하위,
AJR75786302,AJU36719711,Valve Assembly,(도번직결),도번직하위,
AJR75786302,MBL67877902,Cap,(도번직결),도번직하위,
AJR75786302,MBL67878002,Cap,(도번직결),도번직하위,
AJR75786302,MCQ68044401,"Damper,Butyl",(도번직결),도번직하위,
AJR75786302,MEV64160419,Insulator,(도번직결),도번직하위,
AJR75786302,MJU63512604,"Tube,Distributor",AJR75786302-F&T-1,자동매핑,
AJR75786302,MJU65009101,"Tube,Connector",AJR75786302-F&T-1,자동매핑,
AJR75786302,MJU65009102,"Tube,Connector",AJR75786302-F&T-1,자동매핑,
AJR75786302,MJU65009103,"Tube,Connector",AJR75786302-F&T-1,자동매핑,
AJR75786302,MJU65009104,"Tube,Connector",AJR75786302-F&T-1,자동매핑,
AJR75786302,MJU65030601,"Tube,Connector",AJR75786302-F&T-1,자동매핑,
AJR75786302,MJU65030602,"Tube,Connector",AJR75786302-F&T-1,자동매핑,
AJR75786302,MJU65030603,"Tube,Connector",AJR75786302-F&T-2,자동매핑,
AJR75786302,MJU65030604,"Tube,Connector",AJR75786302-F&T-2,자동매핑,
AJR75786302,RAC30599327,Solder Soldering,AJR75786302-F&T-2,자동매핑,
AJR75802401,3H01582E,Tie,(도번직결),도번직하위,
AJR75802401,5210A28001G,"Tube,Return Bending",(도번직결),도번직하위,
AJR75802401,MEG66660106,"Holder,Tubing",(도번직결),도번직하위,
AJR75802401,MJU65026101,"Tube,Manifold",(도번직결),도번직하위,
AJR75802401,MJU65026201,"Tube,Connector",(도번직결),도번직하위,
AJR75802401,MJU65026202,"Tube,Connector",(도번직결),도번직하위,
AJR75802501,3H01582A,Tie,(도번직결),도번직하위,
AJR75802501,3H01582E,Tie,(도번직결),도번직하위,
AJR75802501,3H03659L,Strainer,AJR75802501-1-2,자동매핑,
AJR75802501,EAP65270704,"Coil Module,Expansion",(도번직결),도번직하위,
AJR75802501,MEG66660102,"Holder,Tubing",(도번직결),도번직하위,
AJR75802501,MEV59454505,Insulator,(도번직결),도번직하위,
AJR75802501,MJU65286901,"Tube,Connector",AJR75802501-1-2,자동매핑,
AJR75802501,MJU65286902,"Tube,Connector",AJR75802501-1-1,자동매핑,
AJR75802501,MJU65286903,"Tube,Connector",AJR75802501-1-2,자동매핑,
AJR75802501,MJU65286904,"Tube,Connector",AJR75802501-1-1,자동매핑,
AJR75802501,MJX63991901,"Valve,Expansion Body",(도번직결),도번직하위,
AJR75802609,5210A23376A,"Tube,Connector",(도번직결),도번직하위,
AJR75802609,EBD64385802,"Sensor Module,Pressure(W",(도번직결),도번직하위,
AJR75802609,MBL68420201,Cap,(도번직결),도번직하위,
AJR75802609,MEV67693201,Insulator,(도번직결),도번직하위,
AJR75802609,MGZ65527203,"Ring,O",(도번직결),도번직하위,
AJR75802609,MHT54371601,"Socket,Flare",(도번직결),도번직하위,
AJR75802609,MJU64987206,Tube,(도번직결),도번직하위,
AJR75802609,MJU65006415,"Tube,Connector",(도번직결),도번직하위,
AJR75802609,RAC30599327,Solder Soldering,(도번직결),도번직하위,
AJR75804101,3H01582C,Tie,(도번직결),도번직하위,
AJR75804101,3H01582E,Tie,(도번직결),도번직하위,
AJR75804101,5210A23089D,"Tube,Pinch Off",(도번직결),도번직하위,
AJR75804101,6141A20010U,Solenoid,(도번직결),도번직하위,
AJR75804101,EBD64386504,"Sensor Module,Pressure",(도번직결),도번직하위,
AJR75804101,EBD64386505,"Sensor Module,Pressure",(도번직결),도번직하위,
AJR75804101,EBF40271416,"Switch,Pressure",(도번직결),도번직하위,
AJR75804101,MEG66660106,"Holder,Tubing",(도번직결),도번직하위,
AJR75804101,MEV39836107,Insulator,(도번직결),도번직하위,
AJR75804101,MJC62301702,Strainer,(도번직결),도번직하위,
AJR75804101,MJU64688701,"Tube,Connector",(도번직결),도번직하위,
AJR75804101,MJU64731708,"Tube,Connector",(도번직결),도번직하위,
AJR75804101,MJU64930003,"Tube,Connector",(도번직결),도번직하위,
AJR75804102,5210A23089D,"Tube,Pinch Off",(도번직결),도번직하위,
AJR75804102,5220A20039A,"Valve,Reverse",(도번직결),도번직하위,
AJR75804102,6141A20010W,Solenoid,(도번직결),도번직하위,
AJR75804102,EBD64386504,"Sensor Module,Pressure",(도번직결),도번직하위,
AJR75804102,EBD64386505,"Sensor Module,Pressure",(도번직결),도번직하위,
AJR75804102,EBF40271416,"Switch,Pressure",(도번직결),도번직하위,
AJR75804102,MJC62301702,Strainer,(도번직결),도번직하위,
AJR75804102,MJU64688601,"Tube,Connector",(도번직결),도번직하위,
AJR75804102,MJU64688706,"Tube,Connector",(도번직결),도번직하위,
AJR75804102,MJU64688801,"Tube,Connector",(도번직결),도번직하위,
AJR75804102,MJU64731708,"Tube,Connector",(도번직결),도번직하위,
AJR75804102,MJU64930003,"Tube,Connector",(도번직결),도번직하위,
AJR75804103,5210A23089D,"Tube,Pinch Off",(도번직결),도번직하위,
AJR75804103,5220A20039A,"Valve,Reverse",(도번직결),도번직하위,
AJR75804103,6141A20010W,Solenoid,(도번직결),도번직하위,
AJR75804103,EBD64386504,"Sensor Module,Pressure",(도번직결),도번직하위,
AJR75804103,EBD64386505,"Sensor Module,Pressure",(도번직결),도번직하위,
AJR75804103,EBF40271416,"Switch,Pressure",(도번직결),도번직하위,
AJR75804103,MJC62301702,Strainer,(도번직결),도번직하위,
AJR75804103,MJU63301405,"Tube,Connector",(도번직결),도번직하위,
AJR75804103,MJU64688601,"Tube,Connector",(도번직결),도번직하위,
AJR75804103,MJU64688706,"Tube,Connector",(도번직결),도번직하위,
AJR75804103,MJU64688804,"Tube,Connector",(도번직결),도번직하위,
AJR75804103,MJU64731708,"Tube,Connector",(도번직결),도번직하위,
AJR75804103,MJU64930003,"Tube,Connector",(도번직결),도번직하위,
AJR75805201,MJU65048501,"Tube,Connector",(도번직결),도번직하위,
AJR75805201,MJU65048502,"Tube,Connector",(도번직결),도번직하위,
AJR75805201,MJU65048503,"Tube,Connector",(도번직결),도번직하위,
AJR75805201,MJU65048504,"Tube,Connector",(도번직결),도번직하위,
AJR75805301,4A00114E,"Tube,Connector",(도번직결),도번직하위,
AJR75805301,MJU65048401,"Tube,Connector",(도번직결),도번직하위,
AJR75805301,MJU65048402,"Tube,Connector",(도번직결),도번직하위,
AJR75805301,MJU65048403,"Tube,Connector",(도번직결),도번직하위,
AJR75805301,MJU65048404,"Tube,Connector",(도번직결),도번직하위,
AJR75826401,4930A20053B,"Holder,Sensor",(도번직결),도번직하위,
AJR75826401,5014A20009F,"Damper,Tube",(도번직결),도번직하위,
AJR75826401,5210A22409A,"Tube,Connector",(도번직결),도번직하위,
AJR75826401,5220A90008H,"Valve,Solenoid",(도번직결),도번직하위,
AJR75826401,5224A20005X,Strainer,(도번직결),도번직하위,
AJR75826401,6141A20050Y,Solenoid,(도번직결),도번직하위,
AJR75826401,MEG66660104,"Holder,Tubing",(도번직결),도번직하위,
AJR75826401,MJU65048701,"Tube,Connector",(도번직결),도번직하위,
AJR75826401,MJU65048702,"Tube,Connector",(도번직결),도번직하위,
AJR75826401,MJU65048703,"Tube,Connector",(도번직결),도번직하위,
AJR75826401,MJU65048704,"Tube,Connector",(도번직결),도번직하위,
AJR75826401,MJU65048705,"Tube,Connector",(도번직결),도번직하위,
AJR75826401,MJU65048706,"Tube,Connector",(도번직결),도번직하위,
AJR75826401,MJU65048707,"Tube,Connector",(도번직결),도번직하위,
AJR75826401,MJU65048708,"Tube,Connector",(도번직결),도번직하위,
AJR75827603,5410A20111N,"Damper,Butyl",(도번직결),도번직하위,
AJR75827603,7250AR3866W,"Damper,Butyl",(도번직결),도번직하위,
AJR75827603,AJR75827805,"Tube Assembly,Expansion",(도번직결),도번직하위,
AJR75827603,AJR75828001,"Tube Assembly,Manifold(I",(도번직결),도번직하위,
AJR75827603,MEV35967118,"Insulator,Tube",(도번직결),도번직하위,
AJR75827603,MEV59660033,Insulator,(도번직결),도번직하위,
AJR75923201,4848A20007H,Accumulator,(도번직결),도번직하위,
AJR75923201,5014A20009A,"Damper,Tube",(도번직결),도번직하위,
AJR75923201,5014A30001A,"Damper,Tube",(도번직결),도번직하위,
AJR75923201,5410A30061T,"Insulator,Foam",(도번직결),도번직하위,
AJR75923201,EBD60663822,"Sensor,Pressure",AJR75923201-S2-3,자동매핑,
AJR75923201,MCQ66969708,"Damper,Tube",(도번직결),도번직하위,
AJR75923201,MEV39836107,Insulator,(도번직결),도번직하위,
AJR75923201,MJU65148201,"Tube,Connector",AJR75923201-S2-1,자동매핑,
AJR75923201,MJU65148302,"Tube,Connector",AJR75923201-S2-1,자동매핑,
AJR75923201,MJU65148303,"Tube,Connector",(도번직결),도번직하위,
AJR75962501,3H01582A,Tie,(도번직결),도번직하위,
AJR75962501,4A00114D,"Tube,Connector",(도번직결),도번직하위,
AJR75962501,5040A20026A,Damper,(도번직결),도번직하위,
AJR75962501,5220A90008Q,"Valve,Solenoid",(도번직결),도번직하위,
AJR75962501,EBE61083214,Solenoid,(도번직결),도번직하위,
AJR75962501,EBE61083215,Solenoid,(도번직결),도번직하위,
AJR75962501,MEG66660106,"Holder,Tubing",(도번직결),도번직하위,
AJR75962501,MJU61943608,"Tube,Capillary Bending",AJR75962501-S1-2,자동매핑,
AJR75962501,MJU65207201,"Tube,Connector",AJR75962501-S1-2,자동매핑,
AJR75962501,MJU65207202,"Tube,Connector",AJR75962501-S1-2,자동매핑,
AJR75962501,MJU65207301,"Tube,Connector",(도번직결),도번직하위,
AJR75962501,MJU65207302,"Tube,Connector",(도번직결),도번직하위,
AJR75962501,MJU65207303,"Tube,Connector",(도번직결),도번직하위,
AJR75983001,3A02080B,"Valve,Reverse",(도번직결),도번직하위,
AJR75983001,3H01582A,Tie,(도번직결),도번직하위,
AJR75983001,3H01582E,Tie,(도번직결),도번직하위,
AJR75983001,4930A20053B,"Holder,Sensor",AJR75983001-7-1,자동매핑,
AJR75983001,5014A20009E,"Damper,Tube",(도번직결),도번직하위,
AJR75983001,5210A22409A,"Tube,Connector",(도번직결),도번직하위,
AJR75983001,5210A22409B,"Tube,Connector",AJR75983001-7-1,자동매핑,
AJR75983001,5210A23376A,"Tube,Connector",(도번직결),도번직하위,
AJR75983001,5410A21281A,"Insulator,Tube",(도번직결),도번직하위,
AJR75983001,5410A30279C,"Insulator,Tube",(도번직결),도번직하위,
AJR75983001,AAB35754002,Accumulator Assembly,(도번직결),도번직하위,
AJR75983001,EAD62115302,"Drawing,Assembly",(도번직결),도번직하위,
AJR75983001,EBD60663821,"Sensor,Pressure",(도번직결),도번직하위,
AJR75983001,EBF60974904,"Switch,Pressure",(도번직결),도번직하위,
AJR75983001,FAB30166601,"Screw,Taptite",(도번직결),도번직하위,
AJR75983001,MCQ69127301,"Damper,Rubber",(도번직결),도번직하위,
AJR75983001,MEV39836107,Insulator,(도번직결),도번직하위,
AJR75983001,MFS62323001,Muffler,AJR75983001-7-1,자동매핑,
AJR75983001,MJU65187801,"Tube,Connector",(도번직결),도번직하위,
AJR75983001,MJU65187802,"Tube,Connector",(도번직결),도번직하위,
AJR75983001,MJU65187803,"Tube,Connector",(도번직결),도번직하위,
AJR75983001,MJU65187804,"Tube,Connector",AJR75983001-7-1,자동매핑,
AJR75983001,MJU65187805,"Tube,Connector",AJR75983001-7-1,자동매핑,
AJR75983001,MJU65187806,"Tube,Connector",(도번직결),도번직하위,
AJR75983001,MJU65187807,"Tube,Connector",(도번직결),도번직하위,
AJR75983003,3A02080B,"Valve,Reverse",(도번직결),도번직하위,
AJR75983003,3H01582A,Tie,(도번직결),도번직하위,
AJR75983003,3H01582E,Tie,(도번직결),도번직하위,
AJR75983003,4930A20053B,"Holder,Sensor",AJR75983001-7-1,자동매핑,
AJR75983003,5014A20009E,"Damper,Tube",(도번직결),도번직하위,
AJR75983003,5210A22409A,"Tube,Connector",(도번직결),도번직하위,
AJR75983003,5210A22409B,"Tube,Connector",AJR75983001-7-1,자동매핑,
AJR75983003,5210A23376A,"Tube,Connector",(도번직결),도번직하위,
AJR75983003,5410A21281A,"Insulator,Tube",(도번직결),도번직하위,
AJR75983003,5410A30279C,"Insulator,Tube",(도번직결),도번직하위,
AJR75983003,AAB35754002,Accumulator Assembly,(도번직결),도번직하위,
AJR75983003,EAD62115302,"Drawing,Assembly",(도번직결),도번직하위,
AJR75983003,EBD60663821,"Sensor,Pressure",(도번직결),도번직하위,
AJR75983003,FAB30166601,"Screw,Taptite",(도번직결),도번직하위,
AJR75983003,MCQ69127301,"Damper,Rubber",(도번직결),도번직하위,
AJR75983003,MEV39836107,Insulator,(도번직결),도번직하위,
AJR75983003,MFS62323001,Muffler,AJR75983001-7-1,자동매핑,
AJR75983003,MJU65187803,"Tube,Connector",(도번직결),도번직하위,
AJR75983003,MJU65187804,"Tube,Connector",AJR75983001-7-1,자동매핑,
AJR75983003,MJU65187805,"Tube,Connector",AJR75983001-7-1,자동매핑,
AJR75983003,MJU65187813,"Tube,Connector",(도번직결),도번직하위,
AJR75983003,MJU65187814,"Tube,Connector",(도번직결),도번직하위,
AJR75983005,3A02080B,"Valve,Reverse",(도번직결),도번직하위,
AJR75983005,3H01582A,Tie,(도번직결),도번직하위,
AJR75983005,3H01582E,Tie,(도번직결),도번직하위,
AJR75983005,4930A20053B,"Holder,Sensor",AJR75983005-7-1,자동매핑,
AJR75983005,4H00363M,"Damper,Tube",(도번직결),도번직하위,
AJR75983005,5014A20009E,"Damper,Tube",(도번직결),도번직하위,
AJR75983005,5014A30014B,"Damper,Tube",(도번직결),도번직하위,
AJR75983005,5210A22409A,"Tube,Connector",(도번직결),도번직하위,
AJR75983005,5210A22409B,"Tube,Connector",AJR75983005-7-1,자동매핑,
AJR75983005,5210A23376A,"Tube,Connector",(도번직결),도번직하위,
AJR75983005,5410A21281A,"Insulator,Tube",(도번직결),도번직하위,
AJR75983005,5410A30279C,"Insulator,Tube",(도번직결),도번직하위,
AJR75983005,AAB35754002,Accumulator Assembly,(도번직결),도번직하위,
AJR75983005,EAD62115302,"Drawing,Assembly",(도번직결),도번직하위,
AJR75983005,EBD60663821,"Sensor,Pressure",(도번직결),도번직하위,
AJR75983005,EBF60974904,"Switch,Pressure",(도번직결),도번직하위,
AJR75983005,FAB30166601,"Screw,Taptite",(도번직결),도번직하위,
AJR75983005,MCQ69127301,"Damper,Rubber",(도번직결),도번직하위,
AJR75983005,MEV39836107,Insulator,(도번직결),도번직하위,
AJR75983005,MFS62323001,Muffler,AJR75983005-7-1,자동매핑,
AJR75983005,MJU65187801,"Tube,Connector",(도번직결),도번직하위,
AJR75983005,MJU65187802,"Tube,Connector",(도번직결),도번직하위,
AJR75983005,MJU65187803,"Tube,Connector",(도번직결),도번직하위,
AJR75983005,MJU65187806,"Tube,Connector",(도번직결),도번직하위,
AJR75983005,MJU65187817,"Tube,Connector",AJR75983005-7-1,자동매핑,
AJR75983005,MJU65187818,"Tube,Connector",AJR75983005-7-1,자동매핑,
AJR75983005,MJU65187819,"Tube,Connector",(도번직결),도번직하위,
AJR75983008,3H01582A,Tie,(도번직결),도번직하위,
AJR75983008,3H01582E,Tie,(도번직결),도번직하위,
AJR75983008,4930A20053B,"Holder,Sensor",AJR75983001-7-1,자동매핑,
AJR75983008,5014A20009E,"Damper,Tube",(도번직결),도번직하위,
AJR75983008,5210A22409A,"Tube,Connector",(도번직결),도번직하위,
AJR75983008,5210A22409B,"Tube,Connector",AJR75983001-7-1,자동매핑,
AJR75983008,5210A23376A,"Tube,Connector",(도번직결),도번직하위,
AJR75983008,5410A21281A,"Insulator,Tube",(도번직결),도번직하위,
AJR75983008,5410A30279C,"Insulator,Tube",(도번직결),도번직하위,
AJR75983008,AAB35754002,Accumulator Assembly,(도번직결),도번직하위,
AJR75983008,EAP64467708,"Coil Assembly,Reverse",(도번직결),도번직하위,
AJR75983008,EBD60663821,"Sensor,Pressure",(도번직결),도번직하위,
AJR75983008,FAB30166601,"Screw,Taptite",(도번직결),도번직하위,
AJR75983008,MCQ69127301,"Damper,Rubber",(도번직결),도번직하위,
AJR75983008,MEV39836107,Insulator,(도번직결),도번직하위,
AJR75983008,MFS62323001,Muffler,AJR75983001-7-1,자동매핑,
AJR75983008,MJU65187801,"Tube,Connector",(도번직결),도번직하위,
AJR75983008,MJU65187803,"Tube,Connector",(도번직결),도번직하위,
AJR75983008,MJU65187804,"Tube,Connector",AJR75983001-7-1,자동매핑,
AJR75983008,MJU65187805,"Tube,Connector",AJR75983001-7-1,자동매핑,
AJR75983008,MJU65187814,"Tube,Connector",(도번직결),도번직하위,
AJR75983008,MJX63491603,"Valve,Reverse",(도번직결),도번직하위,
AJR75983010,3H01582A,Tie,(도번직결),도번직하위,
AJR75983010,3H01582E,Tie,(도번직결),도번직하위,
AJR75983010,4930A20053B,"Holder,Sensor",AJR75983001-7-1,자동매핑,
AJR75983010,5014A20009E,"Damper,Tube",(도번직결),도번직하위,
AJR75983010,5210A22409A,"Tube,Connector",(도번직결),도번직하위,
AJR75983010,5210A22409B,"Tube,Connector",AJR75983001-7-1,자동매핑,
AJR75983010,5210A23376A,"Tube,Connector",5211A22074A-1,자동매핑,
AJR75983010,AAB35754002,Accumulator Assembly,(도번직결),도번직하위,
AJR75983010,EAP64467707,"Coil Assembly,Reverse",(도번직결),도번직하위,
AJR75983010,EBD60663821,"Sensor,Pressure",(도번직결),도번직하위,
AJR75983010,FAB30166601,"Screw,Taptite",(도번직결),도번직하위,
AJR75983010,MCQ69127301,"Damper,Rubber",(도번직결),도번직하위,
AJR75983010,MEV39836107,Insulator,(도번직결),도번직하위,
AJR75983010,MFS62323001,Muffler,AJR75983001-7-1,자동매핑,
AJR75983010,MJU65187803,"Tube,Connector",(도번직결),도번직하위,
AJR75983010,MJU65187804,"Tube,Connector",AJR75983001-7-1,자동매핑,
AJR75983010,MJU65187805,"Tube,Connector",AJR75983001-7-1,자동매핑,
AJR75983010,MJU65187806,"Tube,Connector",(도번직결),도번직하위,
AJR75983010,MJU65187807,"Tube,Connector",(도번직결),도번직하위,
AJR75983010,MJU65187824,"Tube,Connector",(도번직결),도번직하위,
AJR75983010,MJU65187825,"Tube,Connector",(도번직결),도번직하위,
AJR75983010,MJX63491603,"Valve,Reverse",(도번직결),도번직하위,
AJR76164201,MJU65533801,"Tube,Connector",(도번직결),도번직하위,
AJR76164201,MJU65533901,"Tube,Connector",(도번직결),도번직하위,
AJR76164201,MJU65534001,"Tube,Connector",(도번직결),도번직하위,
AJR76164202,MJU65533802,"Tube,Connector",(도번직결),도번직하위,
AJR76164202,MJU65533902,"Tube,Connector",(도번직결),도번직하위,
AJR76164202,MJU65534002,"Tube,Connector",(도번직결),도번직하위,
AJR76264102,3H01582A,Tie,(도번직결),도번직하위,
AJR76264102,MEG66660103,"Holder,Tubing",(도번직결),도번직하위,
AJR76264102,MJU64729803,"Tube,Connector",(도번직결),도번직하위,
AJR76264102,MJU65529701,"Tube,Connector",AJR76264102-19-1,자동매핑,
AJR76264102,MJU65529702,"Tube,Connector",AJR76264102-19-2,자동매핑,
AJR76264102,MJU65529703,"Tube,Connector",AJR76264102-19-3,자동매핑,
AJR76264102,MJU65529704,"Tube,Connector",(도번직결),도번직하위,
AJR76264102,MJU65529705,"Tube,Connector",(도번직결),도번직하위,
AJR76264102,MJU65529706,"Tube,Connector",(도번직결),도번직하위,
AJR76264102,MJU65529707,"Tube,Connector",(도번직결),도번직하위,
AJR76264102,MJU65529708,"Tube,Connector",(도번직결),도번직하위,
AJR76264102,MJU65529709,"Tube,Connector",(도번직결),도번직하위,
AJR76264102,MJU65529710,"Tube,Connector",(도번직결),도번직하위,
AJR76264102,MJU65529711,"Tube,Connector",(도번직결),도번직하위,
AJR76264102,MJU65529712,"Tube,Connector",(도번직결),도번직하위,
AJR76264102,MJU65529713,"Tube,Connector",(도번직결),도번직하위,
AJR76264102,MJU65529714,"Tube,Connector",(도번직결),도번직하위,
AJR76264102,MJU65529715,"Tube,Connector",(도번직결),도번직하위,
AJR76264102,MJU65529716,"Tube,Connector",(도번직결),도번직하위,
AJR76264102,MJU65529901,"Tube,Connector",AJR76264102-19-1,자동매핑,
AJR76264102,MJU65529902,"Tube,Connector",AJR76264102-19-2,자동매핑,
AJR76264102,MJU65529903,"Tube,Connector",AJR76264102-19-3,자동매핑,
AJR76264102,MJU65550101,"Tube,Distributor",(도번직결),도번직하위,
AJR76302601,3H01582E,Tie,(도번직결),도번직하위,
AJR76302601,4930A20053B,"Holder,Sensor",(도번직결),도번직하위,
AJR76302601,5014A30001B,"Damper,Tube",(도번직결),도번직하위,
AJR76302601,5210A22409B,"Tube,Connector",(도번직결),도번직하위,
AJR76302601,MEG66660106,"Holder,Tubing",(도번직결),도번직하위,
AJR76302601,MJU65566501,"Tube,Connector",(도번직결),도번직하위,
AJR76302601,MJU65566601,"Tube,Connector",(도번직결),도번직하위,
AJR76302601,MJU65566701,"Tube,Connector",(도번직결),도번직하위,
AJR76302601,MJU65566801,"Tube,Connector",(도번직결),도번직하위,
AJR76322601,1SZZA20001L,"Screw,Customized",(도번직결),도번직하위,
AJR76322601,4A00114A,"Tube,Connector",AJR76322601-S1-4,자동매핑,
AJR76322601,5224A20002W,Strainer,AJR76322601-4-1,자동매핑,
AJR76322601,5410A20217B,"Insulator,Felt",MAZ64571801,자동매핑,
AJR76322601,AJR76322701,"Tube Assembly,Solenoide",AJR76322601-S1-1,자동매핑,
AJR76322601,AJR76322801,"Tube Assembly,Solenoide",AJR76322601-S1-1,자동매핑,
AJR76322601,AJU36719715,Valve Assembly,AJR76322601-S1-1,자동매핑,
AJR76322601,AJU73472406,Valve Assembly,AJR76322601-S1-3,자동매핑,
AJR76322601,EBE60661415,Solenoid,(도번직결),도번직하위,
AJR76322601,EBE60661416,Solenoid,(도번직결),도번직하위,
AJR76322601,EBE61083212,Solenoid,(도번직결),도번직하위,
AJR76322601,MAZ64571701,Bracket,(도번직결),도번직하위,
AJR76322601,MAZ64571801,Bracket,(도번직결),도번직하위,
AJR76322601,MJU65626401,"Tube,Connector",AJR76322601-S1-1,자동매핑,
AJR76322601,MJU65626402,"Tube,Connector",AJR76322601-S1-1,자동매핑,
AJR76322601,MJU65626403,"Tube,Connector",AJR76322601-S1-3,자동매핑,
AJR76322601,MJU65626503,"Tube,Connector",AJR76322601-4-1,자동매핑,
AJR76322601,MJU65626504,"Tube,Connector",AJR76322601-4-1,자동매핑,
AJR76322601,MJU65626505,"Tube,Connector",AJR76322601-S1-1,자동매핑,
AJR76322601,MJU65626507,"Tube,Connector",AJR76322601-S1-4,자동매핑,
AJR76322601,MJU65626508,"Tube,Connector",AJR76322601-S1-2,자동매핑,
AJR76322601,MJX62771705,"Valve,Check",AJR76322601-S1-4,자동매핑,
AJR76362801,4A00114K,"Tube,Connector",(도번직결),도번직하위,
AJR76362801,MJU65587701,"Tube,Connector",(도번직결),도번직하위,
AJR76362801,MJU65587801,"Tube,Connector",(도번직결),도번직하위,
AJR76362801,MJU65587802,"Tube,Connector",(도번직결),도번직하위,
AJR76363001,1SZZA20001L,"Screw,Customized",(도번직결),도번직하위,
AJR76363001,3H01582A,Tie,(도번직결),도번직하위,
AJR76363001,4A00114E,"Tube,Connector",AJR76363001-S1-2,자동매핑,
AJR76363001,4H00947J,"Nut,Common",(도번직결),도번직하위,
AJR76363001,5014A20009B,"Damper,Tube",(도번직결),도번직하위,
AJR76363001,5210A22409A,"Tube,Connector",AJR76363001-S1-2,자동매핑,
AJR76363001,5220A90008H,"Valve,Solenoid",AJR76363001-S1-4,자동매핑,
AJR76363001,5220A90008K,"Valve,Solenoid",AJR76363001-S1-3,자동매핑,
AJR76363001,5224A20005G,Strainer,AJR76363001-S1-1,자동매핑,
AJR76363001,5410A20217B,"Insulator,Felt",(도번직결),도번직하위,
AJR76363001,AAB73970501,Accumulator Assembly,(도번직결),도번직하위,
AJR76363001,AJU36719729,Valve Assembly,AJR76363001-S1-1,자동매핑,
AJR76363001,EAP64286403,"Coil Assembly,Solenoid",(도번직결),도번직하위,
AJR76363001,EAP64286405,"Coil Assembly,Solenoid",(도번직결),도번직하위,
AJR76363001,EAP64286603,"Coil Assembly,Expansion",(도번직결),도번직하위,
AJR76363001,MAZ30045801,Bracket,(도번직결),도번직하위,
AJR76363001,MAZ64825301,Bracket,(도번직결),도번직하위,
AJR76363001,MDE62321701,"Exchanger,Plate",AJR76363001-S1-2,자동매핑,
AJR76363001,MEG66660106,"Holder,Tubing",(도번직결),도번직하위,
AJR76363001,MEV39836107,Insulator,(도번직결),도번직하위,
AJR76363001,MJU00695801,"Tube,Connector",(도번직결),도번직하위,
AJR76363001,MJU42938502,"Tube,Connector",AJR76363001-S1-5,자동매핑,
AJR76363001,MJU64387101,"Tube,Connector",AJR76363001-S1-4,자동매핑,
AJR76363001,MJU65486401,"Tube,Connector",AJR76363001-S1-2,자동매핑,
AJR76363001,MJU65486405,"Tube,Connector",AJR76363001-S1-1,자동매핑,
AJR76363001,MJU65486408,"Tube,Connector",AJR76363001-S1-2,자동매핑,
AJR76363001,MJU65486409,"Tube,Connector",AJR76363001-S1-2,자동매핑,
AJR76363001,MJU65486416,"Tube,Connector",AJR76363001-S1-5,자동매핑,
AJR76363001,MJU65486418,"Tube,Connector",AJR76363001-S1-4,자동매핑,
AJR76363001,MJU65486419,"Tube,Connector",AJR76363001-S1-2,자동매핑,
AJR76363001,MJU65588301,"Tube,Connector",AJR76363001-S1-2,자동매핑,
AJR76363001,MJU65588303,"Tube,Connector",AJR76363001-S1-1,자동매핑,
AJR76363001,MJU65588306,"Tube,Connector",AJR76363001-S1-1,자동매핑,
AJR76363001,MJU65588308,"Tube,Connector",AJR76363001-S1-1,자동매핑,
AJR76363001,MJU65588310,"Tube,Connector",AJR76363001-S1-5,자동매핑,
AJR76363001,MJX63992003,"Valve,Expansion Body",AJR76363001-S1-2,자동매핑,
AJR76363002,1SZZA20001L,"Screw,Customized",(도번직결),도번직하위,
AJR76363002,3H01582A,Tie,(도번직결),도번직하위,
AJR76363002,4A00114E,"Tube,Connector",AJR76363002-S3-1,자동매핑,
AJR76363002,4H00947J,"Nut,Common",(도번직결),도번직하위,
AJR76363002,5210A22409A,"Tube,Connector",AJR76363002-S3-1,자동매핑,
AJR76363002,5220A90008H,"Valve,Solenoid",AJR76363002-S3-1,자동매핑,
AJR76363002,5220A90008K,"Valve,Solenoid",AJR76363002-S3-1,자동매핑,
AJR76363002,5224A20005G,Strainer,AJR76363002-S3-3,자동매핑,
AJR76363002,5410A20217B,"Insulator,Felt",(도번직결),도번직하위,
AJR76363002,AAB73970501,Accumulator Assembly,(도번직결),도번직하위,
AJR76363002,AJU36719730,Valve Assembly,(도번직결),도번직하위,
AJR76363002,EAP64286404,"Coil Assembly,Solenoid",(도번직결),도번직하위,
AJR76363002,EAP64286407,"Coil Assembly,Solenoid",(도번직결),도번직하위,
AJR76363002,EAP64286604,"Coil Assembly,Expansion",AJR76363002-S3-1,자동매핑,
AJR76363002,MAZ30045801,Bracket,(도번직결),도번직하위,
AJR76363002,MAZ64825301,Bracket,(도번직결),도번직하위,
AJR76363002,MDE62321701,"Exchanger,Plate",(도번직결),도번직하위,
AJR76363002,MEG66660106,"Holder,Tubing",(도번직결),도번직하위,
AJR76363002,MEV39836107,Insulator,(도번직결),도번직하위,
AJR76363002,MJU00697601,"Tube,Connector",(도번직결),도번직하위,
AJR76363002,MJU64387101,"Tube,Connector",AJR76363002-S3-1,자동매핑,
AJR76363002,MJU65486401,"Tube,Connector",AJR76363002-S3-1,자동매핑,
AJR76363002,MJU65486408,"Tube,Connector",AJR76363002-S3-1,자동매핑,
AJR76363002,MJU65486409,"Tube,Connector",AJR76363002-S3-1,자동매핑,
AJR76363002,MJU65486418,"Tube,Connector",AJR76363002-S3-1,자동매핑,
AJR76363002,MJU65486419,"Tube,Connector",AJR76363002-S3-1,자동매핑,
AJR76363002,MJU65588302,"Tube,Connector",(도번직결),도번직하위,
AJR76363002,MJU65588303,"Tube,Connector",AJR76363002-S3-3,자동매핑,
AJR76363002,MJU65588304,"Tube,Connector",AJR76363002-S3-3,자동매핑,
AJR76363002,MJU65588307,"Tube,Connector",AJR76363002-S3-1,자동매핑,
AJR76363002,MJX63992003,"Valve,Expansion Body",AJR76363002-S3-1,자동매핑,
AJR76363201,3H03659C,Strainer,AJR76363201-1-1,자동매핑,
AJR76363201,3H03659M,Strainer,AJR76363201-1-2,자동매핑,
AJR76363201,5220A90013J,"Valve,Expansion Body",(도번직결),도번직하위,
AJR76363201,EAP65270708,"Coil Module,Expansion",(도번직결),도번직하위,
AJR76363201,MEV39836107,Insulator,(도번직결),도번직하위,
AJR76363201,MJU65630503,"Tube,Connector",AJR76363201-1-1,자동매핑,
AJR76363201,MJU65630504,"Tube,Connector",AJR76363201-1-2,자동매핑,
AJR76363201,MJU65630505,"Tube,Connector",AJR76363201-1-2,자동매핑,
AJR76402407,1MPC0502018,"Screw,Machine",(도번직결),도번직하위,
AJR76402407,3H01582C,Tie,(도번직결),도번직하위,
AJR76402407,3H01582E,Tie,(도번직결),도번직하위,
AJR76402407,4010AR3071N,"Socket,Flare",AJR76402407-SOCKET,자동매핑,
AJR76402407,4A00114G,"Tube,Connector",(도번직결),도번직하위,
AJR76402407,5014A20009C,"Damper,Tube",(도번직결),도번직하위,
AJR76402407,5210A22409A,"Tube,Connector",(도번직결),도번직하위,
AJR76402407,5210A23344N,"Tube,Coupling",(도번직결),도번직하위,
AJR76402407,5224A20005P,Strainer,(도번직결),도번직하위,
AJR76402407,5410A30055S,"Insulator,Tube",(도번직결),도번직하위,
AJR76402407,6141A20010U,Solenoid,(도번직결),도번직하위,
AJR76402407,EBD64386504,"Sensor Module,Pressure",(도번직결),도번직하위,
AJR76402407,EBD64386505,"Sensor Module,Pressure",(도번직결),도번직하위,
AJR76402407,EBF40271416,"Switch,Pressure",(도번직결),도번직하위,
AJR76402407,MEG66660102,"Holder,Tubing",(도번직결),도번직하위,
AJR76402407,MEG66660106,"Holder,Tubing",(도번직결),도번직하위,
AJR76402407,MEV39836107,Insulator,(도번직결),도번직하위,
AJR76402407,MEV61853101,Insulator,(도번직결),도번직하위,
AJR76402407,MJU62096501,"Tube,Connector",AJR76402407-SOCKET,자동매핑,
AJR76402407,MJU65686703,"Tube,Connector",(도번직결),도번직하위,
AJR76402407,MJU66466101,"Tube,Connector",(도번직결),도번직하위,
AJR76402407,MJU66466201,"Tube,Connector",(도번직결),도번직하위,
AJR76402407,MJU66466202,"Tube,Connector",(도번직결),도번직하위,
AJR76402407,MJU66466301,"Tube,Connector",(도번직결),도번직하위,
AJR76402407,MJU66466302,"Tube,Connector",(도번직결),도번직하위,
AJR76402407,MJU66466402,"Tube,Connector",(도번직결),도번직하위,
AJR76402407,MJU66466404,"Tube,Connector",(도번직결),도번직하위,
AJR76402407,MJU66902501,"Tube,Connector",(도번직결),도번직하위,
AJR76402409,1MPC0502018,"Screw,Machine",(도번직결),도번직하위,
AJR76402409,3H01582C,Tie,(도번직결),도번직하위,
AJR76402409,3H01582E,Tie,(도번직결),도번직하위,
AJR76402409,4010AR3071N,"Socket,Flare",AJR76402409-은납,자동매핑,
AJR76402409,4A00114G,"Tube,Connector",(도번직결),도번직하위,
AJR76402409,5014A20009C,"Damper,Tube",(도번직결),도번직하위,
AJR76402409,5210A22409A,"Tube,Connector",(도번직결),도번직하위,
AJR76402409,5210A23344N,"Tube,Coupling",(도번직결),도번직하위,
AJR76402409,5410A30055S,"Insulator,Tube",(도번직결),도번직하위,
AJR76402409,6141A20010U,Solenoid,(도번직결),도번직하위,
AJR76402409,EBD64386504,"Sensor Module,Pressure",(도번직결),도번직하위,
AJR76402409,EBD64386505,"Sensor Module,Pressure",(도번직결),도번직하위,
AJR76402409,EBF40271416,"Switch,Pressure",(도번직결),도번직하위,
AJR76402409,MEG66660102,"Holder,Tubing",(도번직결),도번직하위,
AJR76402409,MEG66660106,"Holder,Tubing",(도번직결),도번직하위,
AJR76402409,MEV39836107,Insulator,(도번직결),도번직하위,
AJR76402409,MEV61853101,Insulator,(도번직결),도번직하위,
AJR76402409,MJU62096501,"Tube,Connector",AJR76402409-은납,자동매핑,
AJR76402409,MJU65686703,"Tube,Connector",(도번직결),도번직하위,
AJR76402409,MJU66466101,"Tube,Connector",(도번직결),도번직하위,
AJR76402409,MJU66466201,"Tube,Connector",(도번직결),도번직하위,
AJR76402409,MJU66466202,"Tube,Connector",(도번직결),도번직하위,
AJR76402409,MJU66466301,"Tube,Connector",(도번직결),도번직하위,
AJR76402409,MJU66466302,"Tube,Connector",(도번직결),도번직하위,
AJR76402409,MJU66466402,"Tube,Connector",(도번직결),도번직하위,
AJR76402409,MJU66902501,"Tube,Connector",(도번직결),도번직하위,
AJR76402409,MJX61911802,"Valve,Reverse",(도번직결),도번직하위,
AJR76442506,5256A30003U,Muffler,AJR76442502-3-1,자동매핑,
AJR76442506,MJU64868530,"Tube,Connector",AJR76442502-3-1,자동매핑,
AJR76442506,MJU65687102,"Tube,Connector",AJR76442502-삼화,자동매핑,
AJR76442506,MJU65687103,"Tube,Connector",AJR76442502-삼화,자동매핑,
AJR76442506,MJU65726803,"Tube,Connector",AJR76442502-삼화,자동매핑,
AJR76442506,MJU65726804,"Tube,Connector",AJR76442502-삼화,자동매핑,
AJR76442506,MJU65726805,"Tube,Connector",AJR76442502-3-1,자동매핑,
AJR76442507,5256A30003U,Muffler,AJR76442504-3-1,자동매핑,
AJR76442507,MJU64868558,"Tube,Connector",AJR76442504-3-1,자동매핑,
AJR76442507,MJU65687102,"Tube,Connector",AJR76442504-삼화,자동매핑,
AJR76442507,MJU65687103,"Tube,Connector",AJR76442504-삼화,자동매핑,
AJR76442507,MJU65726803,"Tube,Connector",AJR76442504-삼화,자동매핑,
AJR76442507,MJU65726810,"Tube,Connector",AJR76442504-삼화,자동매핑,
AJR76442507,MJU65726811,"Tube,Connector",AJR76442504-3-1,자동매핑,
AJR76442701,MJU65749901,"Tube,Connector",(도번직결),도번직하위,
AJR76442701,MJU65749902,"Tube,Connector",(도번직결),도번직하위,
AJR76442702,MJU64870520,"Tube,Connector",AJR76442702-S5-1,자동매핑,
AJR76442702,MJU65749904,"Tube,Connector",AJR76442702-S5-1,자동매핑,
AJR76442702,MJU65749905,"Tube,Connector",AJR76442702-S5-1,자동매핑,
AJR76462621,MJU65846927,"Tube,Connector",(도번직결),도번직하위,
AJR76462621,MJU65846929,"Tube,Connector",(도번직결),도번직하위,
AJR76462621,MJU66779315,"Tube,Connector",(도번직결),도번직하위,
AJR76462622,4930A20053B,"Holder,Sensor",(도번직결),도번직하위,
AJR76462622,MJU65548201,"Tube,Connector",(도번직결),도번직하위,
AJR76462622,MJU66779314,"Tube,Connector",(도번직결),도번직하위,
AJR76462622,MJU66779315,"Tube,Connector",(도번직결),도번직하위,
AJR76462622,MJU66779317,"Tube,Connector",(도번직결),도번직하위,
AJR76462629,4010AR3071N,"Socket,Flare",(도번직결),도번직하위,
AJR76462629,EBD60663821,"Sensor,Pressure",(도번직결),도번직하위,
AJR76462629,MJU65707420,"Tube,Connector",(도번직결),도번직하위,
AJR76462629,MJU66779316,"Tube,Connector",(도번직결),도번직하위,
AJR76462630,4010AR3071N,"Socket,Flare",(도번직결),도번직하위,
AJR76462630,EBD60663821,"Sensor,Pressure",(도번직결),도번직하위,
AJR76462630,MJU65707422,"Tube,Connector",(도번직결),도번직하위,
AJR76462630,MJU66779316,"Tube,Connector",(도번직결),도번직하위,
AJR76462632,4010AR3071N,"Socket,Flare",(도번직결),도번직하위,
AJR76462632,EBD60663821,"Sensor,Pressure",(도번직결),도번직하위,
AJR76462632,MJU65707424,"Tube,Connector",(도번직결),도번직하위,
AJR76462632,MJU66779316,"Tube,Connector",(도번직결),도번직하위,
AJR76502604,3H01582A,Tie,(도번직결),도번직하위,
AJR76502604,EAP65270705,"Coil Module,Expansion",(도번직결),도번직하위,
AJR76502604,MEG66660102,"Holder,Tubing",(도번직결),도번직하위,
AJR76502604,MEV39836107,Insulator,(도번직결),도번직하위,
AJR76502604,MJC62721911,Strainer,AJR76502604-3-2,자동매핑,
AJR76502604,MJU65789501,"Tube,Connector",AJR76502604-3-2,자동매핑,
AJR76502604,MJU65846908,"Tube,Connector",AJR76502604-3-1,자동매핑,
AJR76502604,MJU65846909,"Tube,Connector",AJR76502604-3-2,자동매핑,
AJR76502604,MJX63991901,"Valve,Expansion Body",(도번직결),도번직하위,
AJR76502605,3H01582A,Tie,(도번직결),도번직하위,
AJR76502605,4930A20053B,"Holder,Sensor",AJR76502605-13-2,자동매핑,
AJR76502605,4A00114D,"Tube,Connector",AJR76502605-13-1,자동매핑,
AJR76502605,5210A22409A,"Tube,Connector",AJR76502605-13-2,자동매핑,
AJR76502605,EAP65270703,"Coil Module,Expansion",(도번직결),도번직하위,
AJR76502605,EAP65270709,"Coil Module,Expansion",(도번직결),도번직하위,
AJR76502605,MEV39836107,Insulator,(도번직결),도번직하위,
AJR76502605,MFN62721711,Mesh,AJR76502605-13-1,자동매핑,
AJR76502605,MJH63775702,Supporter,(도번직결),도번직하위,
AJR76502605,MJU65846912,"Tube,Connector",AJR76502605-13-1,자동매핑,
AJR76502605,MJU65846913,"Tube,Connector",AJR76502605-1-1,자동매핑,
AJR76502605,MJU65846914,"Tube,Connector",AJR76502605-13-1,자동매핑,
AJR76502605,MJU65846915,"Tube,Connector",AJR76502605-13-1,자동매핑,
AJR76502605,MJU65846916,"Tube,Connector",AJR76502605-13-2,자동매핑,
AJR76502605,MJU65846917,"Tube,Connector",AJR76502605-1-1,자동매핑,
AJR76502605,MJU65846918,"Tube,Connector",(도번직결),도번직하위,
AJR76502605,MJX63991701,"Valve,Expansion Body",(도번직결),도번직하위,
AJR76502605,MJX63991901,"Valve,Expansion Body",(도번직결),도번직하위,
AJR76502606,3H01582A,Tie,(도번직결),도번직하위,
AJR76502606,4930A20053B,"Holder,Sensor",AJR76502606-13-2,자동매핑,
AJR76502606,4A00114D,"Tube,Connector",AJR76502606-13-1,자동매핑,
AJR76502606,5210A22409A,"Tube,Connector",AJR76502606-13-2,자동매핑,
AJR76502606,EAP65270704,"Coil Module,Expansion",(도번직결),도번직하위,
AJR76502606,EAP65270707,"Coil Module,Expansion",(도번직결),도번직하위,
AJR76502606,MEV39836107,Insulator,(도번직결),도번직하위,
AJR76502606,MFN62721711,Mesh,(도번직결),도번직하위,
AJR76502606,MJH63775702,Supporter,(도번직결),도번직하위,
AJR76502606,MJU65846917,"Tube,Connector",AJR76502606-13-1,자동매핑,
AJR76502606,MJU65846919,"Tube,Connector",AJR76502606-13-1,자동매핑,
AJR76502606,MJU65846920,"Tube,Connector",(도번직결),도번직하위,
AJR76502606,MJU65846921,"Tube,Connector",(도번직결),도번직하위,
AJR76502606,MJU65846922,"Tube,Connector",AJR76502606-13-1,자동매핑,
AJR76502606,MJU65846923,"Tube,Connector",AJR76502606-13-2,자동매핑,
AJR76502606,MJX63991701,"Valve,Expansion Body",(도번직결),도번직하위,
AJR76502606,MJX63991901,"Valve,Expansion Body",(도번직결),도번직하위,
AJR76502607,3H01582A,Tie,(도번직결),도번직하위,
AJR76502607,3H01582E,Tie,(도번직결),도번직하위,
AJR76502607,4A00114D,"Tube,Connector",(도번직결),도번직하위,
AJR76502607,5014A20009C,"Damper,Tube",(도번직결),도번직하위,
AJR76502607,5220A90013K,"Valve,Expansion Body",(도번직결),도번직하위,
AJR76502607,EAP65270704,"Coil Module,Expansion",(도번직결),도번직하위,
AJR76502607,EAP65270707,"Coil Module,Expansion",(도번직결),도번직하위,
AJR76502607,MFN62721711,Mesh,(도번직결),도번직하위,
AJR76502607,MJH63775702,Supporter,(도번직결),도번직하위,
AJR76502607,MJU66779301,"Tube,Connector",(도번직결),도번직하위,
AJR76502607,MJU66779302,"Tube,Connector",(도번직결),도번직하위,
AJR76502607,MJU66779303,"Tube,Connector",(도번직결),도번직하위,
AJR76502607,MJU66779304,"Tube,Connector",(도번직결),도번직하위,
AJR76502607,MJU66779306,"Tube,Connector",(도번직결),도번직하위,
AJR76502607,MJU66779307,"Tube,Connector",(도번직결),도번직하위,
AJR76502607,MJX63991801,"Valve,Expansion Body",(도번직결),도번직하위,
AJR76502610,3H01582A,Tie,(도번직결),도번직하위,
AJR76502610,3H01582E,Tie,(도번직결),도번직하위,
AJR76502610,4A00114D,"Tube,Connector",AJR76502610-3-2,자동매핑,
AJR76502610,5014A20009C,"Damper,Tube",(도번직결),도번직하위,
AJR76502610,EAP65270704,"Coil Module,Expansion",(도번직결),도번직하위,
AJR76502610,EAP65270707,"Coil Module,Expansion",(도번직결),도번직하위,
AJR76502610,MFN62721711,Mesh,AJR76502610-3-2,자동매핑,
AJR76502610,MJH63775702,Supporter,(도번직결),도번직하위,
AJR76502610,MJU65846924,"Tube,Connector",AJR76502610-3-1,자동매핑,
AJR76502610,MJU65846925,"Tube,Connector",AJR76502610-3-2,자동매핑,
AJR76502610,MJU66779304,"Tube,Connector",AJR76502610-3-2,자동매핑,
AJR76502610,MJU66779320,"Tube,Connector",AJR76502610-3-2,자동매핑,
AJR76502610,MJX63991801,"Valve,Expansion Body",(도번직결),도번직하위,
AJR76502611,3H01582A,Tie,(도번직결),도번직하위,
AJR76502611,4A00114D,"Tube,Connector",AJR76502611-3-2,자동매핑,
AJR76502611,EAP65270703,"Coil Module,Expansion",(도번직결),도번직하위,
AJR76502611,EAP65270709,"Coil Module,Expansion",(도번직결),도번직하위,
AJR76502611,MFN62721711,Mesh,AJR76502611-3-2,자동매핑,
AJR76502611,MJH63775702,Supporter,(도번직결),도번직하위,
AJR76502611,MJU65846915,"Tube,Connector",AJR76502611-3-2,자동매핑,
AJR76502611,MJU65846917,"Tube,Connector",AJR76502611-3-1,자동매핑,
AJR76502611,MJU65846926,"Tube,Connector",AJR76502611-3-1,자동매핑,
AJR76502611,MJU65846928,"Tube,Connector",AJR76502611-3-2,자동매핑,
AJR76502611,MJU65846930,"Tube,Connector",AJR76502611-3-2,자동매핑,
AJR76502611,MJU65846931,"Tube,Connector",AJR76502611-3-2,자동매핑,
AJR76502611,MJX63991702,"Valve,Expansion Body",(도번직결),도번직하위,
AJR76502611,MJX63991903,"Valve,Expansion Body",(도번직결),도번직하위,
AJR76502612,4A00114D,"Tube,Connector",AJR76502612-3-2,자동매핑,
AJR76502612,AJR76462635,Tube Assembly,(도번직결),도번직하위,
AJR76502612,EAP65270703,"Coil Module,Expansion",(도번직결),도번직하위,
AJR76502612,EAP65270709,"Coil Module,Expansion",(도번직결),도번직하위,
AJR76502612,MFN62721711,Mesh,AJR76502612-3-2,자동매핑,
AJR76502612,MJH63775702,Supporter,(도번직결),도번직하위,
AJR76502612,MJU65846917,"Tube,Connector",AJR76502612-3-1,자동매핑,
AJR76502612,MJU65846928,"Tube,Connector",AJR76502612-3-2,자동매핑,
AJR76502612,MJU65846931,"Tube,Connector",AJR76502612-3-2,자동매핑,
AJR76502612,MJU65846934,"Tube,Connector",AJR76502612-3-1,자동매핑,
AJR76502612,MJU65846935,"Tube,Connector",AJR76502612-3-2,자동매핑,
AJR76502612,MJU65846936,"Tube,Connector",AJR76502612-3-2,자동매핑,
AJR76502612,MJX63991702,"Valve,Expansion Body",(도번직결),도번직하위,
AJR76502612,MJX63991903,"Valve,Expansion Body",(도번직결),도번직하위,
AJR76502614,3H01582A,Tie,(도번직결),도번직하위,
AJR76502614,3H01582C,Tie,(도번직결),도번직하위,
AJR76502614,3H01582E,Tie,(도번직결),도번직하위,
AJR76502614,4A00114D,"Tube,Connector",AJR76502610-3-2,자동매핑,
AJR76502614,5014A20009C,"Damper,Tube",(도번직결),도번직하위,
AJR76502614,EAP65270704,"Coil Module,Expansion",(도번직결),도번직하위,
AJR76502614,EAP65270707,"Coil Module,Expansion",(도번직결),도번직하위,
AJR76502614,MEG66660102,"Holder,Tubing",(도번직결),도번직하위,
AJR76502614,MFN62721711,Mesh,AJR76502610-3-2,자동매핑,
AJR76502614,MJH63775702,Supporter,(도번직결),도번직하위,
AJR76502614,MJU65846924,"Tube,Connector",AJR76502610-3-1,자동매핑,
AJR76502614,MJU65846925,"Tube,Connector",AJR76502610-3-2,자동매핑,
AJR76502614,MJU66779304,"Tube,Connector",AJR76502610-3-2,자동매핑,
AJR76502614,MJU66779320,"Tube,Connector",AJR76502610-3-2,자동매핑,
AJR76502614,MJX63991801,"Valve,Expansion Body",(도번직결),도번직하위,
AJR76502618,3H01582A,Tie,(도번직결),도번직하위,
AJR76502618,4930A20053B,"Holder,Sensor",(도번직결),도번직하위,
AJR76502618,4A00114F,"Tube,Connector",(도번직결),도번직하위,
AJR76502618,4H00947J,"Nut,Common",(도번직결),도번직하위,
AJR76502618,5014A30001B,"Damper,Tube",(도번직결),도번직하위,
AJR76502618,5210A22409A,"Tube,Connector",(도번직결),도번직하위,
AJR76502618,EAP65270704,"Coil Module,Expansion",(도번직결),도번직하위,
AJR76502618,EAP65270707,"Coil Module,Expansion",(도번직결),도번직하위,
AJR76502618,EAP65270711,"Coil Module,Expansion",(도번직결),도번직하위,
AJR76502618,MAZ30083301,Bracket,(도번직결),도번직하위,
AJR76502618,MDE62321701,"Exchanger,Plate",(도번직결),도번직하위,
AJR76502618,MEG65559802,"Holder,Sensor",(도번직결),도번직하위,
AJR76502618,MEG66660102,"Holder,Tubing",(도번직결),도번직하위,
AJR76502618,MEV39836107,Insulator,(도번직결),도번직하위,
AJR76502618,MFN62721711,Mesh,(도번직결),도번직하위,
AJR76502618,MJU66507045,"Tube,Connector",(도번직결),도번직하위,
AJR76502618,MJU66507046,"Tube,Connector",(도번직결),도번직하위,
AJR76502618,MJU66507047,"Tube,Connector",(도번직결),도번직하위,
AJR76502618,MJU66507048,"Tube,Connector",(도번직결),도번직하위,
AJR76502618,MJU66507049,"Tube,Connector",(도번직결),도번직하위,
AJR76502618,MJU66507051,"Tube,Connector",(도번직결),도번직하위,
AJR76502618,MJU66507052,"Tube,Connector",(도번직결),도번직하위,
AJR76502618,MJU66507053,"Tube,Connector",(도번직결),도번직하위,
AJR76502618,MJU66507054,"Tube,Connector",(도번직결),도번직하위,
AJR76502618,MJU66507055,"Tube,Connector",(도번직결),도번직하위,
AJR76502618,MJX63991701,"Valve,Expansion Body",(도번직결),도번직하위,
AJR76502618,MJX63991905,"Valve,Expansion Body",(도번직결),도번직하위,
AJR76502701,1MPC0502018,"Screw,Machine",(도번직결),도번직하위,
AJR76502701,3H01582E,Tie,(도번직결),도번직하위,
AJR76502701,4H00006A,"Screw,Customized",AJR76502701-SUB,자동매핑,
AJR76502701,5014A30014Z,"Damper,Tube",(도번직결),도번직하위,
AJR76502701,5256A30002D,Muffler,(도번직결),도번직하위,
AJR76502701,5410A30055S,"Insulator,Tube",(도번직결),도번직하위,
AJR76502701,EAD62115302,"Drawing,Assembly",(도번직결),도번직하위,
AJR76502701,MEG65680002,"Holder,Sensor",(도번직결),도번직하위,
AJR76502701,MEG65798802,"Holder,Sensor",(도번직결),도번직하위,
AJR76502701,MJH64434001,Supporter,AJR76502701-SUB,자동매핑,
AJR76502701,MJU64890925,"Tube,Connector",(도번직결),도번직하위,
AJR76502701,MJU64890926,"Tube,Connector",(도번직결),도번직하위,
AJR76502701,MJU65008415,"Tube,Connector",(도번직결),도번직하위,
AJR76502701,MJU65166801,"Tube,Connector",(도번직결),도번직하위,
AJR76502701,MJU65166802,"Tube,Connector",(도번직결),도번직하위,
AJR76502701,MJU65166803,"Tube,Connector",(도번직결),도번직하위,
AJR76502701,MJX63932312,"Valve,Service",AJR76502701-SUB,자동매핑,
AJR76502701,MJX63932320,"Valve,Service",AJR76502701-SUB,자동매핑,
AJR76502701,MJX65075502,"Valve,Reverse",(도번직결),도번직하위,
AJR76522501,3H01582A,Tie,(도번직결),도번직하위,
AJR76522501,5210A22409B,"Tube,Connector",(도번직결),도번직하위,
AJR76522501,5210A23089A,"Tube,Pinch Off",(도번직결),도번직하위,
AJR76522501,5210A28001S,"Tube,Return Bending",(도번직결),도번직하위,
AJR76522501,MEG66660101,"Holder,Tubing",(도번직결),도번직하위,
AJR76522501,MJU62672406,"Tube,Connector",(도번직결),도번직하위,
AJR76522501,MJU62672407,"Tube,Connector",(도번직결),도번직하위,
AJR76522501,MJU65846201,"Tube,Manifold",(도번직결),도번직하위,
AJR76523001,1MPC0502018,"Screw,Machine",(도번직결),도번직하위,
AJR76523001,3H01582A,Tie,(도번직결),도번직하위,
AJR76523001,5014A30014Z,"Damper,Tube",(도번직결),도번직하위,
AJR76523001,6877A20052V,"Drawing,Assembly",(도번직결),도번직하위,
AJR76523001,AJJ73040828,Supporter Assembly,(도번직결),도번직하위,
AJR76523001,AJR71433340,"Tube Assembly,Expansion",(도번직결),도번직하위,
AJR76523001,AJR74424612,"Tube Assembly,Reverse",(도번직결),도번직하위,
AJR76523001,MEG65680002,"Holder,Sensor",AJR74424612,자동매핑,
AJR76523003,1MPC0502018,"Screw,Machine",(도번직결),도번직하위,
AJR76523003,3H01582A,Tie,(도번직결),도번직하위,
AJR76523003,5014A30014Q,"Damper,Tube",(도번직결),도번직하위,
AJR76523003,5014A30014Z,"Damper,Tube",(도번직결),도번직하위,
AJR76523003,AJJ73040828,Supporter Assembly,(도번직결),도번직하위,
AJR76523003,AJR74424615,"Tube Assembly,Reverse",(도번직결),도번직하위,
AJR76523003,EAP64467708,"Coil Assembly,Reverse",(도번직결),도번직하위,
AJR76523003,MEG65680002,"Holder,Sensor",(도번직결),도번직하위,
AJR76523005,3H01582A,Tie,(도번직결),도번직하위,
AJR76523005,5014A30014Z,"Damper,Tube",(도번직결),도번직하위,
AJR76523005,5410A20111E,"Damper,Butyl",(도번직결),도번직하위,
AJR76523005,AJR71433340,"Tube Assembly,Expansion",(도번직결),도번직하위,
AJR76523005,AJR74424612,"Tube Assembly,Reverse",(도번직결),도번직하위,
AJR76523005,EAP65270719,"Coil Module,Expansion",(도번직결),도번직하위,
AJR76523005,MEG65680002,"Holder,Sensor",AJR74424612,자동매핑,
AJR76523007,3H01582A,Tie,(도번직결),도번직하위,
AJR76523007,5014A30014Z,"Damper,Tube",(도번직결),도번직하위,
AJR76523007,5410A20111E,"Damper,Butyl",(도번직결),도번직하위,
AJR76523007,6877A20052V,"Drawing,Assembly",(도번직결),도번직하위,
AJR76523007,AJR71433340,"Tube Assembly,Expansion",(도번직결),도번직하위,
AJR76523007,AJR74424612,"Tube Assembly,Reverse",(도번직결),도번직하위,
AJR76523007,EAP65270719,"Coil Module,Expansion",(도번직결),도번직하위,
AJR76523007,MEG65680002,"Holder,Sensor",AJR74424612,자동매핑,
AJR76523008,1MPC0502018,"Screw,Machine",(도번직결),도번직하위,
AJR76523008,3H01582A,Tie,(도번직결),도번직하위,
AJR76523008,5014A30014Q,"Damper,Tube",(도번직결),도번직하위,
AJR76523008,5014A30014Z,"Damper,Tube",(도번직결),도번직하위,
AJR76523008,EAP64467708,"Coil Assembly,Reverse",(도번직결),도번직하위,
AJR76523008,MEG65680002,"Holder,Sensor",(도번직결),도번직하위,
AJR76523011,1MPC0502018,"Screw,Machine",(도번직결),도번직하위,
AJR76523011,3H01582A,Tie,(도번직결),도번직하위,
AJR76523011,5014A30014Q,"Damper,Tube",(도번직결),도번직하위,
AJR76523011,5014A30014Z,"Damper,Tube",(도번직결),도번직하위,
AJR76523011,5410A20111E,"Damper,Butyl",(도번직결),도번직하위,
AJR76523011,EAP64467708,"Coil Assembly,Reverse",(도번직결),도번직하위,
AJR76523011,EAP65270719,"Coil Module,Expansion",(도번직결),도번직하위,
AJR76523011,MEG65680002,"Holder,Sensor",(도번직결),도번직하위,
AJR76523012,1MPC0502018,"Screw,Machine",(도번직결),도번직하위,
AJR76523012,3H01582A,Tie,(도번직결),도번직하위,
AJR76523012,5014A30014Z,"Damper,Tube",(도번직결),도번직하위,
AJR76523012,5410A20111E,"Damper,Butyl",(도번직결),도번직하위,
AJR76523012,AJR71433341,"Tube Assembly,Expansion",(도번직결),도번직하위,
AJR76523012,AJR74424621,"Tube Assembly,Reverse",(도번직결),도번직하위,
AJR76523012,EAP64467708,"Coil Assembly,Reverse",(도번직결),도번직하위,
AJR76523012,EAP65270719,"Coil Module,Expansion",(도번직결),도번직하위,
AJR76523012,MEG65680002,"Holder,Sensor",(도번직결),도번직하위,
AJR76523027,1MPC0502018,"Screw,Machine",(도번직결),도번직하위,
AJR76523027,3H01582A,Tie,(도번직결),도번직하위,
AJR76523027,5014A30014Q,"Damper,Tube",(도번직결),도번직하위,
AJR76523027,5014A30014W,"Damper,Tube",(도번직결),도번직하위,
AJR76523027,5014A30014Z,"Damper,Tube",(도번직결),도번직하위,
AJR76523027,5410A20111E,"Damper,Butyl",(도번직결),도번직하위,
AJR76523027,AJJ73040839,Supporter Assembly,(도번직결),도번직하위,
AJR76523027,AJR71433340,"Tube Assembly,Expansion",(도번직결),도번직하위,
AJR76523027,AJR74424632,"Tube Assembly,Reverse",(도번직결),도번직하위,
AJR76523027,EAP64467708,"Coil Assembly,Reverse",(도번직결),도번직하위,
AJR76523027,EAP65270708,"Coil Module,Expansion",(도번직결),도번직하위,
AJR76523027,MBL68783301,Cap,(도번직결),도번직하위,
AJR76523027,MEG65680002,"Holder,Sensor",(도번직결),도번직하위,
AJR76562802,5210A24677N,"Tube,Connector",(도번직결),도번직하위,
AJR76562802,MJU65789103,"Tube,Manifold",(도번직결),도번직하위,
AJR76562802,MJU65789104,"Tube,Manifold",(도번직결),도번직하위,
AJR76562802,MJU66507003,"Tube,Connector",(도번직결),도번직하위,
AJR76562804,5210A24677N,"Tube,Connector",AJR76562804-20-2,자동매핑,
AJR76562804,MJU65789107,"Tube,Manifold",AJR76562804-20-1,자동매핑,
AJR76562804,MJU65789108,"Tube,Manifold",AJR76562804-20-2,자동매핑,
AJR76562804,MJU66507023,"Tube,Connector",(도번직결),도번직하위,
AJR76562811,4A00114K,"Tube,Connector",AJR76562811-3,자동매핑,
AJR76562811,MJU65789113,"Tube,Manifold",AJR76562811-1,자동매핑,
AJR76562811,MJU65789114,"Tube,Manifold",AJR76562811-2,자동매핑,
AJR76562811,MJU65789209,"Tube,Connector",AJR76562811-2,자동매핑,
AJR76562811,MJU66507004,"Tube,Connector",AJR76562811-3,자동매핑,
AJR76582501,1NHA0801206,"Nut,Common",(도번직결),도번직하위,
AJR76582501,3H01582A,Tie,(도번직결),도번직하위,
AJR76582501,4930A20053B,"Holder,Sensor",(도번직결),도번직하위,
AJR76582501,4A00114E,"Tube,Connector",(도번직결),도번직하위,
AJR76582501,4H00947J,"Nut,Common",(도번직결),도번직하위,
AJR76582501,5210A22409A,"Tube,Connector",(도번직결),도번직하위,
AJR76582501,5224A20005G,Strainer,(도번직결),도번직하위,
AJR76582501,AJU36719729,Valve Assembly,(도번직결),도번직하위,
AJR76582501,EAP64286603,"Coil Assembly,Expansion",(도번직결),도번직하위,
AJR76582501,MAZ67163701,Bracket,(도번직결),도번직하위,
AJR76582501,MDE62321701,"Exchanger,Plate",(도번직결),도번직하위,
AJR76582501,MEV39836107,Insulator,(도번직결),도번직하위,
AJR76582501,MJU65486405,"Tube,Connector",(도번직결),도번직하위,
AJR76582501,MJU65486408,"Tube,Connector",(도번직결),도번직하위,
AJR76582501,MJU65486409,"Tube,Connector",(도번직결),도번직하위,
AJR76582501,MJU65486419,"Tube,Connector",(도번직결),도번직하위,
AJR76582501,MJU65787707,"Tube,Connector",(도번직결),도번직하위,
AJR76582501,MJU65787709,"Tube,Connector",(도번직결),도번직하위,
AJR76582501,MJU65946701,"Tube,Connector",(도번직결),도번직하위,
AJR76582501,MJU65946703,"Tube,Connector",(도번직결),도번직하위,
AJR76582501,MJU65946705,"Tube,Connector",(도번직결),도번직하위,
AJR76582501,MJX63992003,"Valve,Expansion Body",(도번직결),도번직하위,
AJR76582502,1NHA0801206,"Nut,Common",(도번직결),도번직하위,
AJR76582502,3H01582A,Tie,(도번직결),도번직하위,
AJR76582502,4930A20053B,"Holder,Sensor",(도번직결),도번직하위,
AJR76582502,4A00114E,"Tube,Connector",(도번직결),도번직하위,
AJR76582502,4H00947J,"Nut,Common",(도번직결),도번직하위,
AJR76582502,5210A22409A,"Tube,Connector",(도번직결),도번직하위,
AJR76582502,5224A20005G,Strainer,(도번직결),도번직하위,
AJR76582502,AJU36719730,Valve Assembly,(도번직결),도번직하위,
AJR76582502,EAP64286604,"Coil Assembly,Expansion",(도번직결),도번직하위,
AJR76582502,MAZ67163701,Bracket,(도번직결),도번직하위,
AJR76582502,MDE62321701,"Exchanger,Plate",(도번직결),도번직하위,
AJR76582502,MEG66660106,"Holder,Tubing",(도번직결),도번직하위,
AJR76582502,MEV39836107,Insulator,(도번직결),도번직하위,
AJR76582502,MJU65486405,"Tube,Connector",(도번직결),도번직하위,
AJR76582502,MJU65486408,"Tube,Connector",(도번직결),도번직하위,
AJR76582502,MJU65486409,"Tube,Connector",(도번직결),도번직하위,
AJR76582502,MJU65486419,"Tube,Connector",(도번직결),도번직하위,
AJR76582502,MJU65787708,"Tube,Connector",(도번직결),도번직하위,
AJR76582502,MJU65787709,"Tube,Connector",(도번직결),도번직하위,
AJR76582502,MJU65946702,"Tube,Connector",(도번직결),도번직하위,
AJR76582502,MJU65946703,"Tube,Connector",(도번직결),도번직하위,
AJR76582502,MJU65946704,"Tube,Connector",(도번직결),도번직하위,
AJR76582502,MJX63992003,"Valve,Expansion Body",(도번직결),도번직하위,
AJR76582505,1NHA0801206,"Nut,Common",(도번직결),도번직하위,
AJR76582505,1SZZA20001L,"Screw,Customized",(도번직결),도번직하위,
AJR76582505,3H01582A,Tie,(도번직결),도번직하위,
AJR76582505,4930A20053B,"Holder,Sensor",(도번직결),도번직하위,
AJR76582505,4A00114E,"Tube,Connector",AJR76582505-4-3,자동매핑,
AJR76582505,4H00947J,"Nut,Common",(도번직결),도번직하위,
AJR76582505,5210A22409A,"Tube,Connector",AJR76582505-4-4,자동매핑,
AJR76582505,5410A20217B,"Insulator,Felt",MAZ64571803,자동매핑,
AJR76582505,5410A30279F,"Insulator,Tube",(도번직결),도번직하위,
AJR76582505,AJU75853901,"Valve Assembly,Gear Expa",(도번직결),도번직하위,
AJR76582505,EAP64286603,"Coil Assembly,Expansion",(도번직결),도번직하위,
AJR76582505,MAZ64571803,Bracket,(도번직결),도번직하위,
AJR76582505,MAZ67738101,Bracket,(도번직결),도번직하위,
AJR76582505,MDE62321701,"Exchanger,Plate",(도번직결),도번직하위,
AJR76582505,MEV39836107,Insulator,(도번직결),도번직하위,
AJR76582505,MJU65486405,"Tube,Connector",AJR76582505-4-3,자동매핑,
AJR76582505,MJU65486429,"Tube,Connector",AJR76582505-4-2,자동매핑,
AJR76582505,MJU65486430,"Tube,Connector",AJR76582505-4-3,자동매핑,
AJR76582505,MJU66958403,"Tube,Connector",AJR76582505-3-1,자동매핑,
AJR76582505,MJU66958504,"Tube,Connector",AJR76582505-4-3,자동매핑,
AJR76582505,MJU66958506,"Tube,Connector",AJR76582505-2,자동매핑,
AJR76582505,MJU66959604,"Tube,Connector",AJR76582505-4-4,자동매핑,
AJR76582505,MJX63992001,"Valve,Expansion Body",(도번직결),도번직하위,
AJR76582506,1NHA0801206,"Nut,Common",(도번직결),도번직하위,
AJR76582506,1SZZA20001L,"Screw,Customized",(도번직결),도번직하위,
AJR76582506,3H01582A,Tie,(도번직결),도번직하위,
AJR76582506,4930A20053B,"Holder,Sensor",(도번직결),도번직하위,
AJR76582506,4H00947J,"Nut,Common",(도번직결),도번직하위,
AJR76582506,5210A22409A,"Tube,Connector",AJR76582506-3-1,자동매핑,
AJR76582506,5410A20217B,"Insulator,Felt",MAZ64571803,자동매핑,
AJR76582506,5410A30279F,"Insulator,Tube",(도번직결),도번직하위,
AJR76582506,AJU75853902,"Valve Assembly,Gear Expa",AJR76582506-2,자동매핑,
AJR76582506,EAP64286604,"Coil Assembly,Expansion",(도번직결),도번직하위,
AJR76582506,MAZ64571803,Bracket,(도번직결),도번직하위,
AJR76582506,MAZ67738101,Bracket,(도번직결),도번직하위,
AJR76582506,MDE62321701,"Exchanger,Plate",(도번직결),도번직하위,
AJR76582506,MEG66660106,"Holder,Tubing",(도번직결),도번직하위,
AJR76582506,MEV39836107,Insulator,(도번직결),도번직하위,
AJR76582506,MJU66958403,"Tube,Connector",AJR76582505-3-1,자동매핑,
AJR76582506,MJU66958505,"Tube,Connector",AJR76582506-2,자동매핑,
AJR76582506,MJX63992001,"Valve,Expansion Body",AJR76582506-6,자동매핑,
AJR76602401,3A00375P,"Socket,Flare",AJR76602401-은납,자동매핑,
AJR76602401,4930A20053B,"Holder,Sensor",(도번직결),도번직하위,
AJR76602401,4A00742B,"Nut,Flare",(도번직결),도번직하위,
AJR76602401,5006AR4091D,Cap,(도번직결),도번직하위,
AJR76602401,5210A22409B,"Tube,Connector",(도번직결),도번직하위,
AJR76602401,5410A30055D,"Insulator,Tube",(도번직결),도번직하위,
AJR76602401,MJU65886201,"Tube,Connector",(도번직결),도번직하위,
AJR76602401,MJU65886202,"Tube,Connector",(도번직결),도번직하위,
AJR76602401,MJU65886204,"Tube,Connector",(도번직결),도번직하위,
AJR76602401,MJU65886205,"Tube,Connector",(도번직결),도번직하위,
AJR76602401,MJU65886206,"Tube,Connector",(도번직결),도번직하위,
AJR76602401,MJU65886301,"Tube,Manifold",AJR76602401-은납,자동매핑,
AJR76663201,3H01582C,Tie,(도번직결),도번직하위,
AJR76663201,5040A30013D,Damper,(도번직결),도번직하위,
AJR76663201,5210A22409A,"Tube,Connector",(도번직결),도번직하위,
AJR76663201,MBL68398701,Cap,(도번직결),도번직하위,
AJR76663201,MEV48131001,"Insulator,Tube",(도번직결),도번직하위,
AJR76663201,MHT62361201,"Socket,Flare",AJR76663201-SUB,자동매핑,
AJR76663201,MJU64095003,"Tube,Connector",(도번직결),도번직하위,
AJR76663201,MJU64095004,"Tube,Connector",(도번직결),도번직하위,
AJR76663201,MJU64095103,"Tube,Connector",AJR76663201-SUB,자동매핑,
AJR76663201,MJU66007201,"Tube,Manifold",(도번직결),도번직하위,
AJR76663202,3H01582C,Tie,(도번직결),도번직하위,
AJR76663202,5040A30013D,Damper,(도번직결),도번직하위,
AJR76663202,5410A30055D,"Insulator,Tube",(도번직결),도번직하위,
AJR76663202,MBL68398701,Cap,(도번직결),도번직하위,
AJR76663202,MCD63107401,Connector,(도번직결),도번직하위,
AJR76663202,MCQ67968901,"Damper,Vent",(도번직결),도번직하위,
AJR76663202,MEV65131601,Insulator,(도번직결),도번직하위,
AJR76663202,MEV65131602,Insulator,(도번직결),도번직하위,
AJR76663202,MHT62361201,"Socket,Flare",AJR76663202-SUB,자동매핑,
AJR76663202,MJU64095003,"Tube,Connector",(도번직결),도번직하위,
AJR76663202,MJU64095104,"Tube,Connector",AJR76663202-SUB,자동매핑,
AJR76663202,MJU66007202,"Tube,Manifold",(도번직결),도번직하위,
AJR76663205,3H01582C,Tie,(도번직결),도번직하위,
AJR76663205,4930A20053B,"Holder,Sensor",(도번직결),도번직하위,
AJR76663205,5040A30013D,Damper,(도번직결),도번직하위,
AJR76663205,5210A22409B,"Tube,Connector",(도번직결),도번직하위,
AJR76663205,5410A30055D,"Insulator,Tube",(도번직결),도번직하위,
AJR76663205,MBL68398701,Cap,(도번직결),도번직하위,
AJR76663205,MCD63107401,Connector,(도번직결),도번직하위,
AJR76663205,MCQ67968901,"Damper,Vent",(도번직결),도번직하위,
AJR76663205,MEV65131601,Insulator,(도번직결),도번직하위,
AJR76663205,MEV65131602,Insulator,(도번직결),도번직하위,
AJR76663205,MHT62361201,"Socket,Flare",AJR76663205-SUB,자동매핑,
AJR76663205,MJU64095003,"Tube,Connector",(도번직결),도번직하위,
AJR76663205,MJU64095104,"Tube,Connector",AJR76663205-SUB,자동매핑,
AJR76663205,MJU66007202,"Tube,Manifold",(도번직결),도번직하위,
AJR76663206,3H01582C,Tie,(도번직결),도번직하위,
AJR76663206,5040A30013D,Damper,(도번직결),도번직하위,
AJR76663206,5210A22409A,"Tube,Connector",(도번직결),도번직하위,
AJR76663206,MBL68398701,Cap,(도번직결),도번직하위,
AJR76663206,MEV48131001,"Insulator,Tube",(도번직결),도번직하위,
AJR76663206,MHT62361203,"Socket,Flare",AJR76663206-SUB,자동매핑,
AJR76663206,MJU64095003,"Tube,Connector",(도번직결),도번직하위,
AJR76663206,MJU64095004,"Tube,Connector",(도번직결),도번직하위,
AJR76663206,MJU64095103,"Tube,Connector",AJR76663206-SUB,자동매핑,
AJR76663206,MJU66007201,"Tube,Manifold",(도번직결),도번직하위,
AJR76663207,3H01582C,Tie,(도번직결),도번직하위,
AJR76663207,4930A20053B,"Holder,Sensor",(도번직결),도번직하위,
AJR76663207,5040A30013D,Damper,(도번직결),도번직하위,
AJR76663207,5210A22409B,"Tube,Connector",(도번직결),도번직하위,
AJR76663207,5410A30055D,"Insulator,Tube",(도번직결),도번직하위,
AJR76663207,MBL68398701,Cap,(도번직결),도번직하위,
AJR76663207,MCD63107401,Connector,(도번직결),도번직하위,
AJR76663207,MCQ67968901,"Damper,Vent",(도번직결),도번직하위,
AJR76663207,MEV65131601,Insulator,(도번직결),도번직하위,
AJR76663207,MEV65131602,Insulator,(도번직결),도번직하위,
AJR76663207,MHT62361203,"Socket,Flare",AJR76663207-SUB,자동매핑,
AJR76663207,MJU64095003,"Tube,Connector",(도번직결),도번직하위,
AJR76663207,MJU64095104,"Tube,Connector",AJR76663207-SUB,자동매핑,
AJR76663207,MJU66007202,"Tube,Manifold",(도번직결),도번직하위,
AJR76703602,5014A20009A,"Damper,Tube",(도번직결),도번직하위,
AJR76703602,5210A22409B,"Tube,Connector",AJR76703602-S3-3,자동매핑,
AJR76703602,MCQ66969705,"Damper,Tube",(도번직결),도번직하위,
AJR76703602,MEG66660106,"Holder,Tubing",(도번직결),도번직하위,
AJR76703602,MHH62041507,"Separator,Oil",(도번직결),도번직하위,
AJR76703602,MJU63618001,"Tube,Capillary Bending",AJR76703602-S3-2,자동매핑,
AJR76703602,MJU64407201,"Tube,Connector",(도번직결),도번직하위,
AJR76703602,MJU64687502,"Tube,Connector",(도번직결),도번직하위,
AJR76703602,MJU66006802,"Tube,Connector",AJR76703602-S3-2,자동매핑,
AJR76703602,MJX62771705,"Valve,Check",(도번직결),도번직하위,
AJR76703612,5014A20009A,"Damper,Tube",(도번직결),도번직하위,
AJR76703612,5210A22409A,"Tube,Connector",(도번직결),도번직하위,
AJR76703612,5210A22409B,"Tube,Connector",(도번직결),도번직하위,
AJR76703612,5224A20005L,Strainer,(도번직결),도번직하위,
AJR76703612,MCQ66969705,"Damper,Tube",(도번직결),도번직하위,
AJR76703612,MEG66660106,"Holder,Tubing",(도번직결),도번직하위,
AJR76703612,MHH62041507,"Separator,Oil",(도번직결),도번직하위,
AJR76703612,MJU63617901,"Tube,Connector",(도번직결),도번직하위,
AJR76703612,MJU63618001,"Tube,Capillary Bending",(도번직결),도번직하위,
AJR76703612,MJU64407201,"Tube,Connector",(도번직결),도번직하위,
AJR76703612,MJU64687502,"Tube,Connector",(도번직결),도번직하위,
AJR76703612,MJU66006802,"Tube,Connector",(도번직결),도번직하위,
AJR76703612,MJU66946201,"Tube,Connector",(도번직결),도번직하위,
AJR76703612,MJX62771705,"Valve,Check",(도번직결),도번직하위,
AJR76742301,3H01582C,Tie,(도번직결),도번직하위,
AJR76742301,5040A30013D,Damper,(도번직결),도번직하위,
AJR76742301,5210A22409A,"Tube,Connector",(도번직결),도번직하위,
AJR76742301,MBL68398701,Cap,(도번직결),도번직하위,
AJR76742301,MEV48131001,"Insulator,Tube",(도번직결),도번직하위,
AJR76742301,MHT62361201,"Socket,Flare",AJR76742301-SUB,자동매핑,
AJR76742301,MJU64095003,"Tube,Connector",(도번직결),도번직하위,
AJR76742301,MJU64095004,"Tube,Connector",(도번직결),도번직하위,
AJR76742301,MJU64095103,"Tube,Connector",AJR76742301-SUB,자동매핑,
AJR76742301,MJU66007206,"Tube,Manifold",(도번직결),도번직하위,
AJR76742302,3H01582C,Tie,(도번직결),도번직하위,
AJR76742302,5040A30013D,Damper,(도번직결),도번직하위,
AJR76742302,5410A30055D,"Insulator,Tube",(도번직결),도번직하위,
AJR76742302,MBL68398701,Cap,(도번직결),도번직하위,
AJR76742302,MCD63107401,Connector,(도번직결),도번직하위,
AJR76742302,MCQ67968901,"Damper,Vent",(도번직결),도번직하위,
AJR76742302,MEV65131601,Insulator,(도번직결),도번직하위,
AJR76742302,MEV65131602,Insulator,(도번직결),도번직하위,
AJR76742302,MHT62361201,"Socket,Flare",AJR76742302-SUB,자동매핑,
AJR76742302,MJU64095004,"Tube,Connector",(도번직결),도번직하위,
AJR76742302,MJU64095104,"Tube,Connector",AJR76742302-SUB,자동매핑,
AJR76742302,MJU66007202,"Tube,Manifold",(도번직결),도번직하위,
AJR76742303,3H01582C,Tie,(도번직결),도번직하위,
AJR76742303,5040A30013D,Damper,(도번직결),도번직하위,
AJR76742303,5210A22409A,"Tube,Connector",(도번직결),도번직하위,
AJR76742303,MBL68398701,Cap,(도번직결),도번직하위,
AJR76742303,MEV48131001,"Insulator,Tube",(도번직결),도번직하위,
AJR76742303,MHT62361201,"Socket,Flare",AJR76742303-은납,자동매핑,
AJR76742303,MJU64095003,"Tube,Connector",(도번직결),도번직하위,
AJR76742303,MJU64095004,"Tube,Connector",(도번직결),도번직하위,
AJR76742303,MJU64095005,"Tube,Connector",(도번직결),도번직하위,
AJR76742303,MJU64095006,"Tube,Connector",(도번직결),도번직하위,
AJR76742303,MJU64095103,"Tube,Connector",AJR76742303-은납,자동매핑,
AJR76742303,MJU66007205,"Tube,Manifold",(도번직결),도번직하위,
AJR76742304,3H01582C,Tie,(도번직결),도번직하위,
AJR76742304,5040A30013D,Damper,(도번직결),도번직하위,
AJR76742304,5410A30055D,"Insulator,Tube",(도번직결),도번직하위,
AJR76742304,MBL68398701,Cap,(도번직결),도번직하위,
AJR76742304,MCD63107401,Connector,(도번직결),도번직하위,
AJR76742304,MCQ67968901,"Damper,Vent",(도번직결),도번직하위,
AJR76742304,MEV65131601,Insulator,(도번직결),도번직하위,
AJR76742304,MEV65131602,Insulator,(도번직결),도번직하위,
AJR76742304,MHT62361201,"Socket,Flare",AJR76742304-은납,자동매핑,
AJR76742304,MJU64094904,"Tube,Manifold",(도번직결),도번직하위,
AJR76742304,MJU64095003,"Tube,Connector",(도번직결),도번직하위,
AJR76742304,MJU64095104,"Tube,Connector",AJR76742304-은납,자동매핑,
AJR76742305,3H01582C,Tie,(도번직결),도번직하위,
AJR76742305,5040A30013D,Damper,(도번직결),도번직하위,
AJR76742305,5210A22409A,"Tube,Connector",(도번직결),도번직하위,
AJR76742305,MBL68398701,Cap,(도번직결),도번직하위,
AJR76742305,MEV48131001,"Insulator,Tube",(도번직결),도번직하위,
AJR76742305,MHT62361201,"Socket,Flare",AJR76742305-SUB,자동매핑,
AJR76742305,MJU64095004,"Tube,Connector",(도번직결),도번직하위,
AJR76742305,MJU64095103,"Tube,Connector",AJR76742305-SUB,자동매핑,
AJR76742305,MJU66007203,"Tube,Manifold",(도번직결),도번직하위,
AJR76742306,3H01582C,Tie,(도번직결),도번직하위,
AJR76742306,5040A30013D,Damper,(도번직결),도번직하위,
AJR76742306,5410A30055D,"Insulator,Tube",(도번직결),도번직하위,
AJR76742306,MBL68398701,Cap,(도번직결),도번직하위,
AJR76742306,MCD63107401,Connector,(도번직결),도번직하위,
AJR76742306,MCQ67968901,"Damper,Vent",(도번직결),도번직하위,
AJR76742306,MEV65131601,Insulator,(도번직결),도번직하위,
AJR76742306,MEV65131602,Insulator,(도번직결),도번직하위,
AJR76742306,MHT62361201,"Socket,Flare",AJR76742306-은납,자동매핑,
AJR76742306,MJU64095003,"Tube,Connector",(도번직결),도번직하위,
AJR76742306,MJU64095004,"Tube,Connector",(도번직결),도번직하위,
AJR76742306,MJU64095005,"Tube,Connector",(도번직결),도번직하위,
AJR76742306,MJU64095104,"Tube,Connector",AJR76742306-은납,자동매핑,
AJR76742306,MJU66007204,"Tube,Manifold",(도번직결),도번직하위,
AJR76742307,3H01582C,Tie,(도번직결),도번직하위,
AJR76742307,4930A20053B,"Holder,Sensor",(도번직결),도번직하위,
AJR76742307,5040A30013D,Damper,(도번직결),도번직하위,
AJR76742307,5210A22409B,"Tube,Connector",(도번직결),도번직하위,
AJR76742307,5410A30055D,"Insulator,Tube",(도번직결),도번직하위,
AJR76742307,MBL68398701,Cap,(도번직결),도번직하위,
AJR76742307,MCD63107401,Connector,(도번직결),도번직하위,
AJR76742307,MCQ67968901,"Damper,Vent",(도번직결),도번직하위,
AJR76742307,MEJ64687101,"Hose,Air",(도번직결),도번직하위,
AJR76742307,MEV65131601,Insulator,(도번직결),도번직하위,
AJR76742307,MEV65131602,Insulator,(도번직결),도번직하위,
AJR76742307,MHT62361201,"Socket,Flare",AJR76742307-SUB,자동매핑,
AJR76742307,MJU64095004,"Tube,Connector",(도번직결),도번직하위,
AJR76742307,MJU64095104,"Tube,Connector",AJR76742307-SUB,자동매핑,
AJR76742307,MJU66007202,"Tube,Manifold",(도번직결),도번직하위,
AJR76742308,3H01582C,Tie,(도번직결),도번직하위,
AJR76742308,4930A20053B,"Holder,Sensor",(도번직결),도번직하위,
AJR76742308,5040A30013D,Damper,(도번직결),도번직하위,
AJR76742308,5210A22409B,"Tube,Connector",(도번직결),도번직하위,
AJR76742308,5410A30055D,"Insulator,Tube",(도번직결),도번직하위,
AJR76742308,MBL68398701,Cap,(도번직결),도번직하위,
AJR76742308,MCD63107401,Connector,(도번직결),도번직하위,
AJR76742308,MCQ67968901,"Damper,Vent",(도번직결),도번직하위,
AJR76742308,MEJ64687101,"Hose,Air",(도번직결),도번직하위,
AJR76742308,MEV65131601,Insulator,(도번직결),도번직하위,
AJR76742308,MEV65131602,Insulator,(도번직결),도번직하위,
AJR76742308,MHT62361201,"Socket,Flare",AJR76742308-SUB,자동매핑,
AJR76742308,MJU64094904,"Tube,Manifold",(도번직결),도번직하위,
AJR76742308,MJU64095003,"Tube,Connector",(도번직결),도번직하위,
AJR76742308,MJU64095104,"Tube,Connector",AJR76742308-SUB,자동매핑,
AJR76742309,3H01582C,Tie,(도번직결),도번직하위,
AJR76742309,4930A20053B,"Holder,Sensor",(도번직결),도번직하위,
AJR76742309,5040A30013D,Damper,(도번직결),도번직하위,
AJR76742309,5210A22409B,"Tube,Connector",(도번직결),도번직하위,
AJR76742309,5410A30055D,"Insulator,Tube",(도번직결),도번직하위,
AJR76742309,MBL68398701,Cap,(도번직결),도번직하위,
AJR76742309,MCD63107401,Connector,(도번직결),도번직하위,
AJR76742309,MCQ67968901,"Damper,Vent",(도번직결),도번직하위,
AJR76742309,MEJ64687101,"Hose,Air",(도번직결),도번직하위,
AJR76742309,MEV65131601,Insulator,(도번직결),도번직하위,
AJR76742309,MEV65131602,Insulator,(도번직결),도번직하위,
AJR76742309,MHT62361201,"Socket,Flare",AJR76742309-SUB,자동매핑,
AJR76742309,MJU64095003,"Tube,Connector",(도번직결),도번직하위,
AJR76742309,MJU64095004,"Tube,Connector",(도번직결),도번직하위,
AJR76742309,MJU64095005,"Tube,Connector",(도번직결),도번직하위,
AJR76742309,MJU64095104,"Tube,Connector",AJR76742309-SUB,자동매핑,
AJR76742309,MJU66007204,"Tube,Manifold",(도번직결),도번직하위,
AJR76742310,3H01582C,Tie,(도번직결),도번직하위,
AJR76742310,5040A30013D,Damper,(도번직결),도번직하위,
AJR76742310,5210A22409A,"Tube,Connector",(도번직결),도번직하위,
AJR76742310,MBL68398701,Cap,(도번직결),도번직하위,
AJR76742310,MEV48131001,"Insulator,Tube",(도번직결),도번직하위,
AJR76742310,MHT62361203,"Socket,Flare",(도번직결),도번직하위,
AJR76742310,MJU64095003,"Tube,Connector",(도번직결),도번직하위,
AJR76742310,MJU64095004,"Tube,Connector",(도번직결),도번직하위,
AJR76742310,MJU64095103,"Tube,Connector",(도번직결),도번직하위,
AJR76742310,MJU66007206,"Tube,Manifold",(도번직결),도번직하위,
AJR76742311,3H01582C,Tie,(도번직결),도번직하위,
AJR76742311,4930A20053B,"Holder,Sensor",(도번직결),도번직하위,
AJR76742311,5040A30013D,Damper,(도번직결),도번직하위,
AJR76742311,5210A22409B,"Tube,Connector",(도번직결),도번직하위,
AJR76742311,5410A30055D,"Insulator,Tube",(도번직결),도번직하위,
AJR76742311,MBL68398701,Cap,(도번직결),도번직하위,
AJR76742311,MCD63107401,Connector,(도번직결),도번직하위,
AJR76742311,MCQ67968901,"Damper,Vent",(도번직결),도번직하위,
AJR76742311,MEJ64687101,"Hose,Air",(도번직결),도번직하위,
AJR76742311,MEV65131601,Insulator,(도번직결),도번직하위,
AJR76742311,MEV65131602,Insulator,(도번직결),도번직하위,
AJR76742311,MHT62361203,"Socket,Flare",(도번직결),도번직하위,
AJR76742311,MJU64095004,"Tube,Connector",(도번직결),도번직하위,
AJR76742311,MJU64095104,"Tube,Connector",(도번직결),도번직하위,
AJR76742311,MJU66007202,"Tube,Manifold",(도번직결),도번직하위,
AJR76742312,3H01582C,Tie,(도번직결),도번직하위,
AJR76742312,5040A30013D,Damper,(도번직결),도번직하위,
AJR76742312,5210A22409A,"Tube,Connector",(도번직결),도번직하위,
AJR76742312,MBL68398701,Cap,(도번직결),도번직하위,
AJR76742312,MEV48131001,"Insulator,Tube",(도번직결),도번직하위,
AJR76742312,MHT62361203,"Socket,Flare",AJR76742312-SUB,자동매핑,
AJR76742312,MJU64095003,"Tube,Connector",(도번직결),도번직하위,
AJR76742312,MJU64095004,"Tube,Connector",(도번직결),도번직하위,
AJR76742312,MJU64095005,"Tube,Connector",(도번직결),도번직하위,
AJR76742312,MJU64095006,"Tube,Connector",(도번직결),도번직하위,
AJR76742312,MJU64095103,"Tube,Connector",AJR76742312-SUB,자동매핑,
AJR76742312,MJU66007205,"Tube,Manifold",(도번직결),도번직하위,
AJR76742313,3H01582C,Tie,(도번직결),도번직하위,
AJR76742313,4930A20053B,"Holder,Sensor",(도번직결),도번직하위,
AJR76742313,5040A30013D,Damper,(도번직결),도번직하위,
AJR76742313,5210A22409B,"Tube,Connector",(도번직결),도번직하위,
AJR76742313,5410A30055D,"Insulator,Tube",(도번직결),도번직하위,
AJR76742313,MBL68398701,Cap,(도번직결),도번직하위,
AJR76742313,MCD63107401,Connector,(도번직결),도번직하위,
AJR76742313,MCQ67968901,"Damper,Vent",(도번직결),도번직하위,
AJR76742313,MEJ64687101,"Hose,Air",(도번직결),도번직하위,
AJR76742313,MEV65131601,Insulator,(도번직결),도번직하위,
AJR76742313,MEV65131602,Insulator,(도번직결),도번직하위,
AJR76742313,MHT62361203,"Socket,Flare",AJR76742313-SUB,자동매핑,
AJR76742313,MJU64094904,"Tube,Manifold",(도번직결),도번직하위,
AJR76742313,MJU64095003,"Tube,Connector",(도번직결),도번직하위,
AJR76742313,MJU64095104,"Tube,Connector",AJR76742313-SUB,자동매핑,
AJR76742314,3H01582C,Tie,(도번직결),도번직하위,
AJR76742314,5040A30013D,Damper,(도번직결),도번직하위,
AJR76742314,5210A22409A,"Tube,Connector",(도번직결),도번직하위,
AJR76742314,MBL68398701,Cap,(도번직결),도번직하위,
AJR76742314,MEV48131001,"Insulator,Tube",(도번직결),도번직하위,
AJR76742314,MHT62361203,"Socket,Flare",(도번직결),도번직하위,
AJR76742314,MJU64095004,"Tube,Connector",(도번직결),도번직하위,
AJR76742314,MJU64095103,"Tube,Connector",(도번직결),도번직하위,
AJR76742314,MJU66007203,"Tube,Manifold",(도번직결),도번직하위,
AJR76742315,3H01582C,Tie,(도번직결),도번직하위,
AJR76742315,4930A20053B,"Holder,Sensor",(도번직결),도번직하위,
AJR76742315,5040A30013D,Damper,(도번직결),도번직하위,
AJR76742315,5210A22409B,"Tube,Connector",(도번직결),도번직하위,
AJR76742315,5410A30055D,"Insulator,Tube",(도번직결),도번직하위,
AJR76742315,MBL68398701,Cap,(도번직결),도번직하위,
AJR76742315,MCD63107401,Connector,(도번직결),도번직하위,
AJR76742315,MCQ67968901,"Damper,Vent",(도번직결),도번직하위,
AJR76742315,MEJ64687101,"Hose,Air",(도번직결),도번직하위,
AJR76742315,MEV65131601,Insulator,(도번직결),도번직하위,
AJR76742315,MEV65131602,Insulator,(도번직결),도번직하위,
AJR76742315,MHT62361203,"Socket,Flare",(도번직결),도번직하위,
AJR76742315,MJU64095003,"Tube,Connector",(도번직결),도번직하위,
AJR76742315,MJU64095004,"Tube,Connector",(도번직결),도번직하위,
AJR76742315,MJU64095005,"Tube,Connector",(도번직결),도번직하위,
AJR76742315,MJU64095104,"Tube,Connector",(도번직결),도번직하위,
AJR76742315,MJU66007204,"Tube,Manifold",(도번직결),도번직하위,
AJR76822701,4A00114A,"Tube,Connector",AJR76822701-3-1,자동매핑,
AJR76822701,5210A23089A,"Tube,Pinch Off",AJR76822701-3-1,자동매핑,
AJR76822701,MJU64773404,"Tube,Connector",AJR76822701-3-1,자동매핑,
AJR76822701,MJU66126201,"Tube,Connector",AJR76822701-3-1,자동매핑,
AJR76822701,MJU66126301,"Tube,Connector",AJR76822701-3-1,자동매핑,
AJR76822701,MJU66126401,"Tube,Connector",AJR76822701-3-1,자동매핑,
AJR76823001,3A00375P,"Socket,Flare",AJR76823001-은납,자동매핑,
AJR76823001,4930A20053B,"Holder,Sensor",(도번직결),도번직하위,
AJR76823001,4A00742B,"Nut,Flare",(도번직결),도번직하위,
AJR76823001,5006AR4091D,Cap,(도번직결),도번직하위,
AJR76823001,5210A22409B,"Tube,Connector",(도번직결),도번직하위,
AJR76823001,5410A30055D,"Insulator,Tube",(도번직결),도번직하위,
AJR76823001,MJU66107301,"Tube,Manifold",AJR76823001-은납,자동매핑,
AJR76823001,MJU66107401,"Tube,Connector",(도번직결),도번직하위,
AJR76823001,MJU66107402,"Tube,Connector",(도번직결),도번직하위,
AJR76823001,MJU66107403,"Tube,Connector",(도번직결),도번직하위,
AJR76823001,MJU66107404,"Tube,Connector",(도번직결),도번직하위,
AJR76823002,3A00375N,"Socket,Flare",AJR76823002-은납,자동매핑,
AJR76823002,4930A20053B,"Holder,Sensor",(도번직결),도번직하위,
AJR76823002,4A00742C,"Nut,Flare",(도번직결),도번직하위,
AJR76823002,5210A22409B,"Tube,Connector",(도번직결),도번직하위,
AJR76823002,5410A30055D,"Insulator,Tube",(도번직결),도번직하위,
AJR76823002,MJU66107301,"Tube,Manifold",AJR76823002-은납,자동매핑,
AJR76823002,MJU66107401,"Tube,Connector",(도번직결),도번직하위,
AJR76823002,MJU66107402,"Tube,Connector",(도번직결),도번직하위,
AJR76823002,MJU66107403,"Tube,Connector",(도번직결),도번직하위,
AJR76823002,MJU66107404,"Tube,Connector",(도번직결),도번직하위,
AJR76823101,1MPC0502018,"Screw,Machine",(도번직결),도번직하위,
AJR76823101,3850A24001B,"Label,Sticker",(도번직결),도번직하위,
AJR76823101,3H01582A,Tie,(도번직결),도번직하위,
AJR76823101,3H01582E,Tie,(도번직결),도번직하위,
AJR76823101,4010AR3071N,"Socket,Flare",AJR76823101-SOCKET,자동매핑,
AJR76823101,4930A20053B,"Holder,Sensor",(도번직결),도번직하위,
AJR76823101,4H00363M,"Damper,Tube",(도번직결),도번직하위,
AJR76823101,5210A22409A,"Tube,Connector",(도번직결),도번직하위,
AJR76823101,5220A20039A,"Valve,Reverse",(도번직결),도번직하위,
AJR76823101,EAP64286301,"Coil Assembly,Reverse",(도번직결),도번직하위,
AJR76823101,EAP64286404,"Coil Assembly,Solenoid",(도번직결),도번직하위,
AJR76823101,EBD60663841,"Sensor,Pressure",(도번직결),도번직하위,
AJR76823101,EBF40271415,"Switch,Pressure",(도번직결),도번직하위,
AJR76823101,MBL65458001,Cap,(도번직결),도번직하위,
AJR76823101,MCQ66969706,"Damper,Tube",(도번직결),도번직하위,
AJR76823101,MJU62096501,"Tube,Connector",AJR76823101-SOCKET,자동매핑,
AJR76823101,MJU66108303,"Tube,Connector",(도번직결),도번직하위,
AJR76823101,MJU66108304,"Tube,Connector",(도번직결),도번직하위,
AJR76823101,MJU66108305,"Tube,Connector",(도번직결),도번직하위,
AJR76823101,MJU66546901,"Tube,Connector",(도번직결),도번직하위,
AJR76823101,MJU66547001,"Tube,Connector",(도번직결),도번직하위,
AJR76823101,MJU66547101,"Tube,Connector",(도번직결),도번직하위,
AJR76823101,MJU66547301,"Tube,Connector",(도번직결),도번직하위,
AJR76823101,MJX61841301,"Valve,Solenoid",(도번직결),도번직하위,
AJR76823101,MJX62731401,"Valve,Check",(도번직결),도번직하위,
AJR76882501,MJU66166404,"Tube,Manifold",(도번직결),도번직하위,
AJR76882501,MJU66166613,"Tube,Connector",(도번직결),도번직하위,
AJR76882501,MJU66166614,"Tube,Connector",(도번직결),도번직하위,
AJR76882501,MJU66166615,"Tube,Connector",(도번직결),도번직하위,
AJR76882502,MJU66166403,"Tube,Manifold",(도번직결),도번직하위,
AJR76882502,MJU66166613,"Tube,Connector",(도번직결),도번직하위,
AJR76882502,MJU66166614,"Tube,Connector",(도번직결),도번직하위,
AJR76902301,4010AR3071N,"Socket,Flare",(도번직결),도번직하위,
AJR76902301,4A00114C,"Tube,Connector",(도번직결),도번직하위,
AJR76902301,5210A22409A,"Tube,Connector",(도번직결),도번직하위,
AJR76902301,5210A23089D,"Tube,Pinch Off",(도번직결),도번직하위,
AJR76902301,5410A21281A,"Insulator,Tube",(도번직결),도번직하위,
AJR76902301,EAP64467702,"Coil Assembly,Reverse",(도번직결),도번직하위,
AJR76902301,EBF40271401,"Switch,Pressure",(도번직결),도번직하위,
AJR76902301,MEV39836107,Insulator,(도번직결),도번직하위,
AJR76902301,MJC62301702,Strainer,(도번직결),도번직하위,
AJR76902301,MJU62096501,"Tube,Connector",(도번직결),도번직하위,
AJR76902301,MJU65966702,"Tube,Connector",(도번직결),도번직하위,
AJR76902301,MJU65966704,"Tube,Connector",(도번직결),도번직하위,
AJR76902301,MJU65966709,"Tube,Connector",(도번직결),도번직하위,
AJR76902301,MJU65966710,"Tube,Connector",(도번직결),도번직하위,
AJR76902301,MJU65966711,"Tube,Connector",(도번직결),도번직하위,
AJR76902301,MJU65966712,"Tube,Connector",(도번직결),도번직하위,
AJR76902301,MJU65966713,"Tube,Connector",(도번직결),도번직하위,
AJR76902301,MJX62731401,"Valve,Check",(도번직결),도번직하위,
AJR76902301,MJX63491604,"Valve,Reverse",(도번직결),도번직하위,
AJR76902302,4010AR3071N,"Socket,Flare",(도번직결),도번직하위,
AJR76902302,5014A30001A,"Damper,Tube",(도번직결),도번직하위,
AJR76902302,5210A22409A,"Tube,Connector",(도번직결),도번직하위,
AJR76902302,5210A23089D,"Tube,Pinch Off",(도번직결),도번직하위,
AJR76902302,5210A23376A,"Tube,Connector",(도번직결),도번직하위,
AJR76902302,5410A21281A,"Insulator,Tube",(도번직결),도번직하위,
AJR76902302,EAP64467702,"Coil Assembly,Reverse",(도번직결),도번직하위,
AJR76902302,EBF40271401,"Switch,Pressure",(도번직결),도번직하위,
AJR76902302,MEV39836107,Insulator,(도번직결),도번직하위,
AJR76902302,MJC62301702,Strainer,(도번직결),도번직하위,
AJR76902302,MJU62096501,"Tube,Connector",(도번직결),도번직하위,
AJR76902302,MJU65966704,"Tube,Connector",(도번직결),도번직하위,
AJR76902302,MJU65966705,"Tube,Connector",(도번직결),도번직하위,
AJR76902302,MJU65966710,"Tube,Connector",(도번직결),도번직하위,
AJR76902302,MJU65966711,"Tube,Connector",(도번직결),도번직하위,
AJR76902302,MJU65966712,"Tube,Connector",(도번직결),도번직하위,
AJR76902302,MJX62731401,"Valve,Check",(도번직결),도번직하위,
AJR76902302,MJX63491604,"Valve,Reverse",(도번직결),도번직하위,
AJR76982501,1SZZA20001L,"Screw,Customized",(도번직결),도번직하위,
AJR76982501,4A00114A,"Tube,Connector",(도번직결),도번직하위,
AJR76982501,5014A20009A,"Damper,Tube",(도번직결),도번직하위,
AJR76982501,5210A23344B,"Tube,Coupling",AJR76982501-12-1,자동매핑,
AJR76982501,5224A20005E,Strainer,AJR76982501-4-1,자동매핑,
AJR76982501,5224A20005G,Strainer,AJR76982501-4-2,자동매핑,
AJR76982501,5410A20217B,"Insulator,Felt",MAZ64571802,자동매핑,
AJR76982501,5410A30055D,"Insulator,Tube",(도번직결),도번직하위,
AJR76982501,5410A30055S,"Insulator,Tube",(도번직결),도번직하위,
AJR76982501,AJR75544505,"Tube Assembly,Solenoide",(도번직결),도번직하위,
AJR76982501,AJR76982401,"Tube Assembly,Solenoide",(도번직결),도번직하위,
AJR76982501,AJU36719715,Valve Assembly,(도번직결),도번직하위,
AJR76982501,AJU73472406,Valve Assembly,(도번직결),도번직하위,
AJR76982501,EBE60661415,Solenoid,(도번직결),도번직하위,
AJR76982501,EBE60661416,Solenoid,(도번직결),도번직하위,
AJR76982501,EBE61083212,Solenoid,(도번직결),도번직하위,
AJR76982501,MAZ64571701,Bracket,(도번직결),도번직하위,
AJR76982501,MAZ64571801,Bracket,(도번직결),도번직하위,
AJR76982501,MAZ64571802,Bracket,(도번직결),도번직하위,
AJR76982501,MJU64706602,"Tube,Connector",(도번직결),도번직하위,
AJR76982501,MJU64706603,"Tube,Connector",(도번직결),도번직하위,
AJR76982501,MJU66266603,"Tube,Connector",(도번직결),도번직하위,
AJR76982501,MJU66266605,"Tube,Connector",AJR76982501-4-1,자동매핑,
AJR76982501,MJU66266606,"Tube,Connector",(도번직결),도번직하위,
AJR76982501,MJU66266609,"Tube,Connector",AJR76982501-12-1,자동매핑,
AJR76982501,MJU66266613,"Tube,Connector",AJR76982501-12-1,자동매핑,
AJR76982501,MJU66266702,"Tube,Connector",AJR76982501-4-1,자동매핑,
AJR76982501,MJU66266707,"Tube,Connector",AJR76982501-4-2,자동매핑,
AJR76982501,MJU66307201,"Tube,Connector",(도번직결),도번직하위,
AJR76982501,MJX62771705,"Valve,Check",(도번직결),도번직하위,
AJR76982502,1SZZA20001L,"Screw,Customized",(도번직결),도번직하위,
AJR76982502,3H03659M,Strainer,AJR76982502-4-2,자동매핑,
AJR76982502,4A00114A,"Tube,Connector",(도번직결),도번직하위,
AJR76982502,5014A20009A,"Damper,Tube",(도번직결),도번직하위,
AJR76982502,5210A23344B,"Tube,Coupling",AJR76982501-12-1,자동매핑,
AJR76982502,5224A20005E,Strainer,AJR76982502-4-1,자동매핑,
AJR76982502,5224A20005G,Strainer,AJR76982501-4-2,자동매핑,
AJR76982502,5410A20217B,"Insulator,Felt",MAZ64571802,자동매핑,
AJR76982502,AJR75544505,"Tube Assembly,Solenoide",(도번직결),도번직하위,
AJR76982502,AJU36719715,Valve Assembly,(도번직결),도번직하위,
AJR76982502,AJU73472406,Valve Assembly,(도번직결),도번직하위,
AJR76982502,EBE61083212,Solenoid,(도번직결),도번직하위,
AJR76982502,MAZ64571701,Bracket,(도번직결),도번직하위,
AJR76982502,MAZ64571801,Bracket,(도번직결),도번직하위,
AJR76982502,MAZ64571802,Bracket,(도번직결),도번직하위,
AJR76982502,MJU64466501,"Tube,Connector",AJR76982502-4-2,자동매핑,
AJR76982502,MJU64706602,"Tube,Connector",(도번직결),도번직하위,
AJR76982502,MJU64706603,"Tube,Connector",(도번직결),도번직하위,
AJR76982502,MJU65520102,"Tube,Connector",AJR76982502-4-2,자동매핑,
AJR76982502,MJU66266603,"Tube,Connector",(도번직결),도번직하위,
AJR76982502,MJU66266605,"Tube,Connector",AJR76982502-4-1,자동매핑,
AJR76982502,MJU66266609,"Tube,Connector",AJR76982501-12-1,자동매핑,
AJR76982502,MJU66266610,"Tube,Connector",(도번직결),도번직하위,
AJR76982502,MJU66266611,"Tube,Connector",AJR76982502-4-1,자동매핑,
AJR76982502,MJU66266613,"Tube,Connector",AJR76982501-12-1,자동매핑,
AJR76982502,MJU66266707,"Tube,Connector",AJR76982501-4-2,자동매핑,
AJR76982502,MJU66307202,"Tube,Connector",(도번직결),도번직하위,
AJR76982502,MJX62771705,"Valve,Check",(도번직결),도번직하위,
AJR77082401,3H02717A,"Tube,Coupling",(도번직결),도번직하위,
AJR77082401,4A00742C,"Nut,Flare",(도번직결),도번직하위,
AJR77082401,MJU66289601,"Tube,Connector",(도번직결),도번직하위,
AJR77082401,MJU66289701,"Tube,Connector",(도번직결),도번직하위,
AJR77082401,MJU66289901,"Tube,Connector",(도번직결),도번직하위,
AJR77082401,MJU66290001,"Tube,Connector",(도번직결),도번직하위,
AJR77082501,3H02717A,"Tube,Coupling",(도번직결),도번직하위,
AJR77082501,4A00742C,"Nut,Flare",(도번직결),도번직하위,
AJR77082501,MJU66289401,"Tube,Connector",(도번직결),도번직하위,
AJR77082501,MJU66289501,"Tube,Connector",(도번직결),도번직하위,
AJR77082501,MJU66289801,"Tube,Connector",(도번직결),도번직하위,
AJR77082501,MJU66290001,"Tube,Connector",(도번직결),도번직하위,
AJR77142502,MJU63512513,"Tube,Distributor",AJR77142502-SUB,자동매핑,
AJR77142502,MJU66506801,"Tube,Connector",(도번직결),도번직하위,
AJR77142502,MJU66845505,"Tube,Connector",AJR77142502-SUB,자동매핑,
AJR77142502,MJU66845506,"Tube,Connector",AJR77142502-SUB,자동매핑,
AJR77142502,MJU66845507,"Tube,Connector",AJR77142502-SUB,자동매핑,
AJR77142502,MJU66845508,"Tube,Connector",AJR77142502-SUB,자동매핑,
AJR77142502,MJU66845509,"Tube,Connector",AJR77142502-SUB,자동매핑,
AJR77142502,MJU66845510,"Tube,Connector",AJR77142502-SUB,자동매핑,
AJR77142502,MJU66845511,"Tube,Connector",AJR77142502-SUB,자동매핑,
AJR77142502,MJU66845512,"Tube,Connector",AJR77142502-SUB,자동매핑,
AJR77142502,MJU66845513,"Tube,Connector",AJR77142502-SUB,자동매핑,
AJR77142503,MJU63512513,"Tube,Distributor",AJR77142503-SUB,자동매핑,
AJR77142503,MJU66845505,"Tube,Connector",AJR77142503-SUB,자동매핑,
AJR77142503,MJU66845506,"Tube,Connector",AJR77142503-SUB,자동매핑,
AJR77142503,MJU66845507,"Tube,Connector",AJR77142503-SUB,자동매핑,
AJR77142503,MJU66845508,"Tube,Connector",AJR77142503-SUB,자동매핑,
AJR77142503,MJU66845509,"Tube,Connector",AJR77142503-SUB,자동매핑,
AJR77142503,MJU66845510,"Tube,Connector",AJR77142503-SUB,자동매핑,
AJR77142503,MJU66845511,"Tube,Connector",AJR77142503-SUB,자동매핑,
AJR77142503,MJU66845512,"Tube,Connector",AJR77142503-SUB,자동매핑,
AJR77142503,MJU66845513,"Tube,Connector",AJR77142503-SUB,자동매핑,
AJR77142503,MJU66942901,"Tube,Connector",(도번직결),도번직하위,
AJR77143101,3H03659N,Strainer,(도번직결),도번직하위,
AJR77143101,5210A31939A,"Tube,Connector",(도번직결),도번직하위,
AJR77143101,MJU66508201,"Tube,Connector",(도번직결),도번직하위,
AJR77143101,MJU66508202,"Tube,Connector",(도번직결),도번직하위,
AJR77143101,MJU66508203,"Tube,Connector",(도번직결),도번직하위,
AJR77144201,5210A24677N,"Tube,Connector",(도번직결),도번직하위,
AJR77144201,MJU66510301,"Tube,Manifold",(도번직결),도번직하위,
AJR77144201,MJU66510302,"Tube,Manifold",(도번직결),도번직하위,
AJR77144201,MJU66510401,"Tube,Connector",(도번직결),도번직하위,
AJR77144207,5210A24677J,"Tube,Connector",(도번직결),도번직하위,
AJR77144207,MJU66510313,"Tube,Manifold",(도번직결),도번직하위,
AJR77144207,MJU66510318,"Tube,Manifold",(도번직결),도번직하위,
AJR77144207,MJU66510401,"Tube,Connector",(도번직결),도번직하위,
AJR77144301,MJU62672401,"Tube,Connector",(도번직결),도번직하위,
AJR77144301,MJU66510601,"Tube,Connector",(도번직결),도번직하위,
AJR77144301,MJU66510602,"Tube,Connector",(도번직결),도번직하위,
AJR77144301,MJU66510603,"Tube,Connector",(도번직결),도번직하위,
AJR77144302,MJU62672401,"Tube,Connector",(도번직결),도번직하위,
AJR77144302,MJU66510602,"Tube,Connector",(도번직결),도번직하위,
AJR77144302,MJU66510604,"Tube,Connector",(도번직결),도번직하위,
AJR77144302,MJU66510607,"Tube,Connector",(도번직결),도번직하위,
AJR77144305,MJU62672401,"Tube,Connector",(도번직결),도번직하위,
AJR77144305,MJU66510608,"Tube,Connector",(도번직결),도번직하위,
AJR77144305,MJU66510609,"Tube,Connector",(도번직결),도번직하위,
AJR77144305,MJU66510610,"Tube,Connector",(도번직결),도번직하위,
AJR77144306,MJU62672401,"Tube,Connector",(도번직결),도번직하위,
AJR77144306,MJU66510602,"Tube,Connector",(도번직결),도번직하위,
AJR77144306,MJU66510603,"Tube,Connector",(도번직결),도번직하위,
AJR77144306,MJU66510607,"Tube,Connector",(도번직결),도번직하위,
AJR77144602,5220A90013K,"Valve,Expansion Body",(도번직결),도번직하위,
AJR77144602,EAP65270708,"Coil Module,Expansion",(도번직결),도번직하위,
AJR77144602,MEV39836107,Insulator,(도번직결),도번직하위,
AJR77144602,MJC62721911,Strainer,(도번직결),도번직하위,
AJR77144602,MJU66510812,"Tube,Connector",(도번직결),도번직하위,
AJR77144602,MJU66510813,"Tube,Connector",(도번직결),도번직하위,
AJR77144603,5220A90013J,"Valve,Expansion Body",(도번직결),도번직하위,
AJR77144603,EAP65270707,"Coil Module,Expansion",(도번직결),도번직하위,
AJR77144603,MEV39836107,Insulator,(도번직결),도번직하위,
AJR77144603,MFN62721711,Mesh,AJR77144603-4-2,자동매핑,
AJR77144603,MJU64766109,"Tube,Connector",AJR77144603-4-2,자동매핑,
AJR77144603,MJU64766110,"Tube,Connector",AJR77144603-4-1,자동매핑,
AJR77144603,MJU66510805,"Tube,Connector",AJR77144603-4-2,자동매핑,
AJR77144603,MJU66510806,"Tube,Connector",AJR77144603-4-1,자동매핑,
AJR77144606,5220A90013J,"Valve,Expansion Body",(도번직결),도번직하위,
AJR77144606,EAP65270707,"Coil Module,Expansion",(도번직결),도번직하위,
AJR77144606,MEV39836107,Insulator,(도번직결),도번직하위,
AJR77144606,MFN62721711,Mesh,AJR77144606-4-2,자동매핑,
AJR77144606,MJU64766109,"Tube,Connector",AJR77144606-4-2,자동매핑,
AJR77144606,MJU64766110,"Tube,Connector",AJR77144606-4-1,자동매핑,
AJR77144606,MJU66510806,"Tube,Connector",AJR77144606-4-1,자동매핑,
AJR77144606,MJU66510818,"Tube,Connector",AJR77144606-4-2,자동매핑,
AJR77145701,MJU66511701,"Tube,Connector",(도번직결),도번직하위,
AJR77145701,MJU66567101,"Tube,Connector",(도번직결),도번직하위,
AJR77145701,MJU66567102,"Tube,Connector",(도번직결),도번직하위,
AJR77145701,MJU66567103,"Tube,Connector",(도번직결),도번직하위,
AJR77145701,MJU66567104,"Tube,Connector",(도번직결),도번직하위,
AJR77145701,MJU66567105,"Tube,Connector",(도번직결),도번직하위,
AJR77145702,5210A23089A,"Tube,Pinch Off",(도번직결),도번직하위,
AJR77145702,MJU66567101,"Tube,Connector",(도번직결),도번직하위,
AJR77145702,MJU66567102,"Tube,Connector",(도번직결),도번직하위,
AJR77145702,MJU66567103,"Tube,Connector",(도번직결),도번직하위,
AJR77145702,MJU66567104,"Tube,Connector",(도번직결),도번직하위,
AJR77145702,MJU66567105,"Tube,Connector",(도번직결),도번직하위,
AJR77145702,MJU66777501,"Tube,Connector",(도번직결),도번직하위,
AJR77163101,4930A20053B,"Holder,Sensor",(도번직결),도번직하위,
AJR77163101,4A00114F,"Tube,Connector",(도번직결),도번직하위,
AJR77163101,5014A30014W,"Damper,Tube",(도번직결),도번직하위,
AJR77163101,5210A22409A,"Tube,Connector",(도번직결),도번직하위,
AJR77163101,5410A21281F,"Insulator,Tube",(도번직결),도번직하위,
AJR77163101,AJR76443002,Tube Assembly,(도번직결),도번직하위,
AJR77163101,EAP65270706,"Coil Module,Expansion",(도번직결),도번직하위,
AJR77163101,MJC62721909,Strainer,(도번직결),도번직하위,
AJR77163101,MJU64189801,"Tube,Connector",AJR77163101-4-1,자동매핑,
AJR77163101,MJU66366803,"Tube,Connector",AJR77163101-4-1,자동매핑,
AJR77163101,MJU66366804,"Tube,Connector",(도번직결),도번직하위,
AJR77163101,MJU66366805,"Tube,Connector",(도번직결),도번직하위,
AJR77163101,MJU66366807,"Tube,Connector",(도번직결),도번직하위,
AJR77163101,MJU66366812,"Tube,Connector",(도번직결),도번직하위,
AJR77163101,MJU66366813,"Tube,Connector",(도번직결),도번직하위,
AJR77163101,MJX63991801,"Valve,Expansion Body",(도번직결),도번직하위,
AJR77163102,4930A20053B,"Holder,Sensor",(도번직결),도번직하위,
AJR77163102,4A00114F,"Tube,Connector",AJR77163102-S2-1,자동매핑,
AJR77163102,5014A30014W,"Damper,Tube",(도번직결),도번직하위,
AJR77163102,5210A22409A,"Tube,Connector",AJR77163102-S2-1,자동매핑,
AJR77163102,AJR76443003,Tube Assembly,(도번직결),도번직하위,
AJR77163102,EAP65270706,"Coil Module,Expansion",(도번직결),도번직하위,
AJR77163102,EBG61287708,"Thermistor Assembly,NTC",(도번직결),도번직하위,
AJR77163102,MEV39836107,Insulator,(도번직결),도번직하위,
AJR77163102,MJC62721914,Strainer,AJR77163102-S2-1,자동매핑,
AJR77163102,MJU64189801,"Tube,Connector",AJR77163101-4-1,자동매핑,
AJR77163102,MJU66366803,"Tube,Connector",AJR77163101-4-1,자동매핑,
AJR77163102,MJU66366804,"Tube,Connector",(도번직결),도번직하위,
AJR77163102,MJU66366805,"Tube,Connector",AJR77163102-S2-1,자동매핑,
AJR77163102,MJU66366812,"Tube,Connector",AJR77163102-S2-1,자동매핑,
AJR77163102,MJU66366813,"Tube,Connector",AJR77163102-S2-1,자동매핑,
AJR77163102,MJU66366814,"Tube,Connector",AJR77163102-S2-1,자동매핑,
AJR77163102,MJX63991801,"Valve,Expansion Body",AJR77163102-S2-1,자동매핑,
AJR77163401,EAP65270704,"Coil Module,Expansion",(도번직결),도번직하위,
AJR77163401,MEV39836107,Insulator,(도번직결),도번직하위,
AJR77163401,MJC62721911,Strainer,AJR77163401-9-1,자동매핑,
AJR77163401,MJU66489401,"Tube,Connector",AJR77163401-13-1,자동매핑,
AJR77163401,MJU66489402,"Tube,Connector",(도번직결),도번직하위,
AJR77163401,MJU66489403,"Tube,Connector",AJR77163401-9-1,자동매핑,
AJR77163401,MJX63991901,"Valve,Expansion Body",(도번직결),도번직하위,
AJR77164001,4010AR3071N,"Socket,Flare",(도번직결),도번직하위,
AJR77164001,MJU62096501,"Tube,Connector",(도번직결),도번직하위,
AJR77164001,MJU66490203,"Tube,Connector",(도번직결),도번직하위,
AJR77167310,1MPC0502018,"Screw,Machine",(도번직결),도번직하위,
AJR77167310,4930A20053B,"Holder,Sensor",AJR77167310-4-1,자동매핑,
AJR77167310,5210A22409A,"Tube,Connector",AJR77167310-4-1,자동매핑,
AJR77167310,5220AR3228W,"Valve,Reverse",(도번직결),도번직하위,
AJR77167310,EAP64467708,"Coil Assembly,Reverse",(도번직결),도번직하위,
AJR77167310,MEG65559802,"Holder,Sensor",AJR77167310-7-1,자동매핑,
AJR77167310,MFS62323017,Muffler,AJR77167310-7-1,자동매핑,
AJR77167310,MJU66493602,"Tube,Connector",(도번직결),도번직하위,
AJR77167310,MJU66493702,"Tube,Connector",AJR77167310-4-1,자동매핑,
AJR77167310,MJU66494202,"Tube,Connector",(도번직결),도번직하위,
AJR77167310,MJU66494401,"Tube,Connector",AJR77167310-7-1,자동매핑,
AJR77167310,MJU66795001,"Tube,Connector",AJR77167310-7-1,자동매핑,
AJR77167311,3H01582E,Tie,(도번직결),도번직하위,
AJR77167311,4930A20053B,"Holder,Sensor",(도번직결),도번직하위,
AJR77167311,5211A22074G,"Tube Assembly,Connector",AJR77167311-S2-1,자동매핑,
AJR77167311,5220AR3228W,"Valve,Reverse",(도번직결),도번직하위,
AJR77167311,EAP64467708,"Coil Assembly,Reverse",(도번직결),도번직하위,
AJR77167311,MCQ66969708,"Damper,Tube",(도번직결),도번직하위,
AJR77167311,MEG65559802,"Holder,Sensor",AJR77167310-7-1,자동매핑,
AJR77167311,MFS62323017,Muffler,AJR77167310-7-1,자동매핑,
AJR77167311,MJU66493602,"Tube,Connector",(도번직결),도번직하위,
AJR77167311,MJU66494202,"Tube,Connector",(도번직결),도번직하위,
AJR77167311,MJU66494401,"Tube,Connector",AJR77167310-7-1,자동매핑,
AJR77167311,MJU66795001,"Tube,Connector",AJR77167310-7-1,자동매핑,
AJR77167312,4930A20053B,"Holder,Sensor",AJR77167310-4-1,자동매핑,
AJR77167312,5210A22409A,"Tube,Connector",AJR77167310-4-1,자동매핑,
AJR77167312,5220AR3228W,"Valve,Reverse",(도번직결),도번직하위,
AJR77167312,MEG65559802,"Holder,Sensor",AJR77167310-7-1,자동매핑,
AJR77167312,MFS62323017,Muffler,AJR77167310-7-1,자동매핑,
AJR77167312,MJU66493602,"Tube,Connector",(도번직결),도번직하위,
AJR77167312,MJU66493702,"Tube,Connector",AJR77167310-4-1,자동매핑,
AJR77167312,MJU66494202,"Tube,Connector",(도번직결),도번직하위,
AJR77167312,MJU66494401,"Tube,Connector",AJR77167310-7-1,자동매핑,
AJR77167312,MJU66795001,"Tube,Connector",AJR77167310-7-1,자동매핑,
AJR77170601,MJU64955001,"Tube,Distributor",AJR77170601-SUB,자동매핑,
AJR77170601,MJU66481501,"Tube,Connector",AJR77170601-SUB,자동매핑,
AJR77170601,MJU66481601,"Tube,Connector",AJR77170601-SUB,자동매핑,
AJR77170601,MJU66481701,"Tube,Connector",AJR77170601-SUB,자동매핑,
AJR77170601,MJU66481801,"Tube,Connector",AJR77170601-SUB,자동매핑,
AJR77170601,MJU66481901,"Tube,Connector",AJR77170601-SUB,자동매핑,
AJR77170601,MJU66482001,"Tube,Connector",AJR77170601-SUB,자동매핑,
AJR77170601,MJU66482101,"Tube,Connector",AJR77170601-SUB,자동매핑,
AJR77170601,MJU66482201,"Tube,Connector",AJR77170601-SUB,자동매핑,
AJR77170601,MJU66482301,"Tube,Connector",AJR77170601-SUB,자동매핑,
AJR77170601,MJU66482401,"Tube,Connector",AJR77170601-SUB,자동매핑,
AJR77170601,MJU66482501,"Tube,Connector",AJR77170601-SUB,자동매핑,
AJR77170601,MJU66482601,"Tube,Connector",AJR77170601-SUB,자동매핑,
AJR77170601,MJU66482701,"Tube,Connector",AJR77170601-SUB,자동매핑,
AJR77170601,MJU66483302,"Tube,Connector",AJR77170601-F&T,자동매핑,
AJR77170701,MJU64955001,"Tube,Distributor",AJR77170701-SUB,자동매핑,
AJR77170701,MJU66481501,"Tube,Connector",AJR77170701-SUB,자동매핑,
AJR77170701,MJU66481601,"Tube,Connector",AJR77170701-SUB,자동매핑,
AJR77170701,MJU66481701,"Tube,Connector",AJR77170701-SUB,자동매핑,
AJR77170701,MJU66481801,"Tube,Connector",AJR77170701-SUB,자동매핑,
AJR77170701,MJU66481901,"Tube,Connector",AJR77170701-SUB,자동매핑,
AJR77170701,MJU66482001,"Tube,Connector",AJR77170701-SUB,자동매핑,
AJR77170701,MJU66482101,"Tube,Connector",AJR77170701-SUB,자동매핑,
AJR77170701,MJU66482201,"Tube,Connector",AJR77170701-SUB,자동매핑,
AJR77170701,MJU66482301,"Tube,Connector",AJR77170701-SUB,자동매핑,
AJR77170701,MJU66482401,"Tube,Connector",AJR77170701-SUB,자동매핑,
AJR77170701,MJU66482501,"Tube,Connector",AJR77170701-SUB,자동매핑,
AJR77170701,MJU66482601,"Tube,Connector",AJR77170701-SUB,자동매핑,
AJR77170701,MJU66482701,"Tube,Connector",AJR77170701-SUB,자동매핑,
AJR77170701,MJU66483301,"Tube,Connector",AJR77170701-F&T,자동매핑,
AJR77170901,MJU66499501,"Tube,Connector",(도번직결),도번직하위,
AJR77170901,MJU66499701,"Tube,Connector",(도번직결),도번직하위,
AJR77170901,MJU66500201,"Tube,Connector",(도번직결),도번직하위,
AJR77170901,MJU66500301,"Tube,Connector",(도번직결),도번직하위,
AJR77170901,MJU66500401,"Tube,Connector",(도번직결),도번직하위,
AJR77170901,MJU66500501,"Tube,Connector",(도번직결),도번직하위,
AJR77170901,MJU66500701,"Tube,Manifold",(도번직결),도번직하위,
AJR77170901,MJU66766601,"Tube,Connector",(도번직결),도번직하위,
AJR77170902,MJU66499502,"Tube,Connector",(도번직결),도번직하위,
AJR77170902,MJU66499702,"Tube,Connector",(도번직결),도번직하위,
AJR77170902,MJU66500202,"Tube,Connector",(도번직결),도번직하위,
AJR77170902,MJU66500302,"Tube,Connector",(도번직결),도번직하위,
AJR77170902,MJU66500402,"Tube,Connector",(도번직결),도번직하위,
AJR77170902,MJU66500502,"Tube,Connector",(도번직결),도번직하위,
AJR77170902,MJU66500702,"Tube,Manifold",(도번직결),도번직하위,
AJR77170902,MJU66766602,"Tube,Connector",(도번직결),도번직하위,
AJR77171201,3H01582A,Tie,(도번직결),도번직하위,
AJR77171201,5210A23089A,"Tube,Pinch Off",AJR77171201-S6-1,자동매핑,
AJR77171201,MEG66660103,"Holder,Tubing",(도번직결),도번직하위,
AJR77171201,MJU63512511,"Tube,Distributor",AJR77171201-SUB,자동매핑,
AJR77171201,MJU66501101,"Tube,Connector",AJR77171201-S6-1,자동매핑,
AJR77182401,4H02034C,"Tube,Coupling",(도번직결),도번직하위,
AJR77182401,MJU66266601,"Tube,Connector",(도번직결),도번직하위,
AJR77182401,MJU66266602,"Tube,Connector",(도번직결),도번직하위,
AJR77182401,MJU66266607,"Tube,Connector",(도번직결),도번직하위,
AJR77182404,5210A23089A,"Tube,Pinch Off",(도번직결),도번직하위,
AJR77182404,MJU66266703,"Tube,Connector",(도번직결),도번직하위,
AJR77182405,3H01582E,Tie,(도번직결),도번직하위,
AJR77182405,4H02034C,"Tube,Coupling",(도번직결),도번직하위,
AJR77182405,MEG66660103,"Holder,Tubing",(도번직결),도번직하위,
AJR77182405,MJU66266607,"Tube,Connector",(도번직결),도번직하위,
AJR77182405,MJU66586201,"Tube,Connector",(도번직결),도번직하위,
AJR77182405,MJU66586202,"Tube,Connector",(도번직결),도번직하위,
AJR77182406,4H02034C,"Tube,Coupling",(도번직결),도번직하위,
AJR77182406,MJU66266607,"Tube,Connector",(도번직결),도번직하위,
AJR77182406,MJU66266618,"Tube,Connector",(도번직결),도번직하위,
AJR77182406,MJU66902601,"Tube,Connector",(도번직결),도번직하위,
AJR77182601,AJJ73040828,Supporter Assembly,(도번직결),도번직하위,
AJR77182601,MJU63650911,"Tube,Connector",(도번직결),도번직하위,
AJR77182602,AJJ73040828,Supporter Assembly,(도번직결),도번직하위,
AJR77182602,MJU63650911,"Tube,Connector",(도번직결),도번직하위,
AJR77182701,MJU64948401,"Tube,Connector",AJR77182701-F&T,자동매핑,
AJR77182701,MJU64955001,"Tube,Distributor",AJR77182701-SUB,자동매핑,
AJR77182701,MJU66486801,"Tube,Connector",AJR77182701-SUB,자동매핑,
AJR77182701,MJU66486901,"Tube,Connector",AJR77182701-SUB,자동매핑,
AJR77182701,MJU66487001,"Tube,Connector",AJR77182701-SUB,자동매핑,
AJR77182701,MJU66487101,"Tube,Connector",AJR77182701-SUB,자동매핑,
AJR77182701,MJU66487201,"Tube,Connector",AJR77182701-SUB,자동매핑,
AJR77182701,MJU66487301,"Tube,Connector",AJR77182701-SUB,자동매핑,
AJR77182701,MJU66487401,"Tube,Connector",AJR77182701-SUB,자동매핑,
AJR77182701,MJU66487501,"Tube,Connector",AJR77182701-SUB,자동매핑,
AJR77182701,MJU66487601,"Tube,Connector",AJR77182701-SUB,자동매핑,
AJR77182701,MJU66487701,"Tube,Connector",AJR77182701-SUB,자동매핑,
AJR77182701,MJU66487801,"Tube,Connector",AJR77182701-SUB,자동매핑,
AJR77182701,MJU66487901,"Tube,Connector",AJR77182701-SUB,자동매핑,
AJR77182701,MJU66488001,"Tube,Connector",AJR77182701-SUB,자동매핑,
AJR77182801,MJU65512601,"Tube,Manifold",(도번직결),도번직하위,
AJR77182801,MJU66467201,"Tube,Connector",(도번직결),도번직하위,
AJR77182801,MJU66467301,"Tube,Connector",(도번직결),도번직하위,
AJR77182801,MJU66467401,"Tube,Connector",(도번직결),도번직하위,
AJR77182801,MJU66467501,"Tube,Connector",(도번직결),도번직하위,
AJR77182802,MJU65512602,"Tube,Manifold",(도번직결),도번직하위,
AJR77182802,MJU66467202,"Tube,Connector",(도번직결),도번직하위,
AJR77182802,MJU66467302,"Tube,Connector",(도번직결),도번직하위,
AJR77182802,MJU66467402,"Tube,Connector",(도번직결),도번직하위,
AJR77182802,MJU66467502,"Tube,Connector",(도번직결),도번직하위,
AJR77182901,MJU66466701,"Tube,Connector",(도번직결),도번직하위,
AJR77182901,MJU66466801,"Tube,Connector",(도번직결),도번직하위,
AJR77182901,MJU66466901,"Tube,Connector",(도번직결),도번직하위,
AJR77182901,MJU66467001,"Tube,Connector",(도번직결),도번직하위,
AJR77182901,MJU66467101,"Tube,Manifold",(도번직결),도번직하위,
AJR77182902,MJU66466702,"Tube,Connector",(도번직결),도번직하위,
AJR77182902,MJU66466802,"Tube,Connector",(도번직결),도번직하위,
AJR77182902,MJU66466902,"Tube,Connector",(도번직결),도번직하위,
AJR77182902,MJU66467002,"Tube,Connector",(도번직결),도번직하위,
AJR77182902,MJU66467102,"Tube,Manifold",(도번직결),도번직하위,
AJR77183101,MJU64948401,"Tube,Connector",AJR77183101-F&T,자동매핑,
AJR77183101,MJU64955001,"Tube,Distributor",AJR77183101-SUB,자동매핑,
AJR77183101,MJU66467601,"Tube,Connector",AJR77183101-SUB,자동매핑,
AJR77183101,MJU66467701,"Tube,Connector",AJR77183101-SUB,자동매핑,
AJR77183101,MJU66467801,"Tube,Connector",AJR77183101-SUB,자동매핑,
AJR77183101,MJU66467901,"Tube,Connector",AJR77183101-SUB,자동매핑,
AJR77183101,MJU66468001,"Tube,Connector",AJR77183101-SUB,자동매핑,
AJR77183101,MJU66468101,"Tube,Connector",AJR77183101-SUB,자동매핑,
AJR77183101,MJU66468201,"Tube,Connector",AJR77183101-SUB,자동매핑,
AJR77183101,MJU66468301,"Tube,Connector",AJR77183101-SUB,자동매핑,
AJR77183101,MJU66468401,"Tube,Connector",AJR77183101-SUB,자동매핑,
AJR77183101,MJU66468501,"Tube,Connector",AJR77183101-SUB,자동매핑,
AJR77183101,MJU66468601,"Tube,Connector",AJR77183101-SUB,자동매핑,
AJR77183101,MJU66468701,"Tube,Connector",AJR77183101-SUB,자동매핑,
AJR77183101,MJU66468801,"Tube,Connector",AJR77183101-SUB,자동매핑,
AJR77187801,4A00114E,"Tube,Connector",(도번직결),도번직하위,
AJR77187801,4H00006C,"Screw,Customized",(도번직결),도번직하위,
AJR77187801,5224A20005G,Strainer,(도번직결),도번직하위,
AJR77187801,ABA30019001,Bracket Assembly,(도번직결),도번직하위,
AJR77187801,AJU36719715,Valve Assembly,(도번직결),도번직하위,
AJR77187801,EBE60660901,Solenoid,(도번직결),도번직하위,
AJR77187801,EBG61585805,"Thermistor Assembly,NTC",(도번직결),도번직하위,
AJR77187801,EBG61585806,"Thermistor Assembly,NTC",(도번직결),도번직하위,
AJR77187801,MAZ67395501,Bracket,(도번직결),도번직하위,
AJR77187801,MAZ67395601,Bracket,(도번직결),도번직하위,
AJR77187801,MDE62061802,"Exchanger,Plate",(도번직결),도번직하위,
AJR77187801,MJU63059503,"Tube,Connector",(도번직결),도번직하위,
AJR77187801,MJU63160504,"Tube,Connector",(도번직결),도번직하위,
AJR77187801,MJU66476501,"Tube,Connector",(도번직결),도번직하위,
AJR77187801,MJU66476502,"Tube,Connector",(도번직결),도번직하위,
AJR77187801,MJU66476503,"Tube,Connector",(도번직결),도번직하위,
AJR77187801,MJU66476504,"Tube,Connector",(도번직결),도번직하위,
AJR77187801,MJU66476601,"Tube,Connector",(도번직결),도번직하위,
AJR77187801,MJU66476701,"Tube,Connector",(도번직결),도번직하위,
AJR77187801,MJX61841306,"Valve,Solenoid",(도번직결),도번직하위,
AJR77187801,MJX62771702,"Valve,Check",(도번직결),도번직하위,
AJR77187802,4A00114E,"Tube,Connector",(도번직결),도번직하위,
AJR77187802,4H00006C,"Screw,Customized",(도번직결),도번직하위,
AJR77187802,5224A20005G,Strainer,(도번직결),도번직하위,
AJR77187802,ABA30019002,Bracket Assembly,(도번직결),도번직하위,
AJR77187802,AJU36719715,Valve Assembly,(도번직결),도번직하위,
AJR77187802,EBE60660901,Solenoid,(도번직결),도번직하위,
AJR77187802,EBG61585805,"Thermistor Assembly,NTC",(도번직결),도번직하위,
AJR77187802,EBG61585806,"Thermistor Assembly,NTC",(도번직결),도번직하위,
AJR77187802,MAZ67395501,Bracket,(도번직결),도번직하위,
AJR77187802,MAZ67395602,Bracket,(도번직결),도번직하위,
AJR77187802,MDE62061803,"Exchanger,Plate",(도번직결),도번직하위,
AJR77187802,MJU66476502,"Tube,Connector",(도번직결),도번직하위,
AJR77187802,MJU66476503,"Tube,Connector",(도번직결),도번직하위,
AJR77187802,MJU66476504,"Tube,Connector",(도번직결),도번직하위,
AJR77187802,MJU66476601,"Tube,Connector",(도번직결),도번직하위,
AJR77187802,MJU66476801,"Tube,Connector",(도번직결),도번직하위,
AJR77187802,MJU66773809,"Tube,Connector",(도번직결),도번직하위,
AJR77187802,MJU66773810,"Tube,Connector",(도번직결),도번직하위,
AJR77187802,MJX61841306,"Valve,Solenoid",(도번직결),도번직하위,
AJR77187802,MJX62771702,"Valve,Check",(도번직결),도번직하위,
AJR77189101,3H01582C,Tie,(도번직결),도번직하위,
AJR77189101,5210A22409A,"Tube,Connector",(도번직결),도번직하위,
AJR77189101,MBL68398701,Cap,(도번직결),도번직하위,
AJR77189101,MEV64301301,"Insulator,Tube",(도번직결),도번직하위,
AJR77189101,MHT62361201,"Socket,Flare",AJR77189101-은납,자동매핑,
AJR77189101,MJU47146601,"Tube,Connector",(도번직결),도번직하위,
AJR77189101,MJU47146602,"Tube,Connector",(도번직결),도번직하위,
AJR77189101,MJU66483601,"Tube,Connector",(도번직결),도번직하위,
AJR77189101,MJU66483701,"Tube,Manifold",AJR77189101-은납,자동매핑,
AJR77189103,3H01582C,Tie,(도번직결),도번직하위,
AJR77189103,5210A22409A,"Tube,Connector",(도번직결),도번직하위,
AJR77189103,MBL68398701,Cap,(도번직결),도번직하위,
AJR77189103,MEV64301301,"Insulator,Tube",(도번직결),도번직하위,
AJR77189103,MHT62361201,"Socket,Flare",AJR77189103-SUB,자동매핑,
AJR77189103,MJU47146601,"Tube,Connector",(도번직결),도번직하위,
AJR77189103,MJU47146602,"Tube,Connector",(도번직결),도번직하위,
AJR77189103,MJU66483703,"Tube,Manifold",AJR77189103-SUB,자동매핑,
AJR77189104,3H01582C,Tie,(도번직결),도번직하위,
AJR77189104,MBL68398701,Cap,(도번직결),도번직하위,
AJR77189104,MCD63107401,Connector,(도번직결),도번직하위,
AJR77189104,MCQ67968901,"Damper,Vent",(도번직결),도번직하위,
AJR77189104,MEV64301301,"Insulator,Tube",(도번직결),도번직하위,
AJR77189104,MEV65131601,Insulator,(도번직결),도번직하위,
AJR77189104,MEV65131602,Insulator,(도번직결),도번직하위,
AJR77189104,MHT62361201,"Socket,Flare",AJR77189104-SUB,자동매핑,
AJR77189104,MJU63429401,"Tube,Connector",(도번직결),도번직하위,
AJR77189104,MJU63429402,"Tube,Connector",(도번직결),도번직하위,
AJR77189104,MJU63429403,"Tube,Connector",(도번직결),도번직하위,
AJR77189104,MJU66483704,"Tube,Manifold",AJR77189104-SUB,자동매핑,
AJR77189105,3H01582C,Tie,(도번직결),도번직하위,
AJR77189105,4930A20053B,"Holder,Sensor",(도번직결),도번직하위,
AJR77189105,5210A22409B,"Tube,Connector",(도번직결),도번직하위,
AJR77189105,MBL68398701,Cap,(도번직결),도번직하위,
AJR77189105,MCD63107401,Connector,(도번직결),도번직하위,
AJR77189105,MCQ67968901,"Damper,Vent",(도번직결),도번직하위,
AJR77189105,MEV64301301,"Insulator,Tube",(도번직결),도번직하위,
AJR77189105,MEV65131601,Insulator,(도번직결),도번직하위,
AJR77189105,MEV65131602,Insulator,(도번직결),도번직하위,
AJR77189105,MHT62361201,"Socket,Flare",AJR77189105-은납,자동매핑,
AJR77189105,MJU63429401,"Tube,Connector",(도번직결),도번직하위,
AJR77189105,MJU63429402,"Tube,Connector",(도번직결),도번직하위,
AJR77189105,MJU63429403,"Tube,Connector",(도번직결),도번직하위,
AJR77189105,MJU63429404,"Tube,Connector",(도번직결),도번직하위,
AJR77189105,MJU66483702,"Tube,Manifold",AJR77189105-은납,자동매핑,
AJR77189106,3H01582C,Tie,(도번직결),도번직하위,
AJR77189106,4930A20053B,"Holder,Sensor",(도번직결),도번직하위,
AJR77189106,5210A22409B,"Tube,Connector",(도번직결),도번직하위,
AJR77189106,MBL68398701,Cap,(도번직결),도번직하위,
AJR77189106,MCD63107401,Connector,(도번직결),도번직하위,
AJR77189106,MCQ67968901,"Damper,Vent",(도번직결),도번직하위,
AJR77189106,MEJ64687101,"Hose,Air",(도번직결),도번직하위,
AJR77189106,MEV64301301,"Insulator,Tube",(도번직결),도번직하위,
AJR77189106,MEV65131601,Insulator,(도번직결),도번직하위,
AJR77189106,MEV65131602,Insulator,(도번직결),도번직하위,
AJR77189106,MHT62361201,"Socket,Flare",AJR77189106-SUB,자동매핑,
AJR77189106,MJU63429401,"Tube,Connector",(도번직결),도번직하위,
AJR77189106,MJU63429402,"Tube,Connector",(도번직결),도번직하위,
AJR77189106,MJU63429403,"Tube,Connector",(도번직결),도번직하위,
AJR77189106,MJU66483704,"Tube,Manifold",AJR77189106-SUB,자동매핑,
AJR77202301,1SZZA20001L,"Screw,Customized",(도번직결),도번직하위,
AJR77202301,3H01582E,Tie,(도번직결),도번직하위,
AJR77202301,4930A20053B,"Holder,Sensor",(도번직결),도번직하위,
AJR77202301,4A00114D,"Tube,Connector",(도번직결),도번직하위,
AJR77202301,5014A20009C,"Damper,Tube",(도번직결),도번직하위,
AJR77202301,5210A22409A,"Tube,Connector",(도번직결),도번직하위,
AJR77202301,AJU75653101,"Valve Assembly,Gear Expa",(도번직결),도번직하위,
AJR77202301,AJU75653102,"Valve Assembly,Gear Expa",(도번직결),도번직하위,
AJR77202301,EBE60661407,Solenoid,(도번직결),도번직하위,
AJR77202301,MAZ64825101,Bracket,(도번직결),도번직하위,
AJR77202301,MEG66660103,"Holder,Tubing",(도번직결),도번직하위,
AJR77202301,MJH63775701,Supporter,(도번직결),도번직하위,
AJR77202301,MJH63775702,Supporter,(도번직결),도번직하위,
AJR77202301,MJU66526301,"Tube,Connector",(도번직결),도번직하위,
AJR77202301,MJU66526302,"Tube,Connector",(도번직결),도번직하위,
AJR77202301,MJU66526303,"Tube,Connector",(도번직결),도번직하위,
AJR77202301,MJU66526304,"Tube,Connector",(도번직결),도번직하위,
AJR77202301,MJU66526306,"Tube,Connector",(도번직결),도번직하위,
AJR77202301,MJU66526307,"Tube,Connector",(도번직결),도번직하위,
AJR77202301,MJX61841301,"Valve,Solenoid",(도번직결),도번직하위,
AJR77202403,4930A20053B,"Holder,Sensor",(도번직결),도번직하위,
AJR77202403,5014A30014W,"Damper,Tube",(도번직결),도번직하위,
AJR77202403,5210A22409A,"Tube,Connector",AJR77202403-S5-2,자동매핑,
AJR77202403,5210A22409B,"Tube,Connector",AJR77202403-S5-1,자동매핑,
AJR77202403,MEG66660106,"Holder,Tubing",(도번직결),도번직하위,
AJR77202403,MJU66526402,"Tube,Connector",AJR77202403-S5-1,자동매핑,
AJR77202403,MJU66526601,"Tube,Connector",AJR77202403-S5-2,자동매핑,
AJR77202403,MJU66526604,"Tube,Connector",AJR77202403-S5-1,자동매핑,
AJR77202403,MJU66526605,"Tube,Connector",AJR77202403-S5-1,자동매핑,
AJR77202403,MJU66526607,"Tube,Connector",AJR77202403-S5-1,자동매핑,
AJR77202403,MJU66526608,"Tube,Connector",AJR77202403-S5-1,자동매핑,
AJR77202403,MJU66526614,"Tube,Connector",AJR77202403-S5-2,자동매핑,
AJR77202403,MJU66526701,"Tube,Connector",(도번직결),도번직하위,
AJR77202403,MJU66902701,"Tube,Connector",AJR77202403-S5-2,자동매핑,
AJR77202403,MJU66902803,"Tube,Connector",(도번직결),도번직하위,
AJR77202403,MJX62771704,"Valve,Check",(도번직결),도번직하위,
AJR77202404,4930A20053B,"Holder,Sensor",(도번직결),도번직하위,
AJR77202404,5014A30014W,"Damper,Tube",(도번직결),도번직하위,
AJR77202404,5210A22409A,"Tube,Connector",(도번직결),도번직하위,
AJR77202404,5210A22409B,"Tube,Connector",(도번직결),도번직하위,
AJR77202404,MEG66660106,"Holder,Tubing",(도번직결),도번직하위,
AJR77202404,MJU66526402,"Tube,Connector",(도번직결),도번직하위,
AJR77202404,MJU66526601,"Tube,Connector",(도번직결),도번직하위,
AJR77202404,MJU66526604,"Tube,Connector",(도번직결),도번직하위,
AJR77202404,MJU66526605,"Tube,Connector",(도번직결),도번직하위,
AJR77202404,MJU66526607,"Tube,Connector",(도번직결),도번직하위,
AJR77202404,MJU66526608,"Tube,Connector",(도번직결),도번직하위,
AJR77202404,MJU66526614,"Tube,Connector",(도번직결),도번직하위,
AJR77202404,MJU66902803,"Tube,Connector",(도번직결),도번직하위,
AJR77202404,MJU66942701,"Tube,Connector",(도번직결),도번직하위,
AJR77202404,MJU66942801,"Tube,Connector",(도번직결),도번직하위,
AJR77202404,MJX62771704,"Valve,Check",(도번직결),도번직하위,
AJR77202405,4930A20053B,"Holder,Sensor",(도번직결),도번직하위,
AJR77202405,5210A22409A,"Tube,Connector",(도번직결),도번직하위,
AJR77202405,5210A22409B,"Tube,Connector",(도번직결),도번직하위,
AJR77202405,MEG66660106,"Holder,Tubing",(도번직결),도번직하위,
AJR77202405,MJU66526615,"Tube,Connector",(도번직결),도번직하위,
AJR77202405,MJU66526616,"Tube,Connector",(도번직결),도번직하위,
AJR77202405,MJU66526617,"Tube,Connector",(도번직결),도번직하위,
AJR77202405,MJU66526618,"Tube,Connector",(도번직결),도번직하위,
AJR77202405,MJU66526619,"Tube,Connector",(도번직결),도번직하위,
AJR77202405,MJU66526620,"Tube,Connector",(도번직결),도번직하위,
AJR77202405,MJU66526621,"Tube,Connector",(도번직결),도번직하위,
AJR77202405,MJU66759905,"Tube,Connector",(도번직결),도번직하위,
AJR77202405,MJU66796905,"Tube,Connector",(도번직결),도번직하위,
AJR77202405,MJU66797005,"Tube,Connector",(도번직결),도번직하위,
AJR77202405,MJX62771704,"Valve,Check",(도번직결),도번직하위,
AJR77202406,4930A20053B,"Holder,Sensor",(도번직결),도번직하위,
AJR77202406,5014A30014W,"Damper,Tube",(도번직결),도번직하위,
AJR77202406,5210A22409A,"Tube,Connector",(도번직결),도번직하위,
AJR77202406,5210A22409B,"Tube,Connector",(도번직결),도번직하위,
AJR77202406,MEG66660106,"Holder,Tubing",(도번직결),도번직하위,
AJR77202406,MJU66526615,"Tube,Connector",(도번직결),도번직하위,
AJR77202406,MJU66526616,"Tube,Connector",(도번직결),도번직하위,
AJR77202406,MJU66526617,"Tube,Connector",(도번직결),도번직하위,
AJR77202406,MJU66526618,"Tube,Connector",(도번직결),도번직하위,
AJR77202406,MJU66526619,"Tube,Connector",(도번직결),도번직하위,
AJR77202406,MJU66526621,"Tube,Connector",(도번직결),도번직하위,
AJR77202406,MJU66759905,"Tube,Connector",(도번직결),도번직하위,
AJR77202406,MJU66796905,"Tube,Connector",(도번직결),도번직하위,
AJR77202406,MJU66797006,"Tube,Connector",(도번직결),도번직하위,
AJR77202406,MJU66902803,"Tube,Connector",(도번직결),도번직하위,
AJR77202406,MJX62771704,"Valve,Check",(도번직결),도번직하위,
AJR77202407,4930A20053B,"Holder,Sensor",(도번직결),도번직하위,
AJR77202407,5014A30014W,"Damper,Tube",(도번직결),도번직하위,
AJR77202407,5210A22409A,"Tube,Connector",(도번직결),도번직하위,
AJR77202407,5210A22409B,"Tube,Connector",(도번직결),도번직하위,
AJR77202407,MEG66660106,"Holder,Tubing",(도번직결),도번직하위,
AJR77202407,MJU66526615,"Tube,Connector",(도번직결),도번직하위,
AJR77202407,MJU66526616,"Tube,Connector",(도번직결),도번직하위,
AJR77202407,MJU66526617,"Tube,Connector",(도번직결),도번직하위,
AJR77202407,MJU66526618,"Tube,Connector",(도번직결),도번직하위,
AJR77202407,MJU66526619,"Tube,Connector",(도번직결),도번직하위,
AJR77202407,MJU66526621,"Tube,Connector",(도번직결),도번직하위,
AJR77202407,MJU66759906,"Tube,Connector",(도번직결),도번직하위,
AJR77202407,MJU66796905,"Tube,Connector",(도번직결),도번직하위,
AJR77202407,MJU66797007,"Tube,Connector",(도번직결),도번직하위,
AJR77202407,MJU66902803,"Tube,Connector",(도번직결),도번직하위,
AJR77202407,MJX62771704,"Valve,Check",(도번직결),도번직하위,
AJR77202901,4848A20007P,Accumulator,(도번직결),도번직하위,
AJR77202901,4930A20053B,"Holder,Sensor",(도번직결),도번직하위,
AJR77202901,5014A20009A,"Damper,Tube",(도번직결),도번직하위,
AJR77202901,5014A30014H,"Damper,Tube",(도번직결),도번직하위,
AJR77202901,5210A22409A,"Tube,Connector",AJR77202901-S1-6,자동매핑,
AJR77202901,EBD64386507,"Sensor Module,Pressure",(도번직결),도번직하위,
AJR77202901,EBE61441604,Solenoid,(도번직결),도번직하위,
AJR77202901,MEG66660106,"Holder,Tubing",(도번직결),도번직하위,
AJR77202901,MEV39836107,Insulator,(도번직결),도번직하위,
AJR77202901,MJU65587603,"Tube,Connector",AJR77202902-19-1,자동매핑,
AJR77202901,MJU66366301,"Tube,Connector",AJR77202901-S1-5,자동매핑,
AJR77202901,MJU66366302,"Tube,Connector",AJR77202901-S1-4,자동매핑,
AJR77202901,MJU66366303,"Tube,Connector",AJR77202901-S1-4,자동매핑,
AJR77202901,MJU66366304,"Tube,Connector",AJR77202902-19-1,자동매핑,
AJR77202901,MJU66366305,"Tube,Connector",AJR77202902-19-1,자동매핑,
AJR77202901,MJU66366306,"Tube,Connector",AJR77202901-S1-4,자동매핑,
AJR77202901,MJU66366308,"Tube,Connector",AJR77202901-S1-5,자동매핑,
AJR77202901,MJU66366312,"Tube,Connector",AJR77202901-S1-4,자동매핑,
AJR77202901,MJU66366801,"Tube,Connector",AJR77202901-S1-5,자동매핑,
AJR77202901,MJU66366806,"Tube,Connector",AJR77202901-S1-6,자동매핑,
AJR77202901,MJX61841306,"Valve,Solenoid",AJR77202901-S1-4,자동매핑,
AJR77202902,4930A20053B,"Holder,Sensor",(도번직결),도번직하위,
AJR77202902,5014A20009A,"Damper,Tube",(도번직결),도번직하위,
AJR77202902,5014A30014H,"Damper,Tube",(도번직결),도번직하위,
AJR77202902,5210A22409A,"Tube,Connector",AJR77202901-S1-6,자동매핑,
AJR77202902,EBD64386507,"Sensor Module,Pressure",(도번직결),도번직하위,
AJR77202902,EBE61441604,Solenoid,(도번직결),도번직하위,
AJR77202902,MAA63804705,Accumulator,(도번직결),도번직하위,
AJR77202902,MEG66660106,"Holder,Tubing",(도번직결),도번직하위,
AJR77202902,MEV39836107,Insulator,(도번직결),도번직하위,
AJR77202902,MJU65587603,"Tube,Connector",AJR77202902-19-1,자동매핑,
AJR77202902,MJU66366301,"Tube,Connector",AJR77202901-S1-5,자동매핑,
AJR77202902,MJU66366302,"Tube,Connector",AJR77202901-S1-4,자동매핑,
AJR77202902,MJU66366303,"Tube,Connector",AJR77202901-S1-4,자동매핑,
AJR77202902,MJU66366304,"Tube,Connector",AJR77202902-19-1,자동매핑,
AJR77202902,MJU66366305,"Tube,Connector",AJR77202902-19-1,자동매핑,
AJR77202902,MJU66366306,"Tube,Connector",AJR77202901-S1-4,자동매핑,
AJR77202902,MJU66366308,"Tube,Connector",AJR77202901-S1-5,자동매핑,
AJR77202902,MJU66366312,"Tube,Connector",AJR77202901-S1-4,자동매핑,
AJR77202902,MJU66366801,"Tube,Connector",AJR77202901-S1-5,자동매핑,
AJR77202902,MJU66366806,"Tube,Connector",AJR77202901-S1-6,자동매핑,
AJR77202902,MJX61841306,"Valve,Solenoid",AJR77202901-S1-4,자동매핑,
AJR77203703,AJR65507713,"Tube Assembly,Suction(Ou",(도번직결),도번직하위,
AJR77203703,AJR65521324,"Tube Assembly,Reverse",(도번직결),도번직하위,
AJR77222901,3H01582E,Tie,(도번직결),도번직하위,
AJR77222901,5014A20009A,"Damper,Tube",(도번직결),도번직하위,
AJR77222901,5410A21281A,"Insulator,Tube",(도번직결),도번직하위,
AJR77222901,5410A30279C,"Insulator,Tube",(도번직결),도번직하위,
AJR77222901,AJR77223001,"Tube Assembly,Reverse",(도번직결),도번직하위,
AJR77222901,EBD62165602,"Sensor,Pressure",(도번직결),도번직하위,
AJR77222901,EBG61405903,"Thermistor Assembly,NTC",(도번직결),도번직하위,
AJR77222901,MEV39836107,Insulator,(도번직결),도번직하위,
AJR77222901,MJR62181902,Tie,(도번직결),도번직하위,
AJR77222901,MJU64226404,"Tube,Connector",(도번직결),도번직하위,
AJR77222901,MJU66567001,"Tube,Connector",(도번직결),도번직하위,
AJR77222902,3H01582E,Tie,(도번직결),도번직하위,
AJR77222902,5014A20009A,"Damper,Tube",(도번직결),도번직하위,
AJR77222902,5014A20009B,"Damper,Tube",(도번직결),도번직하위,
AJR77222902,5014A30014Z,"Damper,Tube",(도번직결),도번직하위,
AJR77222902,EAP64467708,"Coil Assembly,Reverse",(도번직결),도번직하위,
AJR77222902,EBE61441605,Solenoid,(도번직결),도번직하위,
AJR77222902,EBG61405904,"Thermistor Assembly,NTC",(도번직결),도번직하위,
AJR77222902,MCQ70513301,Damper,(도번직결),도번직하위,
AJR77222902,MEG66660106,"Holder,Tubing",(도번직결),도번직하위,
AJR77222905,3H01582A,Tie,(도번직결),도번직하위,
AJR77222905,3H01582E,Tie,(도번직결),도번직하위,
AJR77222905,5014A20009A,"Damper,Tube",(도번직결),도번직하위,
AJR77222905,5014A20009C,"Damper,Tube",(도번직결),도번직하위,
AJR77222905,EBD60663838,"Sensor,Pressure",AJR77222905-S2-1,자동매핑,
AJR77222905,EBG61405902,"Thermistor Assembly,NTC",(도번직결),도번직하위,
AJR77222905,MEG66660103,"Holder,Tubing",(도번직결),도번직하위,
AJR77222905,MJU64226404,"Tube,Connector",AJR77222905-S2-1,자동매핑,
AJR77222905,MJU66567001,"Tube,Connector",AJR77222905-S2-1,자동매핑,
AJR77222906,3H01582E,Tie,(도번직결),도번직하위,
AJR77222906,5014A20009A,"Damper,Tube",(도번직결),도번직하위,
AJR77222906,5410A21281A,"Insulator,Tube",(도번직결),도번직하위,
AJR77222906,AJR77223002,"Tube Assembly,Reverse",(도번직결),도번직하위,
AJR77222906,MCQ70513301,Damper,(도번직결),도번직하위,
AJR77222906,MJU66566910,"Tube,Connector",(도번직결),도번직하위,
AJR77222906,MJU66566911,"Tube,Connector",(도번직결),도번직하위,
AJR77223106,MEG65559802,"Holder,Sensor",(도번직결),도번직하위,
AJR77223106,MFS62323017,Muffler,(도번직결),도번직하위,
AJR77223106,MJU66494401,"Tube,Connector",(도번직결),도번직하위,
AJR77223106,MJU66795001,"Tube,Connector",(도번직결),도번직하위,
AJR77224001,1MPC0502018,"Screw,Machine",(도번직결),도번직하위,
AJR77224001,3H01582C,Tie,(도번직결),도번직하위,
AJR77224001,5210A23376A,"Tube,Connector",AJR77224001-SUB1,자동매핑,
AJR77224001,5220AP3777C,"Valve,Reverse",(도번직결),도번직하위,
AJR77224001,5410A30055S,"Insulator,Tube",(도번직결),도번직하위,
AJR77224001,6141A20010W,Solenoid,(도번직결),도번직하위,
AJR77224001,EBF40271407,"Switch,Pressure",AJR77224001-SUB1,자동매핑,
AJR77224001,MEV39836107,Insulator,(도번직결),도번직하위,
AJR77224001,MJC62301702,Strainer,(도번직결),도번직하위,
AJR77224001,MJU66570001,"Tube,Connector",AJR77224001-SUB1,자동매핑,
AJR77224001,MJU66570401,"Tube,Connector",(도번직결),도번직하위,
AJR77224001,MJU66570402,"Tube,Connector",(도번직결),도번직하위,
AJR77224001,MJU66570403,"Tube,Connector",(도번직결),도번직하위,
AJR77224001,MJU66570404,"Tube,Connector",(도번직결),도번직하위,
AJR77224001,MJU66570501,"Tube,Connector",AJR77224001-SUB1,자동매핑,
AJR77224002,1MPC0502018,"Screw,Machine",(도번직결),도번직하위,
AJR77224002,3H01582C,Tie,(도번직결),도번직하위,
AJR77224002,5210A23376A,"Tube,Connector",AJR77224002-SUB1,자동매핑,
AJR77224002,5220AP3777C,"Valve,Reverse",(도번직결),도번직하위,
AJR77224002,6141A20010W,Solenoid,(도번직결),도번직하위,
AJR77224002,EBD64386504,"Sensor Module,Pressure",AJR77224002-SUB1,자동매핑,
AJR77224002,EBD64386505,"Sensor Module,Pressure",(도번직결),도번직하위,
AJR77224002,EBF40271407,"Switch,Pressure",AJR77224002-SUB1,자동매핑,
AJR77224002,MEV39836107,Insulator,(도번직결),도번직하위,
AJR77224002,MJC62301702,Strainer,AJR77224002-12-1,자동매핑,
AJR77224002,MJU66570401,"Tube,Connector",(도번직결),도번직하위,
AJR77224002,MJU66570402,"Tube,Connector",(도번직결),도번직하위,
AJR77224002,MJU66570403,"Tube,Connector",AJR77224002-12-1,자동매핑,
AJR77224002,MJU66570404,"Tube,Connector",AJR77224002-12-1,자동매핑,
AJR77224002,MJU66570502,"Tube,Connector",AJR77224002-SUB1,자동매핑,
AJR77224005,1MPC0502018,"Screw,Machine",(도번직결),도번직하위,
AJR77224005,5210A23376A,"Tube,Connector",(도번직결),도번직하위,
AJR77224005,5220AP3777C,"Valve,Reverse",(도번직결),도번직하위,
AJR77224005,6141A20010U,Solenoid,(도번직결),도번직하위,
AJR77224005,EBF40271401,"Switch,Pressure",(도번직결),도번직하위,
AJR77224005,MJC62301702,Strainer,AJR77224001-7-3,자동매핑,
AJR77224005,MJU66570401,"Tube,Connector",AJR77224001-7-2,자동매핑,
AJR77224005,MJU66570402,"Tube,Connector",(도번직결),도번직하위,
AJR77224005,MJU66570403,"Tube,Connector",AJR77224001-7-3,자동매핑,
AJR77224005,MJU66570404,"Tube,Connector",AJR77224001-7-3,자동매핑,
AJR77224005,MJU66570502,"Tube,Connector",(도번직결),도번직하위,
AJR77224008,1MPC0502018,"Screw,Machine",(도번직결),도번직하위,
AJR77224008,3H01582C,Tie,(도번직결),도번직하위,
AJR77224008,5210A23376A,"Tube,Connector",AJR77224008-SUB1,자동매핑,
AJR77224008,5220AP3777C,"Valve,Reverse",(도번직결),도번직하위,
AJR77224008,6141A20010W,Solenoid,(도번직결),도번직하위,
AJR77224008,EBD64386504,"Sensor Module,Pressure",AJR77224008-SUB1,자동매핑,
AJR77224008,EBD64386505,"Sensor Module,Pressure",(도번직결),도번직하위,
AJR77224008,EBF40271407,"Switch,Pressure",AJR77224008-SUB1,자동매핑,
AJR77224008,MEV39836107,Insulator,(도번직결),도번직하위,
AJR77224008,MJC62301702,Strainer,AJR77224002-12-1,자동매핑,
AJR77224008,MJU66570001,"Tube,Connector",AJR77224008-SUB1,자동매핑,
AJR77224008,MJU66570401,"Tube,Connector",(도번직결),도번직하위,
AJR77224008,MJU66570402,"Tube,Connector",(도번직결),도번직하위,
AJR77224008,MJU66570403,"Tube,Connector",AJR77224002-12-1,자동매핑,
AJR77224008,MJU66570404,"Tube,Connector",AJR77224002-12-1,자동매핑,
AJR77224008,MJU66570501,"Tube,Connector",AJR77224008-SUB1,자동매핑,
AJR77224009,1MPC0502018,"Screw,Machine",(도번직결),도번직하위,
AJR77224009,3H01582C,Tie,(도번직결),도번직하위,
AJR77224009,3H01582E,Tie,(도번직결),도번직하위,
AJR77224009,5210A23376A,"Tube,Connector",AJR77224002-SUB1,자동매핑,
AJR77224009,5220AP3777C,"Valve,Reverse",(도번직결),도번직하위,
AJR77224009,6141A20010W,Solenoid,(도번직결),도번직하위,
AJR77224009,EBD64386504,"Sensor Module,Pressure",AJR77224002-SUB1,자동매핑,
AJR77224009,EBD64386505,"Sensor Module,Pressure",(도번직결),도번직하위,
AJR77224009,EBF40271407,"Switch,Pressure",AJR77224002-SUB1,자동매핑,
AJR77224009,MEV39836107,Insulator,(도번직결),도번직하위,
AJR77224009,MJC62301702,Strainer,(도번직결),도번직하위,
AJR77224009,MJU66570401,"Tube,Connector",(도번직결),도번직하위,
AJR77224009,MJU66570402,"Tube,Connector",(도번직결),도번직하위,
AJR77224009,MJU66570403,"Tube,Connector",(도번직결),도번직하위,
AJR77224009,MJU66570404,"Tube,Connector",(도번직결),도번직하위,
AJR77224009,MJU66570502,"Tube,Connector",AJR77224002-SUB1,자동매핑,
AJR77224010,1MPC0502018,"Screw,Machine",(도번직결),도번직하위,
AJR77224010,3H01582C,Tie,(도번직결),도번직하위,
AJR77224010,5210A23376A,"Tube,Connector",AJR77224008-SUB1,자동매핑,
AJR77224010,5220AP3777C,"Valve,Reverse",(도번직결),도번직하위,
AJR77224010,5410A30055S,"Insulator,Tube",(도번직결),도번직하위,
AJR77224010,6141A20010U,Solenoid,(도번직결),도번직하위,
AJR77224010,EBD64386504,"Sensor Module,Pressure",AJR77224008-SUB1,자동매핑,
AJR77224010,EBD64386505,"Sensor Module,Pressure",(도번직결),도번직하위,
AJR77224010,EBF40271407,"Switch,Pressure",AJR77224008-SUB1,자동매핑,
AJR77224010,MEG66660106,"Holder,Tubing",(도번직결),도번직하위,
AJR77224010,MEV39836107,Insulator,(도번직결),도번직하위,
AJR77224010,MJC62301702,Strainer,AJR77224002-12-1,자동매핑,
AJR77224010,MJU66570001,"Tube,Connector",AJR77224008-SUB1,자동매핑,
AJR77224010,MJU66570401,"Tube,Connector",(도번직결),도번직하위,
AJR77224010,MJU66570402,"Tube,Connector",(도번직결),도번직하위,
AJR77224010,MJU66570403,"Tube,Connector",AJR77224002-12-1,자동매핑,
AJR77224010,MJU66570404,"Tube,Connector",AJR77224002-12-1,자동매핑,
AJR77224010,MJU66570501,"Tube,Connector",AJR77224008-SUB1,자동매핑,
AJR77224501,1MPC0502018,"Screw,Machine",(도번직결),도번직하위,
AJR77224501,1SZZA20001L,"Screw,Customized",(도번직결),도번직하위,
AJR77224501,4A00114A,"Tube,Connector",AJR77224501-1-2,자동매핑,
AJR77224501,5224A20002W,Strainer,AJR77224519-12-1,자동매핑,
AJR77224501,5410A20217B,"Insulator,Felt",MAZ64571803,자동매핑,
AJR77224501,AJR77188801,"Tube Assembly,Solenoide",(도번직결),도번직하위,
AJR77224501,EBE60661415,Solenoid,(도번직결),도번직하위,
AJR77224501,EBE60661416,Solenoid,(도번직결),도번직하위,
AJR77224501,EBE61083212,Solenoid,(도번직결),도번직하위,
AJR77224501,MAZ64571701,Bracket,(도번직결),도번직하위,
AJR77224501,MAZ64571702,Bracket,(도번직결),도번직하위,
AJR77224501,MAZ64571801,Bracket,(도번직결),도번직하위,
AJR77224501,MAZ64571803,Bracket,(도번직결),도번직하위,
AJR77224501,MJU65626509,"Tube,Connector",AJR77224519-12-1,자동매핑,
AJR77224501,MJU66478401,"Tube,Connector",AJR77224501-1-2,자동매핑,
AJR77224501,MJU66478701,"Tube,Connector",AJR77224519-12-1,자동매핑,
AJR77224501,MJU66479301,"Tube,Connector",AJR77224519-12-1,자동매핑,
AJR77224501,MJX62771705,"Valve,Check",AJR77224519-12-1,자동매핑,
AJR77224502,1MPC0502018,"Screw,Machine",(도번직결),도번직하위,
AJR77224502,1SZZA20001L,"Screw,Customized",(도번직결),도번직하위,
AJR77224502,4A00114A,"Tube,Connector",AJR77224502-1-2,자동매핑,
AJR77224502,5224A20002W,Strainer,AJR77224519-12-1,자동매핑,
AJR77224502,5410A20217B,"Insulator,Felt",MAZ64571803,자동매핑,
AJR77224502,AJR77188802,"Tube Assembly,Solenoide",(도번직결),도번직하위,
AJR77224502,EBE60661415,Solenoid,(도번직결),도번직하위,
AJR77224502,EBE60661416,Solenoid,(도번직결),도번직하위,
AJR77224502,EBE61083212,Solenoid,(도번직결),도번직하위,
AJR77224502,MAZ64571701,Bracket,(도번직결),도번직하위,
AJR77224502,MAZ64571702,Bracket,(도번직결),도번직하위,
AJR77224502,MAZ64571801,Bracket,(도번직결),도번직하위,
AJR77224502,MAZ64571803,Bracket,(도번직결),도번직하위,
AJR77224502,MJU65626509,"Tube,Connector",AJR77224519-12-1,자동매핑,
AJR77224502,MJU66478402,"Tube,Connector",AJR77224502-1-2,자동매핑,
AJR77224502,MJU66478701,"Tube,Connector",AJR77224519-12-1,자동매핑,
AJR77224502,MJU66479301,"Tube,Connector",AJR77224519-12-1,자동매핑,
AJR77224502,MJX62771705,"Valve,Check",AJR77224519-12-1,자동매핑,
AJR77224503,1MPC0502018,"Screw,Machine",(도번직결),도번직하위,
AJR77224503,1SZZA20001L,"Screw,Customized",(도번직결),도번직하위,
AJR77224503,4A00114A,"Tube,Connector",AJR77224501-1-2,자동매핑,
AJR77224503,5410A20217B,"Insulator,Felt",MAZ64571803,자동매핑,
AJR77224503,AJR77188801,"Tube Assembly,Solenoide",(도번직결),도번직하위,
AJR77224503,EBE60661415,Solenoid,(도번직결),도번직하위,
AJR77224503,EBE60661416,Solenoid,(도번직결),도번직하위,
AJR77224503,EBE61083212,Solenoid,(도번직결),도번직하위,
AJR77224503,MAZ64571701,Bracket,(도번직결),도번직하위,
AJR77224503,MAZ64571702,Bracket,(도번직결),도번직하위,
AJR77224503,MAZ64571801,Bracket,(도번직결),도번직하위,
AJR77224503,MAZ64571803,Bracket,(도번직결),도번직하위,
AJR77224503,MFN62721713,Mesh,AJR77224501-12-2,자동매핑,
AJR77224503,MJU65626509,"Tube,Connector",AJR77224501-12-2,자동매핑,
AJR77224503,MJU66478401,"Tube,Connector",AJR77224501-1-2,자동매핑,
AJR77224503,MJU66478701,"Tube,Connector",AJR77224501-12-2,자동매핑,
AJR77224503,MJU66479301,"Tube,Connector",AJR77224501-12-2,자동매핑,
AJR77224503,MJU66904601,"Tube,Connector",AJR77224501-12-2,자동매핑,
AJR77224503,MJX62771705,"Valve,Check",AJR77224501-12-2,자동매핑,
AJR77224504,1MPC0502018,"Screw,Machine",(도번직결),도번직하위,
AJR77224504,1SZZA20001L,"Screw,Customized",(도번직결),도번직하위,
AJR77224504,4A00114A,"Tube,Connector",AJR77224502-1-2,자동매핑,
AJR77224504,5410A20217B,"Insulator,Felt",MAZ64571803,자동매핑,
AJR77224504,AJR77188802,"Tube Assembly,Solenoide",(도번직결),도번직하위,
AJR77224504,EBE60661415,Solenoid,(도번직결),도번직하위,
AJR77224504,EBE60661416,Solenoid,(도번직결),도번직하위,
AJR77224504,EBE61083212,Solenoid,(도번직결),도번직하위,
AJR77224504,MAZ64571701,Bracket,(도번직결),도번직하위,
AJR77224504,MAZ64571702,Bracket,(도번직결),도번직하위,
AJR77224504,MAZ64571801,Bracket,(도번직결),도번직하위,
AJR77224504,MAZ64571803,Bracket,(도번직결),도번직하위,
AJR77224504,MFN62721713,Mesh,AJR77224501-12-2,자동매핑,
AJR77224504,MJU65626509,"Tube,Connector",AJR77224501-12-2,자동매핑,
AJR77224504,MJU66478402,"Tube,Connector",AJR77224502-1-2,자동매핑,
AJR77224504,MJU66478701,"Tube,Connector",AJR77224501-12-2,자동매핑,
AJR77224504,MJU66479301,"Tube,Connector",AJR77224501-12-2,자동매핑,
AJR77224504,MJU66904601,"Tube,Connector",AJR77224501-12-2,자동매핑,
AJR77224504,MJX62771705,"Valve,Check",AJR77224501-12-2,자동매핑,
AJR77224505,1MPC0502018,"Screw,Machine",(도번직결),도번직하위,
AJR77224505,1SZZA20001L,"Screw,Customized",(도번직결),도번직하위,
AJR77224505,4A00114A,"Tube,Connector",AJR77224505-1-2,자동매핑,
AJR77224505,5410A20217B,"Insulator,Felt",MAZ64571803,자동매핑,
AJR77224505,AJR77188801,"Tube Assembly,Solenoide",(도번직결),도번직하위,
AJR77224505,EBE60661415,Solenoid,(도번직결),도번직하위,
AJR77224505,EBE60661416,Solenoid,(도번직결),도번직하위,
AJR77224505,EBE61083212,Solenoid,(도번직결),도번직하위,
AJR77224505,MAZ64571701,Bracket,(도번직결),도번직하위,
AJR77224505,MAZ64571702,Bracket,(도번직결),도번직하위,
AJR77224505,MAZ64571801,Bracket,(도번직결),도번직하위,
AJR77224505,MAZ64571803,Bracket,(도번직결),도번직하위,
AJR77224505,MFN62721713,Mesh,AJR77224501-12-2,자동매핑,
AJR77224505,MJU65626509,"Tube,Connector",AJR77224501-12-2,자동매핑,
AJR77224505,MJU66478403,"Tube,Connector",AJR77224505-1-2,자동매핑,
AJR77224505,MJU66478701,"Tube,Connector",AJR77224501-12-2,자동매핑,
AJR77224505,MJU66479301,"Tube,Connector",AJR77224501-12-2,자동매핑,
AJR77224505,MJU66904601,"Tube,Connector",AJR77224501-12-2,자동매핑,
AJR77224505,MJX62771705,"Valve,Check",AJR77224501-12-2,자동매핑,
AJR77224506,1MPC0502018,"Screw,Machine",(도번직결),도번직하위,
AJR77224506,1SZZA20001L,"Screw,Customized",(도번직결),도번직하위,
AJR77224506,4A00114A,"Tube,Connector",AJR77224506-S1-3,자동매핑,
AJR77224506,5410A20217B,"Insulator,Felt",MAZ64571803,자동매핑,
AJR77224506,AJR75544609,"Tube Assembly,Solenoide",AJR77224506-S1-2,자동매핑,
AJR77224506,AJR75709904,"Tube Assembly,Expansion",(도번직결),도번직하위,
AJR77224506,AJR77188802,"Tube Assembly,Solenoide",(도번직결),도번직하위,
AJR77224506,EBE60661415,Solenoid,(도번직결),도번직하위,
AJR77224506,EBE60661416,Solenoid,(도번직결),도번직하위,
AJR77224506,EBE61083212,Solenoid,(도번직결),도번직하위,
AJR77224506,MAZ64571701,Bracket,(도번직결),도번직하위,
AJR77224506,MAZ64571702,Bracket,(도번직결),도번직하위,
AJR77224506,MAZ64571801,Bracket,(도번직결),도번직하위,
AJR77224506,MAZ64571803,Bracket,(도번직결),도번직하위,
AJR77224506,MFN62721713,Mesh,AJR77224501-12-2,자동매핑,
AJR77224506,MJU65626509,"Tube,Connector",AJR77224501-12-2,자동매핑,
AJR77224506,MJU66478701,"Tube,Connector",AJR77224501-12-2,자동매핑,
AJR77224506,MJU66479301,"Tube,Connector",AJR77224501-12-2,자동매핑,
AJR77224506,MJU66904601,"Tube,Connector",AJR77224501-12-2,자동매핑,
AJR77224506,MJX62771705,"Valve,Check",AJR77224501-12-2,자동매핑,
AJR77224507,1MPC0502018,"Screw,Machine",(도번직결),도번직하위,
AJR77224507,1SZZA20001L,"Screw,Customized",(도번직결),도번직하위,
AJR77224507,3H01582A,Tie,(도번직결),도번직하위,
AJR77224507,4A00114A,"Tube,Connector",AJR77224507-S1-3,자동매핑,
AJR77224507,5014A30014Z,"Damper,Tube",(도번직결),도번직하위,
AJR77224507,5410A20217B,"Insulator,Felt",MAZ64571803,자동매핑,
AJR77224507,5410A30055F,"Insulator,Tube",(도번직결),도번직하위,
AJR77224507,AJR30051201,"Tube Assembly,Solenoide",AJR77224507-S1-2,자동매핑,
AJR77224507,AJR30051301,"Tube Assembly,Expansion",(도번직결),도번직하위,
AJR77224507,AJR77188801,"Tube Assembly,Solenoide",(도번직결),도번직하위,
AJR77224507,EBE60661415,Solenoid,(도번직결),도번직하위,
AJR77224507,EBE60661416,Solenoid,(도번직결),도번직하위,
AJR77224507,EBE61083212,Solenoid,(도번직결),도번직하위,
AJR77224507,MAZ64571701,Bracket,(도번직결),도번직하위,
AJR77224507,MAZ64571702,Bracket,(도번직결),도번직하위,
AJR77224507,MAZ64571801,Bracket,(도번직결),도번직하위,
AJR77224507,MAZ64571803,Bracket,(도번직결),도번직하위,
AJR77224507,MFN62721713,Mesh,AJR77224501-12-2,자동매핑,
AJR77224507,MJU65626509,"Tube,Connector",AJR77224501-12-2,자동매핑,
AJR77224507,MJU66478701,"Tube,Connector",AJR77224501-12-2,자동매핑,
AJR77224507,MJU66479301,"Tube,Connector",AJR77224501-12-2,자동매핑,
AJR77224507,MJU66870401,"Tube,Connector",AJR77224507-S1-3,자동매핑,
AJR77224507,MJU66904601,"Tube,Connector",AJR77224501-12-2,자동매핑,
AJR77224507,MJX62771705,"Valve,Check",AJR77224501-12-2,자동매핑,
AJR77224508,1MPC0502018,"Screw,Machine",(도번직결),도번직하위,
AJR77224508,1SZZA20001L,"Screw,Customized",(도번직결),도번직하위,
AJR77224508,3H01582A,Tie,(도번직결),도번직하위,
AJR77224508,4A00114A,"Tube,Connector",AJR77224508-1-2,자동매핑,
AJR77224508,5014A30014Z,"Damper,Tube",(도번직결),도번직하위,
AJR77224508,5410A20217B,"Insulator,Felt",MAZ64571803,자동매핑,
AJR77224508,AJR30051202,"Tube Assembly,Solenoide",AJR77224508-S1-2,자동매핑,
AJR77224508,AJR75709904,"Tube Assembly,Expansion",(도번직결),도번직하위,
AJR77224508,AJR77188802,"Tube Assembly,Solenoide",(도번직결),도번직하위,
AJR77224508,EBE60661415,Solenoid,(도번직결),도번직하위,
AJR77224508,EBE60661416,Solenoid,(도번직결),도번직하위,
AJR77224508,EBE61083212,Solenoid,(도번직결),도번직하위,
AJR77224508,MAZ64571701,Bracket,(도번직결),도번직하위,
AJR77224508,MAZ64571702,Bracket,(도번직결),도번직하위,
AJR77224508,MAZ64571801,Bracket,(도번직결),도번직하위,
AJR77224508,MAZ64571803,Bracket,(도번직결),도번직하위,
AJR77224508,MEG66660102,"Holder,Tubing",(도번직결),도번직하위,
AJR77224508,MFN62721713,Mesh,AJR77224501-12-2,자동매핑,
AJR77224508,MJU65626509,"Tube,Connector",AJR77224501-12-2,자동매핑,
AJR77224508,MJU66478404,"Tube,Connector",AJR77224508-1-2,자동매핑,
AJR77224508,MJU66478701,"Tube,Connector",AJR77224501-12-2,자동매핑,
AJR77224508,MJU66479301,"Tube,Connector",AJR77224501-12-2,자동매핑,
AJR77224508,MJU66904601,"Tube,Connector",AJR77224501-12-2,자동매핑,
AJR77224508,MJX62771705,"Valve,Check",AJR77224501-12-2,자동매핑,
AJR77224509,1MPC0502018,"Screw,Machine",(도번직결),도번직하위,
AJR77224509,1SZZA20001L,"Screw,Customized",(도번직결),도번직하위,
AJR77224509,4A00114A,"Tube,Connector",AJR77224502-1-2,자동매핑,
AJR77224509,5224A20002W,Strainer,AJR77224519-12-1,자동매핑,
AJR77224509,5410A20217B,"Insulator,Felt",MAZ64571803,자동매핑,
AJR77224509,AJR77188802,"Tube Assembly,Solenoide",(도번직결),도번직하위,
AJR77224509,EBE60661415,Solenoid,(도번직결),도번직하위,
AJR77224509,EBE60661416,Solenoid,(도번직결),도번직하위,
AJR77224509,EBE61083212,Solenoid,(도번직결),도번직하위,
AJR77224509,MAZ64571701,Bracket,(도번직결),도번직하위,
AJR77224509,MAZ64571702,Bracket,(도번직결),도번직하위,
AJR77224509,MAZ64571801,Bracket,(도번직결),도번직하위,
AJR77224509,MAZ64571803,Bracket,(도번직결),도번직하위,
AJR77224509,MCQ70869701,"Damper,Rubber",(도번직결),도번직하위,
AJR77224509,MJU65626509,"Tube,Connector",AJR77224519-12-1,자동매핑,
AJR77224509,MJU66478402,"Tube,Connector",AJR77224502-1-2,자동매핑,
AJR77224509,MJU66478701,"Tube,Connector",AJR77224519-12-1,자동매핑,
AJR77224509,MJU66479301,"Tube,Connector",AJR77224519-12-1,자동매핑,
AJR77224509,MJX62771705,"Valve,Check",AJR77224519-12-1,자동매핑,
AJR77224510,1MPC0502018,"Screw,Machine",(도번직결),도번직하위,
AJR77224510,1SZZA20001L,"Screw,Customized",(도번직결),도번직하위,
AJR77224510,4A00114A,"Tube,Connector",AJR77224505-1-2,자동매핑,
AJR77224510,5410A20217B,"Insulator,Felt",MAZ64571803,자동매핑,
AJR77224510,AJR77188801,"Tube Assembly,Solenoide",(도번직결),도번직하위,
AJR77224510,EBE60661415,Solenoid,(도번직결),도번직하위,
AJR77224510,EBE60661416,Solenoid,(도번직결),도번직하위,
AJR77224510,EBE61083212,Solenoid,(도번직결),도번직하위,
AJR77224510,MAZ64571701,Bracket,(도번직결),도번직하위,
AJR77224510,MAZ64571702,Bracket,(도번직결),도번직하위,
AJR77224510,MAZ64571801,Bracket,(도번직결),도번직하위,
AJR77224510,MAZ64571803,Bracket,(도번직결),도번직하위,
AJR77224510,MCQ70869701,"Damper,Rubber",(도번직결),도번직하위,
AJR77224510,MFN62721713,Mesh,AJR77224501-12-2,자동매핑,
AJR77224510,MJU65626509,"Tube,Connector",AJR77224501-12-2,자동매핑,
AJR77224510,MJU66478403,"Tube,Connector",AJR77224505-1-2,자동매핑,
AJR77224510,MJU66478701,"Tube,Connector",AJR77224501-12-2,자동매핑,
AJR77224510,MJU66479301,"Tube,Connector",AJR77224501-12-2,자동매핑,
AJR77224510,MJU66904601,"Tube,Connector",AJR77224501-12-2,자동매핑,
AJR77224510,MJX62771705,"Valve,Check",AJR77224501-12-2,자동매핑,
AJR77224511,1MPC0502018,"Screw,Machine",(도번직결),도번직하위,
AJR77224511,1SZZA20001L,"Screw,Customized",(도번직결),도번직하위,
AJR77224511,4A00114A,"Tube,Connector",AJR77224508-1-2,자동매핑,
AJR77224511,5410A20217B,"Insulator,Felt",MAZ64571803,자동매핑,
AJR77224511,AJR75544609,"Tube Assembly,Solenoide",AJR77224511-S1-2,자동매핑,
AJR77224511,AJR75709904,"Tube Assembly,Expansion",(도번직결),도번직하위,
AJR77224511,AJR77188802,"Tube Assembly,Solenoide",(도번직결),도번직하위,
AJR77224511,EBE60661415,Solenoid,(도번직결),도번직하위,
AJR77224511,EBE60661416,Solenoid,(도번직결),도번직하위,
AJR77224511,EBE61083212,Solenoid,(도번직결),도번직하위,
AJR77224511,MAZ64571701,Bracket,(도번직결),도번직하위,
AJR77224511,MAZ64571702,Bracket,(도번직결),도번직하위,
AJR77224511,MAZ64571801,Bracket,(도번직결),도번직하위,
AJR77224511,MAZ64571803,Bracket,(도번직결),도번직하위,
AJR77224511,MCQ68044401,"Damper,Butyl",(도번직결),도번직하위,
AJR77224511,MCQ70869701,"Damper,Rubber",(도번직결),도번직하위,
AJR77224511,MFN62721713,Mesh,AJR77224501-12-2,자동매핑,
AJR77224511,MJU65626509,"Tube,Connector",AJR77224501-12-2,자동매핑,
AJR77224511,MJU66478404,"Tube,Connector",AJR77224508-1-2,자동매핑,
AJR77224511,MJU66478701,"Tube,Connector",AJR77224501-12-2,자동매핑,
AJR77224511,MJU66479301,"Tube,Connector",AJR77224501-12-2,자동매핑,
AJR77224511,MJU66904601,"Tube,Connector",AJR77224501-12-2,자동매핑,
AJR77224511,MJX62771705,"Valve,Check",AJR77224501-12-2,자동매핑,
AJR77224512,1MPC0502018,"Screw,Machine",(도번직결),도번직하위,
AJR77224512,1SZZA20001L,"Screw,Customized",(도번직결),도번직하위,
AJR77224512,3H01582A,Tie,(도번직결),도번직하위,
AJR77224512,4A00114A,"Tube,Connector",AJR77224512-S1-3,자동매핑,
AJR77224512,5014A30014Z,"Damper,Tube",(도번직결),도번직하위,
AJR77224512,5410A20217B,"Insulator,Felt",MAZ64571803,자동매핑,
AJR77224512,5410A30055F,"Insulator,Tube",(도번직결),도번직하위,
AJR77224512,AJR30051201,"Tube Assembly,Solenoide",AJR77224512-S1-2,자동매핑,
AJR77224512,AJR30051301,"Tube Assembly,Expansion",(도번직결),도번직하위,
AJR77224512,AJR77188801,"Tube Assembly,Solenoide",(도번직결),도번직하위,
AJR77224512,EBE60661415,Solenoid,(도번직결),도번직하위,
AJR77224512,EBE60661416,Solenoid,(도번직결),도번직하위,
AJR77224512,EBE61083212,Solenoid,(도번직결),도번직하위,
AJR77224512,MAZ64571701,Bracket,(도번직결),도번직하위,
AJR77224512,MAZ64571702,Bracket,(도번직결),도번직하위,
AJR77224512,MAZ64571801,Bracket,(도번직결),도번직하위,
AJR77224512,MAZ64571803,Bracket,(도번직결),도번직하위,
AJR77224512,MCQ68044401,"Damper,Butyl",(도번직결),도번직하위,
AJR77224512,MFN62721713,Mesh,AJR77224501-12-2,자동매핑,
AJR77224512,MJU65626509,"Tube,Connector",AJR77224501-12-2,자동매핑,
AJR77224512,MJU66478701,"Tube,Connector",AJR77224501-12-2,자동매핑,
AJR77224512,MJU66479301,"Tube,Connector",AJR77224501-12-2,자동매핑,
AJR77224512,MJU66870401,"Tube,Connector",AJR77224512-S1-3,자동매핑,
AJR77224512,MJU66904601,"Tube,Connector",AJR77224501-12-2,자동매핑,
AJR77224512,MJX62771705,"Valve,Check",AJR77224501-12-2,자동매핑,
AJR77224513,1MPC0502018,"Screw,Machine",(도번직결),도번직하위,
AJR77224513,1SZZA20001L,"Screw,Customized",(도번직결),도번직하위,
AJR77224513,3H01582A,Tie,(도번직결),도번직하위,
AJR77224513,4A00114A,"Tube,Connector",AJR77224508-1-2,자동매핑,
AJR77224513,5014A30014Z,"Damper,Tube",(도번직결),도번직하위,
AJR77224513,5410A20217B,"Insulator,Felt",MAZ64571803,자동매핑,
AJR77224513,AJR30051202,"Tube Assembly,Solenoide",AJR77224513-S1-2,자동매핑,
AJR77224513,AJR75709904,"Tube Assembly,Expansion",(도번직결),도번직하위,
AJR77224513,AJR77188802,"Tube Assembly,Solenoide",(도번직결),도번직하위,
AJR77224513,EBE60661415,Solenoid,(도번직결),도번직하위,
AJR77224513,EBE60661416,Solenoid,(도번직결),도번직하위,
AJR77224513,EBE61083212,Solenoid,(도번직결),도번직하위,
AJR77224513,MAZ64571701,Bracket,(도번직결),도번직하위,
AJR77224513,MAZ64571702,Bracket,(도번직결),도번직하위,
AJR77224513,MAZ64571801,Bracket,(도번직결),도번직하위,
AJR77224513,MAZ64571803,Bracket,(도번직결),도번직하위,
AJR77224513,MCQ68044401,"Damper,Butyl",(도번직결),도번직하위,
AJR77224513,MCQ70869701,"Damper,Rubber",(도번직결),도번직하위,
AJR77224513,MEG66660102,"Holder,Tubing",(도번직결),도번직하위,
AJR77224513,MFN62721713,Mesh,AJR77224501-12-2,자동매핑,
AJR77224513,MJU65626509,"Tube,Connector",AJR77224501-12-2,자동매핑,
AJR77224513,MJU66478404,"Tube,Connector",AJR77224508-1-2,자동매핑,
AJR77224513,MJU66478701,"Tube,Connector",AJR77224501-12-2,자동매핑,
AJR77224513,MJU66479301,"Tube,Connector",AJR77224501-12-2,자동매핑,
AJR77224513,MJU66904601,"Tube,Connector",AJR77224501-12-2,자동매핑,
AJR77224513,MJX62771705,"Valve,Check",AJR77224501-12-2,자동매핑,
AJR77224516,1MPC0502018,"Screw,Machine",(도번직결),도번직하위,
AJR77224516,1SZZA20001L,"Screw,Customized",(도번직결),도번직하위,
AJR77224516,3H01582A,Tie,(도번직결),도번직하위,
AJR77224516,4A00114A,"Tube,Connector",AJR77224508-1-2,자동매핑,
AJR77224516,5014A30014Z,"Damper,Tube",(도번직결),도번직하위,
AJR77224516,5410A20217B,"Insulator,Felt",MAZ64571803,자동매핑,
AJR77224516,AJR30051202,"Tube Assembly,Solenoide",AJR77224516-S1-2,자동매핑,
AJR77224516,AJR75709904,"Tube Assembly,Expansion",(도번직결),도번직하위,
AJR77224516,AJR77188802,"Tube Assembly,Solenoide",(도번직결),도번직하위,
AJR77224516,EBE60661415,Solenoid,(도번직결),도번직하위,
AJR77224516,EBE60661416,Solenoid,(도번직결),도번직하위,
AJR77224516,EBE61083212,Solenoid,(도번직결),도번직하위,
AJR77224516,MAZ64571701,Bracket,(도번직결),도번직하위,
AJR77224516,MAZ64571702,Bracket,(도번직결),도번직하위,
AJR77224516,MAZ64571801,Bracket,(도번직결),도번직하위,
AJR77224516,MAZ64571803,Bracket,(도번직결),도번직하위,
AJR77224516,MCQ68044401,"Damper,Butyl",(도번직결),도번직하위,
AJR77224516,MCQ70869701,"Damper,Rubber",(도번직결),도번직하위,
AJR77224516,MEG66660102,"Holder,Tubing",(도번직결),도번직하위,
AJR77224516,MFN62721713,Mesh,AJR77224501-12-2,자동매핑,
AJR77224516,MJU65626509,"Tube,Connector",AJR77224501-12-2,자동매핑,
AJR77224516,MJU66478404,"Tube,Connector",AJR77224508-1-2,자동매핑,
AJR77224516,MJU66478701,"Tube,Connector",AJR77224501-12-2,자동매핑,
AJR77224516,MJU66479301,"Tube,Connector",AJR77224501-12-2,자동매핑,
AJR77224516,MJU66904601,"Tube,Connector",AJR77224501-12-2,자동매핑,
AJR77224516,MJX62771705,"Valve,Check",AJR77224501-12-2,자동매핑,
AJR77224517,1MPC0502018,"Screw,Machine",(도번직결),도번직하위,
AJR77224517,1SZZA20001L,"Screw,Customized",(도번직결),도번직하위,
AJR77224517,3H01582A,Tie,(도번직결),도번직하위,
AJR77224517,4A00114A,"Tube,Connector",AJR77224508-1-2,자동매핑,
AJR77224517,5014A30014Z,"Damper,Tube",(도번직결),도번직하위,
AJR77224517,5410A20217B,"Insulator,Felt",MAZ64571803,자동매핑,
AJR77224517,AJR30051202,"Tube Assembly,Solenoide",AJR77224517-S1-2,자동매핑,
AJR77224517,AJR75709904,"Tube Assembly,Expansion",(도번직결),도번직하위,
AJR77224517,AJR77188802,"Tube Assembly,Solenoide",(도번직결),도번직하위,
AJR77224517,EBE60661415,Solenoid,(도번직결),도번직하위,
AJR77224517,EBE60661416,Solenoid,(도번직결),도번직하위,
AJR77224517,EBE61083212,Solenoid,(도번직결),도번직하위,
AJR77224517,MAZ64571701,Bracket,(도번직결),도번직하위,
AJR77224517,MAZ64571702,Bracket,(도번직결),도번직하위,
AJR77224517,MAZ64571801,Bracket,(도번직결),도번직하위,
AJR77224517,MAZ64571803,Bracket,(도번직결),도번직하위,
AJR77224517,MCQ68044401,"Damper,Butyl",(도번직결),도번직하위,
AJR77224517,MCQ70869701,"Damper,Rubber",(도번직결),도번직하위,
AJR77224517,MEG66660102,"Holder,Tubing",(도번직결),도번직하위,
AJR77224517,MFN62721713,Mesh,AJR77224501-12-2,자동매핑,
AJR77224517,MJU65626509,"Tube,Connector",AJR77224501-12-2,자동매핑,
AJR77224517,MJU66478404,"Tube,Connector",AJR77224508-1-2,자동매핑,
AJR77224517,MJU66478701,"Tube,Connector",AJR77224501-12-2,자동매핑,
AJR77224517,MJU66479301,"Tube,Connector",AJR77224501-12-2,자동매핑,
AJR77224517,MJU66904601,"Tube,Connector",AJR77224501-12-2,자동매핑,
AJR77224517,MJX62771705,"Valve,Check",AJR77224501-12-2,자동매핑,
AJR77224518,1MPC0502018,"Screw,Machine",(도번직결),도번직하위,
AJR77224518,1SZZA20001L,"Screw,Customized",(도번직결),도번직하위,
AJR77224518,3H01582A,Tie,(도번직결),도번직하위,
AJR77224518,5014A30014Z,"Damper,Tube",(도번직결),도번직하위,
AJR77224518,5410A20217B,"Insulator,Felt",MAZ64571803,자동매핑,
AJR77224518,5410A30055F,"Insulator,Tube",(도번직결),도번직하위,
AJR77224518,AJR30051201,"Tube Assembly,Solenoide",AJR77224518-S1-2,자동매핑,
AJR77224518,AJR30051301,"Tube Assembly,Expansion",(도번직결),도번직하위,
AJR77224518,AJR77188801,"Tube Assembly,Solenoide",(도번직결),도번직하위,
AJR77224518,EBE60661415,Solenoid,(도번직결),도번직하위,
AJR77224518,EBE60661416,Solenoid,(도번직결),도번직하위,
AJR77224518,EBE61083212,Solenoid,(도번직결),도번직하위,
AJR77224518,MAZ64571701,Bracket,(도번직결),도번직하위,
AJR77224518,MAZ64571702,Bracket,(도번직결),도번직하위,
AJR77224518,MAZ64571801,Bracket,(도번직결),도번직하위,
AJR77224518,MAZ64571803,Bracket,(도번직결),도번직하위,
AJR77224518,MCQ68044401,"Damper,Butyl",(도번직결),도번직하위,
AJR77224518,MFN62721713,Mesh,AJR77224501-12-2,자동매핑,
AJR77224518,MJU65626509,"Tube,Connector",AJR77224501-12-2,자동매핑,
AJR77224518,MJU66478701,"Tube,Connector",AJR77224501-12-2,자동매핑,
AJR77224518,MJU66479301,"Tube,Connector",AJR77224501-12-2,자동매핑,
AJR77224518,MJU66904601,"Tube,Connector",AJR77224501-12-2,자동매핑,
AJR77224518,MJX62771705,"Valve,Check",AJR77224501-12-2,자동매핑,
AJR77224519,1MPC0502018,"Screw,Machine",(도번직결),도번직하위,
AJR77224519,1SZZA20001L,"Screw,Customized",(도번직결),도번직하위,
AJR77224519,4A00114A,"Tube,Connector",AJR77224502-1-2,자동매핑,
AJR77224519,5224A20002W,Strainer,AJR77224519-12-1,자동매핑,
AJR77224519,5410A20217B,"Insulator,Felt",MAZ64571803,자동매핑,
AJR77224519,AJR77188802,"Tube Assembly,Solenoide",(도번직결),도번직하위,
AJR77224519,EBE60661415,Solenoid,(도번직결),도번직하위,
AJR77224519,EBE60661416,Solenoid,(도번직결),도번직하위,
AJR77224519,EBE61083212,Solenoid,(도번직결),도번직하위,
AJR77224519,MAZ64571701,Bracket,(도번직결),도번직하위,
AJR77224519,MAZ64571702,Bracket,(도번직결),도번직하위,
AJR77224519,MAZ64571801,Bracket,(도번직결),도번직하위,
AJR77224519,MAZ64571803,Bracket,(도번직결),도번직하위,
AJR77224519,MCQ70869701,"Damper,Rubber",(도번직결),도번직하위,
AJR77224519,MJU65626509,"Tube,Connector",AJR77224519-12-1,자동매핑,
AJR77224519,MJU66478402,"Tube,Connector",AJR77224502-1-2,자동매핑,
AJR77224519,MJU66478701,"Tube,Connector",AJR77224519-12-1,자동매핑,
AJR77224519,MJU66479301,"Tube,Connector",AJR77224519-12-1,자동매핑,
AJR77224519,MJX62771705,"Valve,Check",AJR77224519-12-1,자동매핑,
AJR77224520,1MPC0502018,"Screw,Machine",(도번직결),도번직하위,
AJR77224520,1SZZA20001L,"Screw,Customized",(도번직결),도번직하위,
AJR77224520,4A00114A,"Tube,Connector",AJR77224508-1-2,자동매핑,
AJR77224520,5410A20217B,"Insulator,Felt",MAZ64571803,자동매핑,
AJR77224520,AJR75544609,"Tube Assembly,Solenoide",AJR77224511-S1-2,자동매핑,
AJR77224520,AJR75709904,"Tube Assembly,Expansion",(도번직결),도번직하위,
AJR77224520,AJR77188802,"Tube Assembly,Solenoide",(도번직결),도번직하위,
AJR77224520,EBE60661415,Solenoid,(도번직결),도번직하위,
AJR77224520,EBE60661416,Solenoid,(도번직결),도번직하위,
AJR77224520,EBE61083212,Solenoid,(도번직결),도번직하위,
AJR77224520,MAZ64571701,Bracket,(도번직결),도번직하위,
AJR77224520,MAZ64571702,Bracket,(도번직결),도번직하위,
AJR77224520,MAZ64571801,Bracket,(도번직결),도번직하위,
AJR77224520,MAZ64571803,Bracket,(도번직결),도번직하위,
AJR77224520,MCQ68044401,"Damper,Butyl",(도번직결),도번직하위,
AJR77224520,MCQ70869701,"Damper,Rubber",(도번직결),도번직하위,
AJR77224520,MFN62721713,Mesh,AJR77224501-12-2,자동매핑,
AJR77224520,MJU65626509,"Tube,Connector",AJR77224501-12-2,자동매핑,
AJR77224520,MJU66478404,"Tube,Connector",AJR77224508-1-2,자동매핑,
AJR77224520,MJU66478701,"Tube,Connector",AJR77224501-12-2,자동매핑,
AJR77224520,MJU66479301,"Tube,Connector",AJR77224501-12-2,자동매핑,
AJR77224520,MJU66904601,"Tube,Connector",AJR77224501-12-2,자동매핑,
AJR77224520,MJX62771705,"Valve,Check",AJR77224501-12-2,자동매핑,
AJR77224522,1MPC0502018,"Screw,Machine",(도번직결),도번직하위,
AJR77224522,1SZZA20001L,"Screw,Customized",(도번직결),도번직하위,
AJR77224522,3H01582A,Tie,(도번직결),도번직하위,
AJR77224522,4A00114A,"Tube,Connector",AJR77224508-1-2,자동매핑,
AJR77224522,5014A30014Z,"Damper,Tube",(도번직결),도번직하위,
AJR77224522,5410A20217B,"Insulator,Felt",MAZ64571803,자동매핑,
AJR77224522,AJR30051202,"Tube Assembly,Solenoide",AJR77224517-S1-2,자동매핑,
AJR77224522,AJR75709904,"Tube Assembly,Expansion",(도번직결),도번직하위,
AJR77224522,AJR77188802,"Tube Assembly,Solenoide",(도번직결),도번직하위,
AJR77224522,EBE60661415,Solenoid,(도번직결),도번직하위,
AJR77224522,EBE60661416,Solenoid,(도번직결),도번직하위,
AJR77224522,EBE61083212,Solenoid,(도번직결),도번직하위,
AJR77224522,MAZ64571701,Bracket,(도번직결),도번직하위,
AJR77224522,MAZ64571702,Bracket,(도번직결),도번직하위,
AJR77224522,MAZ64571801,Bracket,(도번직결),도번직하위,
AJR77224522,MAZ64571803,Bracket,(도번직결),도번직하위,
AJR77224522,MCQ68044401,"Damper,Butyl",(도번직결),도번직하위,
AJR77224522,MCQ70869701,"Damper,Rubber",(도번직결),도번직하위,
AJR77224522,MEG66660102,"Holder,Tubing",(도번직결),도번직하위,
AJR77224522,MEG66660107,"Holder,Tubing",(도번직결),도번직하위,
AJR77224522,MFN62721713,Mesh,AJR77224501-12-2,자동매핑,
AJR77224522,MJU65626509,"Tube,Connector",AJR77224501-12-2,자동매핑,
AJR77224522,MJU66478404,"Tube,Connector",AJR77224508-1-2,자동매핑,
AJR77224522,MJU66478701,"Tube,Connector",AJR77224501-12-2,자동매핑,
AJR77224522,MJU66479301,"Tube,Connector",AJR77224501-12-2,자동매핑,
AJR77224522,MJU66904601,"Tube,Connector",AJR77224501-12-2,자동매핑,
AJR77224522,MJX62771705,"Valve,Check",AJR77224501-12-2,자동매핑,
AJR77224523,1MPC0502018,"Screw,Machine",(도번직결),도번직하위,
AJR77224523,1SZZA20001L,"Screw,Customized",(도번직결),도번직하위,
AJR77224523,3H01582A,Tie,(도번직결),도번직하위,
AJR77224523,4A00114A,"Tube,Connector",AJR77224508-1-2,자동매핑,
AJR77224523,5014A30014Z,"Damper,Tube",(도번직결),도번직하위,
AJR77224523,5410A20217B,"Insulator,Felt",MAZ64571803,자동매핑,
AJR77224523,AJR30051202,"Tube Assembly,Solenoide",AJR77224517-S1-2,자동매핑,
AJR77224523,AJR75709904,"Tube Assembly,Expansion",(도번직결),도번직하위,
AJR77224523,AJR77188802,"Tube Assembly,Solenoide",(도번직결),도번직하위,
AJR77224523,EBE60661415,Solenoid,(도번직결),도번직하위,
AJR77224523,EBE60661416,Solenoid,(도번직결),도번직하위,
AJR77224523,EBE61083212,Solenoid,(도번직결),도번직하위,
AJR77224523,MAZ64571701,Bracket,(도번직결),도번직하위,
AJR77224523,MAZ64571702,Bracket,(도번직결),도번직하위,
AJR77224523,MAZ64571801,Bracket,(도번직결),도번직하위,
AJR77224523,MAZ64571803,Bracket,(도번직결),도번직하위,
AJR77224523,MCQ68044401,"Damper,Butyl",(도번직결),도번직하위,
AJR77224523,MCQ70869701,"Damper,Rubber",(도번직결),도번직하위,
AJR77224523,MEG66660102,"Holder,Tubing",(도번직결),도번직하위,
AJR77224523,MEG66660107,"Holder,Tubing",(도번직결),도번직하위,
AJR77224523,MFN62721713,Mesh,AJR77224501-12-2,자동매핑,
AJR77224523,MJU65626509,"Tube,Connector",AJR77224501-12-2,자동매핑,
AJR77224523,MJU66478404,"Tube,Connector",AJR77224508-1-2,자동매핑,
AJR77224523,MJU66478701,"Tube,Connector",AJR77224501-12-2,자동매핑,
AJR77224523,MJU66479301,"Tube,Connector",AJR77224501-12-2,자동매핑,
AJR77224523,MJU66904601,"Tube,Connector",AJR77224501-12-2,자동매핑,
AJR77224523,MJX62771705,"Valve,Check",AJR77224501-12-2,자동매핑,
AJR77224524,1MPC0502018,"Screw,Machine",(도번직결),도번직하위,
AJR77224524,1SZZA20001L,"Screw,Customized",(도번직결),도번직하위,
AJR77224524,4A00114A,"Tube,Connector",AJR77224508-1-2,자동매핑,
AJR77224524,5410A20217B,"Insulator,Felt",MAZ64571803,자동매핑,
AJR77224524,AJR75544609,"Tube Assembly,Solenoide",AJR77224511-S1-2,자동매핑,
AJR77224524,AJR75709904,"Tube Assembly,Expansion",(도번직결),도번직하위,
AJR77224524,AJR77188802,"Tube Assembly,Solenoide",(도번직결),도번직하위,
AJR77224524,EBE60661415,Solenoid,(도번직결),도번직하위,
AJR77224524,EBE60661416,Solenoid,(도번직결),도번직하위,
AJR77224524,EBE61083212,Solenoid,(도번직결),도번직하위,
AJR77224524,MAZ64571701,Bracket,(도번직결),도번직하위,
AJR77224524,MAZ64571702,Bracket,(도번직결),도번직하위,
AJR77224524,MAZ64571801,Bracket,(도번직결),도번직하위,
AJR77224524,MAZ64571803,Bracket,(도번직결),도번직하위,
AJR77224524,MCQ68044401,"Damper,Butyl",(도번직결),도번직하위,
AJR77224524,MFN62721713,Mesh,AJR77224501-12-2,자동매핑,
AJR77224524,MJU65626509,"Tube,Connector",AJR77224501-12-2,자동매핑,
AJR77224524,MJU66478404,"Tube,Connector",AJR77224508-1-2,자동매핑,
AJR77224524,MJU66478701,"Tube,Connector",AJR77224501-12-2,자동매핑,
AJR77224524,MJU66479301,"Tube,Connector",AJR77224501-12-2,자동매핑,
AJR77224524,MJU66904601,"Tube,Connector",AJR77224501-12-2,자동매핑,
AJR77224524,MJX62771705,"Valve,Check",AJR77224501-12-2,자동매핑,
AJR77224801,1MPC0502018,"Screw,Machine",(도번직결),도번직하위,
AJR77224801,4930A20053B,"Holder,Sensor",(도번직결),도번직하위,
AJR77224801,4A00114D,"Tube,Connector",(도번직결),도번직하위,
AJR77224801,5210A22409A,"Tube,Connector",(도번직결),도번직하위,
AJR77224801,AJR30000501,"Tube Assembly,Expansion",(도번직결),도번직하위,
AJR77224801,EBE60661414,Solenoid,(도번직결),도번직하위,
AJR77224801,MJU66480701,"Tube,Connector",(도번직결),도번직하위,
AJR77224801,MJU66480703,"Tube,Connector",(도번직결),도번직하위,
AJR77224801,MJU66746901,"Tube,Connector",(도번직결),도번직하위,
AJR77224801,MJX61841301,"Valve,Solenoid",(도번직결),도번직하위,
AJR77224805,1MPC0502018,"Screw,Machine",(도번직결),도번직하위,
AJR77224805,4930A20053B,"Holder,Sensor",(도번직결),도번직하위,
AJR77224805,4A00114D,"Tube,Connector",(도번직결),도번직하위,
AJR77224805,5210A22409A,"Tube,Connector",(도번직결),도번직하위,
AJR77224805,5410A30055S,"Insulator,Tube",(도번직결),도번직하위,
AJR77224805,AJR30000501,"Tube Assembly,Expansion",(도번직결),도번직하위,
AJR77224805,EBE60661414,Solenoid,(도번직결),도번직하위,
AJR77224805,MCQ70869701,"Damper,Rubber",(도번직결),도번직하위,
AJR77224805,MJU66480701,"Tube,Connector",(도번직결),도번직하위,
AJR77224805,MJU66480703,"Tube,Connector",(도번직결),도번직하위,
AJR77224805,MJU66746901,"Tube,Connector",(도번직결),도번직하위,
AJR77224805,MJX61841301,"Valve,Solenoid",(도번직결),도번직하위,
AJR77224809,1MPC0502018,"Screw,Machine",(도번직결),도번직하위,
AJR77224809,4930A20053B,"Holder,Sensor",(도번직결),도번직하위,
AJR77224809,4A00114D,"Tube,Connector",(도번직결),도번직하위,
AJR77224809,5210A22409A,"Tube,Connector",(도번직결),도번직하위,
AJR77224809,5410A30055S,"Insulator,Tube",(도번직결),도번직하위,
AJR77224809,AJR30000501,"Tube Assembly,Expansion",(도번직결),도번직하위,
AJR77224809,EBE60661414,Solenoid,(도번직결),도번직하위,
AJR77224809,MCQ70869701,"Damper,Rubber",(도번직결),도번직하위,
AJR77224809,MJU66480701,"Tube,Connector",(도번직결),도번직하위,
AJR77224809,MJU66480703,"Tube,Connector",(도번직결),도번직하위,
AJR77224809,MJU66746901,"Tube,Connector",(도번직결),도번직하위,
AJR77224809,MJX61841301,"Valve,Solenoid",(도번직결),도번직하위,
AJR77224901,5210A22409A,"Tube,Connector",AJR77225301-1-2(링),자동매핑,
AJR77224901,5210A22409B,"Tube,Connector",AJR77225301-1-1(링),자동매핑,
AJR77224901,MJU66571001,"Tube,Connector",AJR77224901-S5-1,자동매핑,
AJR77224901,MJU66571101,"Tube,Connector",AJR77224901-S5-1,자동매핑,
AJR77224901,MJU66571201,"Tube,Connector",(도번직결),도번직하위,
AJR77224901,MJU66571301,"Tube,Connector",AJR77225301-1-1(링),자동매핑,
AJR77224901,MJU66571304,"Tube,Connector",AJR77225301-1-2(링),자동매핑,
AJR77225301,MEG66660106,"Holder,Tubing",(도번직결),도번직하위,
AJR77225301,MJU66571201,"Tube,Connector",(도번직결),도번직하위,
AJR77225301,MJU66572201,"Tube,Connector",AJR77225301-S5-1,자동매핑,
AJR77225301,MJU66572301,"Tube,Connector",AJR77225301-S5-1,자동매핑,
AJR77225301,MJX62771704,"Valve,Check",(도번직결),도번직하위,
AJR77225303,5210A22409A,"Tube,Connector",AJR77225303-1-2(링),자동매핑,
AJR77225303,5210A22409B,"Tube,Connector",AJR77225303-1-1(링),자동매핑,
AJR77225303,MEG66660106,"Holder,Tubing",(도번직결),도번직하위,
AJR77225303,MJU64671113,"Tube,Connector",MJU64671113+용접링,자동매핑,
AJR77225303,MJU64671114,"Tube,Connector",MJU64671114+용접링,자동매핑,
AJR77225303,MJU64671115,"Tube,Connector",MJU64671115+용접링,자동매핑,
AJR77225303,MJU64671116,"Tube,Connector",MJU64671116+용접링,자동매핑,
AJR77225303,MJU64671117,"Tube,Connector",MJU64671117+용접링,자동매핑,
AJR77225303,MJU64671118,"Tube,Connector",MJU64671118+용접링,자동매핑,
AJR77225303,MJU66571203,"Tube,Connector",(도번직결),도번직하위,
AJR77225303,MJU66571307,"Tube,Connector",AJR77225303-1-1(링),자동매핑,
AJR77225303,MJU66571308,"Tube,Connector",MJU66571308+용접링,자동매핑,
AJR77225303,MJU66571309,"Tube,Connector",AJR77225303-1-2(링),자동매핑,
AJR77225303,MJU66571310,"Tube,Connector",MJU66571310+용접링,자동매핑,
AJR77225303,MJU66571311,"Tube,Connector",MJU66571311+용접링,자동매핑,
AJR77225303,MJU66572202,"Tube,Connector",(도번직결),도번직하위,
AJR77225303,MJU66572302,"Tube,Connector",(도번직결),도번직하위,
AJR77225303,MJX62771704,"Valve,Check",(도번직결),도번직하위,
AJR77225304,5210A22409A,"Tube,Connector",AJR77225303-1-2(링),자동매핑,
AJR77225304,5210A22409B,"Tube,Connector",AJR77225303-1-1(링),자동매핑,
AJR77225304,MEG66660106,"Holder,Tubing",(도번직결),도번직하위,
AJR77225304,MJU64671113,"Tube,Connector",MJU64671113+용접링,자동매핑,
AJR77225304,MJU64671114,"Tube,Connector",MJU64671114+용접링,자동매핑,
AJR77225304,MJU64671115,"Tube,Connector",MJU64671115+용접링,자동매핑,
AJR77225304,MJU64671116,"Tube,Connector",MJU64671116+용접링,자동매핑,
AJR77225304,MJU64671117,"Tube,Connector",MJU64671117+용접링,자동매핑,
AJR77225304,MJU64671118,"Tube,Connector",MJU64671118+용접링,자동매핑,
AJR77225304,MJU64671119,"Tube,Connector",MJU64671119+용접링,자동매핑,
AJR77225304,MJU66571203,"Tube,Connector",(도번직결),도번직하위,
AJR77225304,MJU66571307,"Tube,Connector",AJR77225303-1-1(링),자동매핑,
AJR77225304,MJU66571308,"Tube,Connector",MJU66571308+용접링,자동매핑,
AJR77225304,MJU66571309,"Tube,Connector",AJR77225303-1-2(링),자동매핑,
AJR77225304,MJU66571310,"Tube,Connector",MJU66571310+용접링,자동매핑,
AJR77225304,MJU66572203,"Tube,Connector",(도번직결),도번직하위,
AJR77225304,MJU66572303,"Tube,Connector",(도번직결),도번직하위,
AJR77225304,MJX62771712,"Valve,Check",(도번직결),도번직하위,
AJR77225305,5014A30014Z,"Damper,Tube",(도번직결),도번직하위,
AJR77225305,5210A22409A,"Tube,Connector",(도번직결),도번직하위,
AJR77225305,5210A22409B,"Tube,Connector",(도번직결),도번직하위,
AJR77225305,MEG66660106,"Holder,Tubing",(도번직결),도번직하위,
AJR77225305,MJU64671113,"Tube,Connector",(도번직결),도번직하위,
AJR77225305,MJU64671114,"Tube,Connector",(도번직결),도번직하위,
AJR77225305,MJU64671116,"Tube,Connector",(도번직결),도번직하위,
AJR77225305,MJU64671117,"Tube,Connector",(도번직결),도번직하위,
AJR77225305,MJU64671118,"Tube,Connector",(도번직결),도번직하위,
AJR77225305,MJU66571203,"Tube,Connector",(도번직결),도번직하위,
AJR77225305,MJU66571307,"Tube,Connector",(도번직결),도번직하위,
AJR77225305,MJU66571308,"Tube,Connector",(도번직결),도번직하위,
AJR77225305,MJU66571309,"Tube,Connector",(도번직결),도번직하위,
AJR77225305,MJU66571310,"Tube,Connector",(도번직결),도번직하위,
AJR77225305,MJU66571311,"Tube,Connector",(도번직결),도번직하위,
AJR77225305,MJU66572202,"Tube,Connector",(도번직결),도번직하위,
AJR77225305,MJU66572304,"Tube,Connector",(도번직결),도번직하위,
AJR77225305,MJX62771704,"Valve,Check",(도번직결),도번직하위,
AJR77225306,5014A30014Z,"Damper,Tube",(도번직결),도번직하위,
AJR77225306,5210A22409A,"Tube,Connector",(도번직결),도번직하위,
AJR77225306,5210A22409B,"Tube,Connector",(도번직결),도번직하위,
AJR77225306,MEG66660106,"Holder,Tubing",(도번직결),도번직하위,
AJR77225306,MJU64671113,"Tube,Connector",(도번직결),도번직하위,
AJR77225306,MJU64671114,"Tube,Connector",(도번직결),도번직하위,
AJR77225306,MJU64671116,"Tube,Connector",(도번직결),도번직하위,
AJR77225306,MJU64671117,"Tube,Connector",(도번직결),도번직하위,
AJR77225306,MJU64671118,"Tube,Connector",(도번직결),도번직하위,
AJR77225306,MJU66571203,"Tube,Connector",(도번직결),도번직하위,
AJR77225306,MJU66571307,"Tube,Connector",(도번직결),도번직하위,
AJR77225306,MJU66571308,"Tube,Connector",(도번직결),도번직하위,
AJR77225306,MJU66571309,"Tube,Connector",(도번직결),도번직하위,
AJR77225306,MJU66571310,"Tube,Connector",(도번직결),도번직하위,
AJR77225306,MJU66571311,"Tube,Connector",(도번직결),도번직하위,
AJR77225306,MJU66796201,"Tube,Connector",(도번직결),도번직하위,
AJR77225306,MJU66796301,"Tube,Connector",(도번직결),도번직하위,
AJR77225306,MJX62771704,"Valve,Check",(도번직결),도번직하위,
AJR77225601,1MPC0502018,"Screw,Machine",(도번직결),도번직하위,
AJR77225601,3H01582C,Tie,(도번직결),도번직하위,
AJR77225601,4A00114C,"Tube,Connector",AJR77225607-20-1,자동매핑,
AJR77225601,5220A20039A,"Valve,Reverse",(도번직결),도번직하위,
AJR77225601,5224A20005A,Strainer,(도번직결),도번직하위,
AJR77225601,5410A30055S,"Insulator,Tube",(도번직결),도번직하위,
AJR77225601,6141A20010W,Solenoid,(도번직결),도번직하위,
AJR77225601,EBD64386504,"Sensor Module,Pressure",AJR77225607-20-1,자동매핑,
AJR77225601,EBD64386505,"Sensor Module,Pressure",(도번직결),도번직하위,
AJR77225601,EBF40271407,"Switch,Pressure",AJR77225607-20-1,자동매핑,
AJR77225601,MEV39836107,Insulator,(도번직결),도번직하위,
AJR77225601,MJU66570002,"Tube,Connector",AJR77225607-20-1,자동매핑,
AJR77225601,MJU66571701,"Tube,Connector",(도번직결),도번직하위,
AJR77225601,MJU66571702,"Tube,Connector",(도번직결),도번직하위,
AJR77225601,MJU66571703,"Tube,Connector",(도번직결),도번직하위,
AJR77225601,MJU66571704,"Tube,Connector",(도번직결),도번직하위,
AJR77225601,MJU66571801,"Tube,Connector",AJR77225607-20-1,자동매핑,
AJR77225601,MJU66571901,"Tube,Connector",AJR77225607-20-1,자동매핑,
AJR77225601,MJU66572001,"Tube,Connector",AJR77225607-20-1,자동매핑,
AJR77225602,1MPC0502018,"Screw,Machine",(도번직결),도번직하위,
AJR77225602,3H01582C,Tie,(도번직결),도번직하위,
AJR77225602,4A00114C,"Tube,Connector",AJR77225602-SUB1,자동매핑,
AJR77225602,5220A20039A,"Valve,Reverse",(도번직결),도번직하위,
AJR77225602,5224A20005A,Strainer,(도번직결),도번직하위,
AJR77225602,6141A20010W,Solenoid,(도번직결),도번직하위,
AJR77225602,EBD64386504,"Sensor Module,Pressure",AJR77225602-SUB1,자동매핑,
AJR77225602,EBD64386505,"Sensor Module,Pressure",(도번직결),도번직하위,
AJR77225602,EBF40271407,"Switch,Pressure",AJR77225602-SUB1,자동매핑,
AJR77225602,MEV39836107,Insulator,(도번직결),도번직하위,
AJR77225602,MJU66571702,"Tube,Connector",(도번직결),도번직하위,
AJR77225602,MJU66571703,"Tube,Connector",(도번직결),도번직하위,
AJR77225602,MJU66571704,"Tube,Connector",(도번직결),도번직하위,
AJR77225602,MJU66571705,"Tube,Connector",(도번직결),도번직하위,
AJR77225602,MJU66571801,"Tube,Connector",AJR77225602-SUB1,자동매핑,
AJR77225602,MJU66571902,"Tube,Connector",AJR77225602-SUB1,자동매핑,
AJR77225602,MJU66572001,"Tube,Connector",AJR77225602-SUB1,자동매핑,
AJR77225605,1MPC0502018,"Screw,Machine",(도번직결),도번직하위,
AJR77225605,4A00114C,"Tube,Connector",(도번직결),도번직하위,
AJR77225605,5220A20039A,"Valve,Reverse",(도번직결),도번직하위,
AJR77225605,5224A20005A,Strainer,AJR77225601-7-3,자동매핑,
AJR77225605,6141A20010U,Solenoid,(도번직결),도번직하위,
AJR77225605,EBF40271401,"Switch,Pressure",(도번직결),도번직하위,
AJR77225605,MJU66571702,"Tube,Connector",AJR77225601-7-2,자동매핑,
AJR77225605,MJU66571703,"Tube,Connector",AJR77225601-7-3,자동매핑,
AJR77225605,MJU66571704,"Tube,Connector",AJR77225601-7-3,자동매핑,
AJR77225605,MJU66571705,"Tube,Connector",(도번직결),도번직하위,
AJR77225605,MJU66571801,"Tube,Connector",(도번직결),도번직하위,
AJR77225605,MJU66571902,"Tube,Connector",(도번직결),도번직하위,
AJR77225605,MJU66572001,"Tube,Connector",(도번직결),도번직하위,
AJR77225607,1MPC0502018,"Screw,Machine",(도번직결),도번직하위,
AJR77225607,3H01582C,Tie,(도번직결),도번직하위,
AJR77225607,4A00114C,"Tube,Connector",AJR77225607-SUB1,자동매핑,
AJR77225607,5224A20005A,Strainer,(도번직결),도번직하위,
AJR77225607,5410A30055S,"Insulator,Tube",(도번직결),도번직하위,
AJR77225607,6141A20010W,Solenoid,(도번직결),도번직하위,
AJR77225607,EBD64386504,"Sensor Module,Pressure",AJR77225607-SUB1,자동매핑,
AJR77225607,EBD64386505,"Sensor Module,Pressure",(도번직결),도번직하위,
AJR77225607,EBF40271407,"Switch,Pressure",AJR77225607-SUB1,자동매핑,
AJR77225607,MEV39836107,Insulator,(도번직결),도번직하위,
AJR77225607,MJU66570002,"Tube,Connector",AJR77225607-SUB1,자동매핑,
AJR77225607,MJU66571704,"Tube,Connector",(도번직결),도번직하위,
AJR77225607,MJU66571801,"Tube,Connector",AJR77225607-SUB1,자동매핑,
AJR77225607,MJU66571901,"Tube,Connector",AJR77225607-SUB1,자동매핑,
AJR77225607,MJU66572001,"Tube,Connector",AJR77225607-SUB1,자동매핑,
AJR77225608,1MPC0502018,"Screw,Machine",(도번직결),도번직하위,
AJR77225608,3H01582C,Tie,(도번직결),도번직하위,
AJR77225608,4A00114C,"Tube,Connector",AJR77225608-SUB1,자동매핑,
AJR77225608,5220A20039A,"Valve,Reverse",(도번직결),도번직하위,
AJR77225608,5224A20005A,Strainer,(도번직결),도번직하위,
AJR77225608,6141A20010W,Solenoid,(도번직결),도번직하위,
AJR77225608,EBD64386504,"Sensor Module,Pressure",AJR77225608-SUB1,자동매핑,
AJR77225608,EBD64386505,"Sensor Module,Pressure",(도번직결),도번직하위,
AJR77225608,EBF40271407,"Switch,Pressure",AJR77225608-SUB1,자동매핑,
AJR77225608,MEV39836107,Insulator,(도번직결),도번직하위,
AJR77225608,MJU66571703,"Tube,Connector",(도번직결),도번직하위,
AJR77225608,MJU66571704,"Tube,Connector",(도번직결),도번직하위,
AJR77225608,MJU66571705,"Tube,Connector",(도번직결),도번직하위,
AJR77225608,MJU66571710,"Tube,Connector",(도번직결),도번직하위,
AJR77225608,MJU66571801,"Tube,Connector",AJR77225608-SUB1,자동매핑,
AJR77225608,MJU66571902,"Tube,Connector",AJR77225608-SUB1,자동매핑,
AJR77225608,MJU66572001,"Tube,Connector",AJR77225608-SUB1,자동매핑,
AJR77225609,1MPC0502018,"Screw,Machine",(도번직결),도번직하위,
AJR77225609,3H01582C,Tie,(도번직결),도번직하위,
AJR77225609,3H01582E,Tie,(도번직결),도번직하위,
AJR77225609,4A00114C,"Tube,Connector",AJR77225602-SUB1,자동매핑,
AJR77225609,5220A20039A,"Valve,Reverse",(도번직결),도번직하위,
AJR77225609,5224A20005A,Strainer,(도번직결),도번직하위,
AJR77225609,6141A20010W,Solenoid,(도번직결),도번직하위,
AJR77225609,EBD64386504,"Sensor Module,Pressure",AJR77225602-SUB1,자동매핑,
AJR77225609,EBD64386505,"Sensor Module,Pressure",(도번직결),도번직하위,
AJR77225609,EBF40271407,"Switch,Pressure",AJR77225602-SUB1,자동매핑,
AJR77225609,MEV39836107,Insulator,(도번직결),도번직하위,
AJR77225609,MJU66571702,"Tube,Connector",(도번직결),도번직하위,
AJR77225609,MJU66571703,"Tube,Connector",(도번직결),도번직하위,
AJR77225609,MJU66571704,"Tube,Connector",(도번직결),도번직하위,
AJR77225609,MJU66571705,"Tube,Connector",(도번직결),도번직하위,
AJR77225609,MJU66571801,"Tube,Connector",AJR77225602-SUB1,자동매핑,
AJR77225609,MJU66571902,"Tube,Connector",AJR77225602-SUB1,자동매핑,
AJR77225609,MJU66572001,"Tube,Connector",AJR77225602-SUB1,자동매핑,
AJR77225610,1MPC0502018,"Screw,Machine",(도번직결),도번직하위,
AJR77225610,3H01582C,Tie,(도번직결),도번직하위,
AJR77225610,4A00114C,"Tube,Connector",AJR77225610-SUB1,자동매핑,
AJR77225610,5220A20039A,"Valve,Reverse",(도번직결),도번직하위,
AJR77225610,5224A20005A,Strainer,(도번직결),도번직하위,
AJR77225610,5410A30055S,"Insulator,Tube",(도번직결),도번직하위,
AJR77225610,6141A20010U,Solenoid,(도번직결),도번직하위,
AJR77225610,EBD64386504,"Sensor Module,Pressure",AJR77225610-SUB1,자동매핑,
AJR77225610,EBD64386505,"Sensor Module,Pressure",(도번직결),도번직하위,
AJR77225610,EBF40271407,"Switch,Pressure",AJR77225610-SUB1,자동매핑,
AJR77225610,MEG66660106,"Holder,Tubing",(도번직결),도번직하위,
AJR77225610,MEV39836107,Insulator,(도번직결),도번직하위,
AJR77225610,MJU66570002,"Tube,Connector",AJR77225610-SUB1,자동매핑,
AJR77225610,MJU66571701,"Tube,Connector",(도번직결),도번직하위,
AJR77225610,MJU66571703,"Tube,Connector",(도번직결),도번직하위,
AJR77225610,MJU66571704,"Tube,Connector",(도번직결),도번직하위,
AJR77225610,MJU66571710,"Tube,Connector",(도번직결),도번직하위,
AJR77225610,MJU66571801,"Tube,Connector",AJR77225610-SUB1,자동매핑,
AJR77225610,MJU66571901,"Tube,Connector",AJR77225610-SUB1,자동매핑,
AJR77225610,MJU66572001,"Tube,Connector",AJR77225610-SUB1,자동매핑,
AJR77226301,5210A22409A,"Tube,Connector",AJR77226301-9-7,자동매핑,
AJR77226301,5210A22409B,"Tube,Connector",AJR77226301-9-4,자동매핑,
AJR77226301,MEG66660106,"Holder,Tubing",(도번직결),도번직하위,
AJR77226301,MJU64433003,"Tube,Return Bending",AJR77226301-9-6,자동매핑,
AJR77226301,MJU66571201,"Tube,Connector",(도번직결),도번직하위,
AJR77226301,MJU66572701,"Tube,Connector",(도번직결),도번직하위,
AJR77226301,MJU66572801,"Tube,Connector",(도번직결),도번직하위,
AJR77226301,MJU66572901,"Tube,Connector",AJR77226301-9-7,자동매핑,
AJR77226301,MJU66573001,"Tube,Connector",(도번직결),도번직하위,
AJR77226301,MJU66573101,"Tube,Connector",AJR77226301-9-4,자동매핑,
AJR77226301,MJU66573201,"Tube,Connector",AJR77226301-9-5,자동매핑,
AJR77226301,MJU66573301,"Tube,Connector",AJR77226301-9-3,자동매핑,
AJR77226301,MJU66573401,"Tube,Connector",(도번직결),도번직하위,
AJR77226301,MJU66573501,"Tube,Connector",(도번직결),도번직하위,
AJR77226301,MJU66573601,"Tube,Connector",AJR77226301-9-6,자동매핑,
AJR77226301,MJX62771703,"Valve,Check",(도번직결),도번직하위,
AJR77226302,5210A22409A,"Tube,Connector",AJR77226302-4-5,자동매핑,
AJR77226302,5210A22409B,"Tube,Connector",AJR77226302-4-2,자동매핑,
AJR77226302,MEG66660106,"Holder,Tubing",(도번직결),도번직하위,
AJR77226302,MJU64433003,"Tube,Return Bending",AJR77226302-4-4,자동매핑,
AJR77226302,MJU66571203,"Tube,Connector",(도번직결),도번직하위,
AJR77226302,MJU66572902,"Tube,Connector",AJR77226302-4-5,자동매핑,
AJR77226302,MJU66572903,"Tube,Connector",(도번직결),도번직하위,
AJR77226302,MJU66573002,"Tube,Connector",(도번직결),도번직하위,
AJR77226302,MJU66573302,"Tube,Connector",AJR77226302-4-1,자동매핑,
AJR77226302,MJU66573502,"Tube,Connector",(도번직결),도번직하위,
AJR77226302,MJU66573602,"Tube,Connector",AJR77226302-4-4,자동매핑,
AJR77226302,MJU66573603,"Tube,Connector",AJR77226302-4-2,자동매핑,
AJR77226302,MJU66573604,"Tube,Connector",AJR77226302-4-3,자동매핑,
AJR77226302,MJU66796904,"Tube,Connector",(도번직결),도번직하위,
AJR77226302,MJU66797004,"Tube,Connector",(도번직결),도번직하위,
AJR77226302,MJX62771712,"Valve,Check",(도번직결),도번직하위,
AJR77226303,5210A22409A,"Tube,Connector",AJR77226303-4-5,자동매핑,
AJR77226303,5210A22409B,"Tube,Connector",AJR77226302-4-2,자동매핑,
AJR77226303,MEG66660106,"Holder,Tubing",(도번직결),도번직하위,
AJR77226303,MJU64433003,"Tube,Return Bending",AJR77226302-4-4,자동매핑,
AJR77226303,MJU66572903,"Tube,Connector",(도번직결),도번직하위,
AJR77226303,MJU66572904,"Tube,Connector",AJR77226303-4-5,자동매핑,
AJR77226303,MJU66573302,"Tube,Connector",AJR77226302-4-1,자동매핑,
AJR77226303,MJU66573502,"Tube,Connector",(도번직결),도번직하위,
AJR77226303,MJU66573602,"Tube,Connector",AJR77226302-4-4,자동매핑,
AJR77226303,MJU66573603,"Tube,Connector",AJR77226302-4-2,자동매핑,
AJR77226303,MJU66573604,"Tube,Connector",AJR77226302-4-3,자동매핑,
AJR77226303,MJU66759904,"Tube,Connector",(도번직결),도번직하위,
AJR77226303,MJU66796903,"Tube,Connector",(도번직결),도번직하위,
AJR77226303,MJU66797003,"Tube,Connector",(도번직결),도번직하위,
AJR77226303,MJX62771712,"Valve,Check",(도번직결),도번직하위,
AJR77226304,5210A22409A,"Tube,Connector",(도번직결),도번직하위,
AJR77226304,5210A22409B,"Tube,Connector",(도번직결),도번직하위,
AJR77226304,MEG66660106,"Holder,Tubing",(도번직결),도번직하위,
AJR77226304,MJU64433003,"Tube,Return Bending",(도번직결),도번직하위,
AJR77226304,MJU66572903,"Tube,Connector",(도번직결),도번직하위,
AJR77226304,MJU66572905,"Tube,Connector",(도번직결),도번직하위,
AJR77226304,MJU66573302,"Tube,Connector",(도번직결),도번직하위,
AJR77226304,MJU66573602,"Tube,Connector",(도번직결),도번직하위,
AJR77226304,MJU66573603,"Tube,Connector",(도번직결),도번직하위,
AJR77226304,MJU66573604,"Tube,Connector",(도번직결),도번직하위,
AJR77226304,MJU66759903,"Tube,Connector",(도번직결),도번직하위,
AJR77226304,MJU66796902,"Tube,Connector",(도번직결),도번직하위,
AJR77226304,MJU66797002,"Tube,Connector",(도번직결),도번직하위,
AJR77226304,MJX62771704,"Valve,Check",(도번직결),도번직하위,
AJR77243601,4A00114D,"Tube,Connector",(도번직결),도번직하위,
AJR77243601,MJU61940501,"Tube,Connector",(도번직결),도번직하위,
AJR77243601,MJU66548501,"Tube,Connector",(도번직결),도번직하위,
AJR77243601,MJU66548502,"Tube,Connector",(도번직결),도번직하위,
AJR77243801,5014A20009C,"Damper,Tube",(도번직결),도번직하위,
AJR77243801,5014A20009D,"Damper,Tube",(도번직결),도번직하위,
AJR77243801,5210A22409A,"Tube,Connector",(도번직결),도번직하위,
AJR77243801,5210A23344N,"Tube,Coupling",(도번직결),도번직하위,
AJR77243801,5220A90008H,"Valve,Solenoid",(도번직결),도번직하위,
AJR77243801,5220A90010H,"Valve,Expansion Body",(도번직결),도번직하위,
AJR77243801,5224A20005J,Strainer,(도번직결),도번직하위,
AJR77243801,5224A20005L,Strainer,(도번직결),도번직하위,
AJR77243801,5410A30279A,"Insulator,Tube",(도번직결),도번직하위,
AJR77243801,6141A20050Y,Solenoid,(도번직결),도번직하위,
AJR77243801,EAP62126401,"Coil,Expansion",(도번직결),도번직하위,
AJR77243801,MJU61942901,"Tube,Connector",(도번직결),도번직하위,
AJR77243801,MJU63407306,"Tube,Connector",(도번직결),도번직하위,
AJR77243801,MJU66548505,"Tube,Connector",(도번직결),도번직하위,
AJR77243801,MJU66548701,"Tube,Connector",(도번직결),도번직하위,
AJR77243801,MJU66548801,"Tube,Connector",(도번직결),도번직하위,
AJR77243801,MJU66548802,"Tube,Connector",(도번직결),도번직하위,
AJR77243801,MJU66548901,"Tube,Connector",(도번직결),도번직하위,
AJR77263001,4930A20053B,"Holder,Sensor",(도번직결),도번직하위,
AJR77263001,5210A22409A,"Tube,Connector",AJR77263001-9-2,자동매핑,
AJR77263001,5210A22409B,"Tube,Connector",AJR77263001-9-1,자동매핑,
AJR77263001,MEG66660106,"Holder,Tubing",(도번직결),도번직하위,
AJR77263001,MJU66471706,"Tube,Connector",AJR77263001-9-2,자동매핑,
AJR77263001,MJU66502901,"Tube,Connector",AJR77263001-9-1,자동매핑,
AJR77263001,MJU66503101,"Tube,Connector",AJR77263001-S5-1,자동매핑,
AJR77263001,MJU66503201,"Tube,Connector",AJR77263001-S5-1,자동매핑,
AJR77263001,MJX62771712,"Valve,Check",(도번직결),도번직하위,
AJR77263002,4930A20053B,"Holder,Sensor",(도번직결),도번직하위,
AJR77263002,MEG66660106,"Holder,Tubing",(도번직결),도번직하위,
AJR77263002,MJU66503102,"Tube,Connector",AJR77263002-S5-1,자동매핑,
AJR77263002,MJU66503202,"Tube,Connector",AJR77263002-S5-2,자동매핑,
AJR77263002,MJU66503302,"Tube,Connector",(도번직결),도번직하위,
AJR77263002,MJX62771712,"Valve,Check",(도번직결),도번직하위,
AJR77263003,4930A20053B,"Holder,Sensor",(도번직결),도번직하위,
AJR77263003,5210A22409A,"Tube,Connector",AJR76166401-9-2,자동매핑,
AJR77263003,5210A22409B,"Tube,Connector",AJR76166401-9-1,자동매핑,
AJR77263003,MEG66660106,"Holder,Tubing",(도번직결),도번직하위,
AJR77263003,MJU65517907,"Tube,Connector",AJR76166401-9-1,자동매핑,
AJR77263003,MJU65517910,"Tube,Connector",AJR76166401-9-2,자동매핑,
AJR77263003,MJU66503103,"Tube,Connector",AJR77263003-S5-1,자동매핑,
AJR77263003,MJU66503203,"Tube,Connector",AJR77263003-S5-1,자동매핑,
AJR77263003,MJX62771704,"Valve,Check",(도번직결),도번직하위,
AJR77263004,3H01582A,Tie,(도번직결),도번직하위,
AJR77263004,4930A20053B,"Holder,Sensor",(도번직결),도번직하위,
AJR77263004,5014A30014Z,"Damper,Tube",(도번직결),도번직하위,
AJR77263004,5210A22409A,"Tube,Connector",AJR77263001-9-2,자동매핑,
AJR77263004,5210A22409B,"Tube,Connector",AJR77263001-9-1,자동매핑,
AJR77263004,MEG66660106,"Holder,Tubing",(도번직결),도번직하위,
AJR77263004,MJU66471706,"Tube,Connector",AJR77263001-9-2,자동매핑,
AJR77263004,MJU66502901,"Tube,Connector",AJR77263001-9-1,자동매핑,
AJR77263004,MJU66503101,"Tube,Connector",AJR77263004-S5-1,자동매핑,
AJR77263004,MJU66870701,"Tube,Connector",(도번직결),도번직하위,
AJR77263004,MJX62771712,"Valve,Check",(도번직결),도번직하위,
AJR77263005,3H01582A,Tie,(도번직결),도번직하위,
AJR77263005,4930A20053B,"Holder,Sensor",(도번직결),도번직하위,
AJR77263005,5014A30014Z,"Damper,Tube",(도번직결),도번직하위,
AJR77263005,5210A22409A,"Tube,Connector",AJR76166401-9-2,자동매핑,
AJR77263005,5210A22409B,"Tube,Connector",AJR76166401-9-1,자동매핑,
AJR77263005,MEG66660102,"Holder,Tubing",(도번직결),도번직하위,
AJR77263005,MEG66660106,"Holder,Tubing",(도번직결),도번직하위,
AJR77263005,MJU65517901,"Tube,Connector",MJU65517901+용접링,자동매핑,
AJR77263005,MJU65517902,"Tube,Connector",MJU65517902+용접링,자동매핑,
AJR77263005,MJU65517903,"Tube,Connector",MJU65517903+용접링,자동매핑,
AJR77263005,MJU65517904,"Tube,Connector",MJU65517904+용접링,자동매핑,
AJR77263005,MJU65517905,"Tube,Connector",MJU65517905+용접링,자동매핑,
AJR77263005,MJU65517906,"Tube,Connector",MJU65517906+용접링,자동매핑,
AJR77263005,MJU65517907,"Tube,Connector",AJR76166401-9-1,자동매핑,
AJR77263005,MJU65517908,"Tube,Connector",MJU65517908+용접링,자동매핑,
AJR77263005,MJU65517909,"Tube,Connector",MJU65517909+용접링,자동매핑,
AJR77263005,MJU65517910,"Tube,Connector",AJR76166401-9-2,자동매핑,
AJR77263005,MJU65517911,"Tube,Connector",MJU65517911+용접링,자동매핑,
AJR77263005,MJU65517912,"Tube,Connector",MJU65517912+용접링,자동매핑,
AJR77263005,MJU66503103,"Tube,Connector",(도번직결),도번직하위,
AJR77263005,MJU66503205,"Tube,Connector",(도번직결),도번직하위,
AJR77263005,MJU66871201,"Tube,Connector",(도번직결),도번직하위,
AJR77263005,MJX62771704,"Valve,Check",(도번직결),도번직하위,
AJR77263006,3H01582A,Tie,(도번직결),도번직하위,
AJR77263006,4930A20053B,"Holder,Sensor",(도번직결),도번직하위,
AJR77263006,5014A30014Z,"Damper,Tube",(도번직결),도번직하위,
AJR77263006,5210A22409A,"Tube,Connector",AJR76166401-9-2,자동매핑,
AJR77263006,5210A22409B,"Tube,Connector",AJR76166401-9-1,자동매핑,
AJR77263006,MEG66660102,"Holder,Tubing",(도번직결),도번직하위,
AJR77263006,MEG66660106,"Holder,Tubing",(도번직결),도번직하위,
AJR77263006,MJU65517901,"Tube,Connector",MJU65517901+용접링,자동매핑,
AJR77263006,MJU65517902,"Tube,Connector",MJU65517902+용접링,자동매핑,
AJR77263006,MJU65517903,"Tube,Connector",MJU65517903+용접링,자동매핑,
AJR77263006,MJU65517904,"Tube,Connector",MJU65517904+용접링,자동매핑,
AJR77263006,MJU65517905,"Tube,Connector",MJU65517905+용접링,자동매핑,
AJR77263006,MJU65517906,"Tube,Connector",MJU65517906+용접링,자동매핑,
AJR77263006,MJU65517907,"Tube,Connector",AJR76166401-9-1,자동매핑,
AJR77263006,MJU65517908,"Tube,Connector",MJU65517908+용접링,자동매핑,
AJR77263006,MJU65517909,"Tube,Connector",MJU65517909+용접링,자동매핑,
AJR77263006,MJU65517910,"Tube,Connector",AJR76166401-9-2,자동매핑,
AJR77263006,MJU65517911,"Tube,Connector",MJU65517911+용접링,자동매핑,
AJR77263006,MJU65517912,"Tube,Connector",MJU65517912+용접링,자동매핑,
AJR77263006,MJU66503104,"Tube,Connector",(도번직결),도번직하위,
AJR77263006,MJU66503206,"Tube,Connector",(도번직결),도번직하위,
AJR77263006,MJU66871201,"Tube,Connector",(도번직결),도번직하위,
AJR77263006,MJX62771703,"Valve,Check",(도번직결),도번직하위,
AJR77263007,3H01582A,Tie,(도번직결),도번직하위,
AJR77263007,4930A20053B,"Holder,Sensor",(도번직결),도번직하위,
AJR77263007,5014A30014Z,"Damper,Tube",(도번직결),도번직하위,
AJR77263007,MEG66660102,"Holder,Tubing",(도번직결),도번직하위,
AJR77263007,MEG66660106,"Holder,Tubing",(도번직결),도번직하위,
AJR77263007,MJU66503106,"Tube,Connector",AJR77263007-SUB,자동매핑,
AJR77263007,MJU66503209,"Tube,Connector",AJR77263007-SUB,자동매핑,
AJR77263007,MJU66503305,"Tube,Connector",(도번직결),도번직하위,
AJR77263007,MJU66871201,"Tube,Connector",AJR77263007-SUB,자동매핑,
AJR77263007,MJX62771704,"Valve,Check",(도번직결),도번직하위,
AJR77263008,3H01582A,Tie,(도번직결),도번직하위,
AJR77263008,4930A20053B,"Holder,Sensor",AJR77263008-SUB,자동매핑,
AJR77263008,5014A30014Z,"Damper,Tube",(도번직결),도번직하위,
AJR77263008,MEG66660102,"Holder,Tubing",AJR77263008-SUB,자동매핑,
AJR77263008,MEG66660106,"Holder,Tubing",AJR77263008-SUB,자동매핑,
AJR77263008,MJU66503107,"Tube,Connector",AJR77263008-SUB,자동매핑,
AJR77263008,MJU66503210,"Tube,Connector",AJR77263008-SUB,자동매핑,
AJR77263008,MJU66503305,"Tube,Connector",(도번직결),도번직하위,
AJR77263008,MJU66871201,"Tube,Connector",AJR77263008-SUB,자동매핑,
AJR77263008,MJX62771712,"Valve,Check",(도번직결),도번직하위,
AJR77263009,3H01582A,Tie,(도번직결),도번직하위,
AJR77263009,4930A20053B,"Holder,Sensor",AJR77263009-SUB,자동매핑,
AJR77263009,5014A30014Z,"Damper,Tube",(도번직결),도번직하위,
AJR77263009,MEG66660106,"Holder,Tubing",AJR77263009-SUB,자동매핑,
AJR77263009,MJU66503105,"Tube,Connector",AJR77263009-SUB,자동매핑,
AJR77263009,MJU66503208,"Tube,Connector",AJR77263009-SUB,자동매핑,
AJR77263009,MJU66503304,"Tube,Connector",(도번직결),도번직하위,
AJR77263009,MJU66870701,"Tube,Connector",AJR77263009-SUB,자동매핑,
AJR77263009,MJX62771712,"Valve,Check",(도번직결),도번직하위,
AJR77263010,4930A20053B,"Holder,Sensor",(도번직결),도번직하위,
AJR77263010,5210A22409A,"Tube,Connector",(도번직결),도번직하위,
AJR77263010,5210A22409B,"Tube,Connector",(도번직결),도번직하위,
AJR77263010,MEG66660106,"Holder,Tubing",(도번직결),도번직하위,
AJR77263010,MJU65517914,"Tube,Connector",(도번직결),도번직하위,
AJR77263010,MJU65517915,"Tube,Connector",(도번직결),도번직하위,
AJR77263010,MJU65517916,"Tube,Connector",(도번직결),도번직하위,
AJR77263010,MJU65517917,"Tube,Connector",(도번직결),도번직하위,
AJR77263010,MJU65517918,"Tube,Connector",(도번직결),도번직하위,
AJR77263010,MJU65517919,"Tube,Connector",(도번직결),도번직하위,
AJR77263010,MJU65517920,"Tube,Connector",(도번직결),도번직하위,
AJR77263010,MJU65517921,"Tube,Connector",(도번직결),도번직하위,
AJR77263010,MJU65517922,"Tube,Connector",(도번직결),도번직하위,
AJR77263010,MJU65517923,"Tube,Connector",(도번직결),도번직하위,
AJR77263010,MJU65517924,"Tube,Connector",(도번직결),도번직하위,
AJR77263010,MJU65517925,"Tube,Connector",(도번직결),도번직하위,
AJR77263010,MJU65517926,"Tube,Connector",(도번직결),도번직하위,
AJR77263010,MJU66503106,"Tube,Connector",(도번직결),도번직하위,
AJR77263010,MJU66503207,"Tube,Connector",(도번직결),도번직하위,
AJR77263010,MJU66503305,"Tube,Connector",(도번직결),도번직하위,
AJR77263010,MJX62771704,"Valve,Check",(도번직결),도번직하위,
AJR77263011,3H01582A,Tie,(도번직결),도번직하위,
AJR77263011,4930A20053B,"Holder,Sensor",(도번직결),도번직하위,
AJR77263011,5014A30014Z,"Damper,Tube",(도번직결),도번직하위,
AJR77263011,5210A22409A,"Tube,Connector",AJR76166401-9-2,자동매핑,
AJR77263011,5210A22409B,"Tube,Connector",AJR76166401-9-1,자동매핑,
AJR77263011,MEG66660102,"Holder,Tubing",(도번직결),도번직하위,
AJR77263011,MEG66660106,"Holder,Tubing",(도번직결),도번직하위,
AJR77263011,MJU65517901,"Tube,Connector",MJU65517901+용접링,자동매핑,
AJR77263011,MJU65517902,"Tube,Connector",MJU65517902+용접링,자동매핑,
AJR77263011,MJU65517903,"Tube,Connector",MJU65517903+용접링,자동매핑,
AJR77263011,MJU65517904,"Tube,Connector",MJU65517904+용접링,자동매핑,
AJR77263011,MJU65517905,"Tube,Connector",MJU65517905+용접링,자동매핑,
AJR77263011,MJU65517906,"Tube,Connector",MJU65517906+용접링,자동매핑,
AJR77263011,MJU65517907,"Tube,Connector",AJR76166401-9-1,자동매핑,
AJR77263011,MJU65517908,"Tube,Connector",MJU65517908+용접링,자동매핑,
AJR77263011,MJU65517909,"Tube,Connector",MJU65517909+용접링,자동매핑,
AJR77263011,MJU65517910,"Tube,Connector",AJR76166401-9-2,자동매핑,
AJR77263011,MJU65517911,"Tube,Connector",MJU65517911+용접링,자동매핑,
AJR77263011,MJU65517912,"Tube,Connector",MJU65517912+용접링,자동매핑,
AJR77263011,MJU66503108,"Tube,Connector",(도번직결),도번직하위,
AJR77263011,MJU66503211,"Tube,Connector",(도번직결),도번직하위,
AJR77263011,MJU66871201,"Tube,Connector",(도번직결),도번직하위,
AJR77263011,MJX62771704,"Valve,Check",(도번직결),도번직하위,
AJR77282405,3H01582E,Tie,(도번직결),도번직하위,
AJR77282405,5210A23376A,"Tube,Connector",(도번직결),도번직하위,
AJR77282405,EBD60663837,"Sensor,Pressure",(도번직결),도번직하위,
AJR77282405,MAA63804601,Accumulator,(도번직결),도번직하위,
AJR77282405,MCQ66969701,"Damper,Tube",(도번직결),도번직하위,
AJR77282405,MEG66660103,"Holder,Tubing",(도번직결),도번직하위,
AJR77282405,MJU65146149,"Tube,Connector",(도번직결),도번직하위,
AJR77282405,MJU66611606,"Tube,Connector",(도번직결),도번직하위,
AJR77282405,MJU66611607,"Tube,Connector",(도번직결),도번직하위,
