parent_item,weld_item,item_name,use_qty,routing_st,form,note
4849A20069M,RAC30599301-1,Accumulator Assembly,0.00274,0.0,a,"용접봉=1% 용접봉 (각봉)(은납/BCUP), item_weld 관경행 부재 (routing=['가공'])"
4849A20069M-7-1,RAC30599301-1,4849A20069M-7-1,0.00274,0.0,a,"용접봉=1% 용접봉 (각봉)(은납/BCUP), item_weld 관경행 부재 (routing=['가공'])"
5211A00011E,RAC30599301-1,"Tube Assembly,Reverse",0.01,0.0,a,"용접봉=1% 용접봉 (각봉)(은납/BCUP), item_weld 관경행 부재 (routing=['가공'])"
5211A10305J-S6-1,RAC30599327,사내 SUB,0.0012,1.0,a,"용접봉=3% 용접봉 (3% 원봉)(은납/BCUP), item_weld 관경행 부재 (routing=['가공', '용접', '체결'])"
5211A10305J-SUB,RAC30599327,은납-SUB,0.0012,0.0,a,"용접봉=3% 용접봉 (3% 원봉)(은납/BCUP), item_weld 관경행 부재 (routing=없음)"
5211A10424B,RAC30599327,5211A10424B,0.0016,2.0,a,"용접봉=3% 용접봉 (3% 원봉)(은납/BCUP), item_weld 관경행 부재 (routing=['가공', '용접', '체결'])"
5211A10487A,RAC30599301-1,"Tube Assembly,Suction(Outdoor)",0.06135,0.0,a,"용접봉=1% 용접봉 (각봉)(은납/BCUP), item_weld 관경행 부재 (routing=없음)"
5211A10487B,RAC30599301-1,"Tube Assembly,Suction(Outdoor)",0.0687,0.0,a,"용접봉=1% 용접봉 (각봉)(은납/BCUP), item_weld 관경행 부재 (routing=없음)"
5211A10487C,RAC30599301-1,"Tube Assembly,Suction(Outdoor)",0.03775,0.0,a,"용접봉=1% 용접봉 (각봉)(은납/BCUP), item_weld 관경행 부재 (routing=없음)"
5211A10487D,RAC30599301-1,"Tube Assembly,Suction(Outdoor)",0.0151,0.0,a,"용접봉=1% 용접봉 (각봉)(은납/BCUP), item_weld 관경행 부재 (routing=없음)"
5211A10487E,RAC30599301-1,"Tube Assembly,Suction(Outdoor)",0.06115,0.0,a,"용접봉=1% 용접봉 (각봉)(은납/BCUP), item_weld 관경행 부재 (routing=없음)"
5211A10530B,RAC30599301-1,"Tube Assembly,Manifold(Outdoor)",0.0104,12.0,a,"용접봉=1% 용접봉 (각봉)(은납/BCUP), item_weld 관경행 부재 (routing=['가공', '용접', '체결', '포장'])"
5211A10570G,RAC30599301-1,"Tube Assembly,Capillary",0.01707,0.0,a,"용접봉=1% 용접봉 (각봉)(은납/BCUP), item_weld 관경행 부재 (routing=['가공'])"
5211A10570H,RAC30599301-1,"Tube Assembly,Capillary",0.01707,0.0,a,"용접봉=1% 용접봉 (각봉)(은납/BCUP), item_weld 관경행 부재 (routing=['가공'])"
5211A12001A,RAC30599301-1,"Tube Assembly,Condenser(Out)",0.01573,0.0,a,"용접봉=1% 용접봉 (각봉)(은납/BCUP), item_weld 관경행 부재 (routing=['가공'])"
5211A19008J,RAC30599327,"Tube Assembly,Evaporator(In)",0.00418,6.0,a,"용접봉=3% 용접봉 (3% 원봉)(은납/BCUP), item_weld 관경행 부재 (routing=['가공', '용접', '체결'])"
5211A19008K,RAC30599327,"Tube Assembly,Evaporator(In)",0.00418,6.0,a,"용접봉=3% 용접봉 (3% 원봉)(은납/BCUP), item_weld 관경행 부재 (routing=['가공', '용접', '체결'])"
5211A20133B,RAC30599301-1,"Tube Assembly,Capillary",0.00284,0.0,a,"용접봉=1% 용접봉 (각봉)(은납/BCUP), item_weld 관경행 부재 (routing=['가공'])"
5211A20297H,RAC30599301-1,"Tube Assembly,Capillary",0.003,12.0,a,"용접봉=1% 용접봉 (각봉)(은납/BCUP), item_weld 관경행 부재 (routing=['가공', '용접', '체결', '포장'])"
5211A20297S,RAC30599301-1,"Tube Assembly,Capillary",0.0141,20.0,a,"용접봉=1% 용접봉 (각봉)(은납/BCUP), item_weld 관경행 부재 (routing=['가공', '용접', '체결', '포장'])"
5211A20356U,RAC30599301-1,"Tube Assembly,Capillary",0.00804,12.0,a,"용접봉=1% 용접봉 (각봉)(은납/BCUP), item_weld 관경행 부재 (routing=['가공', '용접', '체결', '포장'])"
5211A20459E,RAC30599327,"Tube Assembly,Discharge(Indoor)",0.0008,1.0,a,"용접봉=3% 용접봉 (3% 원봉)(은납/BCUP), item_weld 관경행 부재 (routing=['가공', '용접', '체결', '포장'])"
5211A20459E,RAC30599301-1,"Tube Assembly,Discharge(Indoor)",0.0025,7.0,a,"용접봉=1% 용접봉 (각봉)(은납/BCUP), item_weld 관경행 부재 (routing=['가공', '용접', '체결', '포장'])"
5211A20459K,RAC30599327,"Tube Assembly,Discharge(Indoor)",0.00225,1.0,a,"용접봉=3% 용접봉 (3% 원봉)(은납/BCUP), item_weld 관경행 부재 (routing=['가공', '용접', '체결', '포장'])"
5211A20459K-0-1,RAC30599301-1,사내 SUB,0.006,5.0,a,"용접봉=1% 용접봉 (각봉)(은납/BCUP), item_weld 관경행 부재 (routing=['용접', '체결'])"
5211A20459K-0-2,RAC30599301-1,사내 SUB,0.0012,1.0,a,"용접봉=1% 용접봉 (각봉)(은납/BCUP), item_weld 관경행 부재 (routing=['용접', '체결'])"
5211A20459K-0-3,RAC30599327,사내 SUB,0.0015,1.0,a,"용접봉=3% 용접봉 (3% 원봉)(은납/BCUP), item_weld 관경행 부재 (routing=['가공', '용접', '체결'])"
5211A20459K-S3-1,RAC30599301-1,사내 SUB,0.006,5.0,a,"용접봉=1% 용접봉 (각봉)(은납/BCUP), item_weld 관경행 부재 (routing=['용접', '체결'])"
5211A20459K-S3-2,RAC30599301-1,사내 SUB,0.0012,1.0,a,"용접봉=1% 용접봉 (각봉)(은납/BCUP), item_weld 관경행 부재 (routing=['용접', '체결'])"
5211A20459K-S3-3,RAC30599327,사내 SUB,0.0015,1.0,a,"용접봉=3% 용접봉 (3% 원봉)(은납/BCUP), item_weld 관경행 부재 (routing=['가공', '용접', '체결'])"
5211A21788A-3,RAC30599301-1,5211A21788A-3,0.00335,0.0,a,"용접봉=1% 용접봉 (각봉)(은납/BCUP), item_weld 관경행 부재 (routing=['가공'])"
5211A21788C,RAC30599301-1,5211A21788C,0.0041,5.0,a,"용접봉=1% 용접봉 (각봉)(은납/BCUP), item_weld 관경행 부재 (routing=['가공', '용접', '체결'])"
5211A21789C,RAC30599301-1,"Tube Assembly,Tubing",0.00158,0.0,a,"용접봉=1% 용접봉 (각봉)(은납/BCUP), item_weld 관경행 부재 (routing=['가공'])"
5211A21907C,RAC30599301-1,5211A21907C,0.0075,0.0,a,"용접봉=1% 용접봉 (각봉)(은납/BCUP), item_weld 관경행 부재 (routing=['가공'])"
5211A21907C-1-1,RAC30599301-1,5211A21907C-1-1,0.0032,10.0,a,"용접봉=1% 용접봉 (각봉)(은납/BCUP), item_weld 관경행 부재 (routing=['가공', '용접', '체결', '포장'])"
5211A25726E,RAC30599327,"Tube Assembly,Suction(Outdoor)",0.0051,2.0,a,"용접봉=3% 용접봉 (3% 원봉)(은납/BCUP), item_weld 관경행 부재 (routing=['용접', '체결', '포장'])"
5211A29904A,RAC30599301-1,5211A29904A,0.00142,0.0,a,"용접봉=1% 용접봉 (각봉)(은납/BCUP), item_weld 관경행 부재 (routing=['가공'])"
5211A29904C,RAC30599301-1,5211A29904C,0.0023,3.0,a,"용접봉=1% 용접봉 (각봉)(은납/BCUP), item_weld 관경행 부재 (routing=['가공', '용접', '체결'])"
5211A29907A,RAC30599327,5211A29907A,0.0008,1.0,a,"용접봉=3% 용접봉 (3% 원봉)(은납/BCUP), item_weld 관경행 부재 (routing=['가공', '용접', '체결', '포장'])"
5211A29907A,RAC30599301-1,5211A29907A,0.0083,11.0,a,"용접봉=1% 용접봉 (각봉)(은납/BCUP), item_weld 관경행 부재 (routing=['가공', '용접', '체결', '포장'])"
5425AP7108C,RAC30599301-1,"Tube Assembly,Capillary",0.0201,0.0,a,"용접봉=1% 용접봉 (각봉)(은납/BCUP), item_weld 관경행 부재 (routing=없음)"
5425AP7108K,RAC30599301-1,"Tube Assembly,Capillary",0.0201,30.0,a,"용접봉=1% 용접봉 (각봉)(은납/BCUP), item_weld 관경행 부재 (routing=['용접', '체결', '포장'])"
5425AP7108R,RAC30599301-1,"Tube Assembly,Capillary",0.02085,31.0,a,"용접봉=1% 용접봉 (각봉)(은납/BCUP), item_weld 관경행 부재 (routing=['가공', '용접', '체결', '포장'])"
AAB34431202,RAC30599301-1,Accumulator Assembly,0.00075,0.0,a,"용접봉=1% 용접봉 (각봉)(은납/BCUP), item_weld 관경행 부재 (routing=['가공'])"
AAB73230902-3,RAC30599301-1,MTS SUB,0.0029,2.0,a,"용접봉=1% 용접봉 (각봉)(은납/BCUP), item_weld 관경행 부재 (routing=['가공', '용접', '체결'])"
AAB73710401,RAC30599301-1,Accumulator Assembly,0.00923,0.0,a,"용접봉=1% 용접봉 (각봉)(은납/BCUP), item_weld 관경행 부재 (routing=['가공'])"
AAB73710402,RAC30599301-1,Accumulator Assembly,0.00923,0.0,a,"용접봉=1% 용접봉 (각봉)(은납/BCUP), item_weld 관경행 부재 (routing=['가공'])"
ADM73210506,RAC30599328,판형 Assembly(알파라발),0.0171,4.0,a,"용접봉=BAG-300 2.4*500(30% 원봉)(은납/BCUP), item_weld 관경행 부재 (routing=['가공', '용접', '체결', '포장'])"
ADM73210508,RAC30599328,판형 Assembly(스웹),0.0171,4.0,a,"용접봉=BAG-300 2.4*500(30% 원봉)(은납/BCUP), item_weld 관경행 부재 (routing=['가공', '용접', '체결', '포장'])"
ADM73210510,RAC30599328,Exchanger Assembly,0.0172,4.0,a,"용접봉=BAG-300 2.4*500(30% 원봉)(은납/BCUP), item_weld 관경행 부재 (routing=['가공', '용접', '체결', '포장'])"
ADM73210510,RAC30599301-1,Exchanger Assembly,0.0036,0.0,a,"용접봉=1% 용접봉 (각봉)(은납/BCUP), item_weld 관경행 부재 (routing=['가공', '용접', '체결', '포장'])"
ADM73210511,RAC30599328,판형 Assembly(알파라발),0.0171,4.0,a,"용접봉=BAG-300 2.4*500(30% 원봉)(은납/BCUP), item_weld 관경행 부재 (routing=['가공', '용접', '체결', '포장'])"
ADM73210515,RAC30599328,판형 Assembly(동일),0.0171,4.0,a,"용접봉=BAG-300 2.4*500(30% 원봉)(은납/BCUP), item_weld 관경행 부재 (routing=['가공', '용접', '체결', '포장'])"
ADM74930506,RAC30599328,판형 열교환기(스웹),0.0171,4.0,a,"용접봉=BAG-300 2.4*500(30% 원봉)(은납/BCUP), item_weld 관경행 부재 (routing=['가공', '용접', '체결', '포장'])"
ADM74930506,RAC30599301-1,판형 열교환기(스웹),0.00249,0.0,a,"용접봉=1% 용접봉 (각봉)(은납/BCUP), item_weld 관경행 부재 (routing=['가공', '용접', '체결', '포장'])"
ADM74930511,RAC30599328,판형 Assembly(동일),0.0171,4.0,a,"용접봉=BAG-300 2.4*500(30% 원봉)(은납/BCUP), item_weld 관경행 부재 (routing=['가공', '용접', '체결', '포장'])"
AEG74589804,RAC30599328,히터탱크,0.00705,1.0,a,"용접봉=BAG-300 2.4*500(30% 원봉)(은납/BCUP), item_weld 관경행 부재 (routing=['가공', '용접', '체결', '포장'])"
AFY73689501,RAC30599301-1,AFY73689501,0.00075,0.0,a,"용접봉=1% 용접봉 (각봉)(은납/BCUP), item_weld 관경행 부재 (routing=없음)"
AFY74209501,RAC30599327,Muffler Assembly,0.003,2.0,a,"용접봉=3% 용접봉 (3% 원봉)(은납/BCUP), item_weld 관경행 부재 (routing=['가공', '용접', '체결', '포장'])"
AJJ32486325-9-1,RAC30599301-1,AJJ32486325-9-1,0.00874,0.0,a,"용접봉=1% 용접봉 (각봉)(은납/BCUP), item_weld 관경행 부재 (routing=['가공'])"
AJJ32486326,RAC30599301-1,Supporter Assembly,0.00439,0.0,a,"용접봉=1% 용접봉 (각봉)(은납/BCUP), item_weld 관경행 부재 (routing=['가공'])"
AJJ73679204,RAC30599327,SUB ASSY,0.0047,6.0,a,"용접봉=3% 용접봉 (3% 원봉)(은납/BCUP), item_weld 관경행 부재 (routing=['가공', '용접', '체결'])"
AJJ73679204,RAC30599301-1,SUB ASSY,0.00937,11.0,a,"용접봉=1% 용접봉 (각봉)(은납/BCUP), item_weld 관경행 부재 (routing=['가공', '용접', '체결'])"
AJJ73679204-12-1,RAC30599301-1,SUB ASSY,0.0016,2.0,a,"용접봉=1% 용접봉 (각봉)(은납/BCUP), item_weld 관경행 부재 (routing=['용접', '체결'])"
AJJ73679204-14-1,RAC30599301-1,SUB ASSY,0.0016,2.0,a,"용접봉=1% 용접봉 (각봉)(은납/BCUP), item_weld 관경행 부재 (routing=['용접', '체결'])"
AJJ73799402,RAC30599301-1,Supporter Assembly,0.0086,9.0,a,"용접봉=1% 용접봉 (각봉)(은납/BCUP), item_weld 관경행 부재 (routing=['가공', '용접', '체결'])"
AJJ73898618,RAC30599301-1,Supporter Assembly,0.00335,0.0,a,"용접봉=1% 용접봉 (각봉)(은납/BCUP), item_weld 관경행 부재 (routing=['가공'])"
AJJ73898620,RAC30599301-1,Supporter Assembly,0.00335,0.0,a,"용접봉=1% 용접봉 (각봉)(은납/BCUP), item_weld 관경행 부재 (routing=['가공'])"
AJJ73898621,RAC30599301-1,Supporter Assembly,0.00335,0.0,a,"용접봉=1% 용접봉 (각봉)(은납/BCUP), item_weld 관경행 부재 (routing=['가공'])"
AJJ73898629,RAC30599301-1,Supporter Assembly,0.002,2.0,a,"용접봉=1% 용접봉 (각봉)(은납/BCUP), item_weld 관경행 부재 (routing=['가공', '용접', '체결', '포장'])"
AJJ74578314,RAC30599301-1,Supporter Assembly,0.00498,4.0,a,"용접봉=1% 용접봉 (각봉)(은납/BCUP), item_weld 관경행 부재 (routing=['가공', '용접', '체결', '포장'])"
AJJ74578316,RAC30599301-1,Supporter Assembly,0.0042,3.0,a,"용접봉=1% 용접봉 (각봉)(은납/BCUP), item_weld 관경행 부재 (routing=['가공', '용접', '체결', '포장'])"
AJJ74578326,RAC30599301-1,Supporter Assembly,0.0018,1.0,a,"용접봉=1% 용접봉 (각봉)(은납/BCUP), item_weld 관경행 부재 (routing=['가공', '용접', '체결', '포장'])"
AJJ74578326-S3-2,RAC30599301-1,사내 SUB,0.0024,2.0,a,"용접봉=1% 용접봉 (각봉)(은납/BCUP), item_weld 관경행 부재 (routing=['용접', '체결'])"
AJJ75358421,RAC30599301-1,Supporter Assembly,0.00795,2.0,a,"용접봉=1% 용접봉 (각봉)(은납/BCUP), item_weld 관경행 부재 (routing=['용접', '체결'])"
AJJ75358423,RAC30599301-1,Supporter Assembly,0.00795,2.0,a,"용접봉=1% 용접봉 (각봉)(은납/BCUP), item_weld 관경행 부재 (routing=['용접', '체결'])"
AJJ75918402,RAC30599301-1,Supporter Assembly,0.00158,2.0,a,"용접봉=1% 용접봉 (각봉)(은납/BCUP), item_weld 관경행 부재 (routing=['가공', '용접', '체결', '포장'])"
AJJ76238401,RAC30599301-1,Supporter Assembly,0.00499,6.0,a,"용접봉=1% 용접봉 (각봉)(은납/BCUP), item_weld 관경행 부재 (routing=['가공', '용접', '체결', '포장'])"
AJL74852201,RAC30599327,"Tank Assembly,Oil",0.0016,2.0,a,"용접봉=3% 용접봉 (3% 원봉)(은납/BCUP), item_weld 관경행 부재 (routing=['가공', '용접', '체결', '포장'])"
AJL74852201,RAC30599301-1,"Tank Assembly,Oil",0.0016,2.0,a,"용접봉=1% 용접봉 (각봉)(은납/BCUP), item_weld 관경행 부재 (routing=['가공', '용접', '체결', '포장'])"
AJR30008101-SUB,RAC30599301-1,AJR30008101-고주파,0.0153,0.0,a,"용접봉=1% 용접봉 (각봉)(은납/BCUP), item_weld 관경행 부재 (routing=없음)"
AJR30046902,RAC35117409,"Tube Assembly, Manifold(Outdoor)",2.0,0.0,a,"용접봉=Solder Soldering(은납/BCUP), item_weld 관경행 부재 (routing=없음)"
AJR30046902,RAC35117401,"Tube Assembly, Manifold(Outdoor)",12.0,0.0,a,"용접봉=Solder Soldering(은납/BCUP), item_weld 관경행 부재 (routing=없음)"
AJR30069702-저압,RAC30599327,AJR30069702-SUB,0.0012,1.0,a,"용접봉=3% 용접봉 (3% 원봉)(은납/BCUP), item_weld 관경행 부재 (routing=['용접', '체결'])"
AJR30069801-고압,RAC30599327,AJR30069801-SUB,0.0012,1.0,a,"용접봉=3% 용접봉 (3% 원봉)(은납/BCUP), item_weld 관경행 부재 (routing=['용접', '체결'])"
AJR30077901-17-1,RAC30599301-1,유남 SUB,0.0062,5.0,a,"용접봉=1% 용접봉 (각봉)(은납/BCUP), item_weld 관경행 부재 (routing=['용접', '체결'])"
AJR30089619-1-2(링),RAC30599301-1,중앙 Sub(+용접링),0.0012,0.0,a,"용접봉=1% 용접봉 (각봉)(은납/BCUP), item_weld 관경행 부재 (routing=없음)"
AJR30100102-은납,RAC30599327-1,은납 SUB,0.0012,0.0,a,"용접봉=AG3% 1.6 (WIRE)(은납/BCUP), item_weld 관경행 부재 (routing=없음)"
AJR30107702,RAC30599301-1,"Tube Assembly, Manifold(Indoor)",0.0114,0.0,a,"용접봉=1% 용접봉 (각봉)(은납/BCUP), item_weld 관경행 부재 (routing=['가공', '용접', '체결', '포장'])"
AJR30117301,RAC30599301-1,"Tube Assembly, Manifold(Outdoor)",0.0143,12.0,a,"용접봉=1% 용접봉 (각봉)(은납/BCUP), item_weld 관경행 부재 (routing=['가공', '용접', '체결', '포장'])"
AJR30118401,RAC30599301-1,"Tube Assembly, Connector",0.0024,2.0,a,"용접봉=1% 용접봉 (각봉)(은납/BCUP), item_weld 관경행 부재 (routing=['가공', '용접', '체결', '포장'])"
AJR31790102-S1-1,RAC30599327,사내 SUB,0.0036,2.0,a,"용접봉=3% 용접봉 (3% 원봉)(은납/BCUP), item_weld 관경행 부재 (routing=['용접', '체결'])"
AJR32674704,RAC30599327,"Tube Assembly,Evaporator(In)",0.00922,13.0,a,"용접봉=3% 용접봉 (3% 원봉)(은납/BCUP), item_weld 관경행 부재 (routing=['가공', '용접', '체결'])"
AJR32674704-2-1,RAC30599301-1,AJR32674704-2-1,0.0023,0.0,a,"용접봉=1% 용접봉 (각봉)(은납/BCUP), item_weld 관경행 부재 (routing=['가공'])"
AJR32674707,RAC30599327,"Tube Assembly,Evaporator(In)",0.00568,8.0,a,"용접봉=3% 용접봉 (3% 원봉)(은납/BCUP), item_weld 관경행 부재 (routing=['가공', '용접', '체결'])"
AJR32674707-2-1,RAC30599301-1,AJR32674707-2-1,0.0023,0.0,a,"용접봉=1% 용접봉 (각봉)(은납/BCUP), item_weld 관경행 부재 (routing=['가공'])"
AJR32674708,RAC30599327,"Tube Assembly,Evaporator(In)",0.00568,8.0,a,"용접봉=3% 용접봉 (3% 원봉)(은납/BCUP), item_weld 관경행 부재 (routing=['가공', '용접', '체결'])"
AJR32674708-2-1,RAC30599301-1,AJR32674708-2-1,0.0023,0.0,a,"용접봉=1% 용접봉 (각봉)(은납/BCUP), item_weld 관경행 부재 (routing=['가공'])"
AJR32674708-S6-1,RAC30599301-1,사내 SUB,0.0023,0.0,a,"용접봉=1% 용접봉 (각봉)(은납/BCUP), item_weld 관경행 부재 (routing=['가공'])"
AJR32846402,RAC30599301-1,"Tube Assembly,Manifold(Outdoor)",0.0182,0.0,a,"용접봉=1% 용접봉 (각봉)(은납/BCUP), item_weld 관경행 부재 (routing=['가공'])"
AJR32883906,RAC30599327,"Tube Assembly,Manifold(Indoor)",0.0018,1.0,a,"용접봉=3% 용접봉 (3% 원봉)(은납/BCUP), item_weld 관경행 부재 (routing=['가공', '용접', '체결', '포장'])"
AJR32883906-3-1,RAC30599301-1,SUB ASSY,0.0108,13.0,a,"용접봉=1% 용접봉 (각봉)(은납/BCUP), item_weld 관경행 부재 (routing=['가공', '용접', '체결'])"
AJR33664401,RAC30599301-1,"Tube Assembly,Capillary",0.00694,0.0,a,"용접봉=1% 용접봉 (각봉)(은납/BCUP), item_weld 관경행 부재 (routing=['가공'])"
AJR33796502,RAC30599327,"Tube Assembly,Capillary",0.00083,1.0,a,"용접봉=3% 용접봉 (3% 원봉)(은납/BCUP), item_weld 관경행 부재 (routing=['가공', '용접', '체결'])"
AJR33796506,RAC30599327,"Tube Assembly,Capillary",0.00922,9.0,a,"용접봉=3% 용접봉 (3% 원봉)(은납/BCUP), item_weld 관경행 부재 (routing=['가공', '용접', '체결'])"
AJR33796526-은납,RAC30599327-1,은납 SUB,0.0012,0.0,a,"용접봉=AG3% 1.6 (WIRE)(은납/BCUP), item_weld 관경행 부재 (routing=없음)"
AJR34565405,RAC30599301-1,"Tube Assembly,Expansion",0.02,0.0,a,"용접봉=1% 용접봉 (각봉)(은납/BCUP), item_weld 관경행 부재 (routing=['가공'])"
AJR34739807,RAC30599301-1,"Tube Assembly,Manifold(Outdoor)",0.004,5.0,a,"용접봉=1% 용접봉 (각봉)(은납/BCUP), item_weld 관경행 부재 (routing=['가공', '용접', '체결', '포장'])"
AJR34739818,RAC30599301-1,"Tube Assembly,Manifold(Outdoor)",0.0089,10.0,a,"용접봉=1% 용접봉 (각봉)(은납/BCUP), item_weld 관경행 부재 (routing=['가공', '용접', '체결', '포장'])"
AJR34739819-3-1,RAC30599301-1,SUB ASSY,0.004,5.0,a,"용접봉=1% 용접봉 (각봉)(은납/BCUP), item_weld 관경행 부재 (routing=['가공', '용접', '체결'])"
AJR34909302,RAC30599301-1,"Tube Assembly,Condenser(Out)",0.0177,26.0,a,"용접봉=1% 용접봉 (각봉)(은납/BCUP), item_weld 관경행 부재 (routing=['가공', '용접', '체결', '포장'])"
AJR35948517,RAC30599301-1,Tube Assembly,0.02,0.0,a,"용접봉=1% 용접봉 (각봉)(은납/BCUP), item_weld 관경행 부재 (routing=['가공'])"
AJR36388615,RAC30599301-1,사내 SUB,0.0028,2.0,a,"용접봉=1% 용접봉 (각봉)(은납/BCUP), item_weld 관경행 부재 (routing=['용접', '체결'])"
AJR36388615-9-1,RAC30599301-1,AJR36388615-9-1,0.0017,2.0,a,"용접봉=1% 용접봉 (각봉)(은납/BCUP), item_weld 관경행 부재 (routing=['용접', '체결'])"
AJR36388615-9-2,RAC30599301-1,AJR36388615-9-2,0.0008,1.0,a,"용접봉=1% 용접봉 (각봉)(은납/BCUP), item_weld 관경행 부재 (routing=['용접', '체결'])"
AJR36479502,RAC30599301-1,"Tube Assembly,Condenser(Out)",0.014,13.0,a,"용접봉=1% 용접봉 (각봉)(은납/BCUP), item_weld 관경행 부재 (routing=['가공', '용접', '체결', '포장'])"
AJR36479508,RAC30599301-1,"Tube Assembly,Condenser(Out)",0.0046,6.0,a,"용접봉=1% 용접봉 (각봉)(은납/BCUP), item_weld 관경행 부재 (routing=['가공', '용접', '체결', '포장'])"
AJR36479508-1-1,RAC30599301-1,AJR36479508-1-1,0.00402,6.0,a,"용접봉=1% 용접봉 (각봉)(은납/BCUP), item_weld 관경행 부재 (routing=['용접', '체결'])"
AJR36738207,RAC30599301-1,"Tube Assembly,Suction(Outdoor)",0.00282,5.0,a,"용접봉=1% 용접봉 (각봉)(은납/BCUP), item_weld 관경행 부재 (routing=['가공', '용접', '체결', '포장'])"
AJR36852209-은납,RAC30599327,AJR36852209-SUB,0.0015,0.0,a,"용접봉=3% 용접봉 (3% 원봉)(은납/BCUP), item_weld 관경행 부재 (routing=없음)"
AJR36852706-12-1,RAC30599301-1,대원산업 Sub,0.0056,0.0,a,"용접봉=1% 용접봉 (각봉)(은납/BCUP), item_weld 관경행 부재 (routing=없음)"
AJR36904201,RAC30599301-1,AJR36904201,0.0016,2.0,a,"용접봉=1% 용접봉 (각봉)(은납/BCUP), item_weld 관경행 부재 (routing=['가공', '용접', '체결', '포장'])"
AJR36904201-1,RAC30599301-1,AJR72937701하위 SUB,0.0016,0.0,a,"용접봉=1% 용접봉 (각봉)(은납/BCUP), item_weld 관경행 부재 (routing=없음)"
AJR37039702,RAC30599327,"Tube Assembly,Manifold(Indoor)",0.0033,1.0,a,"용접봉=3% 용접봉 (3% 원봉)(은납/BCUP), item_weld 관경행 부재 (routing=['가공', '용접', '체결', '포장'])"
AJR37048417,RAC30599301-1,"Tube Assembly,Suction(Outdoor)",0.0042,2.0,a,"용접봉=1% 용접봉 (각봉)(은납/BCUP), item_weld 관경행 부재 (routing=['용접', '체결', '포장'])"
AJR37048418,RAC30599301-1,AJR37048418,0.0029,2.0,a,"용접봉=1% 용접봉 (각봉)(은납/BCUP), item_weld 관경행 부재 (routing=['용접', '체결'])"
AJR37161107,RAC30599301-1,"Tube Assembly,Suction(Outdoor)",0.0011,3.0,a,"용접봉=1% 용접봉 (각봉)(은납/BCUP), item_weld 관경행 부재 (routing=['가공', '용접', '체결', '포장'])"
AJR52676202-S6-1,RAC30599327,사내 SUB,0.0015,1.0,a,"용접봉=3% 용접봉 (3% 원봉)(은납/BCUP), item_weld 관경행 부재 (routing=['가공', '용접', '체결'])"
AJR52737625-4,RAC30599301-1,AJR52737625-4,0.00343,0.0,a,"용접봉=1% 용접봉 (각봉)(은납/BCUP), item_weld 관경행 부재 (routing=['가공'])"
AJR52737629,RAC30599301-1,AJR52737629,0.0047,0.0,a,"용접봉=1% 용접봉 (각봉)(은납/BCUP), item_weld 관경행 부재 (routing=['가공'])"
AJR52737635,RAC30599301-1,AJR52737635,0.0012,1.0,a,"용접봉=1% 용접봉 (각봉)(은납/BCUP), item_weld 관경행 부재 (routing=['용접', '체결'])"
AJR53980903-3-1,RAC30599301-1,이젠터 SUB,0.0075,0.0,a,"용접봉=1% 용접봉 (각봉)(은납/BCUP), item_weld 관경행 부재 (routing=없음)"
AJR55707101-14-1,RAC30599327,JS ENG SUB,0.0015,1.0,a,"용접봉=3% 용접봉 (3% 원봉)(은납/BCUP), item_weld 관경행 부재 (routing=['가공', '용접', '체결'])"
AJR55707101-2-1,RAC30599327,외주 SUB,0.00284,4.0,a,"용접봉=3% 용접봉 (3% 원봉)(은납/BCUP), item_weld 관경행 부재 (routing=['가공', '용접', '체결'])"
AJR55707101-2-1,RAC30599301-1,외주 SUB,0.0008,1.0,a,"용접봉=1% 용접봉 (각봉)(은납/BCUP), item_weld 관경행 부재 (routing=['가공', '용접', '체결'])"
AJR55707101-S6-1,RAC30599327,사내 SUB,0.0015,1.0,a,"용접봉=3% 용접봉 (3% 원봉)(은납/BCUP), item_weld 관경행 부재 (routing=['가공', '용접', '체결', '포장'])"
AJR55908804,RAC30599301-1,"Tube Assembly,Reverse",0.00412,0.0,a,"용접봉=1% 용접봉 (각봉)(은납/BCUP), item_weld 관경행 부재 (routing=['가공'])"
AJR65059803,RAC30599327,"Tube Assembly,Suction(Indoor)",0.0117,13.0,a,"용접봉=3% 용접봉 (3% 원봉)(은납/BCUP), item_weld 관경행 부재 (routing=['가공', '용접', '체결', '포장'])"
AJR67734302,RAC30599327,1-way 표준화 전 제품,0.0015,1.0,a,"용접봉=3% 용접봉 (3% 원봉)(은납/BCUP), item_weld 관경행 부재 (routing=['가공', '용접', '체결', '포장'])"
AJR71429409,RAC30599301-1,"Tube Assembly,Reverse",0.005,0.0,a,"용접봉=1% 용접봉 (각봉)(은납/BCUP), item_weld 관경행 부재 (routing=['가공'])"
AJR71429415,RAC30599301-1,"Tube Assembly,Reverse",0.005,4.0,a,"용접봉=1% 용접봉 (각봉)(은납/BCUP), item_weld 관경행 부재 (routing=['가공', '용접', '체결', '포장'])"
AJR71429418,RAC30599301-1,"Tube Assembly,Reverse",0.005,0.0,a,"용접봉=1% 용접봉 (각봉)(은납/BCUP), item_weld 관경행 부재 (routing=['가공'])"
AJR71429427,RAC30599301-1,"Tube Assembly,Reverse",0.005,0.0,a,"용접봉=1% 용접봉 (각봉)(은납/BCUP), item_weld 관경행 부재 (routing=['가공'])"
AJR71429433,RAC30599301-1,"Tube Assembly,Reverse",0.0051,0.0,a,"용접봉=1% 용접봉 (각봉)(은납/BCUP), item_weld 관경행 부재 (routing=['가공'])"
AJR71429434,RAC30599301-1,"Tube Assembly,Reverse",0.00804,0.0,a,"용접봉=1% 용접봉 (각봉)(은납/BCUP), item_weld 관경행 부재 (routing=['가공'])"
AJR71429439,RAC30599301-1,"Tube Assembly,Reverse",0.00505,5.0,a,"용접봉=1% 용접봉 (각봉)(은납/BCUP), item_weld 관경행 부재 (routing=['가공', '용접', '체결', '포장'])"
AJR71433348,RAC30599301-1,"Tube Assembly, Expansion",0.001,29.0,a,"용접봉=1% 용접봉 (각봉)(은납/BCUP), item_weld 관경행 부재 (routing=['가공', '용접', '체결', '포장'])"
AJR72586213,RAC30599301-1,"Tube Assembly,Discharge(Outdoor)",0.00225,0.0,a,"용접봉=1% 용접봉 (각봉)(은납/BCUP), item_weld 관경행 부재 (routing=['가공'])"
AJR72586221,RAC30599301-1,"Tube Assembly,Discharge(Outdoor)",0.00225,0.0,a,"용접봉=1% 용접봉 (각봉)(은납/BCUP), item_weld 관경행 부재 (routing=['가공'])"
AJR72586222,RAC30599301-1,"Tube Assembly,Discharge(Outdoor)",0.00225,0.0,a,"용접봉=1% 용접봉 (각봉)(은납/BCUP), item_weld 관경행 부재 (routing=['가공'])"
AJR72586225,RAC30599301-1,"Tube Assembly,Discharge(Outdoor)",0.0018,0.0,a,"용접봉=1% 용접봉 (각봉)(은납/BCUP), item_weld 관경행 부재 (routing=['가공'])"
AJR72914201-S6-2,RAC30599327,사내 SUB,0.0024,2.0,a,"용접봉=3% 용접봉 (3% 원봉)(은납/BCUP), item_weld 관경행 부재 (routing=['용접', '체결'])"
AJR72919802,RAC30599301-1,"Tube Assembly,Connector",0.0008,1.0,a,"용접봉=1% 용접봉 (각봉)(은납/BCUP), item_weld 관경행 부재 (routing=['가공', '용접', '체결', '포장'])"
AJR72920407,RAC30599301-1,"Tube Assembly,Reverse",0.0019,1.0,a,"용접봉=1% 용접봉 (각봉)(은납/BCUP), item_weld 관경행 부재 (routing=['가공', '용접', '체결', '포장'])"
AJR72928103,RAC30599301-1,"Tube Assembly,Expansion",0.00658,12.0,a,"용접봉=1% 용접봉 (각봉)(은납/BCUP), item_weld 관경행 부재 (routing=['가공', '용접', '체결', '포장'])"
AJR72928103-1,RAC30599301-1,AJR72928103-1,0.0031,2.0,a,"용접봉=1% 용접봉 (각봉)(은납/BCUP), item_weld 관경행 부재 (routing=['용접', '체결'])"
AJR72928103-2,RAC30599301-1,AJR72928103-2,0.0046,3.0,a,"용접봉=1% 용접봉 (각봉)(은납/BCUP), item_weld 관경행 부재 (routing=['용접', '체결'])"
AJR72928401,RAC30599301-1,"Tube Assembly,Expansion",0.0285,32.0,a,"용접봉=1% 용접봉 (각봉)(은납/BCUP), item_weld 관경행 부재 (routing=['가공', '용접', '체결', '포장'])"
AJR72939901,RAC30599301-1,AJR72939901,0.0016,2.0,a,"용접봉=1% 용접봉 (각봉)(은납/BCUP), item_weld 관경행 부재 (routing=['용접', '체결'])"
AJR72945005,RAC30599301-1,"Tube Assembly,Discharge",0.0022,0.0,a,"용접봉=1% 용접봉 (각봉)(은납/BCUP), item_weld 관경행 부재 (routing=['가공'])"
AJR72946403,RAC30599301-1,Tube Assembly,0.011,0.0,a,"용접봉=1% 용접봉 (각봉)(은납/BCUP), item_weld 관경행 부재 (routing=['가공'])"
AJR72946422,RAC30599301-1,Tube Assembly,0.011,5.0,a,"용접봉=1% 용접봉 (각봉)(은납/BCUP), item_weld 관경행 부재 (routing=['가공', '용접', '체결', '포장'])"
AJR72946424,RAC30599301-1,Tube Assembly,0.011,0.0,a,"용접봉=1% 용접봉 (각봉)(은납/BCUP), item_weld 관경행 부재 (routing=['가공'])"
AJR73064602-1,RAC30599301-1,AJR73064602-1,0.009,0.0,a,"용접봉=1% 용접봉 (각봉)(은납/BCUP), item_weld 관경행 부재 (routing=['가공'])"
AJR73326616,RAC30599301-1,"Tube Assembly,Manifold(Outdoor)",0.01531,17.0,a,"용접봉=1% 용접봉 (각봉)(은납/BCUP), item_weld 관경행 부재 (routing=['가공', '용접', '체결', '포장'])"
AJR73326623,RAC30599301-1,"Tube Assembly,Manifold(Outdoor)",0.01595,18.0,a,"용접봉=1% 용접봉 (각봉)(은납/BCUP), item_weld 관경행 부재 (routing=['가공', '용접', '체결', '포장'])"
AJR73326631,RAC30599301-1,"Tube Assembly,Manifold(Outdoor)",0.021,16.0,a,"용접봉=1% 용접봉 (각봉)(은납/BCUP), item_weld 관경행 부재 (routing=['가공', '용접', '체결', '포장'])"
AJR73326650,RAC30599301-1,"Tube Assembly,Manifold(Outdoor)",0.0058,29.0,a,"용접봉=1% 용접봉 (각봉)(은납/BCUP), item_weld 관경행 부재 (routing=['가공', '용접', '체결', '포장'])"
AJR73343302,RAC30599301-1,AJR73343302,0.0008,1.0,a,"용접봉=1% 용접봉 (각봉)(은납/BCUP), item_weld 관경행 부재 (routing=['가공', '용접', '체결'])"
AJR73343302-5-1,RAC30599301-1,AJR73343302-5-1,0.02,0.0,a,"용접봉=1% 용접봉 (각봉)(은납/BCUP), item_weld 관경행 부재 (routing=['가공'])"
AJR73603201-S6-2,RAC30599327,사내 SUB,0.00285,3.0,a,"용접봉=3% 용접봉 (3% 원봉)(은납/BCUP), item_weld 관경행 부재 (routing=['용접', '체결'])"
AJR73763001,RAC30599327,AJR73763001,0.0012,1.0,a,"용접봉=3% 용접봉 (3% 원봉)(은납/BCUP), item_weld 관경행 부재 (routing=['가공', '용접', '체결'])"
AJR73763001,RAC30599301-1,AJR73763001,0.00402,6.0,a,"용접봉=1% 용접봉 (각봉)(은납/BCUP), item_weld 관경행 부재 (routing=['가공', '용접', '체결'])"
AJR73767413,RAC30599301-1,"Tube Assembly,Expansion",0.0042,5.0,a,"용접봉=1% 용접봉 (각봉)(은납/BCUP), item_weld 관경행 부재 (routing=['가공', '용접', '체결', '포장'])"
AJR73767817-3-1,RAC30599301-1,AJR73767817-3-1,0.0036,3.0,a,"용접봉=1% 용접봉 (각봉)(은납/BCUP), item_weld 관경행 부재 (routing=['용접', '체결'])"
AJR73787405,RAC30599301-1,"Tube Assembly,Condenser(In)",0.00417,5.0,a,"용접봉=1% 용접봉 (각봉)(은납/BCUP), item_weld 관경행 부재 (routing=['가공', '용접', '체결', '포장'])"
AJR73803003-F&T,RAC30599301-1,태국 SUB,0.0075,0.0,a,"용접봉=1% 용접봉 (각봉)(은납/BCUP), item_weld 관경행 부재 (routing=없음)"
AJR73822504,RAC30599301-1,Tube Assembly,0.0012,4.0,a,"용접봉=1% 용접봉 (각봉)(은납/BCUP), item_weld 관경행 부재 (routing=['가공', '용접', '체결', '포장'])"
AJR73822507,RAC30599301-1,Tube Assembly,0.00496,4.0,a,"용접봉=1% 용접봉 (각봉)(은납/BCUP), item_weld 관경행 부재 (routing=['가공', '용접', '체결', '포장'])"
AJR73822513,RAC30599301-1,Tube Assembly,0.002,5.0,a,"용접봉=1% 용접봉 (각봉)(은납/BCUP), item_weld 관경행 부재 (routing=['가공', '용접', '체결', '포장'])"
AJR73822515,RAC30599301-1,Tube Assembly,0.00496,4.0,a,"용접봉=1% 용접봉 (각봉)(은납/BCUP), item_weld 관경행 부재 (routing=['가공', '용접', '체결', '포장'])"
AJR73822516,RAC30599301-1,Tube Assembly,0.00496,4.0,a,"용접봉=1% 용접봉 (각봉)(은납/BCUP), item_weld 관경행 부재 (routing=['가공', '용접', '체결', '포장'])"
AJR73822538,RAC30599301-1,Tube Assembly,0.03335,6.0,a,"용접봉=1% 용접봉 (각봉)(은납/BCUP), item_weld 관경행 부재 (routing=['가공', '용접', '체결', '포장'])"
AJR73882508,RAC30599301-1,"Tube Assembly,Manifold(Outdoor)",0.03462,29.0,a,"용접봉=1% 용접봉 (각봉)(은납/BCUP), item_weld 관경행 부재 (routing=['가공', '용접', '체결', '포장'])"
AJR73882540-1-2,RAC30599301-1,SUB ASSY,0.0008,1.0,a,"용접봉=1% 용접봉 (각봉)(은납/BCUP), item_weld 관경행 부재 (routing=['용접', '체결'])"
AJR73943301,RAC30599327,AJR73943301,0.0008,1.0,a,"용접봉=3% 용접봉 (3% 원봉)(은납/BCUP), item_weld 관경행 부재 (routing=['가공', '용접', '체결'])"
AJR73943301,RAC30599301-1,AJR73943301,0.003,4.0,a,"용접봉=1% 용접봉 (각봉)(은납/BCUP), item_weld 관경행 부재 (routing=['가공', '용접', '체결'])"
AJR73943302,RAC30599301-1,AJR73943302,0.00375,5.0,a,"용접봉=1% 용접봉 (각봉)(은납/BCUP), item_weld 관경행 부재 (routing=['가공', '용접', '체결'])"
AJR73943302,RAC30599327,AJR73943302,0.00095,1.0,a,"용접봉=3% 용접봉 (3% 원봉)(은납/BCUP), item_weld 관경행 부재 (routing=['가공', '용접', '체결'])"
AJR73944514,RAC30599301-1,"Tube Assembly,Reverse",0.0083,7.0,a,"용접봉=1% 용접봉 (각봉)(은납/BCUP), item_weld 관경행 부재 (routing=['가공', '용접', '체결'])"
AJR73944514-7-1,RAC30599301-1,AJR73944514-7-1,0.0042,3.0,a,"용접봉=1% 용접봉 (각봉)(은납/BCUP), item_weld 관경행 부재 (routing=['용접', '체결'])"
AJR73944901,RAC30599327,SUB ASSY,0.0012,1.0,a,"용접봉=3% 용접봉 (3% 원봉)(은납/BCUP), item_weld 관경행 부재 (routing=['가공', '용접', '체결'])"
AJR73944901,RAC30599301-1,SUB ASSY,0.0015,2.0,a,"용접봉=1% 용접봉 (각봉)(은납/BCUP), item_weld 관경행 부재 (routing=['가공', '용접', '체결'])"
AJR73947203-4-1,RAC30599301-1,AJR73947203-4-1,0.00225,0.0,a,"용접봉=1% 용접봉 (각봉)(은납/BCUP), item_weld 관경행 부재 (routing=['가공'])"
AJR73950304,RAC30599301-1,AJR73950304,0.0065,8.0,a,"용접봉=1% 용접봉 (각봉)(은납/BCUP), item_weld 관경행 부재 (routing=['가공', '용접', '체결'])"
AJR73950304-12-1,RAC30599301-1,SUB ASSY,0.0008,1.0,a,"용접봉=1% 용접봉 (각봉)(은납/BCUP), item_weld 관경행 부재 (routing=['용접', '체결'])"
AJR73950306,RAC30599327,SUB ASSY,0.0033,4.0,a,"용접봉=3% 용접봉 (3% 원봉)(은납/BCUP), item_weld 관경행 부재 (routing=['가공', '용접', '체결'])"
AJR73950306,RAC30599301-1,SUB ASSY,0.0024,2.0,a,"용접봉=1% 용접봉 (각봉)(은납/BCUP), item_weld 관경행 부재 (routing=['가공', '용접', '체결'])"
AJR73950306-12-1,RAC30599301-1,SUB ASSY,0.0008,1.0,a,"용접봉=1% 용접봉 (각봉)(은납/BCUP), item_weld 관경행 부재 (routing=['용접', '체결'])"
AJR73950306-14-1,RAC30599301-1,SUB ASSY,0.0008,1.0,a,"용접봉=1% 용접봉 (각봉)(은납/BCUP), item_weld 관경행 부재 (routing=['용접', '체결'])"
AJR73953306-1,RAC30599301-1,AJR73953306-1,0.00083,0.0,a,"용접봉=1% 용접봉 (각봉)(은납/BCUP), item_weld 관경행 부재 (routing=['가공'])"
AJR73953309-1,RAC30599301-1,AJR73953309-1,0.00083,0.0,a,"용접봉=1% 용접봉 (각봉)(은납/BCUP), item_weld 관경행 부재 (routing=['가공'])"
AJR73962606,RAC30599301-1,"Tube Assembly,Reverse",0.0047,0.0,a,"용접봉=1% 용접봉 (각봉)(은납/BCUP), item_weld 관경행 부재 (routing=['가공'])"
AJR73964602-S3-1,RAC30599301-1,사내 SUB,0.0012,1.0,a,"용접봉=1% 용접봉 (각봉)(은납/BCUP), item_weld 관경행 부재 (routing=['용접', '체결'])"
AJR73964602-S3-2,RAC30599301-1,사내 SUB,0.0051,2.0,a,"용접봉=1% 용접봉 (각봉)(은납/BCUP), item_weld 관경행 부재 (routing=['용접', '체결'])"
AJR73964602-S3-3,RAC30599301-1,사내 SUB,0.0024,2.0,a,"용접봉=1% 용접봉 (각봉)(은납/BCUP), item_weld 관경행 부재 (routing=['용접', '체결'])"
AJR73964602-S3-4,RAC30599301-1,사내 SUB,0.0048,3.0,a,"용접봉=1% 용접봉 (각봉)(은납/BCUP), item_weld 관경행 부재 (routing=['용접', '체결'])"
AJR73964602-S3-5,RAC30599301-1,사내 SUB,0.0081,7.0,a,"용접봉=1% 용접봉 (각봉)(은납/BCUP), item_weld 관경행 부재 (routing=['용접', '체결'])"
AJR73964607-S3-1,RAC30599301-1,사내 SUB,0.0012,1.0,a,"용접봉=1% 용접봉 (각봉)(은납/BCUP), item_weld 관경행 부재 (routing=['용접', '체결'])"
AJR73964607-S3-4,RAC30599301-1,사내 SUB,0.0048,3.0,a,"용접봉=1% 용접봉 (각봉)(은납/BCUP), item_weld 관경행 부재 (routing=['용접', '체결'])"
AJR73964607-S3-5,RAC30599301-1,사내 SUB,0.0057,5.0,a,"용접봉=1% 용접봉 (각봉)(은납/BCUP), item_weld 관경행 부재 (routing=['용접', '체결'])"
AJR73965506-F&T,RAC30599301-1,태국 SUB,0.0357,0.0,a,"용접봉=1% 용접봉 (각봉)(은납/BCUP), item_weld 관경행 부재 (routing=없음)"
AJR73968602-3,RAC30599301-1,AJR73968602-3,0.00627,0.0,a,"용접봉=1% 용접봉 (각봉)(은납/BCUP), item_weld 관경행 부재 (routing=['가공'])"
AJR73968603-1,RAC30599301-1,AJR73968603-1,0.0073,0.0,a,"용접봉=1% 용접봉 (각봉)(은납/BCUP), item_weld 관경행 부재 (routing=['가공'])"
AJR73968605,RAC30599301-1,AJR73968605,0.0015,2.0,a,"용접봉=1% 용접봉 (각봉)(은납/BCUP), item_weld 관경행 부재 (routing=['가공', '용접', '체결'])"
AJR73968605-3-1,RAC30599301-1,AJR73968605-3-1,0.00442,0.0,a,"용접봉=1% 용접봉 (각봉)(은납/BCUP), item_weld 관경행 부재 (routing=['가공'])"
AJR73972012,RAC30599301-1,"Tube Assembly,Connector",0.0008,1.0,a,"용접봉=1% 용접봉 (각봉)(은납/BCUP), item_weld 관경행 부재 (routing=['용접', '체결', '포장'])"
AJR73973702,RAC30599301-1,AJR73973702,0.00204,2.0,a,"용접봉=1% 용접봉 (각봉)(은납/BCUP), item_weld 관경행 부재 (routing=['가공', '용접', '체결'])"
AJR73984401,RAC30599327,SUB ASSY,0.004,6.0,a,"용접봉=3% 용접봉 (3% 원봉)(은납/BCUP), item_weld 관경행 부재 (routing=['가공', '용접', '체결'])"
AJR73984401,RAC30599301-1,SUB ASSY,0.0008,1.0,a,"용접봉=1% 용접봉 (각봉)(은납/BCUP), item_weld 관경행 부재 (routing=['가공', '용접', '체결'])"
AJR73988106,RAC30599301-1,"Tube Assembly,Reverse",0.00539,0.0,a,"용접봉=1% 용접봉 (각봉)(은납/BCUP), item_weld 관경행 부재 (routing=['가공'])"
AJR73988107-11-1,RAC30599301-1,AJR73988107-11-1,0.00407,0.0,a,"용접봉=1% 용접봉 (각봉)(은납/BCUP), item_weld 관경행 부재 (routing=['가공'])"
AJR73988107-9-1,RAC30599301-1,AJR73988107-9-1,0.00407,5.0,a,"용접봉=1% 용접봉 (각봉)(은납/BCUP), item_weld 관경행 부재 (routing=['가공', '용접', '체결'])"
AJR73988107-S3-1,RAC30599301-1,사내 SUB,0.0012,1.0,a,"용접봉=1% 용접봉 (각봉)(은납/BCUP), item_weld 관경행 부재 (routing=['용접', '체결'])"
AJR73988107-S3-2,RAC30599301-1,사내 SUB,0.0057,4.0,a,"용접봉=1% 용접봉 (각봉)(은납/BCUP), item_weld 관경행 부재 (routing=['용접', '체결'])"
AJR73988107-S3-3,RAC30599301-1,사내 SUB,0.0027,2.0,a,"용접봉=1% 용접봉 (각봉)(은납/BCUP), item_weld 관경행 부재 (routing=['용접', '체결'])"
AJR74062502,RAC30599301-1,Tube Assembly,0.02,0.0,a,"용접봉=1% 용접봉 (각봉)(은납/BCUP), item_weld 관경행 부재 (routing=['가공'])"
AJR74107911-4-1,RAC30599301-1,AJR74107911-4-1,0.00155,0.0,a,"용접봉=1% 용접봉 (각봉)(은납/BCUP), item_weld 관경행 부재 (routing=없음)"
AJR74107914,RAC30599301-1,"Tube Assembly,Discharge(Outdoor)",0.0015,0.0,a,"용접봉=1% 용접봉 (각봉)(은납/BCUP), item_weld 관경행 부재 (routing=['가공'])"
AJR74107915,RAC30599301-1,"Tube Assembly,Discharge(Outdoor)",0.0015,0.0,a,"용접봉=1% 용접봉 (각봉)(은납/BCUP), item_weld 관경행 부재 (routing=['가공'])"
AJR74107918-4-1,RAC30599301-1,AJR74107918-4-1,0.00182,0.0,a,"용접봉=1% 용접봉 (각봉)(은납/BCUP), item_weld 관경행 부재 (routing=['가공'])"
AJR74126004,RAC30599301-1,"Tube Assembly,Reverse",0.01907,0.0,a,"용접봉=1% 용접봉 (각봉)(은납/BCUP), item_weld 관경행 부재 (routing=['가공'])"
AJR74149202,RAC30599301-1,"Tube Assembly,Expansion",0.0171,9.0,a,"용접봉=1% 용접봉 (각봉)(은납/BCUP), item_weld 관경행 부재 (routing=['가공', '용접', '체결', '포장'])"
AJR74149202-S1-3,RAC30599301-1,사내 SUB,0.0072,4.0,a,"용접봉=1% 용접봉 (각봉)(은납/BCUP), item_weld 관경행 부재 (routing=['용접', '체결'])"
AJR74149202-S1-4,RAC30599301-1,사내 SUB,0.0132,8.0,a,"용접봉=1% 용접봉 (각봉)(은납/BCUP), item_weld 관경행 부재 (routing=['용접', '체결'])"
AJR74149202-S1-5,RAC30599301-1,사내 SUB,0.00345,2.0,a,"용접봉=1% 용접봉 (각봉)(은납/BCUP), item_weld 관경행 부재 (routing=['용접', '체결'])"
AJR74149202-S1-6,RAC30599301-1,사내 SUB,0.00405,2.0,a,"용접봉=1% 용접봉 (각봉)(은납/BCUP), item_weld 관경행 부재 (routing=['용접', '체결'])"
AJR74162603,RAC30599301-1,Tube Assembly,0.0112,9.0,a,"용접봉=1% 용접봉 (각봉)(은납/BCUP), item_weld 관경행 부재 (routing=['가공', '용접', '체결', '포장'])"
AJR74169203,RAC30599301-1,"Tube Assembly,Condenser(Out)",0.00477,6.0,a,"용접봉=1% 용접봉 (각봉)(은납/BCUP), item_weld 관경행 부재 (routing=['가공', '용접', '체결', '포장'])"
AJR74182305,RAC30599301-1,"Tube Assembly,Expansion",0.00615,3.0,a,"용접봉=1% 용접봉 (각봉)(은납/BCUP), item_weld 관경행 부재 (routing=['가공', '용접', '체결', '포장'])"
AJR74182305-S1-1,RAC30599301-1,사내 SUB,0.00675,3.0,a,"용접봉=1% 용접봉 (각봉)(은납/BCUP), item_weld 관경행 부재 (routing=['용접', '체결'])"
AJR74182305-S1-3,RAC30599301-1,사내 SUB,0.0036,2.0,a,"용접봉=1% 용접봉 (각봉)(은납/BCUP), item_weld 관경행 부재 (routing=['용접', '체결'])"
AJR74182305-S1-4,RAC30599301-1,사내 SUB,0.009,4.0,a,"용접봉=1% 용접봉 (각봉)(은납/BCUP), item_weld 관경행 부재 (routing=['용접', '체결'])"
AJR74182305-S1-5,RAC30599301-1,사내 SUB,0.0018,1.0,a,"용접봉=1% 용접봉 (각봉)(은납/BCUP), item_weld 관경행 부재 (routing=['용접', '체결'])"
AJR74182305-S1-6,RAC30599301-1,사내 SUB,0.02055,10.0,a,"용접봉=1% 용접봉 (각봉)(은납/BCUP), item_weld 관경행 부재 (routing=['용접', '체결'])"
AJR74229401-저압,RAC30599301-1,AJR74229401-SUB,0.0063,0.0,a,"용접봉=1% 용접봉 (각봉)(은납/BCUP), item_weld 관경행 부재 (routing=없음)"
AJR74230603,RAC30599301-1,"Tube Assembly,Discharge(Outdoor)",0.00102,0.0,a,"용접봉=1% 용접봉 (각봉)(은납/BCUP), item_weld 관경행 부재 (routing=['가공'])"
AJR74282301,RAC30599301-1,AJR74282301,0.0016,2.0,a,"용접봉=1% 용접봉 (각봉)(은납/BCUP), item_weld 관경행 부재 (routing=['가공', '용접', '체결'])"
AJR74290001-고압,RAC30599327,AJR74290001-SUB,0.0012,0.0,a,"용접봉=3% 용접봉 (3% 원봉)(은납/BCUP), item_weld 관경행 부재 (routing=없음)"
AJR74291201,RAC30599301-1,AJR74291201,0.0041,5.0,a,"용접봉=1% 용접봉 (각봉)(은납/BCUP), item_weld 관경행 부재 (routing=['가공', '용접', '체결', '포장'])"
AJR74364919-4-3(링X),RAC30599301-1,미래 Sub(용접링미포함),0.0018,0.0,a,"용접봉=1% 용접봉 (각봉)(은납/BCUP), item_weld 관경행 부재 (routing=없음)"
AJR74364921-4-4(링X),RAC30599301-1,SUB ASSY,0.0012,0.0,a,"용접봉=1% 용접봉 (각봉)(은납/BCUP), item_weld 관경행 부재 (routing=없음)"
AJR74424615,RAC30599301-1,SUB ASSY,0.00725,6.0,a,"용접봉=1% 용접봉 (각봉)(은납/BCUP), item_weld 관경행 부재 (routing=['가공', '용접', '체결'])"
AJR74425405,RAC30599301-1,"Tube Assembly,Manifold(Outdoor)",0.0178,0.0,a,"용접봉=1% 용접봉 (각봉)(은납/BCUP), item_weld 관경행 부재 (routing=없음)"
AJR74467103,RAC30599301-1,"Tube Assembly,Condenser(In)",0.0069,6.0,a,"용접봉=1% 용접봉 (각봉)(은납/BCUP), item_weld 관경행 부재 (routing=['가공', '용접', '체결', '포장'])"
AJR74523003,RAC30599301-1,AJR74523003,0.007,7.0,a,"용접봉=1% 용접봉 (각봉)(은납/BCUP), item_weld 관경행 부재 (routing=['가공', '용접', '체결'])"
AJR74524701,RAC30599301-1,Tube Assembly,0.00439,4.0,a,"용접봉=1% 용접봉 (각봉)(은납/BCUP), item_weld 관경행 부재 (routing=['가공', '용접', '체결', '포장'])"
AJR74524704,RAC30599301-1,Tube Assembly,0.005,6.0,a,"용접봉=1% 용접봉 (각봉)(은납/BCUP), item_weld 관경행 부재 (routing=['가공', '용접', '체결', '포장'])"
AJR74602703,RAC30599301-1,"Tube Assembly,Evaporator(In)",0.00083,0.0,a,"용접봉=1% 용접봉 (각봉)(은납/BCUP), item_weld 관경행 부재 (routing=['가공'])"
AJR74662704,RAC30599327,"Tube Assembly,Suction",0.0126,0.0,a,"용접봉=3% 용접봉 (3% 원봉)(은납/BCUP), item_weld 관경행 부재 (routing=['가공', '용접', '체결', '포장'])"
AJR74802701,RAC30599301-1,"Tube Assembly,Connector",0.00083,0.0,a,"용접봉=1% 용접봉 (각봉)(은납/BCUP), item_weld 관경행 부재 (routing=['가공'])"
AJR74803001,RAC30599301-1,"Tube Assembly,Capillary",0.0062,0.0,a,"용접봉=1% 용접봉 (각봉)(은납/BCUP), item_weld 관경행 부재 (routing=['가공', '용접', '체결'])"
AJR74803001,RAC30599327,"Tube Assembly,Capillary",0.0008,1.0,a,"용접봉=3% 용접봉 (3% 원봉)(은납/BCUP), item_weld 관경행 부재 (routing=['가공', '용접', '체결'])"
AJR74803517-R-1,RAC30599301-1,사내 SUB,0.0024,2.0,a,"용접봉=1% 용접봉 (각봉)(은납/BCUP), item_weld 관경행 부재 (routing=['용접', '체결'])"
AJR74803517-R-2,RAC30599301-1,사내 SUB,0.0024,2.0,a,"용접봉=1% 용접봉 (각봉)(은납/BCUP), item_weld 관경행 부재 (routing=['용접', '체결'])"
AJR74843602,RAC30599301-1,"Tube Assembly,Expansion",0.004,4.0,a,"용접봉=1% 용접봉 (각봉)(은납/BCUP), item_weld 관경행 부재 (routing=['가공', '용접', '체결', '포장'])"
AJR74862701,RAC30599301,"Tube Assembly,Condenser(In)",0.00525,0.0,a,"용접봉=SOLDER,SOLDERING(은납/BCUP), item_weld 관경행 부재 (routing=없음)"
AJR74942531-R-1,RAC30599327,사내 고압 원대 SUB,0.0012,1.0,a,"용접봉=3% 용접봉 (3% 원봉)(은납/BCUP), item_weld 관경행 부재 (routing=['용접', '체결'])"
AJR74942531-R-2,RAC30599327,사내 저압 원대 SUB,0.0015,1.0,a,"용접봉=3% 용접봉 (3% 원봉)(은납/BCUP), item_weld 관경행 부재 (routing=['용접', '체결'])"
AJR74942548-R-1,RAC30599327,고압 원대 사내 SUB,0.0012,1.0,a,"용접봉=3% 용접봉 (3% 원봉)(은납/BCUP), item_weld 관경행 부재 (routing=['용접', '체결'])"
AJR74942548-R-2,RAC30599327,저압 원대 사내 SUB,0.0015,1.0,a,"용접봉=3% 용접봉 (3% 원봉)(은납/BCUP), item_weld 관경행 부재 (routing=['용접', '체결'])"
AJR74942611-12-1,RAC30599301,AJR74942611-12-1,0.00617,0.0,a,"용접봉=SOLDER,SOLDERING(은납/BCUP), item_weld 관경행 부재 (routing=없음)"
AJR74942615,RAC30599327,고압부 SUB ASSY,0.0008,1.0,a,"용접봉=3% 용접봉 (3% 원봉)(은납/BCUP), item_weld 관경행 부재 (routing=['가공', '용접', '체결'])"
AJR74942615,RAC30599301-1,고압부 SUB ASSY,0.0008,1.0,a,"용접봉=1% 용접봉 (각봉)(은납/BCUP), item_weld 관경행 부재 (routing=['가공', '용접', '체결'])"
AJR74942615-4-1,RAC30599327,미래 SUB,0.00645,6.0,a,"용접봉=3% 용접봉 (3% 원봉)(은납/BCUP), item_weld 관경행 부재 (routing=['용접', '체결'])"
AJR74942615-R-1,RAC30599327,AJR74942615-R-1,0.0093,6.0,a,"용접봉=3% 용접봉 (3% 원봉)(은납/BCUP), item_weld 관경행 부재 (routing=['용접', '체결'])"
AJR74942617-고압,RAC30599327,AJR74942617-SUB,0.0012,0.0,a,"용접봉=3% 용접봉 (3% 원봉)(은납/BCUP), item_weld 관경행 부재 (routing=없음)"
AJR74942623-R-1,RAC30599327,고압부  SUB,0.0042,4.0,a,"용접봉=3% 용접봉 (3% 원봉)(은납/BCUP), item_weld 관경행 부재 (routing=['용접', '체결'])"
AJR74942623-고압,RAC30599327,AJR74942623-SUB,0.0012,0.0,a,"용접봉=3% 용접봉 (3% 원봉)(은납/BCUP), item_weld 관경행 부재 (routing=없음)"
AJR74942627-고압,RAC30599327,AJR74942627-SUB,0.0012,0.0,a,"용접봉=3% 용접봉 (3% 원봉)(은납/BCUP), item_weld 관경행 부재 (routing=없음)"
AJR74942709,RAC30599301-1,"Tube Assy, Evaporator(Out)",0.001,1.0,a,"용접봉=1% 용접봉 (각봉)(은납/BCUP), item_weld 관경행 부재 (routing=['가공', '용접', '체결'])"
AJR74942709-3-1,RAC30599301-1,SUB ASSY,0.00477,6.0,a,"용접봉=1% 용접봉 (각봉)(은납/BCUP), item_weld 관경행 부재 (routing=['가공', '용접', '체결'])"
AJR74942709-저압,RAC30599327,AJR74942709-SUB,0.0015,0.0,a,"용접봉=3% 용접봉 (3% 원봉)(은납/BCUP), item_weld 관경행 부재 (routing=없음)"
AJR74942715,RAC30599327,AJR74942715,0.001,1.0,a,"용접봉=3% 용접봉 (3% 원봉)(은납/BCUP), item_weld 관경행 부재 (routing=['가공', '용접', '체결'])"
AJR74942715,RAC30599301-1,AJR74942715,0.00539,1.0,a,"용접봉=1% 용접봉 (각봉)(은납/BCUP), item_weld 관경행 부재 (routing=['가공', '용접', '체결'])"
AJR74942715-3-1,RAC30599301-1,AJR74942715-3-1,0.00453,6.0,a,"용접봉=1% 용접봉 (각봉)(은납/BCUP), item_weld 관경행 부재 (routing=['용접', '체결'])"
AJR74942730-저압,RAC30599327,AJR74942730-SUB,0.0015,0.0,a,"용접봉=3% 용접봉 (3% 원봉)(은납/BCUP), item_weld 관경행 부재 (routing=없음)"
AJR74944401,RAC30599301-1,"Tube Assembly,Tubing",0.61882,0.0,a,"용접봉=1% 용접봉 (각봉)(은납/BCUP), item_weld 관경행 부재 (routing=['가공'])"
AJR74964802,RAC30599301-1,"Tube Assembly,Reverse",0.0055,0.0,a,"용접봉=1% 용접봉 (각봉)(은납/BCUP), item_weld 관경행 부재 (routing=['가공'])"
AJR74964804,RAC30599301-1,"Tube Assembly,Reverse",0.0097,0.0,a,"용접봉=1% 용접봉 (각봉)(은납/BCUP), item_weld 관경행 부재 (routing=['가공'])"
AJR74964807,RAC30599301-1,"Tube Assembly,Reverse",0.0097,0.0,a,"용접봉=1% 용접봉 (각봉)(은납/BCUP), item_weld 관경행 부재 (routing=['가공'])"
AJR74982401,RAC30599301-1,Tube Assembly,0.002,1.0,a,"용접봉=1% 용접봉 (각봉)(은납/BCUP), item_weld 관경행 부재 (routing=['가공', '용접', '체결', '포장'])"
AJR74982402,RAC30599301-1,Tube Assembly,0.002,1.0,a,"용접봉=1% 용접봉 (각봉)(은납/BCUP), item_weld 관경행 부재 (routing=['가공', '용접', '체결', '포장'])"
AJR74983903,RAC30599301-1,"Tube Assembly,Reverse",0.0108,0.0,a,"용접봉=1% 용접봉 (각봉)(은납/BCUP), item_weld 관경행 부재 (routing=['가공'])"
AJR74985401,RAC30599301-1,AJR74985401,0.00383,0.0,a,"용접봉=1% 용접봉 (각봉)(은납/BCUP), item_weld 관경행 부재 (routing=['가공'])"
AJR74985501,RAC30599301-1,"Tube Assembly,Condenser(In)",0.00402,0.0,a,"용접봉=1% 용접봉 (각봉)(은납/BCUP), item_weld 관경행 부재 (routing=['가공'])"
AJR75002401,RAC30599301-1,"Tube Assembly,Capillary",0.00209,0.0,a,"용접봉=1% 용접봉 (각봉)(은납/BCUP), item_weld 관경행 부재 (routing=['가공'])"
AJR75002402,RAC30599301-1,"Tube Assembly,Capillary",0.00209,0.0,a,"용접봉=1% 용접봉 (각봉)(은납/BCUP), item_weld 관경행 부재 (routing=['가공'])"
AJR75022402,RAC30599301-1,"Tube Assembly,Condenser(Out)",0.0072,0.0,a,"용접봉=1% 용접봉 (각봉)(은납/BCUP), item_weld 관경행 부재 (routing=['가공'])"
AJR75022402-1,RAC30599301-1,AJR75022402-1,0.0072,0.0,a,"용접봉=1% 용접봉 (각봉)(은납/BCUP), item_weld 관경행 부재 (routing=['가공'])"
AJR75044203,RAC30599301-1,"Tube Assembly,Reverse",0.00919,0.0,a,"용접봉=1% 용접봉 (각봉)(은납/BCUP), item_weld 관경행 부재 (routing=['가공'])"
AJR75062907-13-1,RAC30599327,엠케이 SUB,0.0078,7.0,a,"용접봉=3% 용접봉 (3% 원봉)(은납/BCUP), item_weld 관경행 부재 (routing=['가공', '용접', '체결'])"
AJR75062907-13-1,RAC30599301-1,엠케이 SUB,0.00855,8.0,a,"용접봉=1% 용접봉 (각봉)(은납/BCUP), item_weld 관경행 부재 (routing=['가공', '용접', '체결'])"
AJR75062907-19-1,RAC30599301-1,명진 SUB,0.0011,0.0,a,"용접봉=1% 용접봉 (각봉)(은납/BCUP), item_weld 관경행 부재 (routing=없음)"
AJR75062907-19-2,RAC30599301-1,명진 SUB,0.0011,0.0,a,"용접봉=1% 용접봉 (각봉)(은납/BCUP), item_weld 관경행 부재 (routing=없음)"
AJR75062907-19-3,RAC30599301-1,명진 SUB,0.0011,0.0,a,"용접봉=1% 용접봉 (각봉)(은납/BCUP), item_weld 관경행 부재 (routing=없음)"
AJR75062907-19-4,RAC30599301-1,명진 SUB,0.0011,0.0,a,"용접봉=1% 용접봉 (각봉)(은납/BCUP), item_weld 관경행 부재 (routing=없음)"
AJR75062907-19-5,RAC30599301-1,명진 SUB,0.0011,0.0,a,"용접봉=1% 용접봉 (각봉)(은납/BCUP), item_weld 관경행 부재 (routing=없음)"
AJR75062907-19-6,RAC30599301-1,명진 SUB,0.0035,0.0,a,"용접봉=1% 용접봉 (각봉)(은납/BCUP), item_weld 관경행 부재 (routing=없음)"
AJR75103201-4-1,RAC30599301-1,SUB ASSY,0.00246,3.0,a,"용접봉=1% 용접봉 (각봉)(은납/BCUP), item_weld 관경행 부재 (routing=['가공', '용접', '체결'])"
AJR75103201-4-2,RAC30599301-1,SUB ASSY,0.0016,2.0,a,"용접봉=1% 용접봉 (각봉)(은납/BCUP), item_weld 관경행 부재 (routing=['용접', '체결'])"
AJR75103202,RAC30599301-1,SUB ASSY,0.0089,11.0,a,"용접봉=1% 용접봉 (각봉)(은납/BCUP), item_weld 관경행 부재 (routing=['가공', '용접', '체결'])"
AJR75103202-4-1,RAC30599301-1,SUB ASSY,0.00246,3.0,a,"용접봉=1% 용접봉 (각봉)(은납/BCUP), item_weld 관경행 부재 (routing=['가공', '용접', '체결'])"
AJR75104017,RAC30599301-1,"Tube Assembly, Expansion",0.0014,2.0,a,"용접봉=1% 용접봉 (각봉)(은납/BCUP), item_weld 관경행 부재 (routing=['가공', '용접', '체결'])"
AJR75104017-1-1,RAC30599301-1,SUB ASSY,0.0024,3.0,a,"용접봉=1% 용접봉 (각봉)(은납/BCUP), item_weld 관경행 부재 (routing=['용접', '체결'])"
AJR75104701,RAC30599301-1,"Tube Assembly,Capillary",0.0012,0.0,a,"용접봉=1% 용접봉 (각봉)(은납/BCUP), item_weld 관경행 부재 (routing=없음)"
AJR75104701-SUB,RAC30599301-1,AJR75104701-고주파,0.0012,0.0,a,"용접봉=1% 용접봉 (각봉)(은납/BCUP), item_weld 관경행 부재 (routing=없음)"
AJR75123701,RAC30599301-1,"Tube Assembly,Discharge(Outdoor)",0.00225,0.0,a,"용접봉=1% 용접봉 (각봉)(은납/BCUP), item_weld 관경행 부재 (routing=['가공'])"
AJR75142601,RAC30599301-1,"Tube Assembly,Manifold(Indoor)",0.00579,0.0,a,"용접봉=1% 용접봉 (각봉)(은납/BCUP), item_weld 관경행 부재 (routing=['가공'])"
AJR75163201,RAC30599301-1,"Tube Assembly,Manifold(Indoor)",0.00579,0.0,a,"용접봉=1% 용접봉 (각봉)(은납/BCUP), item_weld 관경행 부재 (routing=['가공'])"
AJR75163204,RAC30599327,"Tube Assembly,Manifold(Indoor)",0.001,1.0,a,"용접봉=3% 용접봉 (3% 원봉)(은납/BCUP), item_weld 관경행 부재 (routing=['가공', '용접', '체결', '포장'])"
AJR75163204,RAC30599301-1,"Tube Assembly,Manifold(Indoor)",0.00477,6.0,a,"용접봉=1% 용접봉 (각봉)(은납/BCUP), item_weld 관경행 부재 (routing=['가공', '용접', '체결', '포장'])"
AJR75183001,RAC30599327,AJR75183001,0.00125,1.0,a,"용접봉=3% 용접봉 (3% 원봉)(은납/BCUP), item_weld 관경행 부재 (routing=['용접', '체결'])"
AJR75222301,RAC30599327,"Tube Assembly,Capillary",0.00501,7.0,a,"용접봉=3% 용접봉 (3% 원봉)(은납/BCUP), item_weld 관경행 부재 (routing=['가공', '용접', '체결', '포장'])"
AJR75242801-R-1,RAC30599327,사내 SUB,0.0012,1.0,a,"용접봉=3% 용접봉 (3% 원봉)(은납/BCUP), item_weld 관경행 부재 (routing=['용접', '체결'])"
AJR75242801-고압,RAC30599327,AJR75242801-SUB,0.0012,0.0,a,"용접봉=3% 용접봉 (3% 원봉)(은납/BCUP), item_weld 관경행 부재 (routing=없음)"
AJR75242807,RAC30599301-1,"Tube Assembly, Evaporator",0.0008,1.0,a,"용접봉=1% 용접봉 (각봉)(은납/BCUP), item_weld 관경행 부재 (routing=['가공', '용접', '체결'])"
AJR75242807,RAC30599327,"Tube Assembly, Evaporator",0.0008,1.0,a,"용접봉=3% 용접봉 (3% 원봉)(은납/BCUP), item_weld 관경행 부재 (routing=['가공', '용접', '체결'])"
AJR75242811,RAC30599327,"Tube Assembly, Evaporator(In)",0.0011,1.0,a,"용접봉=3% 용접봉 (3% 원봉)(은납/BCUP), item_weld 관경행 부재 (routing=['용접', '체결'])"
AJR75242811,RAC30599301-1,"Tube Assembly, Evaporator(In)",0.0011,1.0,a,"용접봉=1% 용접봉 (각봉)(은납/BCUP), item_weld 관경행 부재 (routing=['용접', '체결'])"
AJR75243001,RAC30599327,AJR75243001,0.0012,1.0,a,"용접봉=3% 용접봉 (3% 원봉)(은납/BCUP), item_weld 관경행 부재 (routing=['가공', '용접', '체결'])"
AJR75243001,RAC30599301-1,AJR75243001,0.0036,4.0,a,"용접봉=1% 용접봉 (각봉)(은납/BCUP), item_weld 관경행 부재 (routing=['가공', '용접', '체결'])"
AJR75243002-1,RAC30599301-1,AJR75243002-1,0.0036,0.0,a,"용접봉=1% 용접봉 (각봉)(은납/BCUP), item_weld 관경행 부재 (routing=['가공'])"
AJR75243008,RAC30599327,"Tube Assembly, Evaporator",0.0008,1.0,a,"용접봉=3% 용접봉 (3% 원봉)(은납/BCUP), item_weld 관경행 부재 (routing=['가공', '용접', '체결', '포장'])"
AJR75243008,RAC30599301-1,"Tube Assembly, Evaporator",0.0008,4.0,a,"용접봉=1% 용접봉 (각봉)(은납/BCUP), item_weld 관경행 부재 (routing=['가공', '용접', '체결', '포장'])"
AJR75243013,RAC30599327,"Tube Assembly, Evaporator(Out)",0.0012,1.0,a,"용접봉=3% 용접봉 (3% 원봉)(은납/BCUP), item_weld 관경행 부재 (routing=['가공', '용접', '체결'])"
AJR75243013,RAC30599301-1,"Tube Assembly, Evaporator(Out)",0.0012,1.0,a,"용접봉=1% 용접봉 (각봉)(은납/BCUP), item_weld 관경행 부재 (routing=['가공', '용접', '체결'])"
AJR75243105-R-2,RAC30599327,사내 SUB,0.0012,1.0,a,"용접봉=3% 용접봉 (3% 원봉)(은납/BCUP), item_weld 관경행 부재 (routing=['가공', '용접', '체결'])"
AJR75244301,RAC30599301-1,"Tube Assembly,Suction(Outdoor)",0.00248,3.0,a,"용접봉=1% 용접봉 (각봉)(은납/BCUP), item_weld 관경행 부재 (routing=['가공', '용접', '체결'])"
AJR75245201,RAC30599301-1,"Tube Assembly,Manifold(Outdoor)",0.00803,0.0,a,"용접봉=1% 용접봉 (각봉)(은납/BCUP), item_weld 관경행 부재 (routing=['가공'])"
AJR75302302,RAC30599301-1,"Tube Assembly,Capillary",0.00477,0.0,a,"용접봉=1% 용접봉 (각봉)(은납/BCUP), item_weld 관경행 부재 (routing=['가공'])"
AJR75342401,RAC30599301-1,"Tube Assembly,Condenser(In)",0.004,0.0,a,"용접봉=1% 용접봉 (각봉)(은납/BCUP), item_weld 관경행 부재 (routing=['가공'])"
AJR75462809-S3-2,RAC30599301-1,사내 SUB,0.0051,2.0,a,"용접봉=1% 용접봉 (각봉)(은납/BCUP), item_weld 관경행 부재 (routing=['용접', '체결'])"
AJR75462809-S3-4,RAC30599301-1,사내 SUB,0.0048,3.0,a,"용접봉=1% 용접봉 (각봉)(은납/BCUP), item_weld 관경행 부재 (routing=['용접', '체결'])"
AJR75463110,RAC30599301-1,"Tube Assembly,Expansion",0.0196,8.0,a,"용접봉=1% 용접봉 (각봉)(은납/BCUP), item_weld 관경행 부재 (routing=['가공', '용접', '체결', '포장'])"
AJR75464702,RAC30599301-1,"Tube Assembly,Suction(Outdoor)",0.0025,0.0,a,"용접봉=1% 용접봉 (각봉)(은납/BCUP), item_weld 관경행 부재 (routing=['가공'])"
AJR75464704-7,RAC30599301-1,AJR75464704-7,0.0025,0.0,a,"용접봉=1% 용접봉 (각봉)(은납/BCUP), item_weld 관경행 부재 (routing=['가공'])"
AJR75482406,RAC30599301-1,"Tube Assembly,Capillary",0.00236,0.0,a,"용접봉=1% 용접봉 (각봉)(은납/BCUP), item_weld 관경행 부재 (routing=['가공'])"
AJR75482701,RAC30599327,"Tube Assembly,Distributor",0.001,1.0,a,"용접봉=3% 용접봉 (3% 원봉)(은납/BCUP), item_weld 관경행 부재 (routing=['가공', '용접', '체결', '포장'])"
AJR75482701,RAC30599301-1,"Tube Assembly,Distributor",0.0008,1.0,a,"용접봉=1% 용접봉 (각봉)(은납/BCUP), item_weld 관경행 부재 (routing=['가공', '용접', '체결', '포장'])"
AJR75482701-2-1,RAC30599327,소신 SUB,0.0067,10.0,a,"용접봉=3% 용접봉 (3% 원봉)(은납/BCUP), item_weld 관경행 부재 (routing=['용접', '체결'])"
AJR75482701-2-1,RAC30599301-1,소신 SUB,0.0105,13.0,a,"용접봉=1% 용접봉 (각봉)(은납/BCUP), item_weld 관경행 부재 (routing=['용접', '체결'])"
AJR75482702,RAC30599327,"Tube Assembly,Distributor",0.001,1.0,a,"용접봉=3% 용접봉 (3% 원봉)(은납/BCUP), item_weld 관경행 부재 (routing=['가공', '용접', '체결', '포장'])"
AJR75482702,RAC30599301-1,"Tube Assembly,Distributor",0.0008,1.0,a,"용접봉=1% 용접봉 (각봉)(은납/BCUP), item_weld 관경행 부재 (routing=['가공', '용접', '체결', '포장'])"
AJR75482702-2-1,RAC30599327,AJR75482702-2-1,0.0067,10.0,a,"용접봉=3% 용접봉 (3% 원봉)(은납/BCUP), item_weld 관경행 부재 (routing=['용접', '체결'])"
AJR75482702-2-1,RAC30599301-1,AJR75482702-2-1,0.0105,14.0,a,"용접봉=1% 용접봉 (각봉)(은납/BCUP), item_weld 관경행 부재 (routing=['용접', '체결'])"
AJR75482702-SUB,RAC30599301-1,AJR75482701-고주파,0.0105,0.0,a,"용접봉=1% 용접봉 (각봉)(은납/BCUP), item_weld 관경행 부재 (routing=없음)"
AJR75482702-SUB,RAC30599327,AJR75482701-고주파,0.0067,0.0,a,"용접봉=3% 용접봉 (3% 원봉)(은납/BCUP), item_weld 관경행 부재 (routing=없음)"
AJR75483401,RAC30599301-1,"Tube Assembly,Expansion",0.0144,20.0,a,"용접봉=1% 용접봉 (각봉)(은납/BCUP), item_weld 관경행 부재 (routing=['가공', '용접', '체결', '포장'])"
AJR75483401-1-1,RAC30599301-1,중앙 SUB,0.002,2.0,a,"용접봉=1% 용접봉 (각봉)(은납/BCUP), item_weld 관경행 부재 (routing=['용접', '체결'])"
AJR75483603,RAC30599301-1,"Tube Assembly,Expansion",0.0033,4.0,a,"용접봉=1% 용접봉 (각봉)(은납/BCUP), item_weld 관경행 부재 (routing=['가공', '용접', '체결', '포장'])"
AJR75483603-3-1,RAC30599301-1,SUB용접,0.00249,3.0,a,"용접봉=1% 용접봉 (각봉)(은납/BCUP), item_weld 관경행 부재 (routing=['용접', '체결'])"
AJR75484604,RAC30599301-1,"Tube Assembly,Solenoide",0.006,7.0,a,"용접봉=1% 용접봉 (각봉)(은납/BCUP), item_weld 관경행 부재 (routing=['용접', '체결'])"
AJR75503601,RAC30599301-1,"Tube Assembly, Expansion",0.00204,2.0,a,"용접봉=1% 용접봉 (각봉)(은납/BCUP), item_weld 관경행 부재 (routing=['용접', '체결'])"
AJR75503602,RAC30599301-1,"Tube Assembly, Expansion",0.00102,2.0,a,"용접봉=1% 용접봉 (각봉)(은납/BCUP), item_weld 관경행 부재 (routing=['용접', '체결'])"
AJR75503702,RAC30599301-1,AJR75503702,0.002,2.0,a,"용접봉=1% 용접봉 (각봉)(은납/BCUP), item_weld 관경행 부재 (routing=['용접', '체결'])"
AJR75523201,RAC30599327,AJR75523201,0.001,1.0,a,"용접봉=3% 용접봉 (3% 원봉)(은납/BCUP), item_weld 관경행 부재 (routing=['가공', '용접', '체결'])"
AJR75523201,RAC30599301-1,AJR75523201,0.0015,1.0,a,"용접봉=1% 용접봉 (각봉)(은납/BCUP), item_weld 관경행 부재 (routing=['가공', '용접', '체결'])"
AJR75523501,RAC30599327,AJR75523501,0.0012,1.0,a,"용접봉=3% 용접봉 (3% 원봉)(은납/BCUP), item_weld 관경행 부재 (routing=['가공', '용접', '체결'])"
AJR75523501,RAC30599301-1,AJR75523501,0.00308,0.0,a,"용접봉=1% 용접봉 (각봉)(은납/BCUP), item_weld 관경행 부재 (routing=['가공', '용접', '체결'])"
AJR75523502,RAC30599327,AJR75523502,0.0018,1.0,a,"용접봉=3% 용접봉 (3% 원봉)(은납/BCUP), item_weld 관경행 부재 (routing=['가공', '용접', '체결'])"
AJR75523502,RAC30599301-1,AJR75523502,0.00308,0.0,a,"용접봉=1% 용접봉 (각봉)(은납/BCUP), item_weld 관경행 부재 (routing=['가공', '용접', '체결'])"
AJR75544502,RAC30599301-1,AJR75544502,0.00248,2.0,a,"용접봉=1% 용접봉 (각봉)(은납/BCUP), item_weld 관경행 부재 (routing=['용접', '체결'])"
AJR75544503,RAC30599301-1,AJR75544503,0.00248,2.0,a,"용접봉=1% 용접봉 (각봉)(은납/BCUP), item_weld 관경행 부재 (routing=['용접', '체결'])"
AJR75544602,RAC30599301-1,AJR75544602,0.00332,4.0,a,"용접봉=1% 용접봉 (각봉)(은납/BCUP), item_weld 관경행 부재 (routing=['가공', '용접', '체결'])"
AJR75563401,RAC30599301-1,"Tube Assembly,Manifold(Indoor)",0.0048,0.0,a,"용접봉=1% 용접봉 (각봉)(은납/BCUP), item_weld 관경행 부재 (routing=['가공', '용접', '체결', '포장'])"
AJR75563401-은납,RAC30599327,AJR75563401-SUB,0.00125,0.0,a,"용접봉=3% 용접봉 (3% 원봉)(은납/BCUP), item_weld 관경행 부재 (routing=없음)"
AJR75563402-3-1,RAC30599301-1,AJR75563402-3-1,0.0048,0.0,a,"용접봉=1% 용접봉 (각봉)(은납/BCUP), item_weld 관경행 부재 (routing=없음)"
AJR75563602,RAC30599301-1,"Tube Assembly, Expansion",0.00204,2.0,a,"용접봉=1% 용접봉 (각봉)(은납/BCUP), item_weld 관경행 부재 (routing=['용접', '체결'])"
AJR75604102,RAC30599327,AJR75604102,0.001,1.0,a,"용접봉=3% 용접봉 (3% 원봉)(은납/BCUP), item_weld 관경행 부재 (routing=['가공', '용접', '체결'])"
AJR75604102,RAC30599301-1,AJR75604102,0.00539,0.0,a,"용접봉=1% 용접봉 (각봉)(은납/BCUP), item_weld 관경행 부재 (routing=['가공', '용접', '체결'])"
AJR75604703,RAC30599301-1,"Tube Assembly,Reverse",0.004,0.0,a,"용접봉=1% 용접봉 (각봉)(은납/BCUP), item_weld 관경행 부재 (routing=['가공'])"
AJR75604801,RAC30599301-1,Tube Assembly,0.00294,7.0,a,"용접봉=1% 용접봉 (각봉)(은납/BCUP), item_weld 관경행 부재 (routing=['가공', '용접', '체결', '포장'])"
AJR75604804,RAC30599301-1,Tube Assembly,0.00728,7.0,a,"용접봉=1% 용접봉 (각봉)(은납/BCUP), item_weld 관경행 부재 (routing=['가공', '용접', '체결', '포장'])"
AJR75605801,RAC30599301-1,AJR75605801,0.003,2.0,a,"용접봉=1% 용접봉 (각봉)(은납/BCUP), item_weld 관경행 부재 (routing=['용접', '체결'])"
AJR75605801-1-1,RAC30599301-1,중앙 SUB,0.0008,1.0,a,"용접봉=1% 용접봉 (각봉)(은납/BCUP), item_weld 관경행 부재 (routing=['용접', '체결'])"
AJR75605801-1-2,RAC30599301-1,중앙 SUB,0.0008,1.0,a,"용접봉=1% 용접봉 (각봉)(은납/BCUP), item_weld 관경행 부재 (routing=['용접', '체결'])"
AJR75645606,RAC30599301-1,"Tube Assembly,Condenser(Out)",0.003,4.0,a,"용접봉=1% 용접봉 (각봉)(은납/BCUP), item_weld 관경행 부재 (routing=['가공', '용접', '체결', '포장'])"
AJR75645801,RAC30599301-1,"Tube Assembly,Condenser(Out)",0.00635,8.0,a,"용접봉=1% 용접봉 (각봉)(은납/BCUP), item_weld 관경행 부재 (routing=['가공', '용접', '체결', '포장'])"
AJR75662308-12-1,RAC30599301-1,AJR75662308-12-1,0.00096,0.0,a,"용접봉=1% 용접봉 (각봉)(은납/BCUP), item_weld 관경행 부재 (routing=['가공'])"
AJR75662317,RAC30599301-1,"Tube Assembly,Discharge(Outdoor)",0.0008,1.0,a,"용접봉=1% 용접봉 (각봉)(은납/BCUP), item_weld 관경행 부재 (routing=['가공', '용접', '체결', '포장'])"
AJR75662804,RAC30599327,"Tube Assembly, Condenser",0.00505,4.0,a,"용접봉=3% 용접봉 (3% 원봉)(은납/BCUP), item_weld 관경행 부재 (routing=['용접', '체결'])"
AJR75662804,RAC30599301-1,"Tube Assembly, Condenser",0.0059,8.0,a,"용접봉=1% 용접봉 (각봉)(은납/BCUP), item_weld 관경행 부재 (routing=['용접', '체결'])"
AJR75683501,RAC30599301-1,AJR75683501,0.00415,5.0,a,"용접봉=1% 용접봉 (각봉)(은납/BCUP), item_weld 관경행 부재 (routing=['용접', '체결'])"
AJR75683601,RAC30599301-1,AJR75683601,0.00204,2.0,a,"용접봉=1% 용접봉 (각봉)(은납/BCUP), item_weld 관경행 부재 (routing=['용접', '체결'])"
AJR75687907,RAC30599327,Tube Assembly,0.0075,2.0,a,"용접봉=3% 용접봉 (3% 원봉)(은납/BCUP), item_weld 관경행 부재 (routing=['용접', '체결'])"
AJR75709902,RAC30599301-1,"Tube Assembly, Expansion",0.0017,2.0,a,"용접봉=1% 용접봉 (각봉)(은납/BCUP), item_weld 관경행 부재 (routing=['용접', '체결'])"
AJR75710506,RAC30599301-1,Tube Assembly,0.00248,2.0,a,"용접봉=1% 용접봉 (각봉)(은납/BCUP), item_weld 관경행 부재 (routing=['가공', '용접', '체결', '포장'])"
AJR75711401,RAC30599301-1,"Tube Assembly,Condenser(In)",0.00552,0.0,a,"용접봉=1% 용접봉 (각봉)(은납/BCUP), item_weld 관경행 부재 (routing=['가공'])"
AJR75711501,RAC30599301-1,"Tube Assembly,Reverse",0.00834,0.0,a,"용접봉=1% 용접봉 (각봉)(은납/BCUP), item_weld 관경행 부재 (routing=['가공'])"
AJR75711503,RAC30599301-1,"Tube Assembly,Reverse",0.00834,9.0,a,"용접봉=1% 용접봉 (각봉)(은납/BCUP), item_weld 관경행 부재 (routing=['가공', '용접', '체결', '포장'])"
AJR75711504,RAC30599301-1,"Tube Assembly,Reverse",0.00834,9.0,a,"용접봉=1% 용접봉 (각봉)(은납/BCUP), item_weld 관경행 부재 (routing=['가공', '용접', '체결', '포장'])"
AJR75723702,RAC30599301-1,"Tube Assembly, Expansion",0.00668,0.0,a,"용접봉=1% 용접봉 (각봉)(은납/BCUP), item_weld 관경행 부재 (routing=없음)"
AJR75723702,RAC30599327,"Tube Assembly, Expansion",0.00083,0.0,a,"용접봉=3% 용접봉 (3% 원봉)(은납/BCUP), item_weld 관경행 부재 (routing=없음)"
AJR75727201,RAC30599301-1,"Tube Assembly,Condenser(Out)",0.00359,0.0,a,"용접봉=1% 용접봉 (각봉)(은납/BCUP), item_weld 관경행 부재 (routing=['가공'])"
AJR75743201,RAC30599301-1,"Tube Assembly,Condenser(In)",0.006,0.0,a,"용접봉=1% 용접봉 (각봉)(은납/BCUP), item_weld 관경행 부재 (routing=['가공'])"
AJR75743204,RAC30599301-1,"Tube Assembly,Condenser(In)",0.00375,5.0,a,"용접봉=1% 용접봉 (각봉)(은납/BCUP), item_weld 관경행 부재 (routing=['가공', '용접', '체결', '포장'])"
AJR75743301,RAC30599301-1,"Tube Assembly,Condenser(Out)",0.0038,5.0,a,"용접봉=1% 용접봉 (각봉)(은납/BCUP), item_weld 관경행 부재 (routing=['가공', '용접', '체결', '포장'])"
AJR75743302,RAC30599301-1,"Tube Assembly,Condenser(Out)",0.0017,2.0,a,"용접봉=1% 용접봉 (각봉)(은납/BCUP), item_weld 관경행 부재 (routing=['가공', '용접', '체결', '포장'])"
AJR75743302-1-1,RAC30599301-1,중앙 SUB,0.0008,1.0,a,"용접봉=1% 용접봉 (각봉)(은납/BCUP), item_weld 관경행 부재 (routing=['용접', '체결'])"
AJR75743302-1-2,RAC30599301-1,중앙 SUB,0.003,4.0,a,"용접봉=1% 용접봉 (각봉)(은납/BCUP), item_weld 관경행 부재 (routing=['용접', '체결'])"
AJR75744115,RAC30599301-1,대원 SUB,0.0025,3.0,a,"용접봉=1% 용접봉 (각봉)(은납/BCUP), item_weld 관경행 부재 (routing=['용접', '체결'])"
AJR75744116,RAC30599301-1,"Tube Assembly, Suciton",0.0028,3.0,a,"용접봉=1% 용접봉 (각봉)(은납/BCUP), item_weld 관경행 부재 (routing=['용접', '체결'])"
AJR75744116-4-1,RAC30599301-1,미래 SUB,0.0024,3.0,a,"용접봉=1% 용접봉 (각봉)(은납/BCUP), item_weld 관경행 부재 (routing=['용접', '체결'])"
AJR75744116-9-1,RAC30599301-1,SUB ASSY,0.0024,3.0,a,"용접봉=1% 용접봉 (각봉)(은납/BCUP), item_weld 관경행 부재 (routing=['용접', '체결'])"
AJR75744119,RAC30599301-1,AJR75744119,0.0045,4.0,a,"용접봉=1% 용접봉 (각봉)(은납/BCUP), item_weld 관경행 부재 (routing=['용접', '체결'])"
AJR75763103-1-1,RAC30599301-1,단가재협의필요함- c 센서삭제,0.0008,1.0,a,"용접봉=1% 용접봉 (각봉)(은납/BCUP), item_weld 관경행 부재 (routing=['용접', '체결'])"
AJR75763201-3-1,RAC30599301-1,SUB ASSY,0.0017,2.0,a,"용접봉=1% 용접봉 (각봉)(은납/BCUP), item_weld 관경행 부재 (routing=['용접', '체결'])"
AJR75763301,RAC30599301-1,"Tube Assembly, Capillary",0.00134,2.0,a,"용접봉=1% 용접봉 (각봉)(은납/BCUP), item_weld 관경행 부재 (routing=['가공', '용접', '체결'])"
AJR75763301-1-1,RAC30599301-1,SUB ASSY,0.0008,1.0,a,"용접봉=1% 용접봉 (각봉)(은납/BCUP), item_weld 관경행 부재 (routing=['용접', '체결'])"
AJR75763801-F&T-1,RAC30599301-1,태국 SUB ASSY,0.0132,0.0,a,"용접봉=1% 용접봉 (각봉)(은납/BCUP), item_weld 관경행 부재 (routing=없음)"
AJR75784701,RAC30599301-1,"Tube Assembly,Reverse",0.00024,7.0,a,"용접봉=1% 용접봉 (각봉)(은납/BCUP), item_weld 관경행 부재 (routing=['가공', '용접', '체결', '포장'])"
AJR75918509-R1-1,RAC30599301-1,사내 SUB,0.0014,3.0,a,"용접봉=1% 용접봉 (각봉)(은납/BCUP), item_weld 관경행 부재 (routing=['용접', '체결'])"
AJR75918509-SUB,RAC30599301-1,사내 SUB,0.0014,0.0,a,"용접봉=1% 용접봉 (각봉)(은납/BCUP), item_weld 관경행 부재 (routing=없음)"
AJR75923201,RAC30599301-1,"Tube Assembly,Suction",0.00605,5.0,a,"용접봉=1% 용접봉 (각봉)(은납/BCUP), item_weld 관경행 부재 (routing=['가공', '용접', '체결', '포장'])"
AJR75942501-R-1,RAC30599327,고압부 사내 SUB,0.0042,4.0,a,"용접봉=3% 용접봉 (3% 원봉)(은납/BCUP), item_weld 관경행 부재 (routing=['용접', '체결'])"
AJR75942501-R-2,RAC30599327,고압부 원대 사내 SUB,0.0012,1.0,a,"용접봉=3% 용접봉 (3% 원봉)(은납/BCUP), item_weld 관경행 부재 (routing=['용접', '체결'])"
AJR75942501-R-3,RAC30599327,저압부 원대 사내 SUB,0.0015,1.0,a,"용접봉=3% 용접봉 (3% 원봉)(은납/BCUP), item_weld 관경행 부재 (routing=['용접', '체결'])"
AJR75942502-R-1,RAC30599327,고압 황동 사내 SUB,0.00525,5.0,a,"용접봉=3% 용접봉 (3% 원봉)(은납/BCUP), item_weld 관경행 부재 (routing=['용접', '체결'])"
AJR75942502-R-2,RAC30599327,고압 원대 사내 SUB,0.0012,1.0,a,"용접봉=3% 용접봉 (3% 원봉)(은납/BCUP), item_weld 관경행 부재 (routing=['용접', '체결'])"
AJR75942504-R-1,RAC30599327,저압부 사내 SUB,0.0012,1.0,a,"용접봉=3% 용접봉 (3% 원봉)(은납/BCUP), item_weld 관경행 부재 (routing=['용접', '체결'])"
AJR75983001,RAC30599301-1,"Tube Assembly,Reverse",0.01874,16.0,a,"용접봉=1% 용접봉 (각봉)(은납/BCUP), item_weld 관경행 부재 (routing=['가공', '용접', '체결', '포장'])"
AJR75983001-7-1,RAC30599301-1,MTS AJR75983001 SUB,0.00204,0.0,a,"용접봉=1% 용접봉 (각봉)(은납/BCUP), item_weld 관경행 부재 (routing=없음)"
AJR75983005,RAC30599301-1,"Tube Assembly,Reverse",0.01874,16.0,a,"용접봉=1% 용접봉 (각봉)(은납/BCUP), item_weld 관경행 부재 (routing=['가공', '용접', '체결', '포장'])"
AJR75983010,RAC30599301-1,"Tube Assembly,Reverse",0.01874,15.0,a,"용접봉=1% 용접봉 (각봉)(은납/BCUP), item_weld 관경행 부재 (routing=['가공', '용접', '체결', '포장'])"
AJR76322701,RAC30599301-1,"Tube Assembly,Solenoide",0.0034,4.0,a,"용접봉=1% 용접봉 (각봉)(은납/BCUP), item_weld 관경행 부재 (routing=['용접', '체결'])"
AJR76322701-1-1,RAC30599301-1,SUB ASSY,0.0024,3.0,a,"용접봉=1% 용접봉 (각봉)(은납/BCUP), item_weld 관경행 부재 (routing=['용접', '체결'])"
AJR76462721,RAC30599327,판형 SUB(STS),0.00705,1.0,a,"용접봉=3% 용접봉 (3% 원봉)(은납/BCUP), item_weld 관경행 부재 (routing=['용접', '체결'])"
AJR76462721-IS,RAC30599328,외주 STS SUB,0.00945,3.0,a,"용접봉=BAG-300 2.4*500(30% 원봉)(은납/BCUP), item_weld 관경행 부재 (routing=['용접', '체결'])"
AJR76462722,RAC30599327,판형 SUB(STS),0.0012,1.0,a,"용접봉=3% 용접봉 (3% 원봉)(은납/BCUP), item_weld 관경행 부재 (routing=['용접', '체결'])"
AJR76462723,RAC30599328,Tube Assembly,0.0057,1.0,a,"용접봉=BAG-300 2.4*500(30% 원봉)(은납/BCUP), item_weld 관경행 부재 (routing=['용접', '체결'])"
AJR76462723-IS,RAC30599328,외주 STS SUB,0.0057,1.0,a,"용접봉=BAG-300 2.4*500(30% 원봉)(은납/BCUP), item_weld 관경행 부재 (routing=['용접', '체결'])"
AJR76462725,RAC30599327,판형 SUB,0.0012,1.0,a,"용접봉=3% 용접봉 (3% 원봉)(은납/BCUP), item_weld 관경행 부재 (routing=['용접', '체결'])"
AJR76462725-IS,RAC30599328,판형 STS SUB,0.0069,2.0,a,"용접봉=BAG-300 2.4*500(30% 원봉)(은납/BCUP), item_weld 관경행 부재 (routing=['용접', '체결'])"
AJR76462726,RAC30599327,판형 SUB,0.00705,1.0,a,"용접봉=3% 용접봉 (3% 원봉)(은납/BCUP), item_weld 관경행 부재 (routing=['용접', '체결'])"
AJR76462726-IS,RAC30599328,판형 STS SUB,0.00885,2.0,a,"용접봉=BAG-300 2.4*500(30% 원봉)(은납/BCUP), item_weld 관경행 부재 (routing=['용접', '체결'])"
AJR76462735,RAC30599327,판형 SUB,0.00705,1.0,a,"용접봉=3% 용접봉 (3% 원봉)(은납/BCUP), item_weld 관경행 부재 (routing=['용접', '체결'])"
AJR76462735-IS,RAC30599328,판형 STS SUB,0.00825,2.0,a,"용접봉=BAG-300 2.4*500(30% 원봉)(은납/BCUP), item_weld 관경행 부재 (routing=['용접', '체결'])"
AJR76463401J&I,RAC30599301-1,"Tube Assembly,Condenser(In)",0.006,0.0,a,"용접봉=1% 용접봉 (각봉)(은납/BCUP), item_weld 관경행 부재 (routing=없음)"
AJR76523001,RAC30599301-1,"Tube Assembly,Reverse",0.0028,2.0,a,"용접봉=1% 용접봉 (각봉)(은납/BCUP), item_weld 관경행 부재 (routing=['가공', '용접', '체결', '포장'])"
AJR76523005,RAC30599301-1,"Tube Assembly,Reverse",0.0028,2.0,a,"용접봉=1% 용접봉 (각봉)(은납/BCUP), item_weld 관경행 부재 (routing=['가공', '용접', '체결', '포장'])"
AJR76523007,RAC30599301-1,"Tube Assembly,Reverse",0.0028,2.0,a,"용접봉=1% 용접봉 (각봉)(은납/BCUP), item_weld 관경행 부재 (routing=['가공', '용접', '체결', '포장'])"
AJR76523008,RAC30599301-1,"Tube Assembly,Reverse",0.0028,2.0,a,"용접봉=1% 용접봉 (각봉)(은납/BCUP), item_weld 관경행 부재 (routing=['가공', '용접', '체결', '포장'])"
AJR76543201,RAC30599301-1,"Tube Assembly,Reverse",0.0083,4.0,a,"용접봉=1% 용접봉 (각봉)(은납/BCUP), item_weld 관경행 부재 (routing=['가공', '용접', '체결'])"
AJR76543201-3-1,RAC30599301-1,SUB ASSY,0.0036,5.0,a,"용접봉=1% 용접봉 (각봉)(은납/BCUP), item_weld 관경행 부재 (routing=['용접', '체결'])"
AJR76562401,RAC30599301-1,"Tube Assembly,Reverse",0.0031,2.0,a,"용접봉=1% 용접봉 (각봉)(은납/BCUP), item_weld 관경행 부재 (routing=['가공', '용접', '체결', '포장'])"
AJR76562403,RAC30599301-1,"Tube Assembly,Reverse",0.0031,2.0,a,"용접봉=1% 용접봉 (각봉)(은납/BCUP), item_weld 관경행 부재 (routing=['가공', '용접', '체결', '포장'])"
AJR76562404,RAC30599301-1,"Tube Assembly,Reverse",0.0031,2.0,a,"용접봉=1% 용접봉 (각봉)(은납/BCUP), item_weld 관경행 부재 (routing=['가공', '용접', '체결', '포장'])"
AJR76582901,RAC30599327,고압부 SBU ASSY,0.0024,2.0,a,"용접봉=3% 용접봉 (3% 원봉)(은납/BCUP), item_weld 관경행 부재 (routing=['가공', '용접', '체결'])"
AJR76582901-13-1,RAC30599327,SUB ASSY,0.00435,4.0,a,"용접봉=3% 용접봉 (3% 원봉)(은납/BCUP), item_weld 관경행 부재 (routing=['용접', '체결'])"
AJR76583001,RAC30599327,저압부 SUB ASSY,0.0024,2.0,a,"용접봉=3% 용접봉 (3% 원봉)(은납/BCUP), item_weld 관경행 부재 (routing=['가공', '용접', '체결'])"
AJR76583001-13-1,RAC30599327,SUB ASSY,0.00435,4.0,a,"용접봉=3% 용접봉 (3% 원봉)(은납/BCUP), item_weld 관경행 부재 (routing=['용접', '체결'])"
AJR77022801,RAC30599301-1,"Tube Assembly,Discharge(Outdoor)",0.0008,1.0,a,"용접봉=1% 용접봉 (각봉)(은납/BCUP), item_weld 관경행 부재 (routing=['가공', '용접', '체결', '포장'])"
AJR77022802,RAC30599301-1,"Tube Assembly,Discharge",0.0008,1.0,a,"용접봉=1% 용접봉 (각봉)(은납/BCUP), item_weld 관경행 부재 (routing=['가공', '용접', '체결', '포장'])"
AJR77164003,RAC30599327,"Tube Assembly,Connector",0.00125,1.0,a,"용접봉=3% 용접봉 (3% 원봉)(은납/BCUP), item_weld 관경행 부재 (routing=['용접', '체결', '포장'])"
AJR77182405,RAC30599301-1,"Tube Assembly,Connector",0.0054,3.0,a,"용접봉=1% 용접봉 (각봉)(은납/BCUP), item_weld 관경행 부재 (routing=['가공', '용접', '체결', '포장'])"
AJR77182601,RAC30599301-1,"Tube Assembly,Suction(Outdoor)",0.00248,1.0,a,"용접봉=1% 용접봉 (각봉)(은납/BCUP), item_weld 관경행 부재 (routing=['가공', '용접', '체결', '포장'])"
AJR77182602,RAC30599301-1,"Tube Assembly,Suction(Outdoor)",0.0018,0.0,a,"용접봉=1% 용접봉 (각봉)(은납/BCUP), item_weld 관경행 부재 (routing=없음)"
AJR77223101,RAC30599327,"Tube Assembly,Discharge",0.003,2.0,a,"용접봉=3% 용접봉 (3% 원봉)(은납/BCUP), item_weld 관경행 부재 (routing=['용접', '체결'])"
AJR77223102,RAC30599327,"Tube Assembly,Discharge",0.003,2.0,a,"용접봉=3% 용접봉 (3% 원봉)(은납/BCUP), item_weld 관경행 부재 (routing=['용접', '체결'])"
AJR77223106,RAC30599327,"Tube Assembly,Discharge",0.0024,2.0,a,"용접봉=3% 용접봉 (3% 원봉)(은납/BCUP), item_weld 관경행 부재 (routing=['가공', '용접', '체결', '포장'])"
AJR77225305,RAC30599301-1,"Tube Assembly, Manifold(Outdoor)",0.0033,16.0,a,"용접봉=1% 용접봉 (각봉)(은납/BCUP), item_weld 관경행 부재 (routing=['용접', '체결'])"
AJR77225306,RAC30599301-1,"Tube Assembly, Manifold(Outdoor)",0.0033,16.0,a,"용접봉=1% 용접봉 (각봉)(은납/BCUP), item_weld 관경행 부재 (routing=['용접', '체결'])"
AJR77226304,RAC30599301-1,"Tube Assembly,Manifold(Outdoor)",0.048,7.0,a,"용접봉=1% 용접봉 (각봉)(은납/BCUP), item_weld 관경행 부재 (routing=['가공', '용접', '체결', '포장'])"
MJU63650911-3-1,RAC30599301-1,"Tube,Connector",0.00124,1.0,a,"용접봉=1% 용접봉 (각봉)(은납/BCUP), item_weld 관경행 부재 (routing=['용접', '체결'])"
기밀테스트지그 샘플,RAC30599301-1,세영하이테크,1.0,0.0,a,"용접봉=1% 용접봉 (각봉)(은납/BCUP), item_weld 관경행 부재 (routing=없음)"
스프링형-SUB3,RAC30599327,Ø6.35 X Ø15.88,0.0021,2.0,a,"용접봉=3% 용접봉 (3% 원봉)(은납/BCUP), item_weld 관경행 부재 (routing=['용접', '체결'])"
스프링형-SUB4,RAC30599327,Ø9.52 X Ø15.88,0.0021,2.0,a,"용접봉=3% 용접봉 (3% 원봉)(은납/BCUP), item_weld 관경행 부재 (routing=['용접', '체결'])"
5211A10688A,RAC30599301-1,"Tube Assembly,Manifold(Outdoor)",0.00874,0.0,b,"routing 조립공정=['가공', '체결', '포장'] (용접/은납 공정 없음) — 용접봉 소요 수동"
AJJ73799903,RAC30599301-1,Supporter Assembly,0.0043,0.0,b,"routing 조립공정=['가공', '체결', '포장'] (용접/은납 공정 없음) — 용접봉 소요 수동"
AJR31790102,RAC30599301-1,"Tube Assembly,Reverse",0.01597,0.0,b,"routing 조립공정=['가공', '체결', '포장'] (용접/은납 공정 없음) — 용접봉 소요 수동"
AJR71429433-3-1,RAC30599301-1,AJR71429433-3-1,0.00332,0.0,b,"routing 조립공정=['가공', '체결'] (용접/은납 공정 없음) — 용접봉 소요 수동"
AJR73910201,RAC30599301-1,Tube Assembly,0.0024,0.0,b,"routing 조립공정=['가공', '체결', '포장'] (용접/은납 공정 없음) — 용접봉 소요 수동"
AJR73946114,RAC30599301-1,"Tube Assembly,Discharge",0.00225,0.0,b,"routing 조립공정=['가공', '체결', '포장'] (용접/은납 공정 없음) — 용접봉 소요 수동"
AJR73964602,RAC30599301-1,"Tube Assembly,Discharge(Outdoor)",0.01015,0.0,b,"routing 조립공정=['가공', '체결', '포장'] (용접/은납 공정 없음) — 용접봉 소요 수동"
AJR73964607,RAC30599301-1,"Tube Assembly,Discharge(Outdoor)",0.01015,0.0,b,"routing 조립공정=['가공', '체결', '포장'] (용접/은납 공정 없음) — 용접봉 소요 수동"
AJR73988107,RAC30599301-1,"Tube Assembly,Reverse",0.0082,0.0,b,"routing 조립공정=['가공', '체결', '포장'] (용접/은납 공정 없음) — 용접봉 소요 수동"
AJR74107912,RAC30599301-1,"Tube Assembly,Discharge(Outdoor)",0.0015,0.0,b,"routing 조립공정=['체결', '포장'] (용접/은납 공정 없음) — 용접봉 소요 수동"
AJR74824301,RAC30599301-1,"Tube Assembly,Condenser(In)",0.004,0.0,b,"routing 조립공정=['가공', '체결', '포장'] (용접/은납 공정 없음) — 용접봉 소요 수동"
AJR75243006-저압,RAC30599327,AJR75243006-SUB,0.0012,0.0,b,routing 조립공정=['체결'] (용접/은납 공정 없음) — 용접봉 소요 수동
AJR75462809,RAC30599301-1,"Tube Assembly,Suction",0.01001,0.0,b,"routing 조립공정=['가공', '체결', '포장'] (용접/은납 공정 없음) — 용접봉 소요 수동"
AJR75503701,RAC30599301-1,"Tube Assembly,Solenoide",0.00204,0.0,b,"routing 조립공정=['가공', '체결'] (용접/은납 공정 없음) — 용접봉 소요 수동"
AJR75503704,RAC30599301-1,"Tube Assembly,Solenoide",0.00204,0.0,b,"routing 조립공정=['가공', '체결'] (용접/은납 공정 없음) — 용접봉 소요 수동"
스프링형-SUB2,RAC30599327,Ø6.35 X Ø12.7,0.0021,0.0,b,routing 조립공정=['체결'] (용접/은납 공정 없음) — 용접봉 소요 수동
AJR32564919,RAC30823003,"Tube Assembly,Return Bending",2.0,0.0,c,"item_weld 전무·정규화도 없음(수동 bom_line 추정, routing=없음)"
AJR32564920,RAC30823003,"Tube Assembly,Return Bending",2.0,0.0,c,"item_weld 전무·정규화도 없음(수동 bom_line 추정, routing=없음)"
AJR75023606,RAC30823003,"Tube Assembly,Return Bending",2.0,0.0,c,"item_weld 전무·정규화도 없음(수동 bom_line 추정, routing=없음)"
5211A21904A,RAC30599301-1,"Tube Assembly,Connector",0.0003,0.0,d,품목상태=3(비양산/폐번·개발 추정) — item_weld 미정비
ADM74930503,RAC30599328,판형 열교환기,0.0171,4.0,d,품목상태=3(비양산/폐번·개발 추정) — item_weld 미정비
AEG74589804(신창),RAC30599328,히터탱크,0.00705,1.0,d,품목상태=2(비양산/폐번·개발 추정) — item_weld 미정비
AEG74589806,RAC30599328,히터탱크,0.00705,1.0,d,품목상태=2(비양산/폐번·개발 추정) — item_weld 미정비
AJR30012012,RAC30599301-1,"Tube Assembly,Reverse",0.0132,0.0,d,품목상태=2(비양산/폐번·개발 추정) — item_weld 미정비
AJR30012013,RAC30599301-1,"Tube Assembly,Reverse",0.0492,0.0,d,품목상태=2(비양산/폐번·개발 추정) — item_weld 미정비
AJR30028405,RAC30599327,Tube Assembly,0.01125,2.0,d,품목상태=5(비양산/폐번·개발 추정) — item_weld 미정비
AJR30028409,RAC30599327,Tube Assembly,0.0099,2.0,d,품목상태=5(비양산/폐번·개발 추정) — item_weld 미정비
AJR30046402,RAC30599301-1,"Tube Assembly,Manifold(Outdoor)",0.0357,0.0,d,품목상태=3(비양산/폐번·개발 추정) — item_weld 미정비
AJR30100102,RAC30599301-1,"Tube Assembly, Capillary",0.0012,0.0,d,품목상태=2(비양산/폐번·개발 추정) — item_weld 미정비
AJR30125601-A-S-1,RAC30599301-1,STS SUB Assy,0.006,0.0,d,품목상태=2(비양산/폐번·개발 추정) — item_weld 미정비
AJR30125601-A-S-2,RAC30599301-1,STS SUB Assy,0.003,0.0,d,품목상태=2(비양산/폐번·개발 추정) — item_weld 미정비
AJR30125601-A-S-3,RAC30599301-1,STS SUB Assy,0.006,0.0,d,품목상태=2(비양산/폐번·개발 추정) — item_weld 미정비
AJR30125601-A-S-5,RAC30599301-1,STS SUB Assy,0.0048,0.0,d,품목상태=2(비양산/폐번·개발 추정) — item_weld 미정비
AJR30125601-STS-1,RAC30599301-1,STS Sub Assy,0.006,0.0,d,품목상태=2(비양산/폐번·개발 추정) — item_weld 미정비
AJR30125601-STS-2,RAC30599301-1,STS Sub Assy,0.003,0.0,d,품목상태=2(비양산/폐번·개발 추정) — item_weld 미정비
AJR30125601-STS-3,RAC30599301-1,STS Sub Assy,0.006,0.0,d,품목상태=2(비양산/폐번·개발 추정) — item_weld 미정비
AJR30125601-STS-5,RAC30599301-1,STS Sub Assy,0.0048,0.0,d,품목상태=2(비양산/폐번·개발 추정) — item_weld 미정비
AJR30133701-A-S-2,RAC30599301-1,STS Sub Assy,0.05,0.0,d,품목상태=2(비양산/폐번·개발 추정) — item_weld 미정비
AJR30133702-STS-1,RAC30599301-1,STS Sub Assy,1.0,0.0,d,품목상태=2(비양산/폐번·개발 추정) — item_weld 미정비
AJR30578502,RAC30599301-1,"Tube Assembly,Condenser(Out)",0.006,0.0,d,품목상태=3(비양산/폐번·개발 추정) — item_weld 미정비
AJR33796526,RAC30599301-1,"Tube Assembly, Capillary",0.003,0.0,d,품목상태=2(비양산/폐번·개발 추정) — item_weld 미정비
AJR35724301,RAC30599301-1,"Tube Assembly,Condenser(Out)",0.0156,0.0,d,품목상태=3(비양산/폐번·개발 추정) — item_weld 미정비
AJR36852207,RAC30599327,1-way 표준화 제품,0.0024,3.0,d,품목상태=2(비양산/폐번·개발 추정) — item_weld 미정비
AJR36852208,RAC30599327,1-way 표준화 제품,0.0012,1.0,d,품목상태=2(비양산/폐번·개발 추정) — item_weld 미정비
AJR55829101,RAC30599327,Tube Assembly,0.0282,6.0,d,품목상태=3(비양산/폐번·개발 추정) — item_weld 미정비
AJR55829102,RAC30599327,Tube Assembly,0.0282,6.0,d,품목상태=3(비양산/폐번·개발 추정) — item_weld 미정비
AJR65059804,RAC30599327,"Tube Assembly,Suction(Indoor)",0.0117,13.0,d,품목상태=3(비양산/폐번·개발 추정) — item_weld 미정비
AJR73947203,RAC30599301-1,"Tube Assembly,Discharge(Outdoor)",0.00225,0.0,d,품목상태=9(비양산/폐번·개발 추정) — item_weld 미정비
AJR74963003,RAC30599301-1,"Tube Assembly,Manifold(Indoor)",0.0072,0.0,d,품목상태=3(비양산/폐번·개발 추정) — item_weld 미정비
AJR74963003,RAC30599327,"Tube Assembly,Manifold(Indoor)",0.0012,0.0,d,품목상태=3(비양산/폐번·개발 추정) — item_weld 미정비
AJR74985204,RAC30599301,"Tube Assembly, Expansion",0.0069,0.0,d,품목상태=2(비양산/폐번·개발 추정) — item_weld 미정비
AJR75023301,RAC30599301-1,"Tube Assembly, Connector",0.0012,0.0,d,품목상태=3(비양산/폐번·개발 추정) — item_weld 미정비
AJR75522802,RAC30599301-1,"Tube Assembly,Suction",0.00476,6.0,d,품목상태=3(비양산/폐번·개발 추정) — item_weld 미정비
AJR75662344,RAC30599301-1,"Tube Assembly,Discharge(Outdoor)",0.0012,14.0,d,품목상태=2(비양산/폐번·개발 추정) — item_weld 미정비
AJR76462728,RAC30599327,판형 SUB 부품,0.00705,1.0,d,품목상태=3(비양산/폐번·개발 추정) — item_weld 미정비
AJR76462731,RAC30599327,판형 SUB 부품,0.0018,1.0,d,품목상태=3(비양산/폐번·개발 추정) — item_weld 미정비
AJR76462734,RAC30599327,판형 SUB 부품,0.0018,1.0,d,품목상태=3(비양산/폐번·개발 추정) — item_weld 미정비
AJR76523003,RAC30599301-1,"Tube Assembly,Reverse",0.0028,2.0,d,품목상태=2(비양산/폐번·개발 추정) — item_weld 미정비
AJR77187802,RAC30599328,"Tube Assembly,Condenser(Out)",0.0086,0.0,d,품목상태=3(비양산/폐번·개발 추정) — item_weld 미정비
AJR77224009,RAC30599301-1,"Tube Assembly,Reverse",0.0186,0.0,d,품목상태=2(비양산/폐번·개발 추정) — item_weld 미정비
AJR77224009,RAC30599312,"Tube Assembly,Reverse",0.0126,0.0,d,품목상태=2(비양산/폐번·개발 추정) — item_weld 미정비
AJR77224009-20-1,RAC30599301-1,썬텍 SUB,0.0036,0.0,d,품목상태=2(비양산/폐번·개발 추정) — item_weld 미정비
AJR77224009-7-1,RAC30599301-1,MTS SUB,0.0036,0.0,d,품목상태=2(비양산/폐번·개발 추정) — item_weld 미정비
AJR77224009-SUB1,RAC30599301-1,AJR77224009-SUB1 용접,0.0036,0.0,d,품목상태=2(비양산/폐번·개발 추정) — item_weld 미정비
AJR77225609,RAC30599301-1,"Tube Assembly,Reverse",0.0266,0.0,d,품목상태=2(비양산/폐번·개발 추정) — item_weld 미정비
AJR77225609,RAC30599312,"Tube Assembly,Reverse",0.0141,0.0,d,품목상태=2(비양산/폐번·개발 추정) — item_weld 미정비
AJR77225609-20-1,RAC30599301-1,썬텍 SUB,0.015,0.0,d,품목상태=2(비양산/폐번·개발 추정) — item_weld 미정비
AJR77225609-7-1,RAC30599301-1,MTS SUB,0.015,0.0,d,품목상태=2(비양산/폐번·개발 추정) — item_weld 미정비
AJR77225609-SUB1,RAC30599301-1,AJR77225609-SUB1 용접,0.015,0.0,d,품목상태=2(비양산/폐번·개발 추정) — item_weld 미정비
5211A10305E-S6-1,RAC30599327,사내 SUB,0.0012,1.0,e,"변형 접미사 — 정규화 부모(['5211A10305E'])는 item_weld 있음, 이 변형만 없음"
5211A10305F-S6-1,RAC30599327,사내 SUB,0.0012,1.0,e,"변형 접미사 — 정규화 부모(['5211A10305F'])는 item_weld 있음, 이 변형만 없음"
5211A10305F-은납,RAC30599327,은납 SUB,0.0012,1.0,e,"변형 접미사 — 정규화 부모(['5211A10305F'])는 item_weld 있음, 이 변형만 없음"
5211A10305T-S6-1,RAC30599327,사내 SUB,0.0012,1.0,e,"변형 접미사 — 정규화 부모(['5211A10305T'])는 item_weld 있음, 이 변형만 없음"
5211A10305T-은납,RAC30599327,은납-sub,0.0012,0.0,e,"변형 접미사 — 정규화 부모(['5211A10305T'])는 item_weld 있음, 이 변형만 없음"
5211A11604C-은납,RAC30599327,은납-SUB,0.0015,0.0,e,"변형 접미사 — 정규화 부모(['5211A11604C'])는 item_weld 있음, 이 변형만 없음"
5211A20459L-S3-2,RAC30599301-1,사내 SUB,0.0012,1.0,e,"변형 접미사 — 정규화 부모(['5211A20459L'])는 item_weld 있음, 이 변형만 없음"
5211A20459L-은납,RAC30599301-1,5211A20459L-SUB,0.006,0.0,e,"변형 접미사 — 정규화 부모(['5211A20459L'])는 item_weld 있음, 이 변형만 없음"
5211A20466N-S6-1,RAC30599327,사내 SUB,0.0012,1.0,e,"변형 접미사 — 정규화 부모(['5211A20466N'])는 item_weld 있음, 이 변형만 없음"
5211A21812B-1-1,RAC30599301-1,5211A21812B-1-1,0.00495,0.0,e,"변형 접미사 — 정규화 부모(['5211A21812B'])는 item_weld 있음, 이 변형만 없음"
AJJ74498301-S3-2,RAC30599301-1,사내 SUB,0.0012,1.0,e,"변형 접미사 — 정규화 부모(['AJJ74498301'])는 item_weld 있음, 이 변형만 없음"
AJJ74498305-S3-2,RAC30599301-1,사내 SUB,0.0024,2.0,e,"변형 접미사 — 정규화 부모(['AJJ74498305'])는 item_weld 있음, 이 변형만 없음"
AJJ74498305-S3-3,RAC30599301-1,사내 SUB,0.0012,1.0,e,"변형 접미사 — 정규화 부모(['AJJ74498305'])는 item_weld 있음, 이 변형만 없음"
AJJ74498305-S3-4,RAC30599301-1,사내 SUB,0.0024,2.0,e,"변형 접미사 — 정규화 부모(['AJJ74498305'])는 item_weld 있음, 이 변형만 없음"
AJJ74578318-1-1,RAC30599301-1,SUB,0.00116,2.0,e,"변형 접미사 — 정규화 부모(['AJJ74578318'])는 item_weld 있음, 이 변형만 없음"
AJJ74578318-1-2,RAC30599301-1,SUB,0.00083,1.0,e,"변형 접미사 — 정규화 부모(['AJJ74578318'])는 item_weld 있음, 이 변형만 없음"
AJR30011101-SUB,RAC30599301-1,AJR30011101-고주파,0.02145,0.0,e,"변형 접미사 — 정규화 부모(['AJR30011101'])는 item_weld 있음, 이 변형만 없음"
AJR30027704-17-1,RAC30599301-1,유남정밀 Sub,0.0708,0.0,e,"변형 접미사 — 정규화 부모(['AJR30027704'])는 item_weld 있음, 이 변형만 없음"
AJR30027710-SUB1,RAC30599301-1,SUB,0.0153,0.0,e,"변형 접미사 — 정규화 부모(['AJR30027710'])는 item_weld 있음, 이 변형만 없음"
AJR30027710-SUB2,RAC30599301-1,SUB,0.0126,0.0,e,"변형 접미사 — 정규화 부모(['AJR30027710'])는 item_weld 있음, 이 변형만 없음"
AJR30027711-SUB,RAC30599301-1,고주파 SUB,0.0086,0.0,e,"변형 접미사 — 정규화 부모(['AJR30027711'])는 item_weld 있음, 이 변형만 없음"
AJR30027711-SUB1,RAC30599301-1,AJR30027711-SUB1 용접,0.0177,0.0,e,"변형 접미사 — 정규화 부모(['AJR30027711'])는 item_weld 있음, 이 변형만 없음"
AJR30027711-SUB2,RAC30599301-1,AJR30027711-SUB2 용접,0.0113,0.0,e,"변형 접미사 — 정규화 부모(['AJR30027711'])는 item_weld 있음, 이 변형만 없음"
AJR30027711-SUB3,RAC30599301-1,AJR30027711-SUB3 용접,0.0036,0.0,e,"변형 접미사 — 정규화 부모(['AJR30027711'])는 item_weld 있음, 이 변형만 없음"
AJR30027712-SUB,RAC30599301-1,고주파 SUB,0.0086,0.0,e,"변형 접미사 — 정규화 부모(['AJR30027712'])는 item_weld 있음, 이 변형만 없음"
AJR30027712-SUB1,RAC30599301-1,AJR30027712-SUB1 용접,0.0336,0.0,e,"변형 접미사 — 정규화 부모(['AJR30027712'])는 item_weld 있음, 이 변형만 없음"
AJR30027712-SUB2,RAC30599301-1,AJR30027712-SUB2 용접,0.0353,0.0,e,"변형 접미사 — 정규화 부모(['AJR30027712'])는 item_weld 있음, 이 변형만 없음"
AJR30029602-S1-1,RAC30599327,사내 SUB,0.0024,3.0,e,"변형 접미사 — 정규화 부모(['AJR30029602'])는 item_weld 있음, 이 변형만 없음"
AJR30037101-J1,RAC30599327,지그1,0.0012,1.0,e,"변형 접미사 — 정규화 부모(['AJR30037101'])는 item_weld 있음, 이 변형만 없음"
AJR30037101-J67,RAC30599301-1,지그6,0.0012,0.0,e,"변형 접미사 — 정규화 부모(['AJR30037101'])는 item_weld 있음, 이 변형만 없음"
AJR30038101-12-1,RAC30599301-1,대원 SUB,0.0153,0.0,e,"변형 접미사 — 정규화 부모(['AJR30038101'])는 item_weld 있음, 이 변형만 없음"
AJR30038301-12-1,RAC30599301-1,대원 SUB,0.0075,0.0,e,"변형 접미사 — 정규화 부모(['AJR30038301'])는 item_weld 있음, 이 변형만 없음"
AJR30051301-3-1,RAC30599301-1,이젠터 sub,0.0024,0.0,e,"변형 접미사 — 정규화 부모(['AJR30051301'])는 item_weld 있음, 이 변형만 없음"
AJR30055501-SUB,RAC30599327,은납-SUB,0.0012,0.0,e,"변형 접미사 — 정규화 부모(['AJR30055501'])는 item_weld 있음, 이 변형만 없음"
AJR30055502-S6-1,RAC30599327,사내 SUB,0.0012,1.0,e,"변형 접미사 — 정규화 부모(['AJR30055502'])는 item_weld 있음, 이 변형만 없음"
AJR30060701-16-1,RAC30599301-1,케이비 sub,0.0045,0.0,e,"변형 접미사 — 정규화 부모(['AJR30060701'])는 item_weld 있음, 이 변형만 없음"
AJR30087001-4-1,RAC30599301-1,미래 Sub,0.0021,0.0,e,"변형 접미사 — 정규화 부모(['AJR30087001'])는 item_weld 있음, 이 변형만 없음"
AJR30101601-20-1,RAC30599301-1,썬텍 SUB,0.012,0.0,e,"변형 접미사 — 정규화 부모(['AJR30101601'])는 item_weld 있음, 이 변형만 없음"
AJR30114001-은납,RAC30599327-1,은납-SUB,0.0012,0.0,e,"변형 접미사 — 정규화 부모(['AJR30114001'])는 item_weld 있음, 이 변형만 없음"
AJR30133601-SUB,RAC30599301-1,고주파 SUB,0.0225,0.0,e,"변형 접미사 — 정규화 부모(['AJR30133601'])는 item_weld 있음, 이 변형만 없음"
AJR30133603-12-1,RAC30599301-1,대원 sub,0.0084,0.0,e,"변형 접미사 — 정규화 부모(['AJR30133603'])는 item_weld 있음, 이 변형만 없음"
AJR30133603-SUB,RAC30599301-1,고주파 SUB,0.158,0.0,e,"변형 접미사 — 정규화 부모(['AJR30133603'])는 item_weld 있음, 이 변형만 없음"
AJR32674713-S6-1,RAC30599327,은납 원대 사내 SUB,0.0012,1.0,e,"변형 접미사 — 정규화 부모(['AJR32674713'])는 item_weld 있음, 이 변형만 없음"
AJR32674714-2-1,RAC30599327,AJR32674714-2-1,0.00568,8.0,e,"변형 접미사 — 정규화 부모(['AJR32674714'])는 item_weld 있음, 이 변형만 없음"
AJR32674714-S6-1,RAC30599327,사내 SUB,0.0012,1.0,e,"변형 접미사 — 정규화 부모(['AJR32674714'])는 item_weld 있음, 이 변형만 없음"
AJR32883902-은납,RAC30599327,은납 SUB,0.0018,1.0,e,"변형 접미사 — 정규화 부모(['AJR32883902'])는 item_weld 있음, 이 변형만 없음"
AJR32883908-은납,RAC30599327,AJR32883908-SUB,0.0018,1.0,e,"변형 접미사 — 정규화 부모(['AJR32883908'])는 item_weld 있음, 이 변형만 없음"
AJR33796503-S6-1,RAC30599327,사내 SUB,0.0012,1.0,e,"변형 접미사 — 정규화 부모(['AJR33796503'])는 item_weld 있음, 이 변형만 없음"
AJR33796503-SUB,RAC30599327,체결 SUB,0.0024,0.0,e,"변형 접미사 — 정규화 부모(['AJR33796503'])는 item_weld 있음, 이 변형만 없음"
AJR33796513-SUB,RAC30599327,사내 SUB,0.0012,0.0,e,"변형 접미사 — 정규화 부모(['AJR33796513'])는 item_weld 있음, 이 변형만 없음"
AJR34407805-SUB,RAC30599327,은납-SUB,0.0018,0.0,e,"변형 접미사 — 정규화 부모(['AJR34407805'])는 item_weld 있음, 이 변형만 없음"
AJR36388606-9-1,RAC30599301-1,진성 SUB,0.0017,2.0,e,"변형 접미사 — 정규화 부모(['AJR36388606'])는 item_weld 있음, 이 변형만 없음"
AJR36388606-9-2,RAC30599301-1,진성 SUB,0.0008,1.0,e,"변형 접미사 — 정규화 부모(['AJR36388606'])는 item_weld 있음, 이 변형만 없음"
AJR36541603-SUB1,RAC30599327,은납-SUB,0.0018,1.0,e,"변형 접미사 — 정규화 부모(['AJR36541603'])는 item_weld 있음, 이 변형만 없음"
AJR36852201-은납,RAC30599327,은납 SUB,0.0012,1.0,e,"변형 접미사 — 정규화 부모(['AJR36852201'])는 item_weld 있음, 이 변형만 없음"
AJR37039703-SUB,RAC30599327,은납-SUB,0.0018,1.0,e,"변형 접미사 — 정규화 부모(['AJR37039703'])는 item_weld 있음, 이 변형만 없음"
AJR37039706-S6-2,RAC30599327,사내 SUB,0.0015,1.0,e,"변형 접미사 — 정규화 부모(['AJR37039706'])는 item_weld 있음, 이 변형만 없음"
AJR55707008-15-1,RAC30599301-1,도강월드텍 Sub,0.008,0.0,e,"변형 접미사 — 정규화 부모(['AJR55707008'])는 item_weld 있음, 이 변형만 없음"
AJR55707008-20-1,RAC30599301-1,썬텍 Sub,0.008,0.0,e,"변형 접미사 — 정규화 부모(['AJR55707008'])는 item_weld 있음, 이 변형만 없음"
AJR55707008-20-2,RAC30599301-1,썬텍 Sub,0.0024,0.0,e,"변형 접미사 — 정규화 부모(['AJR55707008'])는 item_weld 있음, 이 변형만 없음"
AJR55707008-3-1,RAC30599301-1,이젠터 Sub,0.0024,0.0,e,"변형 접미사 — 정규화 부모(['AJR55707008'])는 item_weld 있음, 이 변형만 없음"
AJR55707009-15-1,RAC30599301-1,도강월드텍 Sub,0.008,0.0,e,"변형 접미사 — 정규화 부모(['AJR55707009'])는 item_weld 있음, 이 변형만 없음"
AJR55829111-1,RAC30599301-1,Tube Assembly,0.0012,0.0,e,"변형 접미사 — 정규화 부모(['AJR55829111'])는 item_weld 있음, 이 변형만 없음"
AJR65507704-S3-1,RAC30599301-1,사내 SUB,0.0024,2.0,e,"변형 접미사 — 정규화 부모(['AJR65507704'])는 item_weld 있음, 이 변형만 없음"
AJR65507704-S3-2,RAC30599301-1,사내 SUB,0.0018,1.0,e,"변형 접미사 — 정규화 부모(['AJR65507704'])는 item_weld 있음, 이 변형만 없음"
AJR65507705-0-1,RAC30599301-1,사내 SUB,0.0012,1.0,e,"변형 접미사 — 정규화 부모(['AJR65507705'])는 item_weld 있음, 이 변형만 없음"
AJR65507705-14-1,RAC30599301-1,외주 SUB,0.0012,1.0,e,"변형 접미사 — 정규화 부모(['AJR65507705'])는 item_weld 있음, 이 변형만 없음"
AJR65507705-S3-1,RAC30599301-1,사내 SUB,0.0012,1.0,e,"변형 접미사 — 정규화 부모(['AJR65507705'])는 item_weld 있음, 이 변형만 없음"
AJR65507708-14-1,RAC30599301-1,외주 SUB,0.0012,1.0,e,"변형 접미사 — 정규화 부모(['AJR65507708'])는 item_weld 있음, 이 변형만 없음"
AJR65507708-S3-1,RAC30599301-1,사내 SUB,0.0012,1.0,e,"변형 접미사 — 정규화 부모(['AJR65507708'])는 item_weld 있음, 이 변형만 없음"
AJR65507710-S3-1,RAC30599301-1,사내 SUB,0.0012,1.0,e,"변형 접미사 — 정규화 부모(['AJR65507710'])는 item_weld 있음, 이 변형만 없음"
AJR65507711-S3-1,RAC30599301-1,사내 SUB,0.0012,1.0,e,"변형 접미사 — 정규화 부모(['AJR65507711'])는 item_weld 있음, 이 변형만 없음"
AJR65507713-S3-1,RAC30599301-1,사내 SUB,0.0012,1.0,e,"변형 접미사 — 정규화 부모(['AJR65507713'])는 item_weld 있음, 이 변형만 없음"
AJR65507716-14-1,RAC30599301-1,외주 SUB,0.0012,1.0,e,"변형 접미사 — 정규화 부모(['AJR65507716'])는 item_weld 있음, 이 변형만 없음"
AJR65507716-S3-1,RAC30599301-1,사내 SUB,0.0012,1.0,e,"변형 접미사 — 정규화 부모(['AJR65507716'])는 item_weld 있음, 이 변형만 없음"
AJR65507720-S3-1,RAC30599301-1,사내 SUB,0.0012,1.0,e,"변형 접미사 — 정규화 부모(['AJR65507720'])는 item_weld 있음, 이 변형만 없음"
AJR65507720-S3-2,RAC30599301-1,사내 SUB,0.0018,1.0,e,"변형 접미사 — 정규화 부모(['AJR65507720'])는 item_weld 있음, 이 변형만 없음"
AJR65507726-S3-1,RAC30599301-1,사내 SUB,0.0012,1.0,e,"변형 접미사 — 정규화 부모(['AJR65507726'])는 item_weld 있음, 이 변형만 없음"
AJR65507733-4-1,RAC30599301-1,미래 SUB,0.0042,3.0,e,"변형 접미사 — 정규화 부모(['AJR65507733'])는 item_weld 있음, 이 변형만 없음"
AJR68019501-S6-1,RAC30599327,사내 SUB,0.0012,1.0,e,"변형 접미사 — 정규화 부모(['AJR68019501'])는 item_weld 있음, 이 변형만 없음"
AJR68019502-S6-1,RAC30599327,사내 SUB,0.0012,1.0,e,"변형 접미사 — 정규화 부모(['AJR68019502'])는 item_weld 있음, 이 변형만 없음"
AJR68019506-S6-1,RAC30599327,사내 SUB,0.0024,1.0,e,"변형 접미사 — 정규화 부모(['AJR68019506'])는 item_weld 있음, 이 변형만 없음"
AJR68019507-S6-1,RAC30599327,사내 SUB,0.0024,1.0,e,"변형 접미사 — 정규화 부모(['AJR68019507'])는 item_weld 있음, 이 변형만 없음"
AJR72914202-S6-2,RAC30599327,사내 SUB,0.0024,1.0,e,"변형 접미사 — 정규화 부모(['AJR72914202'])는 item_weld 있음, 이 변형만 없음"
AJR72942901-1,RAC30599301-1,AJR72937701 하위 SUB,0.009,0.0,e,"변형 접미사 — 정규화 부모(['AJR72942901'])는 item_weld 있음, 이 변형만 없음"
AJR72950704-7,RAC30599301-1,AJR72950704-7,0.005,0.0,e,"변형 접미사 — 정규화 부모(['AJR72950704'])는 item_weld 있음, 이 변형만 없음"
AJR73063201-S6-1,RAC30599327,사내 SUB,0.0057,6.0,e,"변형 접미사 — 정규화 부모(['AJR73063201'])는 item_weld 있음, 이 변형만 없음"
AJR73063202-S6-1,RAC30599327,사내 SUB,0.0012,1.0,e,"변형 접미사 — 정규화 부모(['AJR73063202'])는 item_weld 있음, 이 변형만 없음"
AJR73063202-SUB,RAC30599327,사내 SUB,0.0012,0.0,e,"변형 접미사 — 정규화 부모(['AJR73063202'])는 item_weld 있음, 이 변형만 없음"
AJR73069602-SUB,RAC30599327,사내 SUB,0.0012,0.0,e,"변형 접미사 — 정규화 부모(['AJR73069602'])는 item_weld 있음, 이 변형만 없음"
AJR73182701-2-1,RAC30599301-1,AJR73182701-2-1,0.0022,0.0,e,"변형 접미사 — 정규화 부모(['AJR73182701'])는 item_weld 있음, 이 변형만 없음"
AJR73182701-3,RAC30599301-1,AJR73182701-3,0.0022,0.0,e,"변형 접미사 — 정규화 부모(['AJR73182701'])는 item_weld 있음, 이 변형만 없음"
AJR73324406-0-1,RAC30599327,사내 SUB,0.0018,1.0,e,"변형 접미사 — 정규화 부모(['AJR73324406'])는 item_weld 있음, 이 변형만 없음"
AJR73324406-S3-4,RAC30599301-1,사내 SUB,0.0054,3.0,e,"변형 접미사 — 정규화 부모(['AJR73324406'])는 item_weld 있음, 이 변형만 없음"
AJR73324406-은납,RAC30599327,AJR73324406-SUB,0.0018,0.0,e,"변형 접미사 — 정규화 부모(['AJR73324406'])는 item_weld 있음, 이 변형만 없음"
AJR73327003-S6-1,RAC30599327,사내 SUB,0.0018,1.0,e,"변형 접미사 — 정규화 부모(['AJR73327003'])는 item_weld 있음, 이 변형만 없음"
AJR73327003-SUB,RAC30599327,사내 SUB,0.0018,0.0,e,"변형 접미사 — 정규화 부모(['AJR73327003'])는 item_weld 있음, 이 변형만 없음"
AJR73327003-은납,RAC30599327,은납 SUB,0.0018,1.0,e,"변형 접미사 — 정규화 부모(['AJR73327003'])는 item_weld 있음, 이 변형만 없음"
AJR73327007-은납,RAC30599327,은납 SUB,0.0018,1.0,e,"변형 접미사 — 정규화 부모(['AJR73327007'])는 item_weld 있음, 이 변형만 없음"
AJR73343201-1-1,RAC30599301-1,SUB ASSY,0.002,2.0,e,"변형 접미사 — 정규화 부모(['AJR73343201'])는 item_weld 있음, 이 변형만 없음"
AJR73343201-1-1,RAC30599327,SUB ASSY,0.0008,1.0,e,"변형 접미사 — 정규화 부모(['AJR73343201'])는 item_weld 있음, 이 변형만 없음"
AJR73343201-4-1,RAC30599327,미래 SUB,0.0008,1.0,e,"변형 접미사 — 정규화 부모(['AJR73343201'])는 item_weld 있음, 이 변형만 없음"
AJR73343201-5-1,RAC30599301-1,AJR73343201-5-1,0.002,0.0,e,"변형 접미사 — 정규화 부모(['AJR73343201'])는 item_weld 있음, 이 변형만 없음"
AJR73343301-3-1,RAC30599301-1,AJR73343301-3-1,0.00233,0.0,e,"변형 접미사 — 정규화 부모(['AJR73343301'])는 item_weld 있음, 이 변형만 없음"
AJR73343303-9-1,RAC30599301-1,AJR73343303-9-1,0.002,0.0,e,"변형 접미사 — 정규화 부모(['AJR73343303'])는 item_weld 있음, 이 변형만 없음"
AJR73767514-1,RAC30599301-1,AJR73767514-1,0.74671,0.0,e,"변형 접미사 — 정규화 부모(['AJR73767514'])는 item_weld 있음, 이 변형만 없음"
AJR73767515-S1-9,RAC30599301-1,사내 SUB,0.0123,10.0,e,"변형 접미사 — 정규화 부모(['AJR73767515'])는 item_weld 있음, 이 변형만 없음"
AJR73768805-S6-4,RAC30599327,사내 SUB,0.00435,4.0,e,"변형 접미사 — 정규화 부모(['AJR73768805'])는 item_weld 있음, 이 변형만 없음"
AJR73786307-S3-1,RAC30599301-1,사내 SUB,0.0069,5.0,e,"변형 접미사 — 정규화 부모(['AJR73786307'])는 item_weld 있음, 이 변형만 없음"
AJR73915505-S3-1,RAC30599301-1,사내 SUB,0.0024,2.0,e,"변형 접미사 — 정규화 부모(['AJR73915505'])는 item_weld 있음, 이 변형만 없음"
AJR73915505-S3-2,RAC30599301-1,사내 SUB,0.0036,2.0,e,"변형 접미사 — 정규화 부모(['AJR73915505'])는 item_weld 있음, 이 변형만 없음"
AJR73915505-S3-4,RAC30599301-1,사내 SUB,0.0048,3.0,e,"변형 접미사 — 정규화 부모(['AJR73915505'])는 item_weld 있음, 이 변형만 없음"
AJR73915506-S3-4,RAC30599301-1,사내 SUB,0.0048,3.0,e,"변형 접미사 — 정규화 부모(['AJR73915506'])는 item_weld 있음, 이 변형만 없음"
AJR73915511-S3-1,RAC30599301-1,사내 SUB,0.0024,2.0,e,"변형 접미사 — 정규화 부모(['AJR73915511'])는 item_weld 있음, 이 변형만 없음"
AJR73915511-S3-4,RAC30599301-1,사내 SUB,0.0048,3.0,e,"변형 접미사 — 정규화 부모(['AJR73915511'])는 item_weld 있음, 이 변형만 없음"
AJR73915512-S3-1,RAC30599301-1,사내 SUB,0.0012,1.0,e,"변형 접미사 — 정규화 부모(['AJR73915512'])는 item_weld 있음, 이 변형만 없음"
AJR73915512-S3-2,RAC30599301-1,사내 SUB,0.0036,2.0,e,"변형 접미사 — 정규화 부모(['AJR73915512'])는 item_weld 있음, 이 변형만 없음"
AJR73915512-S3-3,RAC30599301-1,사내 SUB,0.0024,2.0,e,"변형 접미사 — 정규화 부모(['AJR73915512'])는 item_weld 있음, 이 변형만 없음"
AJR73915512-S3-4,RAC30599301-1,사내 SUB,0.0048,3.0,e,"변형 접미사 — 정규화 부모(['AJR73915512'])는 item_weld 있음, 이 변형만 없음"
AJR73944503-7-1,RAC30599301-1,AJR73944503-7-1,0.0083,0.0,e,"변형 접미사 — 정규화 부모(['AJR73944503'])는 item_weld 있음, 이 변형만 없음"
AJR73944509-7-1,RAC30599301-1,(AJR73944505-7-1대체),0.0083,3.0,e,"변형 접미사 — 정규화 부모(['AJR73944509'])는 item_weld 있음, 이 변형만 없음"
AJR73965602-SUB,RAC30599301-1,AJR73965602-고주파,0.027,0.0,e,"변형 접미사 — 정규화 부모(['AJR73965602'])는 item_weld 있음, 이 변형만 없음"
AJR73967501-7,RAC30599301-1,AJR73967501-7,0.00923,0.0,e,"변형 접미사 — 정규화 부모(['AJR73967501'])는 item_weld 있음, 이 변형만 없음"
AJR73967516-7-1,RAC30599327,MTS SUB,0.0225,5.0,e,"변형 접미사 — 정규화 부모(['AJR73967516'])는 item_weld 있음, 이 변형만 없음"
AJR73967517-7-1,RAC30599327,MTS SUB,0.0225,5.0,e,"변형 접미사 — 정규화 부모(['AJR73967517'])는 item_weld 있음, 이 변형만 없음"
AJR73980305-3-1,RAC30599301-1,AJR73980305-3-1,0.02745,0.0,e,"변형 접미사 — 정규화 부모(['AJR73980305'])는 item_weld 있음, 이 변형만 없음"
AJR73980318-S1-3,RAC30599301-1,사내 SUB,0.0096,3.0,e,"변형 접미사 — 정규화 부모(['AJR73980318'])는 item_weld 있음, 이 변형만 없음"
AJR74182602-S1-1,RAC30599327,사내 SUB,0.00165,1.0,e,"변형 접미사 — 정규화 부모(['AJR74182602'])는 item_weld 있음, 이 변형만 없음"
AJR74182602-S1-2,RAC30599301-1,사내 SUB,0.0213,2.0,e,"변형 접미사 — 정규화 부모(['AJR74182602'])는 item_weld 있음, 이 변형만 없음"
AJR74302403-SUB,RAC30599327,사내 SUB,0.0012,0.0,e,"변형 접미사 — 정규화 부모(['AJR74302403'])는 item_weld 있음, 이 변형만 없음"
AJR74302405-S6-1,RAC30599327,사내 SUB,0.0012,1.0,e,"변형 접미사 — 정규화 부모(['AJR74302405'])는 item_weld 있음, 이 변형만 없음"
AJR74302405-SUB,RAC30599327,사내 SUB,0.0012,0.0,e,"변형 접미사 — 정규화 부모(['AJR74302405'])는 item_weld 있음, 이 변형만 없음"
AJR74364902-9-1,RAC30599301-1,미래정밀 Sub,0.0008,1.0,e,"변형 접미사 — 정규화 부모(['AJR74364902'])는 item_weld 있음, 이 변형만 없음"
AJR74364902-9-2,RAC30599301-1,미래정밀 Sub,0.0008,1.0,e,"변형 접미사 — 정규화 부모(['AJR74364902'])는 item_weld 있음, 이 변형만 없음"
AJR74364902-9-3,RAC30599301-1,미래정밀 Sub,0.0083,11.0,e,"변형 접미사 — 정규화 부모(['AJR74364902'])는 item_weld 있음, 이 변형만 없음"
AJR74364902-9-4,RAC30599301-1,미래정밀 Sub,0.0008,1.0,e,"변형 접미사 — 정규화 부모(['AJR74364902'])는 item_weld 있음, 이 변형만 없음"
AJR74364920-1-1(링),RAC30599301-1,중앙 Sub(+용접링),0.0012,0.0,e,"변형 접미사 — 정규화 부모(['AJR74364920'])는 item_weld 있음, 이 변형만 없음"
AJR74364920-1-2(링),RAC30599301-1,중앙 Sub(+용접링),0.0012,0.0,e,"변형 접미사 — 정규화 부모(['AJR74364920'])는 item_weld 있음, 이 변형만 없음"
AJR74364920-1-3(링),RAC30599301-1,중앙 Sub(+용접링),0.0012,0.0,e,"변형 접미사 — 정규화 부모(['AJR74364920'])는 item_weld 있음, 이 변형만 없음"
AJR74364922-4-1,RAC30599301-1,미래 SUB,0.0008,1.0,e,"변형 접미사 — 정규화 부모(['AJR74364922'])는 item_weld 있음, 이 변형만 없음"
AJR74364922-4-2,RAC30599301-1,SUB ASSY,0.0008,1.0,e,"변형 접미사 — 정규화 부모(['AJR74364922'])는 item_weld 있음, 이 변형만 없음"
AJR74364922-4-3,RAC30599301-1,SUB ASSY,0.0083,11.0,e,"변형 접미사 — 정규화 부모(['AJR74364922'])는 item_weld 있음, 이 변형만 없음"
AJR74364922-4-4,RAC30599301-1,SUB ASSY,0.0008,1.0,e,"변형 접미사 — 정규화 부모(['AJR74364922'])는 item_weld 있음, 이 변형만 없음"
AJR74365101-S6-2,RAC30599327,사내 SUB,0.0015,1.0,e,"변형 접미사 — 정규화 부모(['AJR74365101'])는 item_weld 있음, 이 변형만 없음"
AJR74365202-S3-1,RAC30599301-1,사내 SUB,0.0051,2.0,e,"변형 접미사 — 정규화 부모(['AJR74365202'])는 item_weld 있음, 이 변형만 없음"
AJR74365202-S3-2,RAC30599301-1,사내 SUB,0.0012,1.0,e,"변형 접미사 — 정규화 부모(['AJR74365202'])는 item_weld 있음, 이 변형만 없음"
AJR74365202-S3-3,RAC30599301-1,사내 SUB,0.0033,3.0,e,"변형 접미사 — 정규화 부모(['AJR74365202'])는 item_weld 있음, 이 변형만 없음"
AJR74365202-S3-4,RAC30599301-1,사내 SUB,0.0015,3.0,e,"변형 접미사 — 정규화 부모(['AJR74365202'])는 item_weld 있음, 이 변형만 없음"
AJR74365205-S3-1,RAC30599301-1,사내 SUB,0.0051,2.0,e,"변형 접미사 — 정규화 부모(['AJR74365205'])는 item_weld 있음, 이 변형만 없음"
AJR74365205-S3-2,RAC30599301-1,사내 SUB,0.0012,1.0,e,"변형 접미사 — 정규화 부모(['AJR74365205'])는 item_weld 있음, 이 변형만 없음"
AJR74365205-S3-3,RAC30599301-1,사내 SUB,0.0033,3.0,e,"변형 접미사 — 정규화 부모(['AJR74365205'])는 item_weld 있음, 이 변형만 없음"
AJR74424612-1-1,RAC30599301-1,중앙 SUB,0.0033,4.0,e,"변형 접미사 — 정규화 부모(['AJR74424612'])는 item_weld 있음, 이 변형만 없음"
AJR74465901-S6-1,RAC30599327,사내 SUB,0.0012,1.0,e,"변형 접미사 — 정규화 부모(['AJR74465901'])는 item_weld 있음, 이 변형만 없음"
AJR74465901-은납,RAC30599327,은납 SUB,0.0012,1.0,e,"변형 접미사 — 정규화 부모(['AJR74465901'])는 item_weld 있음, 이 변형만 없음"
AJR74465903-S6-1,RAC30599327,사내 SUB,0.0024,3.0,e,"변형 접미사 — 정규화 부모(['AJR74465903'])는 item_weld 있음, 이 변형만 없음"
AJR74522901-1,RAC30599301-1,AJR74522901-1,0.01248,14.0,e,"변형 접미사 — 정규화 부모(['AJR74522901'])는 item_weld 있음, 이 변형만 없음"
AJR74803521-16-1,RAC30599301-1,케이비 sub,0.0081,0.0,e,"변형 접미사 — 정규화 부모(['AJR74803521'])는 item_weld 있음, 이 변형만 없음"
AJR74803545-4-1,RAC30599301-1,미래정밀Sub,0.0081,5.0,e,"변형 접미사 — 정규화 부모(['AJR74803545'])는 item_weld 있음, 이 변형만 없음"
AJR74823002-S6-1,RAC30599327,사내 SUB,0.0012,1.0,e,"변형 접미사 — 정규화 부모(['AJR74823002'])는 item_weld 있음, 이 변형만 없음"
AJR74843601-3,RAC30599301,AJR74843601-3,0.00375,0.0,e,"변형 접미사 — 정규화 부모(['AJR74843601'])는 item_weld 있음, 이 변형만 없음"
AJR74844309-은납,RAC30599327,AJR74844309-SUB,0.0018,1.0,e,"변형 접미사 — 정규화 부모(['AJR74844309'])는 item_weld 있음, 이 변형만 없음"
AJR74844310-은납,RAC30599327,AJR74844310-SUB,0.0036,1.0,e,"변형 접미사 — 정규화 부모(['AJR74844310'])는 item_weld 있음, 이 변형만 없음"
AJR74844314-은납,RAC30599327-1,은납-SUB,0.0018,0.0,e,"변형 접미사 — 정규화 부모(['AJR74844314'])는 item_weld 있음, 이 변형만 없음"
AJR74923001-은납,RAC30599327,AJR74923001-SUB,0.0018,0.0,e,"변형 접미사 — 정규화 부모(['AJR74923001'])는 item_weld 있음, 이 변형만 없음"
AJR74923004-SUB,RAC30599327-1,은납-SUB,0.0018,0.0,e,"변형 접미사 — 정규화 부모(['AJR74923004'])는 item_weld 있음, 이 변형만 없음"
AJR74942623-2-1,RAC30599327,소신 SUB,0.0042,4.0,e,"변형 접미사 — 정규화 부모(['AJR74942623'])는 item_weld 있음, 이 변형만 없음"
AJR74942627-4-1,RAC30599327,AJR74942617 sub,0.00335,5.0,e,"변형 접미사 — 정규화 부모(['AJR74942627'])는 item_weld 있음, 이 변형만 없음"
AJR74942632-12-1,RAC30599327,대원 SUB,0.00645,6.0,e,"변형 접미사 — 정규화 부모(['AJR74942632'])는 item_weld 있음, 이 변형만 없음"
AJR74942632-2-1,RAC30599327,고압 황동  SUB,0.00525,5.0,e,"변형 접미사 — 정규화 부모(['AJR74942632'])는 item_weld 있음, 이 변형만 없음"
AJR74942632-R-1,RAC30599327,고압 황동  SUB,0.00525,5.0,e,"변형 접미사 — 정규화 부모(['AJR74942632'])는 item_weld 있음, 이 변형만 없음"
AJR74942632-고압,RAC30599327,AJR74942632-SUB,0.0012,0.0,e,"변형 접미사 — 정규화 부모(['AJR74942632'])는 item_weld 있음, 이 변형만 없음"
AJR74942724-저압,RAC30599327,AJR74942724-SUB,0.0015,0.0,e,"변형 접미사 — 정규화 부모(['AJR74942724'])는 item_weld 있음, 이 변형만 없음"
AJR74942730-3-1,RAC30599301-1,SUB ASSY,0.00528,7.0,e,"변형 접미사 — 정규화 부모(['AJR74942730'])는 item_weld 있음, 이 변형만 없음"
AJR74962901-SUB,RAC30599327,AJR74962901-은납,0.0036,0.0,e,"변형 접미사 — 정규화 부모(['AJR74962901'])는 item_weld 있음, 이 변형만 없음"
AJR74962907-SUB,RAC30599327-1,은납-SUB,0.0018,0.0,e,"변형 접미사 — 정규화 부모(['AJR74962907'])는 item_weld 있음, 이 변형만 없음"
AJR74963001-3-1,RAC30599301-1,이젠터 SUB,0.0087,0.0,e,"변형 접미사 — 정규화 부모(['AJR74963001'])는 item_weld 있음, 이 변형만 없음"
AJR74983904-12-1,RAC30599301-1,대원 SUB,0.0141,2.0,e,"변형 접미사 — 정규화 부모(['AJR74983904'])는 item_weld 있음, 이 변형만 없음"
AJR74983905-12-5,RAC30599301-1,대원 SUB,0.02565,3.0,e,"변형 접미사 — 정규화 부모(['AJR74983905'])는 item_weld 있음, 이 변형만 없음"
AJR74983910-12-1,RAC30599301-1,대원 SUB,0.0141,2.0,e,"변형 접미사 — 정규화 부모(['AJR74983910'])는 item_weld 있음, 이 변형만 없음"
AJR74984303-1-4,RAC30599301-1,중앙 SUB,0.0008,1.0,e,"변형 접미사 — 정규화 부모(['AJR74984303'])는 item_weld 있음, 이 변형만 없음"
AJR74984303-13-3,RAC30599301-1,엠케이 SUB,0.0008,1.0,e,"변형 접미사 — 정규화 부모(['AJR74984303'])는 item_weld 있음, 이 변형만 없음"
AJR74984303-13-4,RAC30599301-1,엠케이 SUB,0.0008,1.0,e,"변형 접미사 — 정규화 부모(['AJR74984303'])는 item_weld 있음, 이 변형만 없음"
AJR74984304-13-1,RAC30599301-1,엠케이 SUB,0.0168,14.0,e,"변형 접미사 — 정규화 부모(['AJR74984304'])는 item_weld 있음, 이 변형만 없음"
AJR74984305-13-1,RAC30599301-1,엠케이 SUB,0.02115,11.0,e,"변형 접미사 — 정규화 부모(['AJR74984305'])는 item_weld 있음, 이 변형만 없음"
AJR74984305-S3-1,RAC30599301-1,사내 SUB,0.02115,11.0,e,"변형 접미사 — 정규화 부모(['AJR74984305'])는 item_weld 있음, 이 변형만 없음"
AJR74984403-SUB3,RAC30599301-1,사내 SUB,0.0012,0.0,e,"변형 접미사 — 정규화 부모(['AJR74984403'])는 item_weld 있음, 이 변형만 없음"
AJR75062906-13-1,RAC30599327,엠케이 SUB,0.012,11.0,e,"변형 접미사 — 정규화 부모(['AJR75062906'])는 item_weld 있음, 이 변형만 없음"
AJR75062906-13-1,RAC30599301-1,엠케이 SUB,0.0117,11.0,e,"변형 접미사 — 정규화 부모(['AJR75062906'])는 item_weld 있음, 이 변형만 없음"
AJR75062911-15-1,RAC30599301-1,도강월드텍 Sub,0.0225,0.0,e,"변형 접미사 — 정규화 부모(['AJR75062911'])는 item_weld 있음, 이 변형만 없음"
AJR75142602-S6-2,RAC30599327,사내 SUB,0.003,2.0,e,"변형 접미사 — 정규화 부모(['AJR75142602'])는 item_weld 있음, 이 변형만 없음"
AJR75222406-5,RAC30599301-1,AJR75222406-5,0.002,0.0,e,"변형 접미사 — 정규화 부모(['AJR75222406'])는 item_weld 있음, 이 변형만 없음"
AJR75242802-9-1,RAC30599301-1,AJR75242802-9-1,0.002,0.0,e,"변형 접미사 — 정규화 부모(['AJR75242802'])는 item_weld 있음, 이 변형만 없음"
AJR75242814-은납,RAC30599327,AJR75242814-SUB,0.0012,0.0,e,"변형 접미사 — 정규화 부모(['AJR75242814'])는 item_weld 있음, 이 변형만 없음"
AJR75243019-은납,RAC30599301-1,AJR75243019-SUB,0.0012,0.0,e,"변형 접미사 — 정규화 부모(['AJR75243019'])는 item_weld 있음, 이 변형만 없음"
AJR75462802-14-1,RAC30599301-1,JS ENG SUB,0.0012,1.0,e,"변형 접미사 — 정규화 부모(['AJR75462802'])는 item_weld 있음, 이 변형만 없음"
AJR75462802-14-2,RAC30599301-1,JS ENG SUB,0.0051,2.0,e,"변형 접미사 — 정규화 부모(['AJR75462802'])는 item_weld 있음, 이 변형만 없음"
AJR75462802-S3-1,RAC30599301-1,사내 SUB,0.0012,1.0,e,"변형 접미사 — 정규화 부모(['AJR75462802'])는 item_weld 있음, 이 변형만 없음"
AJR75462802-S3-2,RAC30599301-1,사내 SUB,0.0051,2.0,e,"변형 접미사 — 정규화 부모(['AJR75462802'])는 item_weld 있음, 이 변형만 없음"
AJR75462802-S3-3,RAC30599301-1,사내 SUB,0.0027,2.0,e,"변형 접미사 — 정규화 부모(['AJR75462802'])는 item_weld 있음, 이 변형만 없음"
AJR75462803-S3-1,RAC30599301-1,사내 SUB,0.0012,3.0,e,"변형 접미사 — 정규화 부모(['AJR75462803'])는 item_weld 있음, 이 변형만 없음"
AJR75462803-S3-2,RAC30599301-1,사내 SUB,0.0051,2.0,e,"변형 접미사 — 정규화 부모(['AJR75462803'])는 item_weld 있음, 이 변형만 없음"
AJR75462803-S3-3,RAC30599301-1,사내 SUB,0.0027,2.0,e,"변형 접미사 — 정규화 부모(['AJR75462803'])는 item_weld 있음, 이 변형만 없음"
AJR75462803-S3-4,RAC30599301-1,사내 SUB,0.0078,3.0,e,"변형 접미사 — 정규화 부모(['AJR75462803'])는 item_weld 있음, 이 변형만 없음"
AJR75463001-SUB1,RAC30599301-1,사내 SUB,0.0127,0.0,e,"변형 접미사 — 정규화 부모(['AJR75463001'])는 item_weld 있음, 이 변형만 없음"
AJR75463001-SUB2,RAC30599301-1,사내 SUB,0.0127,0.0,e,"변형 접미사 — 정규화 부모(['AJR75463001'])는 item_weld 있음, 이 변형만 없음"
AJR75463001-SUB3,RAC30599301-1,사내 SUB,0.0127,0.0,e,"변형 접미사 — 정규화 부모(['AJR75463001'])는 item_weld 있음, 이 변형만 없음"
AJR75463101-1-2,RAC30599301-1,중앙 SUB,0.002,2.0,e,"변형 접미사 — 정규화 부모(['AJR75463101'])는 item_weld 있음, 이 변형만 없음"
AJR75463302-4-1,RAC30599301,AJR75463302-4-1,0.03997,0.0,e,"변형 접미사 — 정규화 부모(['AJR75463302'])는 item_weld 있음, 이 변형만 없음"
AJR75463302-4-2,RAC30599301,AJR75463302-4-2,0.03997,0.0,e,"변형 접미사 — 정규화 부모(['AJR75463302'])는 item_weld 있음, 이 변형만 없음"
AJR75463302-4-3,RAC30599301,AJR75463302-4-3,0.03997,0.0,e,"변형 접미사 — 정규화 부모(['AJR75463302'])는 item_weld 있음, 이 변형만 없음"
AJR75463302-4-4,RAC30599301,AJR75463302-4-4,0.03997,0.0,e,"변형 접미사 — 정규화 부모(['AJR75463302'])는 item_weld 있음, 이 변형만 없음"
AJR75463302-4-5,RAC30599301,AJR75463302-4-5,0.03997,0.0,e,"변형 접미사 — 정규화 부모(['AJR75463302'])는 item_weld 있음, 이 변형만 없음"
AJR75463302-9-1,RAC30599301-1,진성 SUB,0.01735,21.0,e,"변형 접미사 — 정규화 부모(['AJR75463302'])는 item_weld 있음, 이 변형만 없음"
AJR75463302-9-2,RAC30599301-1,진성 SUB,0.01815,10.0,e,"변형 접미사 — 정규화 부모(['AJR75463302'])는 item_weld 있음, 이 변형만 없음"
AJR75463303-9-1,RAC30599301-1,진성 SUB,0.0166,20.0,e,"변형 접미사 — 정규화 부모(['AJR75463303'])는 item_weld 있음, 이 변형만 없음"
AJR75463303-9-2,RAC30599301-1,진성 SUB,0.0153,10.0,e,"변형 접미사 — 정규화 부모(['AJR75463303'])는 item_weld 있음, 이 변형만 없음"
AJR75463304-9-1,RAC30599301-1,AJR75463304-9-1,0.01735,21.0,e,"변형 접미사 — 정규화 부모(['AJR75463304'])는 item_weld 있음, 이 변형만 없음"
AJR75463304-9-2,RAC30599301-1,진성 SUB,0.01785,10.0,e,"변형 접미사 — 정규화 부모(['AJR75463304'])는 item_weld 있음, 이 변형만 없음"
AJR75463304-9-4,RAC30599301-1,AJR75463304-9-4,0.0008,1.0,e,"변형 접미사 — 정규화 부모(['AJR75463304'])는 item_weld 있음, 이 변형만 없음"
AJR75483602-3-1,RAC30599301-1,SUB용접,0.0025,3.0,e,"변형 접미사 — 정규화 부모(['AJR75483602'])는 item_weld 있음, 이 변형만 없음"
AJR75483701-1-1,RAC30599301-1,AJR75483701-1-1,0.0008,1.0,e,"변형 접미사 — 정규화 부모(['AJR75483701'])는 item_weld 있음, 이 변형만 없음"
AJR75483701-1-2,RAC30599301-1,AJR75483701-1-2,0.0008,1.0,e,"변형 접미사 — 정규화 부모(['AJR75483701'])는 item_weld 있음, 이 변형만 없음"
AJR75483701-13-2,RAC30599301-1,AJR75483701-13-2,0.0008,1.0,e,"변형 접미사 — 정규화 부모(['AJR75483701'])는 item_weld 있음, 이 변형만 없음"
AJR75483701-13-3,RAC30599301-1,엠케이 SUB,0.0008,1.0,e,"변형 접미사 — 정규화 부모(['AJR75483701'])는 item_weld 있음, 이 변형만 없음"
AJR75483702-1-1,RAC30599301-1,AJR75483702-1-1,0.0008,1.0,e,"변형 접미사 — 정규화 부모(['AJR75483702'])는 item_weld 있음, 이 변형만 없음"
AJR75483702-1-2,RAC30599301-1,AJR75483702-1-2,0.0008,1.0,e,"변형 접미사 — 정규화 부모(['AJR75483702'])는 item_weld 있음, 이 변형만 없음"
AJR75544201-3-1,RAC30599301-1,이젠터 SUB,0.002,2.0,e,"변형 접미사 — 정규화 부모(['AJR75544201'])는 item_weld 있음, 이 변형만 없음"
AJR75544201-4-1,RAC30599301-1,SUB 용접,0.00248,2.0,e,"변형 접미사 — 정규화 부모(['AJR75544201'])는 item_weld 있음, 이 변형만 없음"
AJR75544203-S1-4,RAC30599301-1,사내 SUB,0.0018,1.0,e,"변형 접미사 — 정규화 부모(['AJR75544203'])는 item_weld 있음, 이 변형만 없음"
AJR75544223-4-1,RAC30599301-1,SUB ASSY,0.00248,2.0,e,"변형 접미사 — 정규화 부모(['AJR75544223'])는 item_weld 있음, 이 변형만 없음"
AJR75544505-15-1,RAC30599301-1,SUB ASSY,0.0069,3.0,e,"변형 접미사 — 정규화 부모(['AJR75544505'])는 item_weld 있음, 이 변형만 없음"
AJR75563501-12-1,RAC30599301-1,대원 SUB,0.0021,4.0,e,"변형 접미사 — 정규화 부모(['AJR75563501'])는 item_weld 있음, 이 변형만 없음"
AJR75563501-은납,RAC30599327,AJR75563501-SUB,0.0012,0.0,e,"변형 접미사 — 정규화 부모(['AJR75563501'])는 item_weld 있음, 이 변형만 없음"
AJR75563502-12-4,RAC30599327,대원 SUB,0.0033,3.0,e,"변형 접미사 — 정규화 부모(['AJR75563502'])는 item_weld 있음, 이 변형만 없음"
AJR75623501-S1-1,RAC30599301-1,사내 SUB,0.0033,2.0,e,"변형 접미사 — 정규화 부모(['AJR75623501'])는 item_weld 있음, 이 변형만 없음"
AJR75623501-S1-2,RAC30599301-1,사내 SUB,0.0012,2.0,e,"변형 접미사 — 정규화 부모(['AJR75623501'])는 item_weld 있음, 이 변형만 없음"
AJR75625401-7-1,RAC30599327,AJR75625401-7-1,0.0002,2.0,e,"변형 접미사 — 정규화 부모(['AJR75625401'])는 item_weld 있음, 이 변형만 없음"
AJR75724101-1-1,RAC30599301-1,중앙 SUB,0.002,2.0,e,"변형 접미사 — 정규화 부모(['AJR75724101'])는 item_weld 있음, 이 변형만 없음"
AJR75744140-12-1,RAC30599301-1,대원 SUB,0.0066,0.0,e,"변형 접미사 — 정규화 부모(['AJR75744140'])는 item_weld 있음, 이 변형만 없음"
AJR75744140-17-1,RAC30599301-1,유남 sub,0.0066,0.0,e,"변형 접미사 — 정규화 부모(['AJR75744140'])는 item_weld 있음, 이 변형만 없음"
AJR75744140-3-1,RAC30599301-1,"Tube Assembly, Suciton",0.0066,0.0,e,"변형 접미사 — 정규화 부모(['AJR75744140'])는 item_weld 있음, 이 변형만 없음"
AJR75744401-SUB,RAC30599327-1,은납-sub,0.0018,0.0,e,"변형 접미사 — 정규화 부모(['AJR75744401'])는 item_weld 있음, 이 변형만 없음"
AJR75786302-S6-2,RAC30599327,사내 SUB,0.0012,1.0,e,"변형 접미사 — 정규화 부모(['AJR75786302'])는 item_weld 있음, 이 변형만 없음"
AJR75786302-S6-3,RAC30599301-1,사내 SUB,0.0084,0.0,e,"변형 접미사 — 정규화 부모(['AJR75786302'])는 item_weld 있음, 이 변형만 없음"
AJR75802501-1-1,RAC30599301-1,중앙 SUB,0.0016,2.0,e,"변형 접미사 — 정규화 부모(['AJR75802501'])는 item_weld 있음, 이 변형만 없음"
AJR75802501-S3-1,RAC30599301-1,사내 SUB,0.0024,2.0,e,"변형 접미사 — 정규화 부모(['AJR75802501'])는 item_weld 있음, 이 변형만 없음"
AJR75827805-15-1,RAC30599301-1,도강 Sub,0.0056,0.0,e,"변형 접미사 — 정규화 부모(['AJR75827805'])는 item_weld 있음, 이 변형만 없음"
AJR76166402-S5-1,RAC30599301-1,사내 SUB,0.0012,1.0,e,"변형 접미사 — 정규화 부모(['AJR76166402'])는 item_weld 있음, 이 변형만 없음"
AJR76502604-S3-1,RAC30599301-1,사내 SUB,0.0024,2.0,e,"변형 접미사 — 정규화 부모(['AJR76502604'])는 item_weld 있음, 이 변형만 없음"
AJR76523009-7-1,RAC30599327,SUB ASSY,0.0036,3.0,e,"변형 접미사 — 정규화 부모(['AJR76523009'])는 item_weld 있음, 이 변형만 없음"
AJR76545301-7-1,RAC30599301-1,MTS SUB,0.001,1.0,e,"변형 접미사 — 정규화 부모(['AJR76545301'])는 item_weld 있음, 이 변형만 없음"
AJR76602401-은납,RAC30599327,AJR76602401-SUB,0.0018,0.0,e,"변형 접미사 — 정규화 부모(['AJR76602401'])는 item_weld 있음, 이 변형만 없음"
AJR76742303-은납,RAC30599327,AJR76742303-SUB,0.0018,1.0,e,"변형 접미사 — 정규화 부모(['AJR76742303'])는 item_weld 있음, 이 변형만 없음"
AJR76742305-SUB,RAC30599327,은납-SUB,0.0018,1.0,e,"변형 접미사 — 정규화 부모(['AJR76742305'])는 item_weld 있음, 이 변형만 없음"
AJR76742306-은납,RAC30599327,은납 SUB,0.0018,1.0,e,"변형 접미사 — 정규화 부모(['AJR76742306'])는 item_weld 있음, 이 변형만 없음"
AJR76742312-SUB,RAC30599327-1,은납-SUB,0.0018,0.0,e,"변형 접미사 — 정규화 부모(['AJR76742312'])는 item_weld 있음, 이 변형만 없음"
AJR76823002-은납,RAC30599327,은납 SUB,0.0018,1.0,e,"변형 접미사 — 정규화 부모(['AJR76823002'])는 item_weld 있음, 이 변형만 없음"
AJR76823102-S2-1,RAC30599301-1,사내 SUB,0.00975,3.0,e,"변형 접미사 — 정규화 부모(['AJR76823102'])는 item_weld 있음, 이 변형만 없음"
AJR76982501-12-2,RAC30599301-1,SUB ASSY,0.0036,2.0,e,"변형 접미사 — 정규화 부모(['AJR76982501'])는 item_weld 있음, 이 변형만 없음"
AJR77142502-15-1,RAC30599301-1,도강 SUB,0.0021,0.0,e,"변형 접미사 — 정규화 부모(['AJR77142502'])는 item_weld 있음, 이 변형만 없음"
AJR77142503-15-1,RAC30599301-1,도강 SUB,0.01545,0.0,e,"변형 접미사 — 정규화 부모(['AJR77142503'])는 item_weld 있음, 이 변형만 없음"
AJR77167310-7-1,RAC30599327,MTS SUB,0.0024,2.0,e,"변형 접미사 — 정규화 부모(['AJR77167310'])는 item_weld 있음, 이 변형만 없음"
AJR77171201-15-1,RAC30599301-1,도강 SUB,0.0105,10.0,e,"변형 접미사 — 정규화 부모(['AJR77171201'])는 item_weld 있음, 이 변형만 없음"
AJR77171201-S6-2,RAC30599301-1,사내 SUB,0.0105,10.0,e,"변형 접미사 — 정규화 부모(['AJR77171201'])는 item_weld 있음, 이 변형만 없음"
AJR77202902-19-1,RAC30599301-1,명진 SUB,0.0021,0.0,e,"변형 접미사 — 정규화 부모(['AJR77202902'])는 item_weld 있음, 이 변형만 없음"
AJR77224008-20-1,RAC30599301-1,썬텍 SUB,0.0036,0.0,e,"변형 접미사 — 정규화 부모(['AJR77224008'])는 item_weld 있음, 이 변형만 없음"
AJR77224502-1-1,RAC30599301-1,중앙 SUB,0.0057,2.0,e,"변형 접미사 — 정규화 부모(['AJR77224502'])는 item_weld 있음, 이 변형만 없음"
AJR77224504-S1-1,RAC30599301-1,사내 SUB,0.003,4.0,e,"변형 접미사 — 정규화 부모(['AJR77224504'])는 item_weld 있음, 이 변형만 없음"
AJR77224504-S1-2,RAC30599301-1,사내 SUB,0.0132,10.0,e,"변형 접미사 — 정규화 부모(['AJR77224504'])는 item_weld 있음, 이 변형만 없음"
AJR77224504-S1-3,RAC30599301-1,사내 SUB,0.0072,4.0,e,"변형 접미사 — 정규화 부모(['AJR77224504'])는 item_weld 있음, 이 변형만 없음"
AJR77224505-S1-2,RAC30599301-1,사내 SUB,0.0114,9.0,e,"변형 접미사 — 정규화 부모(['AJR77224505'])는 item_weld 있음, 이 변형만 없음"
AJR77224505-S1-3,RAC30599301-1,사내 SUB,0.0072,4.0,e,"변형 접미사 — 정규화 부모(['AJR77224505'])는 item_weld 있음, 이 변형만 없음"
AJR77224506-S1-2,RAC30599301-1,사내 SUB,0.0054,4.0,e,"변형 접미사 — 정규화 부모(['AJR77224506'])는 item_weld 있음, 이 변형만 없음"
AJR77224507-S1-2,RAC30599301-1,사내 SUB,0.006,4.0,e,"변형 접미사 — 정규화 부모(['AJR77224507'])는 item_weld 있음, 이 변형만 없음"
AJR77224510-S1-1,RAC30599301-1,사내 SUB,0.003,0.0,e,"변형 접미사 — 정규화 부모(['AJR77224510'])는 item_weld 있음, 이 변형만 없음"
AJR77224510-S1-2,RAC30599301-1,사내 SUB,0.0114,0.0,e,"변형 접미사 — 정규화 부모(['AJR77224510'])는 item_weld 있음, 이 변형만 없음"
AJR77224510-S1-3,RAC30599301-1,사내 SUB,0.0072,0.0,e,"변형 접미사 — 정규화 부모(['AJR77224510'])는 item_weld 있음, 이 변형만 없음"
AJR77224512-S1-2,RAC30599301-1,사내 SUB,0.006,0.0,e,"변형 접미사 — 정규화 부모(['AJR77224512'])는 item_weld 있음, 이 변형만 없음"
AJR77224513-S1-2,RAC30599301-1,사내 SUB,0.003,0.0,e,"변형 접미사 — 정규화 부모(['AJR77224513'])는 item_weld 있음, 이 변형만 없음"
AJR77224516-S1-2,RAC30599301-1,사내 SUB,0.003,0.0,e,"변형 접미사 — 정규화 부모(['AJR77224516'])는 item_weld 있음, 이 변형만 없음"
AJR77224518-S1-2,RAC30599301-1,사내 SUB,0.006,0.0,e,"변형 접미사 — 정규화 부모(['AJR77224518'])는 item_weld 있음, 이 변형만 없음"
AJR77224519-12-1,RAC30599301-1,대원 sub,0.0087,0.0,e,"변형 접미사 — 정규화 부모(['AJR77224519'])는 item_weld 있음, 이 변형만 없음"
AJR77224519-S1-1,RAC30599301-1,사내 SUB,0.003,0.0,e,"변형 접미사 — 정규화 부모(['AJR77224519'])는 item_weld 있음, 이 변형만 없음"
AJR77225610-SUB1,RAC30599301-1,AJR77225610-SUB 용,0.015,0.0,e,"변형 접미사 — 정규화 부모(['AJR77225610'])는 item_weld 있음, 이 변형만 없음"
AJR77226303-4-1,RAC30599301-1,미래 SUB,0.0012,0.0,e,"변형 접미사 — 정규화 부모(['AJR77226303'])는 item_weld 있음, 이 변형만 없음"
AJR77226303-4-2,RAC30599301-1,미래 SUB,0.0012,0.0,e,"변형 접미사 — 정규화 부모(['AJR77226303'])는 item_weld 있음, 이 변형만 없음"
AJR77226303-4-3,RAC30599301-1,미래 SUB,0.0012,0.0,e,"변형 접미사 — 정규화 부모(['AJR77226303'])는 item_weld 있음, 이 변형만 없음"
AJR77226303-4-4,RAC30599301-1,미래 SUB,0.0024,0.0,e,"변형 접미사 — 정규화 부모(['AJR77226303'])는 item_weld 있음, 이 변형만 없음"
AJR77263008-4-1,RAC30599301-1,미래 SUB,0.0017,0.0,e,"변형 접미사 — 정규화 부모(['AJR77263008'])는 item_weld 있음, 이 변형만 없음"
3A00280E,RAC31704701,3A00280E,0.16,0.0,f,비용접 소모품(Silicon 150g)이 용접봉으로 BOM 등록됨 — 용접 원천 대상 아님
5001A30010X,RAC31704701,Accessory Assembly,0.15,0.0,f,비용접 소모품(Silicon 150g)이 용접봉으로 BOM 등록됨 — 용접 원천 대상 아님
AAA36923608,RAC31704701,Accessory Assembly,0.15,0.0,f,비용접 소모품(Silicon 150g)이 용접봉으로 BOM 등록됨 — 용접 원천 대상 아님
AAA36923611,RAC31704702,Accessory Assembly,0.075,0.0,f,비용접 소모품(Silicon 75g)이 용접봉으로 BOM 등록됨 — 용접 원천 대상 아님
AAA68954002,RAC31704701,Accessory Assembly,0.15,0.0,f,비용접 소모품(Silicon 150g)이 용접봉으로 BOM 등록됨 — 용접 원천 대상 아님
AAA68954002-1,RAC31704701,Accessory Assembly,0.15,0.0,f,비용접 소모품(Silicon 150g)이 용접봉으로 BOM 등록됨 — 용접 원천 대상 아님
AJR30028405,RAC36134101,Tube Assembly,0.00066,0.0,f,비용접 소모품(진공구리스)이 용접봉으로 BOM 등록됨 — 용접 원천 대상 아님
AJR30028409,RAC36134101,Tube Assembly,0.00066,0.0,f,비용접 소모품(진공구리스)이 용접봉으로 BOM 등록됨 — 용접 원천 대상 아님
AJR76462734,RAC36134101,판형 SUB 부품,0.001,0.0,f,비용접 소모품(진공구리스)이 용접봉으로 BOM 등록됨 — 용접 원천 대상 아님
