시트,부품,역할,관측수,geom_kg,원소재min,원소재max,가공비,치수일관,geom목록
대원산업 (3),2H00351N,사급부품,2,0.0,719,719,0,True,[]
대원산업 (3),2H00351U,사급부품,1,0.0,0,0,0,True,[]
대원산업 (3),2H02479J,사급부품,1,0.0,880,880,0,True,[]
대원산업 (3),3A01582A,사급부품,3,0.0,17,17,0,True,[]
대원산업 (3),3E92334R,사급부품,1,0.0,0,0,485,True,[]
대원산업 (3),3H00815H,용접봉,54,0.0,24000,44500,286,True,[]
대원산업 (3),3H01582A,사급부품,13,0.0,17,17,0,True,[]
대원산업 (3),3H01582B,사급부품,1,0.0,0,0,0,True,[]
대원산업 (3),3H01582C,사급부품,5,0.0,7,7,0,True,[]
대원산업 (3),3H01582E,사급부품,3,0.0,28,28,0,True,[]
대원산업 (3),3H02716A,사급부품,1,0.0,176,176,0,True,[]
대원산업 (3),3H03659L,사급부품,1,0.0,538,538,0,True,[]
대원산업 (3),3H03659V,사급부품,2,0.0,832,832,0,True,[]
대원산업 (3),3h01582C,사급부품,1,0.0,7,7,0,True,[]
대원산업 (3),49112009,용접봉,4,0.0,44500,44500,477,True,[]
대원산업 (3),4930A20053A,사급부품,5,0.0,35,35,0,True,[]
대원산업 (3),4930A20053B,사급부품,10,0.0,35,35,0,True,[]
대원산업 (3),4A00114B,사급부품,1,0.0,1500,1500,0,True,[]
대원산업 (3),4A00114C,사급부품,6,0.0,1413,1554,0,True,[]
대원산업 (3),4A00114D,사급부품,1,0.0,685,685,0,True,[]
대원산업 (3),4A00114E,사급부품,2,0.0,716,716,0,True,[]
대원산업 (3),4A00114G,사급부품,2,0.0,2450,2450,0,True,[]
대원산업 (3),4A00114K,사급부품,2,0.0,1300,1300,0,True,[]
대원산업 (3),4H00006A,사급부품,2,0.0,16,16,0,True,[]
대원산업 (3),4H00049A,사급부품/제작동관,4,0.0126,96,161,43,True,[0.0126]
대원산업 (3),4H00901F,사급부품/제작동관,2,0.013,100,159,43,True,[0.013]
대원산업 (3),4H01281C,제작동관,1,0.0137,105,105,46,True,[0.0137]
대원산업 (3),4h01281c,사급부품,1,0.0,174,174,0,True,[]
대원산업 (3),5014A30001B,사급부품,2,0.0,105,105,0,True,[]
대원산업 (3),5014A30014B,사급부품,1,0.0,519,519,0,True,[]
대원산업 (3),5210A21172L,사급부품,1,0.0,770,770,0,True,[]
대원산업 (3),5210A21281K,사급부품,2,0.0,165,165,0,True,[]
대원산업 (3),5210A22034U,사급부품/제작동관,2,0.0081,63,120,46,True,[0.0081]
대원산업 (3),5210A22409A,사급부품,21,0.0,55,56,0,True,[]
대원산업 (3),5210A22409B,사급부품,12,0.0,57,67,0,True,[]
대원산업 (3),5210A22409C,사급부품,2,0.0,55,57,0,True,[]
대원산업 (3),5210A22441D,사급부품,2,0.0,867,867,0,True,[]
대원산업 (3),5210A23089A,사급부품,3,0.0,219,219,0,True,[]
대원산업 (3),5210A23089D,사급부품/제작동관,24,0.0211,264,422,0,True,[0.0211]
대원산업 (3),5210A23344B,사급부품,3,0.0,2210,2210,0,True,[]
대원산업 (3),5210A23376A,사급부품,8,0.0,251,276,0,True,[]
대원산업 (3),5210A24677N,제작동관,2,0.0071,55,55,39,True,[0.0071]
대원산업 (3),5210A28001C,사급부품,5,0.0,390,390,0,True,[]
대원산업 (3),5210A28001S,사급부품,13,0.0,390,390,0,True,[]
대원산업 (3),5210A30554F,사급부품,2,0.0,72,72,0,True,[]
대원산업 (3),5210A30846A,사급부품,2,0.0,116,116,1495,True,[]
대원산업 (3),5210AR3055S,사급부품,1,0.0,131,131,0,True,[]
대원산업 (3),5210a23089D,사급부품,1,0.0,264,264,0,True,[]
대원산업 (3),5210a23089a,사급부품,5,0.0,219,219,0,True,[]
대원산업 (3),5210a28001c,사급부품,2,0.0,390,390,0,True,[]
대원산업 (3),5224A200002V,사급부품,1,0.0,626,626,0,True,[]
대원산업 (3),5224A20002P,사급부품,3,0.0,2278,2278,0,True,[]
대원산업 (3),5224A20002T,사급부품,1,0.0,853,853,0,True,[]
대원산업 (3),5224A20002W,사급부품,1,0.0,1018,1018,0,True,[]
대원산업 (3),5224A20005A,사급부품,2,0.0,2959,2959,0,True,[]
대원산업 (3),5224A20005F,사급부품,6,0.0,2959,2959,0,True,[]
대원산업 (3),5224A20005G,사급부품,3,0.0,620,620,0,True,[]
대원산업 (3),5224A20005J,사급부품,3,0.0,1008,1008,0,True,[]
대원산업 (3),5224A20005P,사급부품,2,0.0,2959,2959,0,True,[]
대원산업 (3),5410A21281K,사급부품,4,0.0,155,155,0,True,[]
대원산업 (3),AJJ30041801-SUB,사급부품,1,0.0,21580,21580,0,True,[]
대원산업 (3),AJJ30041802-SUB,사급부품,1,0.0,29810,29810,0,True,[]
대원산업 (3),AJJ30041901-SUB,사급부품,1,0.0,21580,21580,0,True,[]
대원산업 (3),AJJ30041902-SUB,사급부품,1,0.0,20926,20926,0,True,[]
대원산업 (3),AJJ75698803-SUB,사급부품,1,0.0,69792,69792,0,True,[]
대원산업 (3),AJJ75698804-SUB,사급부품,1,0.0,67623,67623,0,True,[]
대원산업 (3),AJJ76418701-SUB,사급부품,1,0.0,10618,10618,0,True,[]
대원산업 (3),AJJ76418702-SUB,사급부품,1,0.0,16288,16288,0,True,[]
대원산업 (3),AJJ76418703-SUB,사급부품,1,0.0,17143,17143,0,True,[]
대원산업 (3),AJJ76418704-SUB,사급부품,1,0.0,17143,17143,0,True,[]
대원산업 (3),AJJ76418705-SUB,사급부품,1,0.0,18377,18377,0,True,[]
대원산업 (3),AJJ76418706-SUB,사급부품,1,0.0,17143,17143,0,True,[]
대원산업 (3),AJJ76418707-SUB,사급부품,1,0.0,33316,33316,0,True,[]
대원산업 (3),AJJ76418720-SUB,사급부품,1,0.0,13167,13167,0,True,[]
대원산업 (3),AJJ76418721-SUB,사급부품,1,0.0,18137,18137,0,True,[]
대원산업 (3),AJJ76418722-SUB,사급부품,1,0.0,19692,19692,0,True,[]
대원산업 (3),AJJ76418723-SUB,사급부품,1,0.0,19692,19692,0,True,[]
대원산업 (3),AJJ76418724-SUB,사급부품,1,0.0,20926,20926,0,True,[]
대원산업 (3),AJJ76418725-SUB,사급부품,1,0.0,19692,19692,0,True,[]
대원산업 (3),AJJ76418727-SUB,사급부품,1,0.0,13167,13167,0,True,[]
대원산업 (3),AJJ76418728-SUB,사급부품,1,0.0,18837,18837,0,True,[]
대원산업 (3),AJJ76418729-SUB,사급부품,1,0.0,19692,19692,0,True,[]
대원산업 (3),AJJ76559001-SUB,사급부품,1,0.0,16321,16321,0,True,[]
대원산업 (3),AJJ76559002-SUB,사급부품,1,0.0,21991,21991,0,True,[]
대원산업 (3),AJJ76559003-SUB,사급부품,1,0.0,22846,22846,0,True,[]
대원산업 (3),AJJ76559004-SUB,사급부품,1,0.0,28576,28576,0,True,[]
대원산업 (3),AJJ76559005-SUB,사급부품,1,0.0,28576,28576,0,True,[]
대원산업 (3),AJJ76559006-SUB,사급부품,1,0.0,29810,29810,0,True,[]
대원산업 (3),AJJ76559007-SUB,사급부품,1,0.0,41806,41806,0,True,[]
대원산업 (3),AJJ76559008-SUB,사급부품,1,0.0,44128,44128,0,True,[]
대원산업 (3),AJJ76559009-SUB,사급부품,1,0.0,16321,16321,0,True,[]
대원산업 (3),AJJ76559010-SUB,사급부품,1,0.0,21991,21991,0,True,[]
대원산업 (3),AJJ76559011-SUB,사급부품,1,0.0,22846,22846,0,True,[]
대원산업 (3),AJJ76559012-SUB,사급부품,1,0.0,18154,18154,0,True,[]
대원산업 (3),AJJ76559013-SUB,사급부품,1,0.0,23824,23824,0,True,[]
대원산업 (3),AJJ76559014-SUB,사급부품,1,0.0,24679,24679,0,True,[]
대원산업 (3),AJJ76559015-SUB,사급부품,1,0.0,18401,18401,0,True,[]
대원산업 (3),AJJ76559016-SUB,사급부품,1,0.0,28576,28576,0,True,[]
대원산업 (3),AJJ76559017-SUB,사급부품,1,0.0,28576,28576,0,True,[]
대원산업 (3),AJJ76559102-SUB,사급부품,1,0.0,16321,16321,0,True,[]
대원산업 (3),AJJ76559103-SUB,사급부품,1,0.0,21991,21991,0,True,[]
대원산업 (3),AJJ76559106-SUB,사급부품,1,0.0,29810,29810,0,True,[]
대원산업 (3),AJJ76617501-SUB,사급부품,2,0.0,81440,81440,0,True,[]
대원산업 (3),AJR75605104,제작동관,1,0.0672,508,508,121,True,[0.0672]
대원산업 (3),AJR76442502-3-1,사급부품,1,0.0,1600,1600,0,True,[]
대원산업 (3),AJR76442502-삼화,사급부품,1,0.0,6127,6127,0,True,[]
대원산업 (3),AJU73472406,사급부품,1,0.0,13236,13236,0,True,[]
대원산업 (3),EBD60663821,사급부품,4,0.0,11200,11200,0,True,[]
대원산업 (3),EBF40271405,사급부품,2,0.0,3806,3806,0,True,[]
대원산업 (3),MBL68783301,사급부품,1,0.0,212,212,0,True,[]
대원산업 (3),MEG65680002,사급부품,2,0.0,48,48,0,True,[]
대원산업 (3),MEG65798802,사급부품,2,0.0,130,130,0,True,[]
대원산업 (3),MEG66660104,사급부품,3,0.0,62,62,0,True,[]
대원산업 (3),MEG66660106,사급부품,2,0.0,89,89,0,True,[]
대원산업 (3),MEV37586008,사급부품,6,0.0,310,310,0,True,[]
대원산업 (3),MEV37586009,사급부품,2,0.0,83,83,0,True,[]
대원산업 (3),MEV37586012,사급부품,2,0.0,102,102,0,True,[]
대원산업 (3),MEV37586015,사급부품,2,0.0,205,205,0,True,[]
대원산업 (3),MFN62721713,사급부품,1,0.0,321,321,0,True,[]
대원산업 (3),MJC62301701,사급부품,1,0.0,2959,2959,0,True,[]
대원산업 (3),MJC62301702,사급부품,5,0.0,2959,2959,0,True,[]
대원산업 (3),MJH56985702,사급부품,2,0.0,811,811,0,True,[]
대원산업 (3),MJR61841701,사급부품,1,0.0,17,17,0,True,[]
대원산업 (3),MJU00743201,제작동관,1,0.0252,190,190,55,True,[0.0252]
대원산업 (3),MJU00777211,제작동관,1,0.1639,3606,3606,361,True,[0.1639]
대원산업 (3),MJU00777401,사급부품,1,0.0,5130,5130,0,True,[]
대원산업 (3),MJU00777402,사급부품,2,0.0,2184,2184,0,True,[]
대원산업 (3),MJU00777404,사급부품,1,0.0,2266,2266,0,True,[]
대원산업 (3),MJU00777405,사급부품,2,0.0,2563,2563,0,True,[]
대원산업 (3),MJU00777406,제작동관,2,0.0363,799,799,135,True,[0.0363]
대원산업 (3),MJU30514504,사급부품,6,0.0,7499,7499,0,True,[]
대원산업 (3),MJU30589201,제작동관,1,0.0062,48,48,77,True,[0.0062]
대원산업 (3),MJU37361117,제작동관,1,0.0291,224,224,112,True,[0.0291]
대원산업 (3),MJU40306901,제작동관,1,0.0063,48,48,38,True,[0.0063]
대원산업 (3),MJU40306902,제작동관,1,0.0122,94,94,59,True,[0.0122]
대원산업 (3),MJU40306903,제작동관,1,0.0114,88,88,59,True,[0.0114]
대원산업 (3),MJU40306907,제작동관,1,0.0213,165,165,66,True,[0.0213]
대원산업 (3),MJU40307301,사급부품,1,0.0,0,0,0,True,[]
대원산업 (3),MJU40307901,사급부품,1,0.0,0,0,0,True,[]
대원산업 (3),MJU40308101,사급부품,1,0.0,0,0,0,True,[]
대원산업 (3),MJU40308701,사급부품,1,0.0,0,0,0,True,[]
대원산업 (3),MJU40313204,제작동관,1,0.056,424,424,104,True,[0.056]
대원산업 (3),MJU42271904,사급부품,1,0.0,1651,1651,0,True,[]
대원산업 (3),MJU42282703,제작동관,1,0.0198,152,152,74,True,[0.0198]
대원산업 (3),MJU42756510,제작동관,1,0.0216,166,166,100,True,[0.0216]
대원산업 (3),MJU42805405,사급부품,1,0.0,178,178,0,True,[]
대원산업 (3),MJU42805406,사급부품,1,0.0,153,153,0,True,[]
대원산업 (3),MJU42805410,사급부품,1,0.0,227,227,0,True,[]
대원산업 (3),MJU47312206,제작동관,1,0.0362,273,273,53,True,[0.0362]
대원산업 (3),MJU47312220,제작동관,7,0.0579,437,488,78,False,"[0.0579, 0.0647]"
대원산업 (3),MJU47978301,제작동관,1,0.0163,125,125,100,True,[0.0163]
대원산업 (3),MJU47978302,제작동관,1,0.0158,121,121,100,True,[0.0158]
대원산업 (3),MJU47978401,제작동관,1,0.0549,415,415,151,True,[0.0549]
대원산업 (3),MJU48000801,제작동관,1,0.0213,164,164,120,True,[0.0213]
대원산업 (3),MJU48000901,제작동관,1,0.0219,168,168,120,True,[0.0219]
대원산업 (3),MJU48001001,제작동관,1,0.0183,141,141,118,True,[0.0183]
대원산업 (3),MJU54397502,제작동관,1,0.1414,1068,1068,188,True,[0.1414]
대원산업 (3),MJU54397505,제작동관,1,0.0924,698,698,138,True,[0.0924]
대원산업 (3),MJU56925101,사급부품,1,0.0,0,0,344,True,[]
대원산업 (3),MJU56925302,사급부품,1,0.0,0,0,407,True,[]
대원산업 (3),MJU56925303,사급부품,1,0.0,0,0,353,True,[]
대원산업 (3),MJU56925401,사급부품,1,0.0,0,0,297,True,[]
대원산업 (3),MJU57152601,제작동관,1,0.0361,274,274,127,True,[0.0361]
대원산업 (3),MJU57152702,제작동관,1,0.0389,294,294,137,True,[0.0389]
대원산업 (3),MJU58941310,제작동관,1,0.0193,148,148,132,True,[0.0193]
대원산업 (3),MJU61942802,제작동관,1,0.0065,49,49,43,True,[0.0065]
대원산업 (3),MJU61943601,사급부품,2,0.0,0,0,1112,True,[]
대원산업 (3),MJU61943608,사급부품,1,0.0,0,0,1015,True,[]
대원산업 (3),MJU61986601,제작동관,1,0.0226,174,174,84,True,[0.0226]
대원산업 (3),MJU61986701,제작동관,2,0.0221,170,171,83,False,"[0.022, 0.0221]"
대원산업 (3),MJU61986801,제작동관,2,0.0245,188,189,85,False,"[0.0243, 0.0245]"
대원산업 (3),MJU61986901,사급부품,1,0.0,1358,1358,0,True,[]
대원산업 (3),MJU61986903,사급부품,1,0.0,815,815,0,True,[]
대원산업 (3),MJU61987001,사급부품/제작동관,2,0.3539,2672,4968,359,True,[0.3539]
대원산업 (3),MJU61987101,사급부품,1,0.0,5703,5703,0,True,[]
대원산업 (3),MJU61987103,사급부품,1,0.0,4011,4011,0,True,[]
대원산업 (3),MJU61987301,제작동관,2,0.0245,188,189,85,False,"[0.0243, 0.0245]"
대원산업 (3),MJU62207801,제작동관,1,0.0185,142,142,110,True,[0.0185]
대원산업 (3),MJU62207802,제작동관,1,0.0099,76,76,75,True,[0.0099]
대원산업 (3),MJU62356410,제작동관,1,0.0128,98,98,49,True,[0.0128]
대원산업 (3),MJU62393806,제작동관,1,0.0875,662,662,185,True,[0.0875]
대원산업 (3),MJU62491908,제작동관,1,0.0158,121,121,62,True,[0.0158]
대원산업 (3),MJU62792001,제작동관,1,0.0869,657,657,185,True,[0.0869]
대원산업 (3),MJU62822001,사급부품,3,0.0,0,0,829,True,[]
대원산업 (3),MJU62822002,사급부품,3,0.0,0,0,921,True,[]
대원산업 (3),MJU62822003,사급부품,3,0.0,0,0,855,True,[]
대원산업 (3),MJU62823101,사급부품,3,0.0,730,757,0,True,[]
대원산업 (3),MJU62823102,사급부품,1,0.0,686,686,0,True,[]
대원산업 (3),MJU62907937,제작동관,1,0.0087,67,67,50,True,[0.0087]
대원산업 (3),MJU62915301,제작동관,1,0.1984,1500,1500,208,True,[0.1984]
대원산업 (3),MJU62915302,제작동관,1,0.1835,1387,1387,198,True,[0.1835]
대원산업 (3),MJU62987402,사급부품,4,0.0,341,341,0,True,[]
대원산업 (3),MJU63000401,제작동관,1,0.0099,76,76,77,True,[0.0099]
대원산업 (3),MJU63000402,제작동관,1,0.0103,79,79,77,True,[0.0103]
대원산업 (3),MJU63000403,제작동관,1,0.0143,109,109,80,True,[0.0143]
대원산업 (3),MJU63000501,제작동관,1,0.0227,174,174,143,True,[0.0227]
대원산업 (3),MJU63073601,제작동관,1,0.0405,311,311,111,True,[0.0405]
대원산업 (3),MJU63073602,제작동관,3,0.0206,158,158,82,True,[0.0206]
대원산업 (3),MJU63073605,제작동관,1,0.0534,405,405,122,True,[0.0534]
대원산업 (3),MJU63073606,제작동관,1,0.0113,86,86,44,True,[0.0113]
대원산업 (3),MJU63152609,사급부품,1,0.0,1132,1132,0,True,[]
대원산업 (3),MJU63406904,제작동관,1,0.2266,1713,1713,298,True,[0.2266]
대원산업 (3),MJU63436501,제작동관,1,0.0177,136,136,87,True,[0.0177]
대원산업 (3),MJU63436902,제작동관,1,0.1165,898,898,156,True,[0.1165]
대원산업 (3),MJU63447304,제작동관,1,0.0243,184,184,77,True,[0.0243]
대원산업 (3),MJU63479302,사급부품,2,0.0,169,169,0,True,[]
대원산업 (3),MJU63480401,사급부품/제작동관,2,0.0076,60,198,56,True,[0.0076]
대원산업 (3),MJU63480402,사급부품/제작동관,2,0.0101,80,217,44,True,[0.0101]
대원산업 (3),MJU63509811,제작동관,1,0.1861,1405,1405,366,True,[0.1861]
대원산업 (3),MJU63512501,사급부품,1,0.0,815,815,0,True,[]
대원산업 (3),MJU63512505,사급부품,1,0.0,902,902,0,True,[]
대원산업 (3),MJU63512506,사급부품,1,0.0,912,912,0,True,[]
대원산업 (3),MJU63512507,사급부품,1,0.0,1251,1251,0,True,[]
대원산업 (3),MJU63512511,사급부품,1,0.0,2676,2676,0,True,[]
대원산업 (3),MJU63512514,사급부품,1,0.0,3192,3192,0,True,[]
대원산업 (3),MJU63512516,사급부품,4,0.0,721,791,0,True,[]
대원산업 (3),MJU63512601,사급부품,1,0.0,805,805,0,True,[]
대원산업 (3),MJU63512602,사급부품,1,0.0,846,846,0,True,[]
대원산업 (3),MJU63626311,사급부품/제작동관,2,0.0066,50,110,59,True,[0.0066]
대원산업 (3),MJU63648301,제작동관,1,0.0188,145,145,88,True,[0.0188]
대원산업 (3),MJU63648302,제작동관,1,0.022,170,170,107,True,[0.022]
대원산업 (3),MJU63648303,제작동관,1,0.0194,149,149,88,True,[0.0194]
대원산업 (3),MJU63648304,제작동관,1,0.0209,161,161,89,True,[0.0209]
대원산업 (3),MJU63711305,사급부품,2,0.0,127,127,0,True,[]
대원산업 (3),MJU63732901,사급부품,1,0.0,0,0,403,True,[]
대원산업 (3),MJU63748402,제작동관,2,0.0065,50,51,45,False,"[0.0065, 0.0066]"
대원산업 (3),MJU63748409,사급부품,1,0.0,1299,1299,0,True,[]
대원산업 (3),MJU63748410,제작동관,2,0.0151,114,116,66,False,"[0.0147, 0.0151]"
대원산업 (3),MJU63748506,사급부품,1,0.0,1923,1923,0,True,[]
대원산업 (3),MJU63756101,제작동관,2,0.0899,1798,1798,253,True,[0.0899]
대원산업 (3),MJU63756103,제작동관,2,0.0899,1798,1798,241,True,[0.0899]
대원산업 (3),MJU63756201,제작동관,1,0.0438,336,336,132,True,[0.0438]
대원산업 (3),MJU63768601,제작동관,1,0.0133,102,102,77,True,[0.0133]
대원산업 (3),MJU63768701,제작동관,1,0.0059,46,46,55,True,[0.0059]
대원산업 (3),MJU63770701,제작동관,1,0.0168,129,129,82,True,[0.0168]
대원산업 (3),MJU63788201,제작동관,1,0.0101,77,77,60,True,[0.0101]
대원산업 (3),MJU63846101,제작동관,1,0.0154,118,118,62,True,[0.0154]
대원산업 (3),MJU63927401,제작동관,1,0.0134,103,103,86,True,[0.0134]
대원산업 (3),MJU64287009,사급부품,1,0.0,0,0,0,True,[]
대원산업 (3),MJU64328307,제작동관,1,0.0247,189,189,97,True,[0.0247]
대원산업 (3),MJU64328310,제작동관,1,0.0176,135,135,61,True,[0.0176]
대원산업 (3),MJU64431914,사급부품,1,0.0,0,0,0,True,[]
대원산업 (3),MJU64431915,사급부품,1,0.0,0,0,0,True,[]
대원산업 (3),MJU64431916,사급부품,1,0.0,0,0,0,True,[]
대원산업 (3),MJU64433003,사급부품,5,0.0,405,405,0,True,[]
대원산업 (3),MJU64727601-1,사급부품,1,0.0,457,457,0,True,[]
대원산업 (3),MJU64727602-1,사급부품,1,0.0,567,567,0,True,[]
대원산업 (3),MJU64727701-1,사급부품,1,0.0,730,730,0,True,[]
대원산업 (3),MJU64727702-1,사급부품,1,0.0,825,825,0,True,[]
대원산업 (3),MJU64727801-1,사급부품,1,0.0,1015,1015,0,True,[]
대원산업 (3),MJU64727802-1,사급부품,1,0.0,1089,1089,0,True,[]
대원산업 (3),MJU64727901-1,사급부품,1,0.0,1333,1333,0,True,[]
대원산업 (3),MJU64727902-1,사급부품,1,0.0,1428,1428,0,True,[]
대원산업 (3),MJU64728001-1,사급부품,1,0.0,1370,1370,0,True,[]
대원산업 (3),MJU64728002-1,사급부품,1,0.0,1461,1461,0,True,[]
대원산업 (3),MJU64728101-1,사급부품,1,0.0,1586,1586,0,True,[]
대원산업 (3),MJU64728102-1,사급부품,1,0.0,1696,1696,0,True,[]
대원산업 (3),MJU64794001,사급부품,1,0.0,0,0,604,True,[]
대원산업 (3),MJU64794401,사급부품,1,0.0,0,0,282,True,[]
대원산업 (3),MJU64794402,사급부품,3,0.0,0,0,265,True,[]
대원산업 (3),MJU64794403,제작동관,4,0.0074,57,57,71,True,[0.0074]
대원산업 (3),MJU64794404,제작동관,2,0.0096,73,73,72,True,[0.0096]
대원산업 (3),MJU64794405,제작동관,2,0.0208,160,160,118,True,[0.0208]
대원산업 (3),MJU64809907,제작동관,1,0.0705,560,560,91,True,[0.0705]
대원산업 (3),MJU64809908,제작동관,1,0.0763,606,606,95,True,[0.0763]
대원산업 (3),MJU64809909,제작동관,1,0.0822,653,653,100,True,[0.0822]
대원산업 (3),MJU64809910,제작동관,1,0.0982,779,779,111,True,[0.0982]
대원산업 (3),MJU64809911,제작동관,1,0.1075,853,853,118,True,[0.1075]
대원산업 (3),MJU64809917,제작동관,1,0.0088,70,70,45,True,[0.0088]
대원산업 (3),MJU64857301,제작동관,1,0.0634,504,504,248,True,[0.0634]
대원산업 (3),MJU64857401,제작동관,1,0.0768,610,610,266,True,[0.0768]
대원산업 (3),MJU64867606,제작동관,1,0.1137,877,877,143,True,[0.1137]
대원산업 (3),MJU64867607,제작동관,1,0.0574,434,434,108,True,[0.0574]
대원산업 (3),MJU64867609,제작동관,2,0.2,1515,1515,273,True,[0.2]
대원산업 (3),MJU64867610,제작동관,2,0.0292,221,221,81,True,[0.0292]
대원산업 (3),MJU64867626,제작동관,1,0.1952,1478,1478,270,True,[0.1952]
대원산업 (3),MJU64867701,제작동관,1,0.0665,502,502,150,True,[0.0665]
대원산업 (3),MJU64873802,사급부품,2,0.0,239,239,0,True,[]
대원산업 (3),MJU64873803,사급부품,2,0.0,296,296,0,True,[]
대원산업 (3),MJU64873804,사급부품,2,0.0,340,340,0,True,[]
대원산업 (3),MJU64873805,사급부품,2,0.0,373,373,0,True,[]
대원산업 (3),MJU64873807,사급부품,2,0.0,253,253,0,True,[]
대원산업 (3),MJU64921201,사급부품,3,0.0,0,0,680,True,[]
대원산업 (3),MJU64927101,제작동관,1,0.0245,188,188,73,True,[0.0245]
대원산업 (3),MJU64927102,제작동관,1,0.0245,188,188,73,True,[0.0245]
대원산업 (3),MJU64927103,제작동관,1,0.0203,156,156,72,True,[0.0203]
대원산업 (3),MJU64927104,제작동관,1,0.0203,156,156,72,True,[0.0203]
대원산업 (3),MJU64927201,사급부품,1,0.0,797,797,0,True,[]
대원산업 (3),MJU64963001,제작동관,1,0.0159,122,122,97,True,[0.0159]
대원산업 (3),MJU64987004,제작동관,1,0.0803,608,608,172,True,[0.0803]
대원산업 (3),MJU64988601,제작동관,1,0.2082,1574,1574,285,True,[0.2082]
대원산업 (3),MJU65026601,사급부품,3,0.0,3460,3460,0,True,[]
대원산업 (3),MJU65029701,제작동관,1,0.0307,236,236,106,True,[0.0307]
대원산업 (3),MJU65032902,제작동관,1,0.1004,761,761,84,True,[0.1004]
대원산업 (3),MJU65033004,제작동관,1,0.0062,48,48,36,True,[0.0062]
대원산업 (3),MJU65033014,제작동관,1,0.0157,125,125,67,True,[0.0157]
대원산업 (3),MJU65033015,제작동관,1,0.0089,71,71,200,True,[0.0089]
대원산업 (3),MJU65033016,제작동관,1,0.0118,94,94,202,True,[0.0118]
대원산업 (3),MJU65034225,제작동관,2,0.077,579,582,133,False,"[0.0765, 0.077]"
대원산업 (3),MJU65048401,제작동관,1,0.0157,313,313,54,True,[0.0157]
대원산업 (3),MJU65149402,제작동관,1,0.0619,468,468,134,True,[0.0619]
대원산업 (3),MJU65512601,사급부품,1,0.0,7902,7902,0,True,[]
대원산업 (3),MJU65516603,사급부품,1,0.0,255,255,0,True,[]
대원산업 (3),MJU65516626,제작동관,1,0.0068,52,52,36,True,[0.0068]
대원산업 (3),MJU65521402,제작동관,2,0.0275,207,215,71,False,"[0.0275, 0.0285]"
대원산업 (3),MJU65587701,제작동관,3,0.0181,137,363,61,True,[0.0181]
대원산업 (3),MJU65587801,제작동관,3,0.1004,758,2008,231,True,[0.1004]
대원산업 (3),MJU65587802,제작동관,2,0.1004,758,2008,231,True,[0.1004]
대원산업 (3),MJU65626403,제작동관,1,0.0171,129,129,49,True,[0.0171]
대원산업 (3),MJU65626404,제작동관,1,0.0201,152,152,46,True,[0.0201]
대원산업 (3),MJU65626405,제작동관,1,0.0365,276,276,76,True,[0.0365]
대원산업 (3),MJU65626509,제작동관,2,0.0339,256,256,55,True,[0.0339]
대원산업 (3),MJU65707409,제작동관,1,0.1243,938,938,153,True,[0.1243]
대원산업 (3),MJU65707410,제작동관,1,0.0457,346,346,99,True,[0.0457]
대원산업 (3),MJU65707414,제작동관,1,0.092,697,697,148,True,[0.092]
대원산업 (3),MJU65707421,제작동관,3,0.1143,866,866,172,True,[0.1143]
대원산업 (3),MJU65707426,제작동관,1,0.1134,859,859,171,True,[0.1134]
대원산업 (3),MJU65789103,사급부품,1,0.0,4714,4714,0,True,[]
대원산업 (3),MJU65789104,사급부품,1,0.0,1297,1297,0,True,[]
대원산업 (3),MJU65868002,사급부품,1,0.0,768,768,0,True,[]
대원산업 (3),MJU65868003,사급부품,1,0.0,1197,1197,0,True,[]
대원산업 (3),MJU65868004,사급부품,1,0.0,480,480,0,True,[]
대원산업 (3),MJU65868007,제작동관,1,0.0648,491,491,112,True,[0.0648]
대원산업 (3),MJU65868008,제작동관,1,0.0638,483,483,126,True,[0.0638]
대원산업 (3),MJU65868009,제작동관,1,0.0397,301,301,112,True,[0.0397]
대원산업 (3),MJU66126401,제작동관,1,0.0518,391,391,91,True,[0.0518]
대원산업 (3),MJU66166603,제작동관,1,0.5216,3927,3927,394,True,[0.5216]
대원산업 (3),MJU66166606,제작동관,1,0.2718,2052,2052,252,True,[0.2718]
대원산업 (3),MJU66166607,제작동관,1,0.2718,2052,2052,252,True,[0.2718]
대원산업 (3),MJU66166608,제작동관,2,0.1666,211,1255,143,True,[0.1666]
대원산업 (3),MJU66166611,제작동관,1,1.2403,9364,9364,790,True,[1.2403]
대원산업 (3),MJU66166620,제작동관,2,0.7448,4185,5608,456,True,[0.7448]
대원산업 (3),MJU66166622,제작동관,1,0.6279,4728,4728,466,True,[0.6279]
대원산업 (3),MJU66266604,제작동관,2,0.2072,1564,1564,244,True,[0.2072]
대원산업 (3),MJU66266606,제작동관,1,0.292,2205,2205,300,True,[0.292]
대원산업 (3),MJU66266610,제작동관,1,0.2622,1979,1979,268,True,[0.2622]
대원산업 (3),MJU66266701,제작동관,2,0.1028,776,776,121,True,[0.1028]
대원산업 (3),MJU66466701,제작동관,1,0.0286,220,220,90,True,[0.0286]
대원산업 (3),MJU66466801,제작동관,1,0.0258,198,198,88,True,[0.0258]
대원산업 (3),MJU66466901,제작동관,1,0.0239,184,184,70,True,[0.0239]
대원산업 (3),MJU66467001,제작동관,1,0.0289,222,222,90,True,[0.0289]
대원산업 (3),MJU66467101,사급부품,1,0.0,7380,7380,0,True,[]
대원산업 (3),MJU66467201,제작동관,1,0.0239,184,184,70,True,[0.0239]
대원산업 (3),MJU66467301,제작동관,1,0.0252,193,193,88,True,[0.0252]
대원산업 (3),MJU66467401,제작동관,1,0.0289,222,222,90,True,[0.0289]
대원산업 (3),MJU66467501,제작동관,1,0.0323,247,247,93,True,[0.0323]
대원산업 (3),MJU66478101,사급부품,1,0.0,3096,3096,0,True,[]
대원산업 (3),MJU66478102,사급부품,2,0.0,3466,3466,0,True,[]
대원산업 (3),MJU66478103,사급부품,3,0.0,3188,3585,0,True,[]
대원산업 (3),MJU66478104,사급부품,8,0.0,2325,2325,0,True,[]
대원산업 (3),MJU66478105,사급부품,1,0.0,2655,2655,0,True,[]
대원산업 (3),MJU66478114,사급부품,4,0.0,3160,3544,0,True,[]
대원산업 (3),MJU66478115,사급부품,6,0.0,3512,3512,0,True,[]
대원산업 (3),MJU66478201,사급부품,11,0.0,368,368,0,True,[]
대원산업 (3),MJU66478202,사급부품,6,0.0,465,465,0,True,[]
대원산업 (3),MJU66478203,사급부품,6,0.0,454,454,0,True,[]
대원산업 (3),MJU66478204,사급부품,6,0.0,473,473,0,True,[]
대원산업 (3),MJU66478205,사급부품,1,0.0,1734,1734,0,True,[]
대원산업 (3),MJU66478501,제작동관,3,0.0171,129,342,43,True,[0.0171]
대원산업 (3),MJU66478701,제작동관,3,0.1466,1107,1110,159,False,"[0.1466, 0.147]"
대원산업 (3),MJU66479001,제작동관,1,0.01,76,76,43,True,[0.01]
대원산업 (3),MJU66479101,제작동관,2,0.0582,440,440,103,True,[0.0582]
대원산업 (3),MJU66479301,제작동관,2,0.1473,1113,1113,222,True,[0.1473]
대원산업 (3),MJU66507003,사급부품,1,0.0,1389,1389,0,True,[]
대원산업 (3),MJU66507023,제작동관,1,0.0514,388,388,95,True,[0.0514]
대원산업 (3),MJU66749006,사급부품/제작동관,3,0.049,342,370,0,True,[0.049]
대원산업 (3),MJU66749301,사급부품,4,0.0,850,850,0,True,[]
대원산업 (3),MJU66749501,사급부품,1,0.0,2466,2466,0,True,[]
대원산업 (3),MJU66749505,사급부품,1,0.0,950,950,0,True,[]
대원산업 (3),MJU66763402,사급부품,10,0.0,2960,3165,0,True,[]
대원산업 (3),MJU66763404,사급부품,1,0.0,3021,3021,0,True,[]
대원산업 (3),MJU66763405,사급부품,2,0.0,3069,3069,0,True,[]
대원산업 (3),MJU66763501,사급부품,2,0.0,338,338,0,True,[]
대원산업 (3),MJU66763502,사급부품,1,0.0,294,294,0,True,[]
대원산업 (3),MJU66763603,사급부품,2,0.0,4496,5050,0,True,[]
대원산업 (3),MJU66763702,사급부품,5,0.0,2400,5306,0,True,[]
대원산업 (3),MJU66763703,사급부품,1,0.0,3267,3267,0,True,[]
대원산업 (3),MJU66763704,사급부품,1,0.0,2400,2400,0,True,[]
대원산업 (3),MJU66763801,사급부품,1,0.0,3247,3247,0,True,[]
대원산업 (3),MJU66773201,사급부품,1,0.0,818,818,0,True,[]
대원산업 (3),MJU66773701,제작동관,1,0.0931,704,704,153,True,[0.0931]
대원산업 (3),MJU66774702,사급부품,1,0.0,3095,3095,0,True,[]
대원산업 (3),MJU66798701,제작동관,1,0.2076,1567,1567,506,True,[0.2076]
대원산업 (3),MJU66798702,제작동관,2,0.1804,1362,1362,196,True,[0.1804]
대원산업 (3),MJU66798703,사급부품,1,0.0,2133,2133,0,True,[]
대원산업 (3),MJU66798704,제작동관,3,0.0476,360,360,73,True,[0.0476]
대원산업 (3),MJU66798801,제작동관,1,0.3866,2919,2919,665,True,[0.3866]
대원산업 (3),MJU66798802,제작동관,2,0.3267,2467,2467,313,True,[0.3267]
대원산업 (3),MJU66798803,사급부품,1,0.0,3552,3552,0,True,[]
대원산업 (3),MJU66798901,사급부품,2,0.0,1452,1452,0,True,[]
대원산업 (3),MJU66799003,사급부품,1,0.0,585,585,0,True,[]
대원산업 (3),MJU66799101,사급부품,1,0.0,2089,2089,0,True,[]
대원산업 (3),MJU66799102,사급부품,2,0.0,1876,1876,0,True,[]
대원산업 (3),MJU66799103,사급부품,1,0.0,2699,2699,0,True,[]
대원산업 (3),MJU66799201,사급부품,2,0.0,889,889,0,True,[]
대원산업 (3),MJU66799202,사급부품,2,0.0,2989,2989,0,True,[]
대원산업 (3),MJU66799203,사급부품,1,0.0,3962,3962,0,True,[]
대원산업 (3),MJU66799204,사급부품,2,0.0,2035,2035,0,True,[]
대원산업 (3),MJU66799206,사급부품,1,0.0,3999,3999,0,True,[]
대원산업 (3),MJU66799402,사급부품,2,0.0,3524,3524,0,True,[]
대원산업 (3),MJU66799403,사급부품,2,0.0,2768,2768,0,True,[]
대원산업 (3),MJU66799404,사급부품,2,0.0,4021,4021,0,True,[]
대원산업 (3),MJU66799405,사급부품,2,0.0,739,739,0,True,[]
대원산업 (3),MJU66799406,사급부품,2,0.0,4771,4771,0,True,[]
대원산업 (3),MJU66799408,사급부품,2,0.0,3385,3385,0,True,[]
대원산업 (3),MJU66799501,제작동관,3,0.0817,617,617,94,True,[0.0817]
대원산업 (3),MJU66799601,사급부품,2,0.0,982,982,0,True,[]
대원산업 (3),MJU66799602,사급부품,2,0.0,737,737,0,True,[]
대원산업 (3),MJU66800301,사급부품,1,0.0,1246,1246,0,True,[]
대원산업 (3),MJU66800302,사급부품,1,0.0,2236,2236,0,True,[]
대원산업 (3),MJU66800303,사급부품,1,0.0,318,318,0,True,[]
대원산업 (3),MJU66800402,사급부품/제작동관,2,0.2859,2158,2330,279,True,[0.2859]
대원산업 (3),MJU66800403,사급부품/제작동관,4,0.1334,904,1007,131,False,"[0.1198, 0.1334]"
대원산업 (3),MJU66800404,사급부품/제작동관,2,0.1872,1413,1696,194,True,[0.1872]
대원산업 (3),MJU66800405,사급부품/제작동관,2,0.2859,2158,2373,291,True,[0.2859]
대원산업 (3),MJU66801001,제작동관,3,0.2144,1619,1619,402,True,[0.2144]
대원산업 (3),MJU66805602,제작동관,1,0.0229,177,177,91,True,[0.0229]
대원산업 (3),MJU66805603,제작동관,1,0.0247,190,190,92,True,[0.0247]
대원산업 (3),MJU66805604,제작동관,1,0.0289,223,223,95,True,[0.0289]
대원산업 (3),MJU66805605,제작동관,1,0.0303,234,234,113,True,[0.0303]
대원산업 (3),MJU66805607,제작동관,1,0.0279,215,215,94,True,[0.0279]
대원산업 (3),MJU66805608,제작동관,1,0.0292,225,225,95,True,[0.0292]
대원산업 (3),MJU66810701,제작동관,1,0.241,1820,1820,296,True,[0.241]
대원산업 (3),MJU66810702,제작동관,1,0.2661,2009,2009,240,True,[0.2661]
대원산업 (3),MJU66818901,제작동관,1,0.0156,118,118,49,True,[0.0156]
대원산업 (3),MJU66823801,제작동관,1,0.0566,449,449,99,True,[0.0566]
대원산업 (3),MJU66823802,제작동관,1,0.0491,390,390,93,True,[0.0491]
대원산업 (3),MJU66823803,제작동관,1,0.0491,390,390,93,True,[0.0491]
대원산업 (3),MJU66823804,제작동관,1,0.0378,300,300,85,True,[0.0378]
대원산업 (3),MJU66823805,제작동관,1,0.0566,449,449,99,True,[0.0566]
대원산업 (3),MJU66823806,제작동관,1,0.0491,390,390,93,True,[0.0491]
대원산업 (3),MJU66823807,제작동관,1,0.0378,300,300,85,True,[0.0378]
대원산업 (3),MJU66823808,제작동관,1,0.0491,390,390,93,True,[0.0491]
대원산업 (3),MJU66823809,제작동관,1,0.0378,300,300,85,True,[0.0378]
대원산업 (3),MJU66823810,제작동관,1,0.0378,300,300,85,True,[0.0378]
대원산업 (3),MJU66824401,제작동관,1,0.032,254,254,93,True,[0.032]
대원산업 (3),MJU66824402,제작동관,1,0.0252,200,200,88,True,[0.0252]
대원산업 (3),MJU66824403,제작동관,1,0.0252,200,200,88,True,[0.0252]
대원산업 (3),MJU66824404,제작동관,1,0.032,254,254,93,True,[0.032]
대원산업 (3),MJU66824405,제작동관,1,0.0485,385,385,129,True,[0.0485]
대원산업 (3),MJU66824406,제작동관,1,0.0485,385,385,129,True,[0.0485]
대원산업 (3),MJU66824407,제작동관,1,0.0365,290,290,97,True,[0.0365]
대원산업 (3),MJU66824408,제작동관,1,0.032,254,254,93,True,[0.032]
대원산업 (3),MJU66824409,제작동관,1,0.041,325,325,100,True,[0.041]
대원산업 (3),MJU66824410,제작동관,1,0.0387,307,307,98,True,[0.0387]
대원산업 (3),MJU66824411,제작동관,1,0.0522,415,415,108,True,[0.0522]
대원산업 (3),MJU66824412-6-1,사급부품,1,0.0,0,0,532,True,[]
대원산업 (3),MJU66824501,제작동관,2,0.0149,108,112,42,False,"[0.0144, 0.0149]"
대원산업 (3),MJU66824901,제작동관,1,0.0215,163,163,55,True,[0.0215]
대원산업 (3),MJU66824902,제작동관,1,0.0264,200,200,93,True,[0.0264]
대원산업 (3),MJU66824903,제작동관,1,0.0241,183,183,91,True,[0.0241]
대원산업 (3),MJU66824904,제작동관,1,0.0222,168,168,90,True,[0.0222]
대원산업 (3),MJU66824905,제작동관,1,0.03,227,227,95,True,[0.03]
대원산업 (3),MJU66825001,제작동관,1,0.0342,272,272,83,True,[0.0342]
대원산업 (3),MJU66825002,제작동관,1,0.0342,272,272,83,True,[0.0342]
대원산업 (3),MJU66825003,제작동관,1,0.0342,272,272,83,True,[0.0342]
대원산업 (3),MJU66825004,제작동관,1,0.0342,272,272,95,True,[0.0342]
대원산업 (3),MJU66825005,제작동관,1,0.0342,272,272,95,True,[0.0342]
대원산업 (3),MJU66825006,제작동관,1,0.0342,272,272,95,True,[0.0342]
대원산업 (3),MJU66825402,제작동관,1,0.0159,120,120,43,True,[0.0159]
대원산업 (3),MJU66829601,제작동관,1,0.0131,99,99,50,True,[0.0131]
대원산업 (3),MJU66829701,제작동관,1,0.072,544,544,124,True,[0.072]
대원산업 (3),MJU66845401,사급부품,1,0.0,1168,1168,0,True,[]
대원산업 (3),MJU66845402,사급부품,1,0.0,1478,1478,0,True,[]
대원산업 (3),MJU66890101,제작동관,1,0.0356,270,270,134,True,[0.0356]
대원산업 (3),MJU66900501,제작동관,1,0.0836,645,645,198,True,[0.0836]
대원산업 (3),MJU66904601,제작동관,1,0.0398,301,301,64,True,[0.0398]
대원산업 (3),MJU66909502,제작동관,1,0.241,1820,1820,301,True,[0.241]
대원산업 (3),MJU66914001,제작동관,1,0.0312,240,240,106,True,[0.0312]
대원산업 (3),MJU66914201,제작동관,1,0.0286,220,220,105,True,[0.0286]
대원산업 (3),MJU66929504,제작동관,1,0.0166,216,216,137,True,[0.0166]
대원산업 (3),MJU66930201,사급부품,2,0.0,6467,6467,0,True,[]
대원산업 (3),MJU66930202,사급부품,2,0.0,1796,1796,0,True,[]
대원산업 (3),MJU66930301,제작동관,5,0.0061,78,78,41,True,[0.0061]
대원산업 (3),MJU66930302,사급부품,2,0.0,2143,2143,0,True,[]
대원산업 (3),MJU66945401,사급부품,2,0.0,4165,4165,0,True,[]
대원산업 (3),MJU66958401,제작동관,1,0.0317,240,240,91,True,[0.0317]
대원산업 (3),MJU66998903,제작동관,1,0.0342,259,259,95,True,[0.0342]
대원산업 (3),MJU66999003,제작동관,1,0.0246,186,186,55,True,[0.0246]
대원산업 (3),MJU67029602,제작동관,1,0.0115,149,149,80,True,[0.0115]
대원산업 (3),MJU67029603,제작동관,1,0.0051,67,67,57,True,[0.0051]
대원산업 (3),MJUI65587802,제작동관,1,0.1004,2008,2008,231,True,[0.1004]
대원산업 (3),MJX62771705,사급부품,2,0.0,3483,3483,0,True,[]
대원산업 (3),MJX63932301,사급부품,1,0.0,859,859,0,True,[]
대원산업 (3),MJX63932302,사급부품,1,0.0,1434,1434,0,True,[]
대원산업 (3),MJX63932303,사급부품,1,0.0,1715,1715,0,True,[]
대원산업 (3),MJX63932313,사급부품,1,0.0,1060,1060,0,True,[]
대원산업 (3),MJX63932314,사급부품,1,0.0,878,878,0,True,[]
대원산업 (3),MJX63932315,사급부품,1,0.0,1572,1572,0,True,[]
대원산업 (3),MJX64911402,사급부품,1,0.0,741,741,0,True,[]
대원산업 (3),PVCTUBE,사급부품,1,0.0,58,58,0,True,[]
대원산업 (3),RAC30599303,용접봉,137,0.0,21100,21100,386,True,[]
대원산업 (3),T-C01411262,제작동관,1,0.3357,2527,2527,334,True,[0.3357]
대원산업 (3),mju39704601,사급부품,1,0.0,368,368,0,True,[]
대원산업 (3),mju66478101,사급부품,2,0.0,3096,3476,0,True,[]
대원산업 (3),mju66478102,사급부품,4,0.0,3466,3466,0,True,[]
대원산업 (3),mju66478103,사급부품,2,0.0,3188,3188,0,True,[]
대원산업 (3),열수축 튜브,사급부품,2,0.0,55,55,0,True,[]
대원산업 (3),절연테이프,사급부품,8,0.0,1050,1050,0,True,[]
대원산업 (3),튜브,사급부품,2,0.0,17,60,0,True,[]
명진산업 (2),(5210A21628B),사급부품,1,0.0,0,0,1379,True,[]
명진산업 (2),3E92334R,사급부품,1,0.0,0,0,975,True,[]
명진산업 (2),3H01582A,사급부품,1,0.0,17,17,0,True,[]
명진산업 (2),3H02717A,사급부품,1,0.0,176,176,0,True,[]
명진산업 (2),5210A13011G,제작동관,1,0.0123,98,98,86,True,[0.0123]
명진산업 (2),5210A13011H,제작동관,1,0.0101,80,80,109,True,[0.0101]
명진산업 (2),5210A13011J,제작동관,1,0.0119,94,94,110,True,[0.0119]
명진산업 (2),5210A13011K,제작동관,1,0.0151,120,120,125,True,[0.0151]
명진산업 (2),5210A22409A,사급부품,7,0.0,56,56,0,True,[]
명진산업 (2),5210A22409B,사급부품,1,0.0,67,67,0,True,[]
명진산업 (2),5210A28001C,사급부품,10,0.0,390,390,0,True,[]
명진산업 (2),5210A28001G,사급부품,14,0.0,340,340,0,True,[]
명진산업 (2),5210A30994B,제작동관,1,0.0237,188,188,96,True,[0.0237]
명진산업 (2),5210A30994C,제작동관,1,0.0237,188,188,96,True,[0.0237]
명진산업 (2),5210A30994D,제작동관,1,0.0237,188,188,96,True,[0.0237]
명진산업 (2),5210A30994H,제작동관,1,0.025,198,198,86,True,[0.025]
명진산업 (2),5210A30994J,제작동관,1,0.025,198,198,86,True,[0.025]
명진산업 (2),5210A30994K,제작동관,1,0.0251,199,199,86,True,[0.0251]
명진산업 (2),5210A30998B,제작동관,1,0.0226,179,179,120,True,[0.0226]
명진산업 (2),5210A30998C,제작동관,1,0.0237,188,188,121,True,[0.0237]
명진산업 (2),5210A30998F,제작동관,1,0.025,198,198,110,True,[0.025]
명진산업 (2),5210A30998G,제작동관,1,0.025,198,198,110,True,[0.025]
명진산업 (2),5210A31939A,제작동관,1,0.0149,114,114,66,True,[0.0149]
명진산업 (2),5410A20017R,사급부품,2,0.0,605,605,0,True,[]
명진산업 (2),5410A20111N,사급부품,2,0.0,165,165,0,True,[]
명진산업 (2),AGR30801601-AL-1,사급부품,1,0.0,3886,3886,0,True,[]
명진산업 (2),AGR30801602-AL-1,사급부품,1,0.0,3886,3886,0,True,[]
명진산업 (2),EAP00689102,사급부품,2,0.0,3556,3556,0,True,[]
명진산업 (2),MJU00698801,제작동관,1,0.023,183,183,153,True,[0.023]
명진산업 (2),MJU00702401,제작동관,1,0.0227,181,181,105,True,[0.0227]
명진산업 (2),MJU00702402,제작동관,1,0.0227,181,181,105,True,[0.0227]
명진산업 (2),MJU00702403,제작동관,1,0.0227,181,181,105,True,[0.0227]
명진산업 (2),MJU00702405,제작동관,1,0.0227,181,181,105,True,[0.0227]
명진산업 (2),MJU00702406,제작동관,1,0.0359,285,285,212,True,[0.0359]
명진산업 (2),MJU00702407,제작동관,1,0.0248,197,197,143,True,[0.0248]
명진산업 (2),MJU00702409,제작동관,1,0.0077,61,61,58,True,[0.0077]
명진산업 (2),MJU00702411,제작동관,1,0.0227,181,181,105,True,[0.0227]
명진산업 (2),MJU00702412,제작동관,1,0.0302,240,240,147,True,[0.0302]
명진산업 (2),MJU00702414,제작동관,1,0.0302,240,240,159,True,[0.0302]
명진산업 (2),MJU00702415,제작동관,1,0.0227,181,181,118,True,[0.0227]
명진산업 (2),MJU00732401,사급부품,1,0.0,330,330,0,True,[]
명진산업 (2),MJU36542612,제작동관,1,0.0248,197,197,97,True,[0.0248]
명진산업 (2),MJU42282712,제작동관,1,0.0325,258,258,112,True,[0.0325]
명진산업 (2),MJU42805410-6,사급부품,1,0.0,0,0,-181,True,[]
명진산업 (2),MJU42938502-6-1,사급부품,1,0.0,0,0,-99,True,[]
명진산업 (2),MJU61346401,제작동관,1,0.0471,374,374,149,True,[0.0471]
명진산업 (2),MJU61346601,제작동관,1,0.0471,374,374,162,True,[0.0471]
명진산업 (2),MJU61351101,제작동관,1,0.0471,374,374,162,True,[0.0471]
명진산업 (2),MJU61351201,제작동관,1,0.0614,488,488,172,True,[0.0614]
명진산업 (2),MJU61351501,제작동관,1,0.0528,420,420,166,True,[0.0528]
명진산업 (2),MJU61351601,제작동관,1,0.0152,121,121,78,True,[0.0152]
명진산업 (2),MJU61351801,제작동관,1,0.0614,488,488,172,True,[0.0614]
명진산업 (2),MJU61380001,사급부품,1,0.0,0,0,-303,True,[]
명진산업 (2),MJU61380201,사급부품,1,0.0,0,0,-431,True,[]
명진산업 (2),MJU61380401,사급부품,1,0.0,0,0,-431,True,[]
명진산업 (2),MJU61380501,사급부품,1,0.0,0,0,-599,True,[]
명진산업 (2),MJU61382801,사급부품,1,0.0,0,0,-668,True,[]
명진산업 (2),MJU61382901,사급부품,1,0.0,0,0,-838,True,[]
명진산업 (2),MJU61387701,사급부품,1,0.0,0,0,-327,True,[]
명진산업 (2),MJU61928901,제작동관,1,0.0233,185,185,132,True,[0.0233]
명진산업 (2),MJU61940501,제작동관,2,0.0083,63,165,52,True,[0.0083]
명진산업 (2),MJU62078701,제작동관,2,0.0202,160,197,97,False,"[0.0202, 0.0248]"
명진산업 (2),MJU62078802,제작동관,1,0.0199,158,158,91,True,[0.0199]
명진산업 (2),MJU62078902,제작동관,1,0.0137,274,274,113,True,[0.0137]
명진산업 (2),MJU62356410,제작동관,1,0.013,100,100,58,True,[0.013]
명진산업 (2),MJU62791001,제작동관,1,0.0225,449,449,128,True,[0.0225]
명진산업 (2),MJU62791728,사급부품,1,0.0,0,0,0,True,[]
명진산업 (2),MJU62791731,사급부품,1,0.0,0,0,0,True,[]
명진산업 (2),MJU62915301,제작동관,1,0.1986,1502,1502,216,True,[0.1986]
명진산업 (2),MJU62915302,제작동관,1,0.1845,1395,1395,206,True,[0.1845]
명진산업 (2),MJU62968801,제작동관,1,0.0097,194,194,95,True,[0.0097]
명진산업 (2),MJU63009003,제작동관,1,0.1034,794,794,183,True,[0.1034]
명진산업 (2),MJU63479106,제작동관,1,0.0165,127,127,71,True,[0.0165]
명진산업 (2),MJU63479107,제작동관,1,0.0184,141,141,73,True,[0.0184]
명진산업 (2),MJU63482201,제작동관,1,0.0167,128,128,88,True,[0.0167]
명진산업 (2),MJU63512609,사급부품,1,0.0,1232,1232,0,True,[]
명진산업 (2),MJU63618002,제작동관,1,0.0354,707,707,175,True,[0.0354]
명진산업 (2),MJU63732301,제작동관,1,0.028,215,215,75,True,[0.028]
명진산업 (2),MJU63732401,제작동관,1,0.0279,214,214,77,True,[0.0279]
명진산업 (2),MJU63732402,제작동관,1,0.0388,298,298,85,True,[0.0388]
명진산업 (2),MJU63751201,제작동관,1,0.0383,304,304,80,True,[0.0383]
명진산업 (2),MJU63751301,제작동관,1,0.0515,409,409,114,True,[0.0515]
명진산업 (2),MJU63751401,제작동관,1,0.0648,514,514,172,True,[0.0648]
명진산업 (2),MJU63751501,제작동관,1,0.0789,627,627,194,True,[0.0789]
명진산업 (2),MJU63751601,제작동관,1,0.0307,244,244,101,True,[0.0307]
명진산업 (2),MJU63751701,제작동관,1,0.0354,281,281,105,True,[0.0354]
명진산업 (2),MJU63751801,제작동관,1,0.0411,326,326,109,True,[0.0411]
명진산업 (2),MJU63751901,제작동관,1,0.0514,408,408,116,True,[0.0514]
명진산업 (2),MJU63752001,제작동관,1,0.0611,486,486,172,True,[0.0611]
명진산업 (2),MJU63752101,제작동관,1,0.0697,553,553,141,True,[0.0697]
명진산업 (2),MJU63752201,제작동관,1,0.0755,600,600,146,True,[0.0755]
명진산업 (2),MJU63752301,제작동관,1,0.0301,239,239,89,True,[0.0301]
명진산업 (2),MJU63752401,제작동관,1,0.0301,239,239,89,True,[0.0301]
명진산업 (2),MJU64093707,제작동관,1,0.0215,171,171,68,True,[0.0215]
명진산업 (2),MJU64093708,제작동관,1,0.0191,152,152,79,True,[0.0191]
명진산업 (2),MJU64093709,제작동관,1,0.0279,222,222,97,True,[0.0279]
명진산업 (2),MJU64093710,제작동관,1,0.0345,274,274,102,True,[0.0345]
명진산업 (2),MJU64794201,제작동관,1,0.018,138,138,97,True,[0.018]
명진산업 (2),MJU64794202,제작동관,1,0.0169,129,129,97,True,[0.0169]
명진산업 (2),MJU64794302,제작동관,1,0.027,205,205,103,True,[0.027]
명진산업 (2),MJU64794402,제작동관,1,0.011,221,221,95,True,[0.011]
명진산업 (2),MJU64874301,제작동관,1,0.025,198,198,119,True,[0.025]
명진산업 (2),MJU64874302,제작동관,1,0.025,198,198,119,True,[0.025]
명진산업 (2),MJU64874303,제작동관,1,0.025,198,198,119,True,[0.025]
명진산업 (2),MJU64874304,제작동관,1,0.025,198,198,95,True,[0.025]
명진산업 (2),MJU64874305,제작동관,1,0.025,198,198,95,True,[0.025]
명진산업 (2),MJU64921201,제작동관,1,0.0288,575,575,222,True,[0.0288]
명진산업 (2),MJU64958301,제작동관,1,0.0222,176,176,93,True,[0.0222]
명진산업 (2),MJU64958401,제작동관,1,0.0227,181,181,93,True,[0.0227]
명진산업 (2),MJU64958501,제작동관,1,0.023,182,182,93,True,[0.023]
명진산업 (2),MJU64958601,제작동관,1,0.0227,181,181,93,True,[0.0227]
명진산업 (2),MJU64958701,제작동관,1,0.0222,176,176,105,True,[0.0222]
명진산업 (2),MJU64958801,제작동관,1,0.0219,174,174,81,True,[0.0219]
명진산업 (2),MJU64958901,제작동관,1,0.0125,99,99,109,True,[0.0125]
명진산업 (2),MJU65026411,사급부품,1,0.0,680,680,0,True,[]
명진산업 (2),MJU65146132,사급부품,1,0.0,217,217,0,True,[]
명진산업 (2),MJU65146134,사급부품,2,0.0,190,190,0,True,[]
명진산업 (2),MJU65146135,사급부품,7,0.0,105,105,0,True,[]
명진산업 (2),MJU65587603,제작동관,1,0.0099,198,198,79,True,[0.0099]
명진산업 (2),MJU65849601,제작동관,1,0.012,240,240,60,True,[0.012]
명진산업 (2),MJU66366304,제작동관,1,0.0078,156,156,75,True,[0.0078]
명진산업 (2),MJU66366305,제작동관,1,0.0088,177,177,63,True,[0.0088]
명진산업 (2),MJU66507047,제작동관,1,0.0109,219,219,75,True,[0.0109]
명진산업 (2),MJU66507048,제작동관,1,0.0518,1036,1036,148,True,[0.0518]
명진산업 (2),MJU66507049,제작동관,1,0.0266,531,531,84,True,[0.0266]
명진산업 (2),MJU66548501,제작동관,2,0.0489,370,978,169,True,[0.0489]
명진산업 (2),MJU66548502,제작동관,2,0.039,296,781,153,True,[0.039]
명진산업 (2),MJU66824401,제작동관,1,0.0326,259,259,112,True,[0.0326]
명진산업 (2),MJU66824402,제작동관,1,0.0257,204,204,108,True,[0.0257]
명진산업 (2),MJU66824403,제작동관,1,0.0251,200,200,107,True,[0.0251]
명진산업 (2),MJU66824404,제작동관,1,0.0318,253,253,124,True,[0.0318]
명진산업 (2),MJU66824405,제작동관,1,0.0483,383,383,136,True,[0.0483]
명진산업 (2),MJU66824406,제작동관,1,0.0483,383,383,136,True,[0.0483]
명진산업 (2),MJU66824407,제작동관,1,0.035,278,278,114,True,[0.035]
명진산업 (2),MJU66824408,제작동관,1,0.0298,237,237,110,True,[0.0298]
명진산업 (2),MJU66824409,제작동관,1,0.0402,319,319,118,True,[0.0402]
명진산업 (2),MJU66824410,제작동관,1,0.0379,301,301,116,True,[0.0379]
명진산업 (2),MJU66824411,제작동관,1,0.052,413,413,126,True,[0.052]
명진산업 (2),MJU66824412,제작동관,1,0.0294,233,233,125,True,[0.0294]
명진산업 (2),MJU66825001,제작동관,1,0.0341,271,271,101,True,[0.0341]
명진산업 (2),MJU66825002,제작동관,1,0.0341,271,271,101,True,[0.0341]
명진산업 (2),MJU66825003,제작동관,1,0.0341,271,271,101,True,[0.0341]
명진산업 (2),MJU66825004,제작동관,1,0.0341,271,271,114,True,[0.0341]
명진산업 (2),MJU66825005,제작동관,1,0.0341,271,271,114,True,[0.0341]
명진산업 (2),MJU66825006,제작동관,1,0.0341,271,271,114,True,[0.0341]
명진산업 (2),MJU66845503,제작동관,1,0.0506,388,388,103,True,[0.0506]
명진산업 (2),MJU66845504,제작동관,1,0.0228,175,175,67,True,[0.0228]
명진산업 (2),MJU66889901-1,제작동관,1,0.0148,296,296,78,True,[0.0148]
명진산업 (2),MJU66890001-1,제작동관,1,0.0144,288,288,78,True,[0.0144]
명진산업 (2),MJU66899402,사급부품,1,0.0,430,430,0,True,[]
명진산업 (2),MJU66900304,제작동관,1,0.0667,512,512,172,True,[0.0667]
명진산업 (2),MJU66905702,제작동관,1,0.028,215,215,128,True,[0.028]
명진산업 (2),MJU66998801,제작동관,1,0.0092,73,73,59,True,[0.0092]
명진산업 (2),MJU66998802,제작동관,1,0.03,238,238,147,True,[0.03]
명진산업 (2),MJU66998803,제작동관,1,0.03,238,238,147,True,[0.03]
명진산업 (2),MJU66998804,제작동관,1,0.03,238,238,147,True,[0.03]
명진산업 (2),MJU66998805,제작동관,1,0.0225,179,179,93,True,[0.0225]
명진산업 (2),MJU66998806,제작동관,1,0.03,238,238,147,True,[0.03]
명진산업 (2),MJU66998807,제작동관,1,0.0225,179,179,93,True,[0.0225]
명진산업 (2),MJU66998808,제작동관,1,0.03,238,238,147,True,[0.03]
명진산업 (2),MJU66998809,제작동관,1,0.03,238,238,147,True,[0.03]
명진산업 (2),MJU66998810,제작동관,1,0.03,238,238,159,True,[0.03]
명진산업 (2),MJU66998811,제작동관,1,0.0225,179,179,93,True,[0.0225]
명진산업 (2),MJU66998812,제작동관,1,0.03,238,238,147,True,[0.03]
명진산업 (2),MJU66998813,제작동관,1,0.0225,179,179,93,True,[0.0225]
명진산업 (2),MJU66998814,제작동관,1,0.0294,234,234,159,True,[0.0294]
명진산업 (2),MJU66998815,제작동관,1,0.0308,244,244,148,True,[0.0308]
명진산업 (2),MJU66998816,제작동관,1,0.023,182,182,93,True,[0.023]
명진산업 (2),MJU66998817,제작동관,1,0.022,175,175,93,True,[0.022]
명진산업 (2),MJX30151802,사급부품,2,0.0,15644,15644,0,True,[]
명진산업 (2),RAC30599303,용접봉,64,0.0,21100,21100,135,True,[]
명진산업 (2),동BODY-6.35(확관물),사급부품,1,0.0,473,473,0,True,[]
미래정밀 (2),112700,사급부품,1,0.0,47,47,0,True,[]
미래정밀 (2),115880,사급부품,11,0.0,47,47,0,True,[]
미래정밀 (2),119050,사급부품,11,0.0,71,71,0,True,[]
미래정밀 (2),3A00375D,사급부품,3,0.0,238,287,0,True,[]
미래정밀 (2),3A01582E,사급부품,3,0.0,28,28,0,True,[]
미래정밀 (2),3H00815H,용접봉,136,0.0,0,44500,143,True,[]
미래정밀 (2),3H01582A,사급부품,7,0.0,17,17,0,True,[]
미래정밀 (2),3H01582B,사급부품,5,0.0,0,20,0,True,[]
미래정밀 (2),3H01582C,사급부품,3,0.0,7,7,0,True,[]
미래정밀 (2),3H01582E,사급부품,7,0.0,28,28,0,True,[]
미래정밀 (2),3H02716A,사급부품,3,0.0,0,261,0,True,[]
미래정밀 (2),3H02717A,사급부품,1,0.0,176,176,0,True,[]
미래정밀 (2),3H03659L,사급부품,3,0.0,538,887,0,True,[]
미래정밀 (2),3H03659M,사급부품,3,0.0,538,538,0,True,[]
미래정밀 (2),4848A20007P,사급부품,12,0.0,8525,8525,0,True,[]
미래정밀 (2),4930A20053A,사급부품,5,0.0,20,35,0,True,[]
미래정밀 (2),4930A20053B,사급부품,36,0.0,35,35,0,True,[]
미래정밀 (2),4A00114D,사급부품,1,0.0,685,685,0,True,[]
미래정밀 (2),4A00114E,사급부품,4,0.0,716,716,0,True,[]
미래정밀 (2),4A00232S,사급부품,1,0.0,1456,1456,0,True,[]
미래정밀 (2),4A00742A,사급부품,6,0.0,199,199,0,True,[]
미래정밀 (2),4H00049A,제작동관,6,0.0123,95,95,43,False,"[0.0123, 0.0124]"
미래정밀 (2),4H00363M,사급부품,1,0.0,432,432,0,True,[]
미래정밀 (2),4H00901J,제작동관,1,0.0181,139,139,70,True,[0.0181]
미래정밀 (2),4H01192D,사급부품,4,0.0,377,377,0,True,[]
미래정밀 (2),4H01192G,사급부품,2,0.0,0,0,0,True,[]
미래정밀 (2),4H01192H,사급부품,2,0.0,0,0,0,True,[]
미래정밀 (2),4H01281C,제작동관,4,0.0128,158,158,5,True,[0.0128]
미래정밀 (2),5006AR4091A,사급부품,1,0.0,18,18,0,True,[]
미래정밀 (2),5014A20009A,사급부품,7,0.0,470,497,0,True,[]
미래정밀 (2),5014A20009B,사급부품,2,0.0,470,470,0,True,[]
미래정밀 (2),5014A21281A,사급부품,1,0.0,148,148,0,True,[]
미래정밀 (2),5014A30001A,사급부품,2,0.0,105,115,0,True,[]
미래정밀 (2),5014A30001B,사급부품,1,0.0,122,122,0,True,[]
미래정밀 (2),5014A30001C,사급부품,2,0.0,99,99,0,True,[]
미래정밀 (2),5014A30001G,사급부품,1,0.0,95,95,0,True,[]
미래정밀 (2),5014A30014B,사급부품,1,0.0,519,519,0,True,[]
미래정밀 (2),5014A30014H,사급부품,1,0.0,695,695,0,True,[]
미래정밀 (2),5210A20734B,제작동관,1,0.0043,54,54,2,True,[0.0043]
미래정밀 (2),5210A21147B,사급부품,1,0.0,600,600,0,True,[]
미래정밀 (2),5210A21174B,사급부품,1,0.0,0,0,0,True,[]
미래정밀 (2),5210A21174C,사급부품,3,0.0,0,541,0,True,[]
미래정밀 (2),5210A21174D,사급부품,2,0.0,517,517,0,True,[]
미래정밀 (2),5210A21559T,제작동관,1,0.0138,110,110,70,True,[0.0138]
미래정밀 (2),5210A21605T,제작동관,1,0.0061,47,47,45,True,[0.0061]
미래정밀 (2),5210A21605U,제작동관,1,0.0154,119,119,66,True,[0.0154]
미래정밀 (2),5210A22172M,제작동관,1,0.0165,204,204,6,True,[0.0165]
미래정밀 (2),5210A22172N,제작동관,1,0.0214,264,264,8,True,[0.0214]
미래정밀 (2),5210A22172P,제작동관,1,0.0193,237,237,7,True,[0.0193]
미래정밀 (2),5210A22409A,사급부품,39,0.0,54,57,0,True,[]
미래정밀 (2),5210A22409B,사급부품,15,0.0,57,67,0,True,[]
미래정밀 (2),5210A22409C,사급부품,5,0.0,57,61,0,True,[]
미래정밀 (2),5210A22840A,사급부품,4,0.0,100,100,0,True,[]
미래정밀 (2),5210A22950A,제작동관,1,0.0178,137,137,70,True,[0.0178]
미래정밀 (2),5210A23089A,제작동관,3,0.0147,113,122,45,False,"[0.0147, 0.0157, 0.0159]"
미래정밀 (2),5210A23376A,사급부품,5,0.0,275,275,0,True,[]
미래정밀 (2),5210A23909B,사급부품,1,0.0,420,420,0,True,[]
미래정밀 (2),5210A23947A,제작동관,1,0.0104,128,128,4,True,[0.0104]
미래정밀 (2),5210A23947B,제작동관,1,0.0116,142,142,4,True,[0.0116]
미래정밀 (2),5210A23947C,제작동관,1,0.0092,113,113,3,True,[0.0092]
미래정밀 (2),5210A23952A,제작동관,1,0.0403,488,488,15,True,[0.0403]
미래정밀 (2),5210A23952B,사급부품,1,0.0,0,0,439,True,[]
미래정밀 (2),5210A24129B,사급부품,1,0.0,0,0,0,True,[]
미래정밀 (2),5210A24304A,제작동관,1,0.0342,415,415,13,True,[0.0342]
미래정밀 (2),5210A25800A,제작동관,1,0.007,54,54,41,True,[0.007]
미래정밀 (2),5210A26667G,제작동관,1,0.0187,144,144,62,True,[0.0187]
미래정밀 (2),5210A26761A,제작동관,1,0.0075,57,57,77,True,[0.0075]
미래정밀 (2),5210A26762A,제작동관,1,0.0213,164,164,104,True,[0.0213]
미래정밀 (2),5210A26764A,제작동관,1,0.0071,54,54,62,True,[0.0071]
미래정밀 (2),5210A26764B,제작동관,1,0.0425,326,326,70,True,[0.0425]
미래정밀 (2),5210A26768A,제작동관,1,0.0196,150,150,105,True,[0.0196]
미래정밀 (2),5210A26885D,제작동관,1,0.0118,90,90,63,True,[0.0118]
미래정밀 (2),5210A26885H,제작동관,1,0.0129,99,99,81,True,[0.0129]
미래정밀 (2),5210A26914A,제작동관,1,0.0725,878,878,27,True,[0.0725]
미래정밀 (2),5210A26915A,제작동관,1,0.0416,507,507,15,True,[0.0416]
미래정밀 (2),5210A26916A,사급부품,1,0.0,0,0,728,True,[]
미래정밀 (2),5210A26917A,제작동관,1,0.0131,162,162,5,True,[0.0131]
미래정밀 (2),5210A26918A,제작동관,1,0.0127,156,156,5,True,[0.0127]
미래정밀 (2),5210A26919A,제작동관,1,0.0438,540,540,16,True,[0.0438]
미래정밀 (2),5210A28001C,사급부품,5,0.0,390,390,0,True,[]
미래정밀 (2),5210A28001S,사급부품,23,0.0,390,390,0,True,[]
미래정밀 (2),5210A29103A,제작동관,1,0.0168,129,129,71,True,[0.0168]
미래정밀 (2),5210A29104A,제작동관,1,0.015,115,115,70,True,[0.015]
미래정밀 (2),5210A29110A,제작동관,1,0.022,168,168,72,True,[0.022]
미래정밀 (2),5210A29901B,제작동관,1,0.0311,247,247,109,True,[0.0311]
미래정밀 (2),5210A29901D,제작동관,1,0.0186,234,234,7,True,[0.0186]
미래정밀 (2),5210A29902B,제작동관,1,0.0355,272,272,129,True,[0.0355]
미래정밀 (2),5210A29902D,제작동관,1,0.0255,314,314,10,True,[0.0255]
미래정밀 (2),5210A29903E,제작동관,1,0.126,1533,1533,47,True,[0.126]
미래정밀 (2),5210A30041E,사급부품,1,0.0,0,0,0,True,[]
미래정밀 (2),5210A30050J,제작동관,1,0.0052,40,40,50,True,[0.0052]
미래정밀 (2),5210A30339A,제작동관,2,0.0426,328,518,112,True,[0.0426]
미래정밀 (2),5210A30340A,제작동관,2,0.0157,121,191,50,True,[0.0157]
미래정밀 (2),5210A30536D,제작동관,1,0.0145,178,178,5,True,[0.0145]
미래정밀 (2),5210A30536E,제작동관,1,0.0138,170,170,5,True,[0.0138]
미래정밀 (2),5210A30536F,제작동관,1,0.028,345,345,10,True,[0.028]
미래정밀 (2),5210A30536G,제작동관,1,0.0286,353,353,11,True,[0.0286]
미래정밀 (2),5210A30536H,제작동관,1,0.0467,576,576,17,True,[0.0467]
미래정밀 (2),5210A30540A,제작동관,1,0.02,153,153,60,True,[0.02]
미래정밀 (2),5210A30541A,제작동관,1,0.0146,112,112,47,True,[0.0146]
미래정밀 (2),5210A30554F,제작동관,1,0.0053,107,107,49,True,[0.0053]
미래정밀 (2),5210A30572C,제작동관,1,0.0105,81,81,46,True,[0.0105]
미래정밀 (2),5210A30572D,제작동관,1,0.0137,105,105,47,True,[0.0137]
미래정밀 (2),5210A30573A,제작동관,2,0.0127,156,156,5,True,[0.0127]
미래정밀 (2),5210A30581A,제작동관,2,0.0127,156,156,5,True,[0.0127]
미래정밀 (2),5210A30582A,제작동관,2,0.0126,154,154,5,True,[0.0126]
미래정밀 (2),5210A30656G,제작동관,1,0.0635,782,782,24,True,[0.0635]
미래정밀 (2),5210A30687B,제작동관,1,0.0097,119,119,4,True,[0.0097]
미래정밀 (2),5210A30687T,제작동관,1,0.015,185,185,6,True,[0.015]
미래정밀 (2),5210A30846A,제작동관,1,0.0099,197,197,74,True,[0.0099]
미래정밀 (2),5210A30866H,제작동관,1,0.0204,248,248,8,True,[0.0204]
미래정밀 (2),5210A30983K,제작동관,1,0.0126,96,96,47,True,[0.0126]
미래정밀 (2),5210A30999R,제작동관,1,0.0408,309,309,92,True,[0.0408]
미래정밀 (2),5210A31629A,제작동관,1,0.0048,37,37,46,True,[0.0048]
미래정밀 (2),5210A31939A,제작동관,1,0.016,123,123,66,True,[0.016]
미래정밀 (2),5210A36801B,제작동관,1,0.0062,77,77,2,True,[0.0062]
미래정밀 (2),5210AP4026E,제작동관,1,0.0106,82,82,63,True,[0.0106]
미래정밀 (2),5210AR4148A,제작동관,1,0.0156,120,120,36,True,[0.0156]
미래정밀 (2),52210A22409A,사급부품,1,0.0,56,56,0,True,[]
미래정밀 (2),5224A20002A,사급부품,2,0.0,848,848,0,True,[]
미래정밀 (2),5224A20002W,사급부품,4,0.0,685,685,0,True,[]
미래정밀 (2),5224A20005E,사급부품,2,0.0,2959,2959,0,True,[]
미래정밀 (2),5224A20005G,사급부품,1,0.0,1008,1008,0,True,[]
미래정밀 (2),5224A20005J,사급부품,2,0.0,1008,1008,0,True,[]
미래정밀 (2),5224A20005M,사급부품,1,0.0,1624,1624,0,True,[]
미래정밀 (2),5256A30002D,사급부품,1,0.0,1598,1598,0,True,[]
미래정밀 (2),5256A30002U,사급부품,1,0.0,927,927,0,True,[]
미래정밀 (2),5256A30003D,사급부품,1,0.0,1065,1065,0,True,[]
미래정밀 (2),5256A30003L,사급부품,1,0.0,1065,1065,0,True,[]
미래정밀 (2),5256A30003U,사급부품,1,0.0,927,927,0,True,[]
미래정밀 (2),5257A20010B,사급부품,1,0.0,0,0,0,True,[]
미래정밀 (2),5410A21281A,사급부품,2,0.0,148,148,0,True,[]
미래정밀 (2),5410A22049A,사급부품,2,0.0,56,56,0,True,[]
미래정밀 (2),5410A22409A,사급부품,1,0.0,57,57,0,True,[]
미래정밀 (2),5410A30014H,사급부품,2,0.0,695,695,0,True,[]
미래정밀 (2),5410A30055C,사급부품,1,0.0,83,83,0,True,[]
미래정밀 (2),5410A30055D,사급부품,1,0.0,85,85,0,True,[]
미래정밀 (2),5410A30055S,사급부품,6,0.0,68,68,0,True,[]
미래정밀 (2),5410A30279C,사급부품,2,0.0,64,64,0,True,[]
미래정밀 (2),5410A30285B,사급부품,1,0.0,83,83,0,True,[]
미래정밀 (2),5424AR3436T,사급부품,1,0.0,0,0,0,True,[]
미래정밀 (2),BCUP6-1.4*9.6 2%용접링,용접봉,4,0.0,17,17,67,True,[]
미래정밀 (2),Cond Out Pipe,제작동관,5,0.0875,597,662,87,False,"[0.0789, 0.0875]"
미래정밀 (2),HOT GAS Pipe A,제작동관,1,0.063,485,485,121,True,[0.063]
미래정밀 (2),HOT GAS Pipe B,제작동관,1,0.0571,440,440,134,True,[0.0571]
미래정밀 (2),MCQ70547702,사급부품,1,0.0,170,170,0,True,[]
미래정밀 (2),MEG65559801,사급부품,4,0.0,137,137,0,True,[]
미래정밀 (2),MEG65680001,사급부품,5,0.0,44,44,0,True,[]
미래정밀 (2),MEG65680002,사급부품,4,0.0,48,48,0,True,[]
미래정밀 (2),MEG65798801,사급부품,5,0.0,128,128,0,True,[]
미래정밀 (2),MEG65798802,사급부품,4,0.0,130,130,0,True,[]
미래정밀 (2),MEG66660101,사급부품,1,0.0,40,40,0,True,[]
미래정밀 (2),MEG66660102,사급부품,1,0.0,41,41,0,True,[]
미래정밀 (2),MEG66660106,사급부품,2,0.0,77,77,0,True,[]
미래정밀 (2),MEV64597201,사급부품,3,0.0,877,877,0,True,[]
미래정밀 (2),MFN62721710,사급부품,1,0.0,251,251,0,True,[]
미래정밀 (2),MFN62721711,사급부품,5,0.0,252,252,0,True,[]
미래정밀 (2),MJC62721914,사급부품,1,0.0,569,569,0,True,[]
미래정밀 (2),MJR49263402,사급부품,1,0.0,17,17,0,True,[]
미래정밀 (2),MJU00702205,제작동관,1,0.0371,280,280,66,True,[0.0371]
미래정밀 (2),MJU00731901,제작동관,1,0.1077,816,816,202,True,[0.1077]
미래정밀 (2),MJU00732001,제작동관,1,0.0664,503,503,154,True,[0.0664]
미래정밀 (2),MJU00732201,사급부품,1,0.0,673,673,0,True,[]
미래정밀 (2),MJU00750604,제작동관,1,0.0151,301,301,90,True,[0.0151]
미래정밀 (2),MJU00750605,제작동관,1,0.0168,336,336,93,True,[0.0168]
미래정밀 (2),MJU00776601,제작동관,1,0.0596,1311,1311,197,True,[0.0596]
미래정밀 (2),MJU00776602,제작동관,1,0.0685,1506,1506,211,True,[0.0685]
미래정밀 (2),MJU00776603,제작동관,1,0.0337,741,741,149,True,[0.0337]
미래정밀 (2),MJU00776604,제작동관,1,0.0558,1229,1229,182,True,[0.0558]
미래정밀 (2),MJU00776605,제작동관,1,0.0309,680,680,129,True,[0.0309]
미래정밀 (2),MJU00776606,제작동관,1,0.0327,720,720,126,True,[0.0327]
미래정밀 (2),MJU00792311,제작동관,1,0.0178,356,356,87,True,[0.0178]
미래정밀 (2),MJU00792312,제작동관,1,0.0186,372,372,88,True,[0.0186]
미래정밀 (2),MJU00792313,제작동관,1,0.0173,347,347,86,True,[0.0173]
미래정밀 (2),MJU00792314,제작동관,1,0.0172,343,343,86,True,[0.0172]
미래정밀 (2),MJU00792315,제작동관,1,0.0087,175,175,55,True,[0.0087]
미래정밀 (2),MJU00792316,제작동관,1,0.0219,437,437,93,True,[0.0219]
미래정밀 (2),MJU00792317,제작동관,1,0.0104,207,207,58,True,[0.0104]
미래정밀 (2),MJU00792318,제작동관,1,0.0185,369,369,88,True,[0.0185]
미래정밀 (2),MJU00792319,제작동관,1,0.0121,243,243,60,True,[0.0121]
미래정밀 (2),MJU00792320,제작동관,1,0.0186,372,372,71,True,[0.0186]
미래정밀 (2),MJU00855301,제작동관,1,0.0412,905,905,165,True,[0.0412]
미래정밀 (2),MJU00855302,제작동관,1,0.0392,863,863,159,True,[0.0392]
미래정밀 (2),MJU00855305,제작동관,2,0.065,1430,1430,205,True,[0.065]
미래정밀 (2),MJU00855306,제작동관,1,0.0448,985,985,169,True,[0.0448]
미래정밀 (2),MJU00855307,제작동관,1,0.0315,692,692,147,True,[0.0315]
미래정밀 (2),MJU00855308,제작동관,2,0.0338,744,744,152,True,[0.0338]
미래정밀 (2),MJU30588601,제작동관,1,0.0089,70,70,45,True,[0.0089]
미래정밀 (2),MJU30588701,제작동관,1,0.006,48,48,43,True,[0.006]
미래정밀 (2),MJU30588801,제작동관,1,0.0081,64,64,44,True,[0.0081]
미래정밀 (2),MJU30588901,제작동관,1,0.0046,36,36,42,True,[0.0046]
미래정밀 (2),MJU37361324,제작동관,1,0.0117,89,89,53,True,[0.0117]
미래정밀 (2),MJU37361325,제작동관,1,0.021,161,161,72,True,[0.021]
미래정밀 (2),MJU38232201,제작동관,1,0.0136,104,104,50,True,[0.0136]
미래정밀 (2),MJU39704601,사급부품,1,0.0,368,368,0,True,[]
미래정밀 (2),MJU40419008,제작동관,1,0.0099,75,75,47,True,[0.0099]
미래정밀 (2),MJU41254401,제작동관,1,0.0199,154,154,88,True,[0.0199]
미래정밀 (2),MJU41254402,제작동관,1,0.0175,135,135,87,True,[0.0175]
미래정밀 (2),MJU41254403,제작동관,1,0.021,162,162,106,True,[0.021]
미래정밀 (2),MJU41254404,제작동관,1,0.018,139,139,87,True,[0.018]
미래정밀 (2),MJU41495901,제작동관,1,0.0287,217,217,60,True,[0.0287]
미래정밀 (2),MJU41496102,제작동관,1,0.0295,223,223,59,True,[0.0295]
미래정밀 (2),MJU41496302,제작동관,1,0.1386,1047,1047,150,True,[0.1386]
미래정밀 (2),MJU41625901,제작동관,1,0.0122,93,93,85,True,[0.0122]
미래정밀 (2),MJU41625903,제작동관,1,0.0148,113,113,87,True,[0.0148]
미래정밀 (2),MJU41625904,제작동관,1,0.0165,127,127,88,True,[0.0165]
미래정밀 (2),MJU41625910,제작동관,1,0.0148,113,113,87,True,[0.0148]
미래정밀 (2),MJU41625911,제작동관,1,0.0174,133,133,89,True,[0.0174]
미래정밀 (2),MJU41625912,제작동관,1,0.0191,147,147,90,True,[0.0191]
미래정밀 (2),MJU41739711,제작동관,1,0.0131,165,165,5,True,[0.0131]
미래정밀 (2),MJU41739714,제작동관,1,0.0158,199,199,6,True,[0.0158]
미래정밀 (2),MJU41739715,제작동관,1,0.0134,169,169,5,True,[0.0134]
미래정밀 (2),MJU41739716,제작동관,1,0.0104,131,131,4,True,[0.0104]
미래정밀 (2),MJU41739717,제작동관,1,0.0236,297,297,9,True,[0.0236]
미래정밀 (2),MJU41740401,제작동관,1,0.0131,160,160,5,True,[0.0131]
미래정밀 (2),MJU41838703,제작동관,1,0.0566,427,427,96,True,[0.0566]
미래정밀 (2),MJU42064501,제작동관,1,0.0273,336,336,10,True,[0.0273]
미래정밀 (2),MJU42064502,제작동관,1,0.0278,342,342,10,True,[0.0278]
미래정밀 (2),MJU42064503,제작동관,1,0.0273,336,336,10,True,[0.0273]
미래정밀 (2),MJU42064505,제작동관,1,0.0101,124,124,4,True,[0.0101]
미래정밀 (2),MJU42064506,제작동관,1,0.0105,129,129,4,True,[0.0105]
미래정밀 (2),MJU42064512,제작동관,1,0.0266,328,328,10,True,[0.0266]
미래정밀 (2),MJU42756802,제작동관,1,0.0301,228,228,128,True,[0.0301]
미래정밀 (2),MJU42805405,제작동관,1,0.0127,171,171,106,True,[0.0127]
미래정밀 (2),MJU42805406,제작동관,1,0.0107,143,143,103,True,[0.0107]
미래정밀 (2),MJU42805410-6,사급부품,2,0.0,0,0,-123,True,[]
미래정밀 (2),MJU42823702,제작동관,1,0.0187,144,144,101,True,[0.0187]
미래정밀 (2),MJU42823703,제작동관,1,0.0171,131,131,100,True,[0.0171]
미래정밀 (2),MJU42823704,제작동관,1,0.0126,97,97,97,True,[0.0126]
미래정밀 (2),MJU42823705,제작동관,1,0.0128,98,98,97,True,[0.0128]
미래정밀 (2),MJU47978302,제작동관,1,0.0156,120,120,0,True,[0.0156]
미래정밀 (2),MJU47978303,제작동관,1,0.0104,80,80,0,True,[0.0104]
미래정밀 (2),MJU47978304,제작동관,1,0.0307,237,237,0,True,[0.0307]
미래정밀 (2),MJU47978305,제작동관,1,0.016,123,123,86,True,[0.016]
미래정밀 (2),MJU55250504,제작동관,1,0.0591,448,448,147,True,[0.0591]
미래정밀 (2),MJU55250505,제작동관,2,0.0726,550,853,169,False,"[0.0726, 0.1128]"
미래정밀 (2),MJU57132602,사급부품,1,0.0,0,0,1064,True,[]
미래정밀 (2),MJU57152701,제작동관,1,0.0115,87,87,73,True,[0.0115]
미래정밀 (2),MJU57152703,제작동관,1,0.016,121,121,86,True,[0.016]
미래정밀 (2),MJU57152801,제작동관,1,0.0261,198,198,100,True,[0.0261]
미래정밀 (2),MJU58273107,제작동관,1,0.1514,1147,1147,276,True,[0.1514]
미래정밀 (2),MJU58273201,제작동관,1,0.0499,385,385,117,True,[0.0499]
미래정밀 (2),MJU58273501,제작동관,1,0.0419,323,323,95,True,[0.0419]
미래정밀 (2),MJU58273801,제작동관,1,0.0478,362,362,104,True,[0.0478]
미래정밀 (2),MJU58273901,제작동관,1,0.0773,585,585,191,True,[0.0773]
미래정밀 (2),MJU58941301,제작동관,1,0.0234,180,180,163,True,[0.0234]
미래정밀 (2),MJU58941302,제작동관,1,0.0177,136,136,136,True,[0.0177]
미래정밀 (2),MJU58941303,제작동관,1,0.0189,145,145,137,True,[0.0189]
미래정밀 (2),MJU58941308,제작동관,1,0.0102,78,78,95,True,[0.0102]
미래정밀 (2),MJU58941309,제작동관,1,0.0122,93,93,96,True,[0.0122]
미래정밀 (2),MJU58941310,제작동관,1,0.0198,152,152,136,True,[0.0198]
미래정밀 (2),MJU58941311,제작동관,1,0.073,552,552,203,True,[0.073]
미래정밀 (2),MJU60436231,제작동관,1,0.1528,1155,1155,155,True,[0.1528]
미래정밀 (2),MJU60436232,제작동관,1,0.1628,1233,1233,173,True,[0.1628]
미래정밀 (2),MJU60436233,제작동관,1,0.0228,173,173,74,True,[0.0228]
미래정밀 (2),MJU60436235,제작동관,1,0.0279,211,211,75,True,[0.0279]
미래정밀 (2),MJU60436638,제작동관,1,0.2429,1837,1837,208,True,[0.2429]
미래정밀 (2),MJU60499615,제작동관,1,0.0089,67,67,47,True,[0.0089]
미래정밀 (2),MJU61380001,제작동관,1,0.04,318,318,69,True,[0.04]
미래정밀 (2),MJU61380201,제작동관,1,0.0558,443,443,81,True,[0.0558]
미래정밀 (2),MJU61380401,제작동관,1,0.0558,443,443,81,True,[0.0558]
미래정밀 (2),MJU61380501,제작동관,1,0.0715,568,568,92,True,[0.0715]
미래정밀 (2),MJU61382801,제작동관,1,0.0828,657,657,100,True,[0.0828]
미래정밀 (2),MJU61382901,제작동관,1,0.1023,812,812,114,True,[0.1023]
미래정밀 (2),MJU61387701,제작동관,1,0.04,318,318,69,True,[0.04]
미래정밀 (2),MJU61536301,제작동관,1,0.0056,69,69,2,True,[0.0056]
미래정밀 (2),MJU61536302,제작동관,1,0.0084,102,102,3,True,[0.0084]
미래정밀 (2),MJU61722101,제작동관,1,0.0075,60,60,48,True,[0.0075]
미래정밀 (2),MJU61861313,제작동관,1,0.031,375,375,11,True,[0.031]
미래정밀 (2),MJU61870401,제작동관,1,0.0589,452,452,99,True,[0.0589]
미래정밀 (2),MJU61880601,제작동관,1,0.0202,153,153,91,True,[0.0202]
미래정밀 (2),MJU61880701,제작동관,1,0.0191,145,145,90,True,[0.0191]
미래정밀 (2),MJU61880901,제작동관,1,0.0146,110,110,70,True,[0.0146]
미래정밀 (2),MJU61881001,제작동관,1,0.0209,158,158,91,True,[0.0209]
미래정밀 (2),MJU61881301,제작동관,1,0.0204,155,155,91,True,[0.0204]
미래정밀 (2),MJU61882401,제작동관,1,0.0189,143,143,47,True,[0.0189]
미래정밀 (2),MJU61882414,제작동관,1,0.0151,114,114,46,True,[0.0151]
미래정밀 (2),MJU61882501,제작동관,1,0.0604,457,457,109,True,[0.0604]
미래정밀 (2),MJU61882801,제작동관,1,0.0496,375,375,85,True,[0.0496]
미래정밀 (2),MJU61882901,제작동관,1,0.0342,259,259,91,True,[0.0342]
미래정밀 (2),MJU61883001,제작동관,1,0.033,249,249,73,True,[0.033]
미래정밀 (2),MJU61884401,제작동관,1,0.0184,141,141,90,True,[0.0184]
미래정밀 (2),MJU61884402,제작동관,1,0.0225,172,172,92,True,[0.0225]
미래정밀 (2),MJU61884403,제작동관,1,0.021,161,161,91,True,[0.021]
미래정밀 (2),MJU61884404,제작동관,1,0.0251,192,192,94,True,[0.0251]
미래정밀 (2),MJU61908601,제작동관,1,0.0141,107,107,61,True,[0.0141]
미래정밀 (2),MJU61908701,제작동관,1,0.0233,177,177,86,True,[0.0233]
미래정밀 (2),MJU61908801,제작동관,1,0.0223,169,169,86,True,[0.0223]
미래정밀 (2),MJU61908901,제작동관,1,0.0292,221,221,88,True,[0.0292]
미래정밀 (2),MJU61909001,제작동관,1,0.0381,288,288,94,True,[0.0381]
미래정밀 (2),MJU61909102,제작동관,1,0.0559,423,423,109,True,[0.0559]
미래정밀 (2),MJU61909301,제작동관,1,0.0394,298,298,95,True,[0.0394]
미래정밀 (2),MJU61909402,제작동관,1,0.0457,346,346,110,True,[0.0457]
미래정밀 (2),MJU61909701,제작동관,1,0.0151,114,114,42,True,[0.0151]
미래정밀 (2),MJU61909801,제작동관,1,0.1264,955,955,174,True,[0.1264]
미래정밀 (2),MJU61909902,제작동관,1,0.1445,1092,1092,218,True,[0.1445]
미래정밀 (2),MJU61910001,제작동관,1,0.0189,143,143,62,True,[0.0189]
미래정밀 (2),MJU61949301,제작동관,1,0.0193,146,146,88,True,[0.0193]
미래정밀 (2),MJU61949302,제작동관,1,0.0089,67,67,61,True,[0.0089]
미래정밀 (2),MJU61949303,제작동관,1,0.0099,75,75,45,True,[0.0099]
미래정밀 (2),MJU61949304,제작동관,1,0.0201,152,152,88,True,[0.0201]
미래정밀 (2),MJU61958401,사급부품,1,0.0,0,0,1099,True,[]
미래정밀 (2),MJU61972902,제작동관,1,0.0075,58,58,46,True,[0.0075]
미래정밀 (2),MJU62028301,제작동관,1,0.0136,105,105,86,True,[0.0136]
미래정밀 (2),MJU62028802,제작동관,1,0.0086,66,66,49,True,[0.0086]
미래정밀 (2),MJU62072902,제작동관,1,0.015,115,115,85,True,[0.015]
미래정밀 (2),MJU62072903,제작동관,1,0.015,115,115,85,True,[0.015]
미래정밀 (2),MJU62079502,제작동관,1,0.0759,923,923,28,True,[0.0759]
미래정밀 (2),MJU62079601,제작동관,1,0.0167,205,205,6,True,[0.0167]
미래정밀 (2),MJU62079602,제작동관,1,0.0133,164,164,5,True,[0.0133]
미래정밀 (2),MJU62079603,제작동관,1,0.015,185,185,6,True,[0.015]
미래정밀 (2),MJU62079604,제작동관,1,0.0117,144,144,4,True,[0.0117]
미래정밀 (2),MJU62085201,제작동관,1,0.0252,306,306,9,True,[0.0252]
미래정밀 (2),MJU62085202,제작동관,1,0.0202,246,246,7,True,[0.0202]
미래정밀 (2),MJU62267001,제작동관,1,0.0364,276,276,93,True,[0.0364]
미래정밀 (2),MJU62267101,제작동관,1,0.0552,418,418,106,True,[0.0552]
미래정밀 (2),MJU62267201,제작동관,1,0.0253,191,191,85,True,[0.0253]
미래정밀 (2),MJU62267501,제작동관,6,0.0058,45,116,38,True,[0.0058]
미래정밀 (2),MJU62267502,제작동관,2,0.0214,165,165,83,True,[0.0214]
미래정밀 (2),MJU62267504,제작동관,1,0.029,224,224,88,True,[0.029]
미래정밀 (2),MJU62267505,제작동관,1,0.0264,204,204,86,True,[0.0264]
미래정밀 (2),MJU62267701,제작동관,1,0.0083,64,64,39,True,[0.0083]
미래정밀 (2),MJU62360301,제작동관,1,0.0293,232,232,73,True,[0.0293]
미래정밀 (2),MJU62360401,제작동관,1,0.0293,232,232,73,True,[0.0293]
미래정밀 (2),MJU62360501,제작동관,1,0.0293,232,232,73,True,[0.0293]
미래정밀 (2),MJU62360601,제작동관,1,0.0299,237,237,73,True,[0.0299]
미래정밀 (2),MJU62366601,사급부품/제작동관,2,0.2048,2190,4096,553,True,[0.2048]
미래정밀 (2),MJU62366603,사급부품/제작동관,2,0.2044,2436,4088,462,True,[0.2044]
미래정밀 (2),MJU62371104,제작동관,2,0.0745,415,562,95,False,"[0.055, 0.0745]"
미래정밀 (2),MJU62371701,사급부품/제작동관,2,0.2574,3210,5148,675,True,[0.2574]
미래정밀 (2),MJU62371703,사급부품,1,0.0,4244,4244,0,True,[]
미래정밀 (2),MJU62392001,제작동관,2,0.0152,117,117,62,True,[0.0152]
미래정밀 (2),MJU62392101,사급부품/제작동관,2,0.1669,1260,1804,224,True,[0.1669]
미래정밀 (2),MJU62392701,제작동관,1,0.0453,347,347,63,True,[0.0453]
미래정밀 (2),MJU62393501,제작동관,1,0.029,231,231,73,True,[0.029]
미래정밀 (2),MJU62393601,제작동관,1,0.0293,233,233,73,True,[0.0293]
미래정밀 (2),MJU62394001,제작동관,1,0.0379,301,301,79,True,[0.0379]
미래정밀 (2),MJU62394101,제작동관,1,0.0379,301,301,79,True,[0.0379]
미래정밀 (2),MJU62394201,제작동관,1,0.0379,301,301,79,True,[0.0379]
미래정밀 (2),MJU62394301,제작동관,1,0.0371,294,294,78,True,[0.0371]
미래정밀 (2),MJU62394401,제작동관,1,0.0371,294,294,78,True,[0.0371]
미래정밀 (2),MJU62394501,제작동관,1,0.0371,294,294,78,True,[0.0371]
미래정밀 (2),MJU62394601,제작동관,1,0.0381,303,303,79,True,[0.0381]
미래정밀 (2),MJU62394701,제작동관,1,0.0371,294,294,78,True,[0.0371]
미래정밀 (2),MJU62394801,제작동관,1,0.0371,294,294,78,True,[0.0371]
미래정밀 (2),MJU62394901,제작동관,1,0.0379,301,301,79,True,[0.0379]
미래정밀 (2),MJU62395001,제작동관,1,0.0361,287,287,78,True,[0.0361]
미래정밀 (2),MJU62395101,제작동관,1,0.0379,301,301,79,True,[0.0379]
미래정밀 (2),MJU62490101,제작동관,1,0.0501,397,397,88,True,[0.0501]
미래정밀 (2),MJU62490201,제작동관,1,0.0511,406,406,88,True,[0.0511]
미래정밀 (2),MJU62490301,제작동관,1,0.0504,400,400,88,True,[0.0504]
미래정밀 (2),MJU62490401,제작동관,1,0.0505,401,401,88,True,[0.0505]
미래정밀 (2),MJU62671904,제작동관,1,0.0755,571,571,124,True,[0.0755]
미래정밀 (2),MJU62671905,제작동관,1,0.068,514,514,119,True,[0.068]
미래정밀 (2),MJU62671906,제작동관,1,0.102,771,771,159,True,[0.102]
미래정밀 (2),MJU62672406,제작동관,2,0.0071,54,54,56,True,[0.0071]
미래정밀 (2),MJU62672407,제작동관,2,0.0131,101,101,75,True,[0.0131]
미래정밀 (2),MJU62732605,제작동관,1,0.0144,110,110,65,True,[0.0144]
미래정밀 (2),MJU62793401,제작동관,1,0.0093,72,72,49,True,[0.0093]
미래정밀 (2),MJU62811801,제작동관,1,0.1083,818,818,147,True,[0.1083]
미래정밀 (2),MJU62823103,사급부품,2,0.0,690,690,0,True,[]
미래정밀 (2),MJU62834701,제작동관,1,0.0048,37,37,46,True,[0.0048]
미래정밀 (2),MJU62843702,제작동관,1,0.054,417,417,111,True,[0.054]
미래정밀 (2),MJU62843801,제작동관,1,0.1265,958,958,146,True,[0.1265]
미래정밀 (2),MJU62843803,제작동관,1,0.1959,1481,1481,160,True,[0.1959]
미래정밀 (2),MJU62866303,제작동관,1,0.1062,814,814,112,True,[0.1062]
미래정밀 (2),MJU62907916,제작동관,2,0.0105,80,80,61,True,[0.0105]
미래정밀 (2),MJU62907937,제작동관,1,0.0088,68,68,57,True,[0.0088]
미래정밀 (2),MJU62915001,제작동관,1,0.0255,192,192,56,True,[0.0255]
미래정밀 (2),MJU62915002,제작동관,1,0.0685,517,517,105,True,[0.0685]
미래정밀 (2),MJU62919025,제작동관,1,0.0068,52,52,36,True,[0.0068]
미래정밀 (2),MJU62947901,제작동관,1,0.0123,94,94,82,True,[0.0123]
미래정밀 (2),MJU62970702,제작동관,1,0.0604,457,457,139,True,[0.0604]
미래정밀 (2),MJU62981406,제작동관,1,0.1581,1197,1197,171,True,[0.1581]
미래정밀 (2),MJU62993705,제작동관,1,0.0138,106,106,50,True,[0.0138]
미래정밀 (2),MJU62993710,제작동관,1,0.0177,137,137,70,True,[0.0177]
미래정밀 (2),MJU62993711,제작동관,1,0.0242,187,187,91,True,[0.0242]
미래정밀 (2),MJU63000101,제작동관,6,0.0038,30,30,34,True,[0.0038]
미래정밀 (2),MJU63001001,제작동관,1,0.1418,1071,1071,138,True,[0.1418]
미래정밀 (2),MJU63001002,사급부품/제작동관,10,0.1626,1227,1684,177,True,[0.1626]
미래정밀 (2),MJU63001003,사급부품/제작동관,6,0.1626,0,1488,213,True,[0.1626]
미래정밀 (2),MJU63001004,제작동관,1,0.1805,1362,1362,192,True,[0.1805]
미래정밀 (2),MJU63004212,제작동관,1,0.2948,2226,2226,230,True,[0.2948]
미래정밀 (2),MJU63009601,제작동관,1,0.0303,229,229,38,True,[0.0303]
미래정밀 (2),MJU63037001,제작동관,1,0.0249,188,188,77,True,[0.0249]
미래정밀 (2),MJU63060001,제작동관,1,0.0807,611,611,132,True,[0.0807]
미래정밀 (2),MJU63060002,제작동관,1,0.0784,594,594,128,True,[0.0784]
미래정밀 (2),MJU63076601,제작동관,1,0.0316,239,239,66,True,[0.0316]
미래정밀 (2),MJU63076701,제작동관,1,0.011,85,85,49,True,[0.011]
미래정밀 (2),MJU63076702,제작동관,1,0.017,129,129,63,True,[0.017]
미래정밀 (2),MJU63076801,제작동관,1,0.0189,145,145,54,True,[0.0189]
미래정밀 (2),MJU63076802,제작동관,1,0.03,227,227,57,True,[0.03]
미래정밀 (2),MJU63088211,제작동관,1,0.035,265,265,99,True,[0.035]
미래정밀 (2),MJU63088212,제작동관,1,0.0558,430,430,145,True,[0.0558]
미래정밀 (2),MJU63125203,제작동관,1,0.0337,255,255,83,True,[0.0337]
미래정밀 (2),MJU63208004,제작동관,1,0.0456,344,344,89,True,[0.0456]
미래정밀 (2),MJU63208005,제작동관,1,0.0451,341,341,86,True,[0.0451]
미래정밀 (2),MJU63208101,제작동관,1,0.0199,154,154,105,True,[0.0199]
미래정밀 (2),MJU63208102,제작동관,1,0.0114,88,88,65,True,[0.0114]
미래정밀 (2),MJU63208104,제작동관,1,0.0106,81,81,48,True,[0.0106]
미래정밀 (2),MJU63208105,제작동관,1,0.016,123,123,66,True,[0.016]
미래정밀 (2),MJU63208106,제작동관,1,0.0125,97,97,83,True,[0.0125]
미래정밀 (2),MJU63215901,제작동관,1,0.0152,117,117,54,True,[0.0152]
미래정밀 (2),MJU63215902,제작동관,1,0.026,200,200,73,True,[0.026]
미래정밀 (2),MJU63287701,제작동관,1,0.0218,167,167,90,True,[0.0218]
미래정밀 (2),MJU63294810,사급부품,1,0.0,1358,1358,0,True,[]
미래정밀 (2),MJU63357501,제작동관,1,0.0094,71,71,48,True,[0.0094]
미래정밀 (2),MJU63366805,사급부품,1,0.0,618,618,0,True,[]
미래정밀 (2),MJU63406904,제작동관,1,0.2276,1721,1721,299,True,[0.2276]
미래정밀 (2),MJU63406917,제작동관,2,0.022,439,439,110,True,[0.022]
미래정밀 (2),MJU63408302,제작동관,1,0.0177,137,137,72,True,[0.0177]
미래정밀 (2),MJU63429401,제작동관,2,0.0133,267,267,96,True,[0.0133]
미래정밀 (2),MJU63429402,제작동관,2,0.0115,230,230,93,True,[0.0115]
미래정밀 (2),MJU63429403,제작동관,2,0.0107,213,213,75,True,[0.0107]
미래정밀 (2),MJU63429404,제작동관,2,0.0115,230,230,93,True,[0.0115]
미래정밀 (2),MJU63429405,제작동관,2,0.0133,267,267,96,True,[0.0133]
미래정밀 (2),MJU63429502,사급부품,1,0.0,2308,2308,0,True,[]
미래정밀 (2),MJU63431001,제작동관,1,0.012,91,91,54,True,[0.012]
미래정밀 (2),MJU63431101,제작동관,1,0.0178,135,135,57,True,[0.0178]
미래정밀 (2),MJU63436902,제작동관,1,0.1165,898,898,156,True,[0.1165]
미래정밀 (2),MJU63467003,제작동관,1,0.1012,767,767,169,True,[0.1012]
미래정밀 (2),MJU63467004,제작동관,1,0.0296,225,225,63,True,[0.0296]
미래정밀 (2),MJU63467006,제작동관,1,0.0784,594,594,137,True,[0.0784]
미래정밀 (2),MJU63470904,제작동관,2,0.1223,923,923,156,True,[0.1223]
미래정밀 (2),MJU63478301,제작동관,1,0.1633,1233,1233,226,True,[0.1633]
미래정밀 (2),MJU63478401,제작동관,1,0.0682,516,516,142,True,[0.0682]
미래정밀 (2),MJU63479301,제작동관,1,0.0932,715,715,137,True,[0.0932]
미래정밀 (2),MJU63494201,제작동관,1,0.0526,397,397,51,True,[0.0526]
미래정밀 (2),MJU63494301,제작동관,1,0.0931,704,704,84,True,[0.0931]
미래정밀 (2),MJU63494302,제작동관,1,0.1004,758,758,86,True,[0.1004]
미래정밀 (2),MJU63501403,제작동관,1,0.1048,791,791,132,True,[0.1048]
미래정밀 (2),MJU63512506,사급부품,2,0.0,809,809,0,True,[]
미래정밀 (2),MJU63514201,제작동관,1,0.0587,443,443,108,True,[0.0587]
미래정밀 (2),MJU63548417,제작동관,2,0.0154,122,122,88,True,[0.0154]
미래정밀 (2),MJU63548418,제작동관,2,0.0227,180,180,110,True,[0.0227]
미래정밀 (2),MJU63548419,제작동관,2,0.0231,184,184,110,True,[0.0231]
미래정밀 (2),MJU63616702,제작동관,1,0.0431,325,325,148,True,[0.0431]
미래정밀 (2),MJU63650903,제작동관,2,0.0068,135,135,52,True,[0.0068]
미래정밀 (2),MJU63650904,제작동관,1,0.0203,405,405,137,True,[0.0203]
미래정밀 (2),MJU63650908,제작동관,1,0.1918,1450,1450,234,True,[0.1918]
미래정밀 (2),MJU63650909,제작동관,1,0.1652,1249,1249,184,True,[0.1652]
미래정밀 (2),MJU63650911,제작동관,1,0.4335,3272,3272,437,True,[0.4335]
미래정밀 (2),MJU63669501,제작동관,1,0.0099,76,76,81,True,[0.0099]
미래정밀 (2),MJU63669502,제작동관,1,0.0122,93,93,76,True,[0.0122]
미래정밀 (2),MJU63669505,제작동관,1,0.0254,193,193,85,True,[0.0254]
미래정밀 (2),MJU63669506,제작동관,1,0.024,182,182,84,True,[0.024]
미래정밀 (2),MJU63669508,제작동관,1,0.0254,193,193,85,True,[0.0254]
미래정밀 (2),MJU63669512,제작동관,2,0.023,174,174,84,True,[0.023]
미래정밀 (2),MJU63669601,제작동관,2,0.0062,48,48,62,True,[0.0062]
미래정밀 (2),MJU63687701,제작동관,1,0.0099,76,76,81,True,[0.0099]
미래정밀 (2),MJU63687703,제작동관,1,0.0153,117,117,85,True,[0.0153]
미래정밀 (2),MJU63706401,제작동관,1,0.0196,150,150,77,True,[0.0196]
미래정밀 (2),MJU63706901,제작동관,1,0.7263,14526,14526,1255,True,[0.7263]
미래정밀 (2),MJU63707001,제작동관,1,0.0183,141,141,68,True,[0.0183]
미래정밀 (2),MJU63707101,제작동관,1,0.0243,184,184,89,True,[0.0243]
미래정밀 (2),MJU63711305,제작동관,1,0.01,77,77,65,True,[0.01]
미래정밀 (2),MJU63751001,제작동관,1,0.0164,124,124,52,True,[0.0164]
미래정밀 (2),MJU63787901,제작동관,1,0.0857,647,647,146,True,[0.0857]
미래정밀 (2),MJU63788101,사급부품/제작동관,2,0.1147,866,1131,166,True,[0.1147]
미래정밀 (2),MJU63788601,제작동관,1,0.0462,350,350,85,True,[0.0462]
미래정밀 (2),MJU63868577,제작동관,1,0.0361,722,722,160,True,[0.0361]
미래정밀 (2),MJU64047701,제작동관,1,0.0214,164,164,72,True,[0.0214]
미래정밀 (2),MJU64047801,제작동관,1,0.0214,164,164,72,True,[0.0214]
미래정밀 (2),MJU64047901,제작동관,1,0.0137,105,105,38,True,[0.0137]
미래정밀 (2),MJU64048001,사급부품,1,0.0,600,600,0,True,[]
미래정밀 (2),MJU64048402,제작동관,1,0.016,123,123,98,True,[0.016]
미래정밀 (2),MJU64067401,제작동관,1,0.0483,965,965,168,True,[0.0483]
미래정밀 (2),MJU64067501,제작동관,1,0.0097,195,195,76,True,[0.0097]
미래정밀 (2),MJU64086301,제작동관,1,0.146,1104,1104,175,True,[0.146]
미래정밀 (2),MJU64086401,제작동관,1,0.068,514,514,121,True,[0.068]
미래정밀 (2),MJU64086601,제작동관,1,0.0556,421,421,110,True,[0.0556]
미래정밀 (2),MJU64091101,제작동관,1,0.0131,262,262,79,True,[0.0131]
미래정밀 (2),MJU64091102,제작동관,1,0.0147,294,294,98,True,[0.0147]
미래정밀 (2),MJU64091103,제작동관,1,0.0067,134,134,52,True,[0.0067]
미래정밀 (2),MJU64091104,제작동관,1,0.0147,294,294,98,True,[0.0147]
미래정밀 (2),MJU64095103,제작동관,1,0.0287,217,217,60,True,[0.0287]
미래정밀 (2),MJU64211601,제작동관,1,0.0635,487,487,52,True,[0.0635]
미래정밀 (2),MJU64211611,제작동관,1,0.0635,487,487,76,True,[0.0635]
미래정밀 (2),MJU64287701,제작동관,1,0.1736,1315,1315,170,True,[0.1736]
미래정밀 (2),MJU64327301,제작동관,1,0.0427,329,329,98,True,[0.0427]
미래정밀 (2),MJU64327401,제작동관,1,0.119,902,902,220,True,[0.119]
미래정밀 (2),MJU64327503,제작동관,1,0.0739,559,559,188,True,[0.0739]
미래정밀 (2),MJU64328315,제작동관,1,0.1208,915,915,192,True,[0.1208]
미래정밀 (2),MJU64370101,제작동관,2,0.0134,103,103,50,True,[0.0134]
미래정밀 (2),MJU64386201,제작동관,1,0.0478,368,368,101,True,[0.0478]
미래정밀 (2),MJU64386301,제작동관,1,0.0157,119,119,42,True,[0.0157]
미래정밀 (2),MJU64386401,제작동관,1,0.0382,290,290,128,True,[0.0382]
미래정밀 (2),MJU64406301,제작동관,1,0.0157,313,313,100,True,[0.0157]
미래정밀 (2),MJU64406302,제작동관,1,0.0151,301,301,99,True,[0.0151]
미래정밀 (2),MJU64406303,제작동관,1,0.0186,371,371,105,True,[0.0186]
미래정밀 (2),MJU64406304,제작동관,1,0.0198,397,397,107,True,[0.0198]
미래정밀 (2),MJU64406401,제작동관,1,0.0124,248,248,95,True,[0.0124]
미래정밀 (2),MJU64406402,제작동관,1,0.0125,250,250,95,True,[0.0125]
미래정밀 (2),MJU64406403,제작동관,1,0.0126,253,253,95,True,[0.0126]
미래정밀 (2),MJU64406404,제작동관,1,0.0132,264,264,96,True,[0.0132]
미래정밀 (2),MJU64408024,제작동관,1,0.0901,681,681,120,True,[0.0901]
미래정밀 (2),MJU64427301,제작동관,1,0.055,415,415,98,True,[0.055]
미래정밀 (2),MJU64431901,제작동관,1,0.0159,126,126,95,True,[0.0159]
미래정밀 (2),MJU64431902,제작동관,1,0.0235,187,187,97,True,[0.0235]
미래정밀 (2),MJU64431903,제작동관,1,0.0222,176,176,97,True,[0.0222]
미래정밀 (2),MJU64431904,제작동관,1,0.0082,65,65,53,True,[0.0082]
미래정밀 (2),MJU64431905,제작동관,1,0.0044,35,35,36,True,[0.0044]
미래정밀 (2),MJU64433003,사급부품,27,0.0,405,405,0,True,[]
미래정밀 (2),MJU64449912,제작동관,1,0.1383,1066,1066,166,True,[0.1383]
미래정밀 (2),MJU64449913,제작동관,1,0.0536,405,405,88,True,[0.0536]
미래정밀 (2),MJU64463003,사급부품,1,0.0,405,405,0,True,[]
미래정밀 (2),MJU64466501,제작동관,2,0.0068,52,53,45,False,"[0.0068, 0.007]"
미래정밀 (2),MJU64486201,사급부품,1,0.0,340,340,0,True,[]
미래정밀 (2),MJU64526501,제작동관,1,0.0115,91,91,69,True,[0.0115]
미래정밀 (2),MJU64669307,제작동관,1,0.0211,159,159,67,True,[0.0211]
미래정밀 (2),MJU64687901,제작동관,1,0.1315,993,993,162,True,[0.1315]
미래정밀 (2),MJU64706601,제작동관,1,0.0164,124,124,43,True,[0.0164]
미래정밀 (2),MJU64706601-1,제작동관,1,0.0166,126,126,50,True,[0.0166]
미래정밀 (2),MJU64707001,제작동관,1,0.0146,110,110,34,True,[0.0146]
미래정밀 (2),MJU64707501,제작동관,1,0.0074,56,56,40,True,[0.0074]
미래정밀 (2),MJU64707502,제작동관,2,0.0107,81,81,37,True,[0.0107]
미래정밀 (2),MJU64707506,제작동관,1,0.0145,111,111,54,True,[0.0145]
미래정밀 (2),MJU64707508,제작동관,2,0.0121,91,92,47,False,"[0.012, 0.0121]"
미래정밀 (2),MJU64711801,제작동관,1,0.1611,1218,1218,124,True,[0.1611]
미래정밀 (2),MJU64711901,제작동관,1,0.0144,109,109,52,True,[0.0144]
미래정밀 (2),MJU64712001,제작동관,1,0.0662,502,502,98,True,[0.0662]
미래정밀 (2),MJU64712101,제작동관,1,0.036,272,272,90,True,[0.036]
미래정밀 (2),MJU64712301,제작동관,1,0.0266,204,204,98,True,[0.0266]
미래정밀 (2),MJU64727001,제작동관,1,0.0425,326,326,105,True,[0.0425]
미래정밀 (2),MJU64727002,제작동관,1,0.0421,323,323,105,True,[0.0421]
미래정밀 (2),MJU64727101,제작동관,1,0.0489,375,375,127,True,[0.0489]
미래정밀 (2),MJU64727102,제작동관,1,0.0484,371,371,127,True,[0.0484]
미래정밀 (2),MJU64727201,제작동관,1,0.0557,427,427,140,True,[0.0557]
미래정밀 (2),MJU64727202,제작동관,1,0.0553,424,424,139,True,[0.0553]
미래정밀 (2),MJU64727501,제작동관,1,0.0287,228,228,86,True,[0.0287]
미래정밀 (2),MJU64727601,제작동관,1,0.0486,386,386,312,True,[0.0486]
미래정밀 (2),MJU64727602,제작동관,1,0.0486,386,386,312,True,[0.0486]
미래정밀 (2),MJU64727701,제작동관,1,0.0704,559,559,443,True,[0.0704]
미래정밀 (2),MJU64727702,제작동관,1,0.0688,546,546,442,True,[0.0688]
미래정밀 (2),MJU64727801,제작동관,1,0.0931,740,740,468,True,[0.0931]
미래정밀 (2),MJU64727802,제작동관,1,0.0922,732,732,467,True,[0.0922]
미래정밀 (2),MJU64727901,제작동관,1,0.1194,948,948,610,True,[0.1194]
미래정밀 (2),MJU64727902,제작동관,1,0.1178,936,936,609,True,[0.1178]
미래정밀 (2),MJU64728001,제작동관,1,0.1231,977,977,497,True,[0.1231]
미래정밀 (2),MJU64728002,제작동관,1,0.1212,962,962,496,True,[0.1212]
미래정밀 (2),MJU64728101,제작동관,1,0.1448,1150,1150,744,True,[0.1448]
미래정밀 (2),MJU64728102,제작동관,1,0.1448,1150,1150,744,True,[0.1448]
미래정밀 (2),MJU64729901,제작동관,1,0.0291,224,224,79,True,[0.0291]
미래정밀 (2),MJU64750502,제작동관,1,0.1339,1011,1011,84,True,[0.1339]
미래정밀 (2),MJU64750503,제작동관,1,0.1311,990,990,87,True,[0.1311]
미래정밀 (2),MJU64750504,제작동관,1,0.1251,944,944,141,True,[0.1251]
미래정밀 (2),MJU64766109,제작동관,1,0.0105,80,80,58,True,[0.0105]
미래정밀 (2),MJU64766110,제작동관,1,0.0168,128,128,80,True,[0.0168]
미래정밀 (2),MJU64768602,제작동관,1,0.1027,777,777,108,True,[0.1027]
미래정밀 (2),MJU64770701,제작동관,1,0.0106,81,81,73,True,[0.0106]
미래정밀 (2),MJU64770702,제작동관,1,0.0109,84,84,73,True,[0.0109]
미래정밀 (2),MJU64770703,제작동관,1,0.0111,85,85,73,True,[0.0111]
미래정밀 (2),MJU64770704,제작동관,1,0.0081,62,62,40,True,[0.0081]
미래정밀 (2),MJU64770705,제작동관,1,0.0145,115,115,36,True,[0.0145]
미래정밀 (2),MJU64770706,제작동관,1,0.0149,119,119,36,True,[0.0149]
미래정밀 (2),MJU64770707,제작동관,1,0.0184,146,146,37,True,[0.0184]
미래정밀 (2),MJU64770708,제작동관,1,0.0211,167,167,38,True,[0.0211]
미래정밀 (2),MJU64770709,제작동관,1,0.0152,121,121,34,True,[0.0152]
미래정밀 (2),MJU64770710,제작동관,1,0.0205,157,157,83,True,[0.0205]
미래정밀 (2),MJU64786109,제작동관,1,0.0164,126,126,88,True,[0.0164]
미래정밀 (2),MJU64791201,제작동관,1,0.0801,605,605,80,True,[0.0801]
미래정밀 (2),MJU64791202,제작동관,1,0.1104,833,833,120,True,[0.1104]
미래정밀 (2),MJU64791203,제작동관,1,0.1554,1173,1173,126,True,[0.1554]
미래정밀 (2),MJU64794403,제작동관,1,0.0073,56,56,64,True,[0.0073]
미래정밀 (2),MJU64794404,제작동관,1,0.0094,72,72,64,True,[0.0094]
미래정밀 (2),MJU64795601,제작동관,1,0.0092,70,70,64,True,[0.0092]
미래정밀 (2),MJU64795608,제작동관,1,0.0082,181,181,89,True,[0.0082]
미래정밀 (2),MJU64795609,제작동관,1,0.005,110,110,66,True,[0.005]
미래정밀 (2),MJU64795610,제작동관,1,0.0082,181,181,89,True,[0.0082]
미래정밀 (2),MJU64795701,제작동관,1,0.0202,155,155,105,True,[0.0202]
미래정밀 (2),MJU64808801,제작동관,1,0.0207,157,157,78,True,[0.0207]
미래정밀 (2),MJU64808802,제작동관,1,0.0172,130,130,77,True,[0.0172]
미래정밀 (2),MJU64808803,제작동관,1,0.0155,118,118,61,True,[0.0155]
미래정밀 (2),MJU64808804,제작동관,1,0.017,129,129,77,True,[0.017]
미래정밀 (2),MJU64808805,제작동관,1,0.0202,153,153,78,True,[0.0202]
미래정밀 (2),MJU64856601,제작동관,1,0.0304,233,233,75,True,[0.0304]
미래정밀 (2),MJU64856602,제작동관,1,0.0304,233,233,75,True,[0.0304]
미래정밀 (2),MJU64856603,제작동관,1,0.0176,135,135,71,True,[0.0176]
미래정밀 (2),MJU64856604,제작동관,1,0.0176,135,135,71,True,[0.0176]
미래정밀 (2),MJU64856605,제작동관,1,0.0307,236,236,75,True,[0.0307]
미래정밀 (2),MJU64856606,제작동관,1,0.0307,236,236,75,True,[0.0307]
미래정밀 (2),MJU64856613,제작동관,1,0.0313,625,625,108,True,[0.0313]
미래정밀 (2),MJU64857301,제작동관,1,0.0646,513,513,87,True,[0.0646]
미래정밀 (2),MJU64857401,제작동관,1,0.0791,628,628,97,True,[0.0791]
미래정밀 (2),MJU64867606,제작동관,3,0.1137,877,877,198,True,[0.1137]
미래정밀 (2),MJU64867607,제작동관,3,0.0574,434,434,137,True,[0.0574]
미래정밀 (2),MJU64867623,제작동관,1,0.1713,1298,1298,254,True,[0.1713]
미래정밀 (2),MJU64867624,제작동관,1,0.0431,325,325,91,True,[0.0431]
미래정밀 (2),MJU64867625,제작동관,2,0.1268,978,1409,255,False,"[0.1088, 0.1268]"
미래정밀 (2),MJU64868527,제작동관,2,0.0099,76,76,67,True,[0.0099]
미래정밀 (2),MJU64868529,제작동관,2,0.2643,1998,1998,359,True,[0.2643]
미래정밀 (2),MJU64868530,제작동관,1,0.0223,169,169,81,True,[0.0223]
미래정밀 (2),MJU64868531,제작동관,1,0.0185,142,142,70,True,[0.0185]
미래정밀 (2),MJU64868532,제작동관,2,0.0132,101,101,69,True,[0.0132]
미래정밀 (2),MJU64868533,제작동관,2,0.018,138,138,46,True,[0.018]
미래정밀 (2),MJU64868534,제작동관,5,0.0076,58,152,37,True,[0.0076]
미래정밀 (2),MJU64868535,제작동관,1,0.0157,121,121,70,True,[0.0157]
미래정밀 (2),MJU64868536,제작동관,3,0.0192,153,153,101,True,[0.0192]
미래정밀 (2),MJU64868548,제작동관,2,0.0148,113,114,83,False,"[0.0148, 0.0149]"
미래정밀 (2),MJU64868549,제작동관,2,0.0276,212,212,128,False,"[0.0276, 0.0277]"
미래정밀 (2),MJU64868550,제작동관,2,0.0131,101,101,81,True,[0.0131]
미래정밀 (2),MJU64868556,제작동관,1,0.0177,136,136,84,True,[0.0177]
미래정밀 (2),MJU64868565,제작동관,1,0.069,521,521,113,True,[0.069]
미래정밀 (2),MJU64868568,제작동관,1,0.0148,113,113,82,True,[0.0148]
미래정밀 (2),MJU64868569,제작동관,2,0.0184,141,141,85,True,[0.0184]
미래정밀 (2),MJU64868570,제작동관,1,0.0099,76,76,62,True,[0.0099]
미래정밀 (2),MJU64868571,제작동관,1,0.0288,221,221,122,True,[0.0288]
미래정밀 (2),MJU64868578,제작동관,1,0.0188,377,377,96,True,[0.0188]
미래정밀 (2),MJU64868579,제작동관,1,0.0153,306,306,97,True,[0.0153]
미래정밀 (2),MJU64868580,제작동관,1,0.0309,618,618,152,True,[0.0309]
미래정밀 (2),MJU64873001,제작동관,1,0.0287,217,217,110,True,[0.0287]
미래정밀 (2),MJU64873002,제작동관,1,0.0353,267,267,75,True,[0.0353]
미래정밀 (2),MJU64873003,제작동관,1,0.0343,260,260,102,True,[0.0343]
미래정밀 (2),MJU64873007,제작동관,1,0.0866,656,656,180,True,[0.0866]
미래정밀 (2),MJU64873009,제작동관,1,0.01,76,76,43,True,[0.01]
미래정밀 (2),MJU64873802,제작동관,4,0.015,116,119,84,False,"[0.0146, 0.015]"
미래정밀 (2),MJU64873803,제작동관,4,0.0226,179,179,102,True,[0.0226]
미래정밀 (2),MJU64873804,제작동관,4,0.028,216,222,104,False,"[0.0272, 0.028]"
미래정밀 (2),MJU64873805,제작동관,4,0.0302,240,240,105,True,[0.0302]
미래정밀 (2),MJU64873807,제작동관,4,0.0188,149,149,85,True,[0.0188]
미래정밀 (2),MJU64926101,사급부품,1,0.0,979,979,0,True,[]
미래정밀 (2),MJU64927120,제작동관,1,0.0077,59,59,48,True,[0.0077]
미래정밀 (2),MJU64959101,제작동관,2,0.0295,223,223,90,True,[0.0295]
미래정밀 (2),MJU64959102,제작동관,2,0.0248,188,188,87,True,[0.0248]
미래정밀 (2),MJU64959103,제작동관,2,0.0165,125,125,65,True,[0.0165]
미래정밀 (2),MJU64959104,제작동관,2,0.0285,216,216,90,True,[0.0285]
미래정밀 (2),MJU64959109,제작동관,1,0.0277,210,210,87,True,[0.0277]
미래정밀 (2),MJU64959110,제작동관,1,0.024,182,182,84,True,[0.024]
미래정밀 (2),MJU64959111,제작동관,1,0.0159,120,120,62,True,[0.0159]
미래정밀 (2),MJU64959112,제작동관,2,0.0277,209,210,87,False,"[0.0275, 0.0277]"
미래정밀 (2),MJU64959113,제작동관,2,0.0269,204,204,86,True,[0.0269]
미래정밀 (2),MJU64959114,제작동관,2,0.0215,163,163,83,True,[0.0215]
미래정밀 (2),MJU64959115,제작동관,2,0.0172,130,130,63,True,[0.0172]
미래정밀 (2),MJU64959116,제작동관,2,0.0279,211,211,87,True,[0.0279]
미래정밀 (2),MJU64963001,제작동관,1,0.0248,188,188,85,True,[0.0248]
미래정밀 (2),MJU64963704,제작동관,1,0.0356,270,270,96,True,[0.0356]
미래정밀 (2),MJU64963803,제작동관,1,0.104,786,786,93,True,[0.104]
미래정밀 (2),MJU64963804,제작동관,1,0.0395,299,299,76,True,[0.0395]
미래정밀 (2),MJU64963805,제작동관,1,0.1548,1171,1171,157,True,[0.1548]
미래정밀 (2),MJU64963806,제작동관,1,0.1037,784,784,128,True,[0.1037]
미래정밀 (2),MJU64963807,제작동관,1,0.092,697,697,122,True,[0.092]
미래정밀 (2),MJU64963808,제작동관,1,0.069,523,523,100,True,[0.069]
미래정밀 (2),MJU64964401,제작동관,2,0.0769,593,593,149,True,[0.0769]
미래정밀 (2),MJU64964402,제작동관,2,0.055,424,424,103,True,[0.055]
미래정밀 (2),MJU64964403,제작동관,2,0.0182,140,140,55,True,[0.0182]
미래정밀 (2),MJU64967801,제작동관,1,0.0134,103,103,84,True,[0.0134]
미래정밀 (2),MJU64967901,제작동관,1,0.0338,259,259,115,True,[0.0338]
미래정밀 (2),MJU64971501,사급부품,2,0.0,9801,9801,0,True,[]
미래정밀 (2),MJU64971504,사급부품,1,0.0,9846,9846,0,True,[]
미래정밀 (2),MJU64979301,제작동관,1,0.0087,66,66,37,True,[0.0087]
미래정밀 (2),MJU64979302,제작동관,2,0.0625,474,566,150,False,"[0.0625, 0.0747]"
미래정밀 (2),MJU64979304,제작동관,2,0.0105,77,80,46,False,"[0.0102, 0.0105]"
미래정밀 (2),MJU64979305,제작동관,1,0.0777,589,589,142,True,[0.0777]
미래정밀 (2),MJU64988301,제작동관,1,0.1725,1302,1302,189,True,[0.1725]
미래정밀 (2),MJU64988501,사급부품,1,0.0,153,153,0,True,[]
미래정밀 (2),MJU64988601,제작동관,1,0.208,1572,1572,365,True,[0.208]
미래정밀 (2),MJU64988801,제작동관,1,0.2104,1588,1588,299,True,[0.2104]
미래정밀 (2),MJU65026201,제작동관,1,0.0154,118,118,85,True,[0.0154]
미래정밀 (2),MJU65026202,제작동관,1,0.0071,54,54,62,True,[0.0071]
미래정밀 (2),MJU65026401,사급부품,2,0.0,473,1133,0,True,[]
미래정밀 (2),MJU65026411,사급부품,3,0.0,473,680,0,True,[]
미래정밀 (2),MJU65033014,제작동관,1,0.0154,122,122,83,True,[0.0154]
미래정밀 (2),MJU65033015,제작동관,1,0.0088,70,70,78,True,[0.0088]
미래정밀 (2),MJU65033016,제작동관,1,0.0115,91,91,80,True,[0.0115]
미래정밀 (2),MJU65034227,제작동관,1,0.1765,1334,1334,223,True,[0.1765]
미래정밀 (2),MJU65034228,제작동관,1,0.1397,1056,1056,181,True,[0.1397]
미래정밀 (2),MJU65486429,제작동관,1,0.0253,191,191,83,True,[0.0253]
미래정밀 (2),MJU65486430,제작동관,1,0.011,83,83,48,True,[0.011]
미래정밀 (2),MJU65516603,제작동관,1,0.0128,98,98,50,True,[0.0128]
미래정밀 (2),MJU65520102,제작동관,2,0.0194,148,149,73,False,"[0.0194, 0.0195]"
미래정밀 (2),MJU65533902,제작동관,1,0.0281,619,619,125,True,[0.0281]
미래정밀 (2),MJU65534002,제작동관,1,0.0308,677,677,129,True,[0.0308]
미래정밀 (2),MJU65566601,제작동관,1,0.0544,411,411,106,True,[0.0544]
미래정밀 (2),MJU65566701,제작동관,1,0.1318,999,999,216,True,[0.1318]
미래정밀 (2),MJU65587603,제작동관,1,0.01,79,79,79,True,[0.01]
미래정밀 (2),MJU65626503,제작동관,2,0.0458,346,346,82,True,[0.0458]
미래정밀 (2),MJU65626504,제작동관,2,0.1335,1008,1065,162,False,"[0.1335, 0.141]"
미래정밀 (2),MJU65687003,제작동관,1,0.0091,70,70,66,True,[0.0091]
미래정밀 (2),MJU65707420,제작동관,1,0.0964,728,728,197,True,[0.0964]
미래정밀 (2),MJU65707422,제작동관,1,0.096,725,725,204,True,[0.096]
미래정밀 (2),MJU65707423,제작동관,1,0.098,740,740,198,True,[0.098]
미래정밀 (2),MJU65726803-1,제작동관,1,0.0169,128,128,52,True,[0.0169]
미래정밀 (2),MJU65749601,제작동관,2,0.1233,950,950,245,True,[0.1233]
미래정밀 (2),MJU65749701,제작동관,2,0.0137,105,105,86,True,[0.0137]
미래정밀 (2),MJU65749702,제작동관,2,0.0127,97,97,69,True,[0.0127]
미래정밀 (2),MJU65749703,제작동관,2,0.0148,113,113,85,True,[0.0148]
미래정밀 (2),MJU65766110,제작동관,1,0.0187,144,144,71,True,[0.0187]
미래정밀 (2),MJU65766111,제작동관,1,0.0525,397,397,104,True,[0.0525]
미래정밀 (2),MJU65766112,제작동관,1,0.0214,165,165,81,True,[0.0214]
미래정밀 (2),MJU65766113,제작동관,1,0.0379,287,287,77,True,[0.0379]
미래정밀 (2),MJU65846201,사급부품,2,0.0,1173,1173,0,True,[]
미래정밀 (2),MJU65868011,제작동관,1,0.0225,171,171,81,True,[0.0225]
미래정밀 (2),MJU65868012,제작동관,1,0.0322,244,244,88,True,[0.0322]
미래정밀 (2),MJU65886301,제작동관,1,0.1805,1362,1362,435,True,[0.1805]
미래정밀 (2),MJU65986405,제작동관,1,0.0701,531,531,140,True,[0.0701]
미래정밀 (2),MJU66006802,제작동관,1,0.0619,475,475,154,True,[0.0619]
미래정밀 (2),MJU66126401,제작동관,1,0.0506,382,382,90,True,[0.0506]
미래정밀 (2),MJU66166605,제작동관,1,0.0238,180,180,91,True,[0.0238]
미래정밀 (2),MJU66266601,제작동관,1,0.1741,1314,1314,228,True,[0.1741]
미래정밀 (2),MJU66266602,제작동관,1,0.1857,1402,1402,202,True,[0.1857]
미래정밀 (2),MJU66266605,제작동관,2,0.1034,778,778,119,True,[0.1034]
미래정밀 (2),MJU66266607,제작동관,1,0.0219,165,165,53,True,[0.0219]
미래정밀 (2),MJU66266611,제작동관,1,0.3076,2322,2322,310,True,[0.3076]
미래정밀 (2),MJU66266618,제작동관,1,0.1881,1420,1420,204,True,[0.1881]
미래정밀 (2),MJU66266702,제작동관,1,0.1777,1341,1341,219,True,[0.1777]
미래정밀 (2),MJU66266707,제작동관,2,0.1697,1281,1281,174,True,[0.1697]
미래정밀 (2),MJU66267601,제작동관,1,0.1931,1460,1460,236,True,[0.1931]
미래정밀 (2),MJU66267602,제작동관,1,0.1996,1509,1509,270,True,[0.1996]
미래정밀 (2),MJU66267603,제작동관,3,0.0561,424,584,134,False,"[0.0455, 0.0561]"
미래정밀 (2),MJU66267605,제작동관,1,0.1743,1320,1320,256,True,[0.1743]
미래정밀 (2),MJU66267627,제작동관,1,0.0108,83,83,80,True,[0.0108]
미래정밀 (2),MJU66267637,제작동관,1,0.0184,141,141,68,True,[0.0184]
미래정밀 (2),MJU66267648,제작동관,2,0.1735,1314,1922,298,False,"[0.1484, 0.1735]"
미래정밀 (2),MJU66366302,제작동관,1,0.071,537,537,123,True,[0.071]
미래정밀 (2),MJU66366303,제작동관,1,0.0214,165,165,83,True,[0.0214]
미래정밀 (2),MJU66366801,제작동관,2,0.1813,1368,1371,197,False,"[0.1813, 0.1817]"
미래정밀 (2),MJU66366802,제작동관,1,0.0645,487,487,79,True,[0.0645]
미래정밀 (2),MJU66366803-1,사급부품,1,0.0,2416,2416,0,True,[]
미래정밀 (2),MJU66366804,제작동관,1,0.0345,261,261,98,True,[0.0345]
미래정밀 (2),MJU66366805,제작동관,1,0.0181,137,137,70,True,[0.0181]
미래정밀 (2),MJU66366806,제작동관,1,0.0223,171,171,90,True,[0.0223]
미래정밀 (2),MJU66366807,제작동관,1,0.0173,133,133,67,True,[0.0173]
미래정밀 (2),MJU66366812,제작동관,1,0.0566,436,436,148,True,[0.0566]
미래정밀 (2),MJU66366813,제작동관,1,0.022,167,167,87,True,[0.022]
미래정밀 (2),MJU66366814,제작동관,1,0.0174,133,133,70,True,[0.0174]
미래정밀 (2),MJU66470001,제작동관,1,0.0259,196,196,91,True,[0.0259]
미래정밀 (2),MJU66478204,제작동관,1,0.0446,337,337,107,True,[0.0446]
미래정밀 (2),MJU66478801,제작동관,1,0.0514,388,388,112,True,[0.0514]
미래정밀 (2),MJU66478901,제작동관,1,0.0186,141,141,56,True,[0.0186]
미래정밀 (2),MJU66479001,제작동관,1,0.0096,72,72,50,True,[0.0096]
미래정밀 (2),MJU66479301,제작동관,4,0.1276,929,1098,221,False,"[0.1229, 0.1276, 0.1453]"
미래정밀 (2),MJU66479801,제작동관,1,0.1307,987,987,164,True,[0.1307]
미래정밀 (2),MJU66479802,제작동관,1,0.145,1095,1095,191,True,[0.145]
미래정밀 (2),MJU66479901,제작동관,1,0.0976,737,737,141,True,[0.0976]
미래정밀 (2),MJU66493602,제작동관,1,0.0798,603,603,160,True,[0.0798]
미래정밀 (2),MJU66493702,제작동관,1,0.2346,1774,1774,294,True,[0.2346]
미래정밀 (2),MJU66493704,제작동관,1,0.2346,1774,1774,12,True,[0.2346]
미래정밀 (2),MJU66494202,제작동관,1,0.076,575,575,155,True,[0.076]
미래정밀 (2),MJU66502903,제작동관,1,0.066,854,854,157,True,[0.066]
미래정밀 (2),MJU66502904,제작동관,1,0.0457,592,592,135,True,[0.0457]
미래정밀 (2),MJU66502905,제작동관,1,0.0403,522,522,131,True,[0.0403]
미래정밀 (2),MJU66502906,제작동관,2,0.0427,553,553,134,True,[0.0427]
미래정밀 (2),MJU66502907,제작동관,1,0.0262,339,339,97,True,[0.0262]
미래정밀 (2),MJU66502908,제작동관,1,0.0301,389,389,103,True,[0.0301]
미래정밀 (2),MJU66506801,제작동관,1,0.0641,484,484,82,True,[0.0641]
미래정밀 (2),MJU66510401,제작동관,1,0.0287,217,217,80,True,[0.0287]
미래정밀 (2),MJU66510805,제작동관,1,0.1053,797,797,195,True,[0.1053]
미래정밀 (2),MJU66510806,제작동관,1,0.0253,191,191,92,True,[0.0253]
미래정밀 (2),MJU66566808,제작동관,5,0.2525,1909,1913,292,False,"[0.2525, 0.253]"
미래정밀 (2),MJU66566906,제작동관,2,0.1745,1317,1317,225,True,[0.1745]
미래정밀 (2),MJU66570402,제작동관,1,0.2961,2235,2235,278,True,[0.2961]
미래정밀 (2),MJU66574501,제작동관,2,0.0102,78,78,96,True,[0.0102]
미래정밀 (2),MJU66586201,제작동관,1,0.1944,1468,1468,218,True,[0.1944]
미래정밀 (2),MJU66586202,제작동관,1,0.1948,1471,1471,259,True,[0.1948]
미래정밀 (2),MJU66746201,제작동관,3,0.2359,1781,1994,287,False,"[0.2359, 0.245, 0.2641]"
미래정밀 (2),MJU66748103,제작동관,1,0.0096,74,74,47,True,[0.0096]
미래정밀 (2),MJU66748104,제작동관,1,0.0153,118,118,85,True,[0.0153]
미래정밀 (2),MJU66748105,제작동관,1,0.0189,145,145,71,True,[0.0189]
미래정밀 (2),MJU66748106,제작동관,1,0.0257,198,198,92,True,[0.0257]
미래정밀 (2),MJU66748107,제작동관,1,0.0355,274,274,116,True,[0.0355]
미래정밀 (2),MJU66748112,제작동관,1,0.0149,114,114,81,True,[0.0149]
미래정밀 (2),MJU66748113,제작동관,1,0.0121,93,93,79,True,[0.0121]
미래정밀 (2),MJU66748114,제작동관,1,0.0104,79,79,45,True,[0.0104]
미래정밀 (2),MJU66763702,제작동관,1,0.2334,1762,1762,235,True,[0.2334]
미래정밀 (2),MJU66766301,제작동관,2,0.1745,1317,1317,202,True,[0.1745]
미래정밀 (2),MJU66773002,제작동관,1,0.0428,324,324,106,True,[0.0428]
미래정밀 (2),MJU66779316,제작동관,1,0.0068,52,52,45,True,[0.0068]
미래정밀 (2),MJU66779401,제작동관,1,0.0554,418,418,96,True,[0.0554]
미래정밀 (2),MJU66792201,제작동관,1,0.0591,448,448,84,True,[0.0591]
미래정밀 (2),MJU66792301,제작동관,1,0.0977,738,738,139,True,[0.0977]
미래정밀 (2),MJU66792302,제작동관,1,0.0529,400,400,94,True,[0.0529]
미래정밀 (2),MJU66792303,제작동관,1,0.039,295,295,84,True,[0.039]
미래정밀 (2),MJU66792304,제작동관,1,0.0239,181,181,57,True,[0.0239]
미래정밀 (2),MJU66798601,제작동관,1,0.3131,2364,2364,289,True,[0.3131]
미래정밀 (2),MJU66803009,사급부품/제작동관,2,0.4152,3135,20000,1944,True,[0.4152]
미래정밀 (2),MJU66803017,사급부품/제작동관,2,0.2988,0,2256,3072,True,[0.2988]
미래정밀 (2),MJU66803018,사급부품/제작동관,2,0.1892,0,1429,4170,True,[0.1892]
미래정밀 (2),MJU66806302,제작동관,1,0.0303,229,229,95,True,[0.0303]
미래정밀 (2),MJU66806303,제작동관,1,0.0214,162,162,89,True,[0.0214]
미래정밀 (2),MJU66806304,제작동관,1,0.0191,145,145,88,True,[0.0191]
미래정밀 (2),MJU66806305,제작동관,1,0.0251,190,190,92,True,[0.0251]
미래정밀 (2),MJU66806306,제작동관,1,0.0189,144,144,54,True,[0.0189]
미래정밀 (2),MJU66810501,제작동관,1,0.0296,225,225,95,True,[0.0296]
미래정밀 (2),MJU66810502,제작동관,1,0.0426,323,323,121,True,[0.0426]
미래정밀 (2),MJU66810503,제작동관,1,0.0368,278,278,100,True,[0.0368]
미래정밀 (2),MJU66889201,제작동관,1,0.0406,307,307,119,True,[0.0406]
미래정밀 (2),MJU66889401,제작동관,1,0.0425,322,322,118,True,[0.0425]
미래정밀 (2),MJU66889501,제작동관,1,0.0121,93,93,96,True,[0.0121]
미래정밀 (2),MJU66889502,제작동관,1,0.0121,93,93,96,True,[0.0121]
미래정밀 (2),MJU66889503,제작동관,1,0.0179,137,137,100,True,[0.0179]
미래정밀 (2),MJU66889504,제작동관,1,0.0197,151,151,102,True,[0.0197]
미래정밀 (2),MJU66894823,제작동관,1,0.0426,323,323,121,True,[0.0426]
미래정밀 (2),MJU66894824,제작동관,1,0.0104,79,79,50,True,[0.0104]
미래정밀 (2),MJU66894825,제작동관,1,0.0112,85,85,48,True,[0.0112]
미래정밀 (2),MJU66899501,제작동관,1,0.0197,156,156,103,True,[0.0197]
미래정밀 (2),MJU66900101,제작동관,1,0.0194,154,154,103,True,[0.0194]
미래정밀 (2),MJU66900801,제작동관,1,0.1639,1242,1242,272,True,[0.1639]
미래정밀 (2),MJU66902601,제작동관,1,0.1673,1263,1263,223,True,[0.1673]
미래정밀 (2),MJU66907002,제작동관,1,0.0208,160,160,72,True,[0.0208]
미래정밀 (2),MJU66909501,제작동관,1,0.0311,236,236,104,True,[0.0311]
미래정밀 (2),MJU66913801,제작동관,1,0.0062,48,48,47,True,[0.0062]
미래정밀 (2),MJU66928201,제작동관,1,0.1096,827,827,152,True,[0.1096]
미래정밀 (2),MJU66928208,제작동관,1,0.2952,2229,2229,275,True,[0.2952]
미래정밀 (2),MJU66928301,제작동관,2,0.11,832,2200,245,True,[0.11]
미래정밀 (2),MJU66928302,제작동관,1,0.029,580,580,81,True,[0.029]
미래정밀 (2),MJU66928303,제작동관,1,0.1254,948,948,205,True,[0.1254]
미래정밀 (2),MJU66928305,제작동관,1,0.0702,531,531,140,True,[0.0702]
미래정밀 (2),MJU66928307,사급부품/제작동관,2,0.0632,478,720,128,True,[0.0632]
미래정밀 (2),MJU66928310,제작동관,1,0.0831,1662,1662,252,True,[0.0831]
미래정밀 (2),MJU66928311,제작동관,1,0.0724,1448,1448,234,True,[0.0724]
미래정밀 (2),MJU66928312,제작동관,1,0.1093,828,828,181,True,[0.1093]
미래정밀 (2),MJU66929501,제작동관,1,0.0591,760,760,217,True,[0.0591]
미래정밀 (2),MJU66929502,제작동관,1,0.009,117,117,87,True,[0.009]
미래정밀 (2),MJU66929503,제작동관,1,0.0105,137,137,88,True,[0.0105]
미래정밀 (2),MJU66929504,제작동관,1,0.017,222,222,129,True,[0.017]
미래정밀 (2),MJU66932501,제작동관,1,0.0045,34,34,46,True,[0.0045]
미래정밀 (2),MJU66932502,제작동관,1,0.0044,34,34,44,True,[0.0044]
미래정밀 (2),MJU66932503,제작동관,1,0.0201,154,154,88,True,[0.0201]
미래정밀 (2),MJU66932504,제작동관,1,0.006,46,46,64,True,[0.006]
미래정밀 (2),MJU66932505,제작동관,1,0.0055,42,42,44,True,[0.0055]
미래정밀 (2),MJU66932530,제작동관,1,0.0235,180,180,76,True,[0.0235]
미래정밀 (2),MJU66936611,제작동관,1,0.058,439,439,122,True,[0.058]
미래정밀 (2),MJU66942901,제작동관,1,0.0232,175,175,57,True,[0.0232]
미래정밀 (2),MJU66954303,제작동관,1,0.0158,122,122,81,True,[0.0158]
미래정밀 (2),MJU66954308,제작동관,1,0.1207,911,911,170,True,[0.1207]
미래정밀 (2),MJU66954309,제작동관,1,0.1112,839,839,148,True,[0.1112]
미래정밀 (2),MJU66954608,제작동관,1,0.04,303,303,100,True,[0.04]
미래정밀 (2),MJU66954610,제작동관,1,0.0174,133,133,89,True,[0.0174]
미래정밀 (2),MJU66958504,제작동관,1,0.1213,917,917,141,True,[0.1213]
미래정밀 (2),MJU66958506,제작동관,1,0.0733,554,554,106,True,[0.0733]
미래정밀 (2),MJU66958507,제작동관,1,0.0612,462,462,100,True,[0.0612]
미래정밀 (2),MJU66958508,제작동관,1,0.0833,630,630,115,True,[0.0833]
미래정밀 (2),MJU66959201,제작동관,1,0.0582,440,440,98,True,[0.0582]
미래정밀 (2),MJU66959202,제작동관,1,0.0592,447,447,98,True,[0.0592]
미래정밀 (2),MJU66959604,제작동관,1,0.0326,247,247,80,True,[0.0326]
미래정밀 (2),MJU66960901,제작동관,1,0.0387,297,297,118,True,[0.0387]
미래정밀 (2),MJU66961001,제작동관,1,0.0327,251,251,108,True,[0.0327]
미래정밀 (2),MJU66964701,제작동관,1,0.0688,521,521,132,True,[0.0688]
미래정밀 (2),MJU66964801,제작동관,1,0.0223,169,169,83,True,[0.0223]
미래정밀 (2),MJU66965201,제작동관,1,0.0844,639,639,143,True,[0.0844]
미래정밀 (2),MJU66967701,제작동관,1,0.0214,162,162,83,True,[0.0214]
미래정밀 (2),MJU66996301,제작동관,1,0.0139,107,107,84,True,[0.0139]
미래정밀 (2),MJU66996302,제작동관,1,0.0111,86,86,65,True,[0.0111]
미래정밀 (2),MJU66996303,제작동관,1,0.0166,128,128,84,True,[0.0166]
미래정밀 (2),MJU66996304,제작동관,1,0.0188,145,145,88,True,[0.0188]
미래정밀 (2),MJU66996305,제작동관,1,0.0139,107,107,84,True,[0.0139]
미래정밀 (2),MJU66996403,제작동관,1,0.0713,538,538,107,True,[0.0713]
미래정밀 (2),MJU67028001,제작동관,1,0.0065,142,142,52,True,[0.0065]
미래정밀 (2),MJU6940501,제작동관,1,0.0083,63,63,44,True,[0.0083]
미래정밀 (2),MJX63991801,사급부품,1,0.0,2604,2604,0,True,[]
미래정밀 (2),MJX63992001,사급부품,1,0.0,2563,2563,0,True,[]
미래정밀 (2),Pipe,제작동관,10,0.1903,821,2360,199,False,"[0.1083, 0.1113, 0.1671, 0.1903, 0.1924, 0.2185, 0.2203, 0.285, 0.3107, 0.3122]"
미래정밀 (2),RAC30599303,용접봉,91,0.0,0,24000,181,True,[]
미래정밀 (2),Sensor Pipe 1,제작동관,5,0.0296,70,225,84,False,"[0.0092, 0.0296]"
미래정밀 (2),Sensor Pipe 2,제작동관,5,0.006,46,46,34,True,[0.006]
미래정밀 (2),Sensor Pipe 3,제작동관,2,0.0602,456,456,90,True,[0.0602]
미래정밀 (2),Sensor Pipe 4,제작동관,2,0.0148,113,113,52,True,[0.0148]
미래정밀 (2),동body-6.35(확관물),사급부품,2,0.0,473,680,0,True,[]
미래정밀 (2),커넥터1,제작동관,5,0.0094,72,72,35,True,[0.0094]
세광 (2),MJU66570403,제작동관,1,0.1232,930,930,200,True,[0.1232]
세광 (2),MJU66570404,제작동관,1,0.211,1593,1593,290,True,[0.211]
세광 (2),MJU66571704,제작동관,1,0.3062,2312,2312,355,True,[0.3062]
세광 (2),MJU66571801,제작동관,1,0.3015,2276,2276,318,True,[0.3015]
세광 (2),MJU66799101,제작동관,1,0.2611,1971,1971,295,True,[0.2611]
세광 (2),MJU66799401,제작동관,1,0.4571,3451,3451,468,True,[0.4571]
세광 (2),MJU66799403,제작동관,1,0.3547,2678,2678,354,True,[0.3547]
썬텍코리아 (3),3H03659L,사급부품,5,0.0,538,538,0,True,[]
썬텍코리아 (3),4A00114C,사급부품,2,0.0,1554,1554,0,True,[]
썬텍코리아 (3),4A00114D,사급부품,4,0.0,685,685,0,True,[]
썬텍코리아 (3),4A00114F,사급부품,1,0.0,685,685,0,True,[]
썬텍코리아 (3),4H00049A,제작동관,1,0.0124,249,249,54,True,[0.0124]
썬텍코리아 (3),5210A22409A,사급부품,1,0.0,56,56,0,True,[]
썬텍코리아 (3),5210A22409B,사급부품,2,0.0,56,56,0,True,[]
썬텍코리아 (3),5210A22409C,사급부품,1,0.0,61,61,0,True,[]
썬텍코리아 (3),5210A23376A,사급부품,2,0.0,548,548,0,True,[]
썬텍코리아 (3),5210A24677N,제작동관,2,0.0071,141,141,46,True,[0.0071]
썬텍코리아 (3),5210A28001S,사급부품,2,0.0,390,390,0,True,[]
썬텍코리아 (3),5210a22409A,사급부품,4,0.0,56,56,0,True,[]
썬텍코리아 (3),5210a22409B,사급부품,9,0.0,56,67,0,True,[]
썬텍코리아 (3),5220A90008Y,사급부품,3,0.0,11948,19243,0,True,[]
썬텍코리아 (3),5256A30003C,사급부품,1,0.0,1453,1453,0,True,[]
썬텍코리아 (3),AJR30125601-A-S-2,사급부품,1,0.0,5581,5581,0,True,[]
썬텍코리아 (3),AJR30125601-A-S-4,사급부품,1,0.0,5096,5096,0,True,[]
썬텍코리아 (3),AJR30125601-A-S-5,사급부품,1,0.0,6570,6570,0,True,[]
썬텍코리아 (3),EBD64386504,사급부품,4,0.0,11348,11348,0,True,[]
썬텍코리아 (3),EBF40271407,사급부품,4,0.0,3717,3717,0,True,[]
썬텍코리아 (3),MFN62721711,사급부품,2,0.0,252,252,0,True,[]
썬텍코리아 (3),MJC62721914,사급부품,1,0.0,569,569,0,True,[]
썬텍코리아 (3),MJU00697402,제작동관,1,0.3487,4470,4470,583,True,[0.3487]
썬텍코리아 (3),MJU00697501,제작동관,2,0.0052,67,114,43,True,[0.0052]
썬텍코리아 (3),MJU00697502,제작동관,2,0.0133,170,292,72,True,[0.0133]
썬텍코리아 (3),MJU00752901,제작동관,2,0.033,660,660,107,True,[0.033]
썬텍코리아 (3),MJU00753001,제작동관,2,0.1159,2319,2319,306,True,[0.1159]
썬텍코리아 (3),MJU00787901,제작동관,1,0.0755,1511,1511,246,True,[0.0755]
썬텍코리아 (3),MJU00787902,제작동관,1,0.0755,1511,1511,234,True,[0.0755]
썬텍코리아 (3),MJU00787903,제작동관,1,0.0211,423,423,107,True,[0.0211]
썬텍코리아 (3),MJU00788001,제작동관,1,0.0147,295,295,76,True,[0.0147]
썬텍코리아 (3),MJU00788002,제작동관,1,0.0104,207,207,53,True,[0.0104]
썬텍코리아 (3),MJU00788306,제작동관,1,0.0132,264,264,95,True,[0.0132]
썬텍코리아 (3),MJU00788307,제작동관,1,0.0102,204,204,73,True,[0.0102]
썬텍코리아 (3),MJU00788308,제작동관,1,0.0088,177,177,71,True,[0.0088]
썬텍코리아 (3),MJU00788309,제작동관,1,0.0149,298,298,73,True,[0.0149]
썬텍코리아 (3),MJU00788310,제작동관,1,0.0135,271,271,94,True,[0.0135]
썬텍코리아 (3),MJU47978301,사급부품/제작동관,2,0.016,123,170,77,True,[0.016]
썬텍코리아 (3),MJU47978302,사급부품/제작동관,3,0.0162,125,166,92,True,[0.0162]
썬텍코리아 (3),MJU47978303,사급부품/제작동관,3,0.0103,79,151,73,True,[0.0103]
썬텍코리아 (3),MJU47978304,사급부품/제작동관,5,0.0309,238,356,117,False,"[0.0309, 0.0313]"
썬텍코리아 (3),MJU47978305,제작동관,2,0.0161,124,124,77,True,[0.0161]
썬텍코리아 (3),MJU47979201,사급부품,4,0.0,262,262,0,True,[]
썬텍코리아 (3),MJU47979202,사급부품/제작동관,5,0.0125,99,192,88,False,"[0.0125, 0.0129]"
썬텍코리아 (3),MJU47979203,사급부품/제작동관,5,0.0095,76,150,69,False,"[0.0095, 0.0101]"
썬텍코리아 (3),MJU55479901,제작동관,1,0.0988,746,746,136,True,[0.0988]
썬텍코리아 (3),MJU58941308,사급부품/제작동관,4,0.0104,80,129,80,False,"[0.009, 0.0104]"
썬텍코리아 (3),MJU58941309,사급부품/제작동관,4,0.0123,94,141,82,False,"[0.0106, 0.0123]"
썬텍코리아 (3),MJU58941310,사급부품/제작동관,4,0.0194,148,217,121,False,"[0.0167, 0.0194]"
썬텍코리아 (3),MJU58941311,사급부품/제작동관,4,0.0735,556,780,167,False,"[0.0595, 0.0735]"
썬텍코리아 (3),MJU62823101,사급부품,4,0.0,757,757,0,True,[]
썬텍코리아 (3),MJU62911511,제작동관,1,0.378,8317,8317,899,True,[0.378]
썬텍코리아 (3),MJU63208002,제작동관,1,0.066,499,499,150,True,[0.066]
썬텍코리아 (3),MJU63208003,제작동관,1,0.066,499,499,162,True,[0.066]
썬텍코리아 (3),MJU63208104,제작동관,2,0.0106,81,81,41,True,[0.0106]
썬텍코리아 (3),MJU63208105,제작동관,2,0.016,123,123,60,True,[0.016]
썬텍코리아 (3),MJU63208106,제작동관,1,0.0126,97,97,77,True,[0.0126]
썬텍코리아 (3),MJU63641023,제작동관,1,0.0181,137,137,44,True,[0.0181]
썬텍코리아 (3),MJU63651005,제작동관,1,0.036,272,272,284,True,[0.036]
썬텍코리아 (3),MJU63651022,제작동관,1,0.0687,520,520,113,True,[0.0687]
썬텍코리아 (3),MJU64067601,제작동관,4,0.0144,111,111,80,True,[0.0144]
썬텍코리아 (3),MJU64067602,제작동관,4,0.0136,105,105,80,True,[0.0136]
썬텍코리아 (3),MJU64067603,제작동관,2,0.0124,96,96,79,True,[0.0124]
썬텍코리아 (3),MJU64067604,제작동관,4,0.0122,94,94,80,True,[0.0122]
썬텍코리아 (3),MJU64067605,제작동관,4,0.0106,81,81,46,True,[0.0106]
썬텍코리아 (3),MJU64067701,제작동관,1,0.1813,1368,1368,199,True,[0.1813]
썬텍코리아 (3),MJU64067702,제작동관,1,0.1813,1368,1368,188,True,[0.1813]
썬텍코리아 (3),MJU64067703,제작동관,1,0.1813,1368,1368,174,True,[0.1813]
썬텍코리아 (3),MJU64067704,제작동관,1,0.1813,1368,1368,163,True,[0.1813]
썬텍코리아 (3),MJU64407201,제작동관,1,0.0309,618,618,84,True,[0.0309]
썬텍코리아 (3),MJU64433003,사급부품,1,0.0,405,405,0,True,[]
썬텍코리아 (3),MJU64687501,제작동관,1,0.0498,996,996,113,True,[0.0498]
썬텍코리아 (3),MJU64948401,제작동관,1,0.0578,436,436,75,True,[0.0578]
썬텍코리아 (3),MJU65789107,제작동관,1,0.4405,8810,8810,886,True,[0.4405]
썬텍코리아 (3),MJU65789108,제작동관,1,0.1918,3835,3835,386,True,[0.1918]
썬텍코리아 (3),MJU66466702,제작동관,1,0.0246,320,320,97,True,[0.0246]
썬텍코리아 (3),MJU66466802,제작동관,1,0.022,287,287,94,True,[0.022]
썬텍코리아 (3),MJU66466902,제작동관,1,0.0204,266,266,76,True,[0.0204]
썬텍코리아 (3),MJU66467002,제작동관,1,0.025,326,326,98,True,[0.025]
썬텍코리아 (3),MJU66467202,제작동관,2,0.0206,269,269,96,True,[0.0206]
썬텍코리아 (3),MJU66467302,제작동관,1,0.0223,291,291,98,True,[0.0223]
썬텍코리아 (3),MJU66467402,제작동관,1,0.0251,327,327,101,True,[0.0251]
썬텍코리아 (3),MJU66467502,제작동관,1,0.0284,370,370,105,True,[0.0284]
썬텍코리아 (3),MJU66467601,제작동관,1,0.0668,530,530,98,True,[0.0668]
썬텍코리아 (3),MJU66467701,제작동관,1,0.0677,538,538,122,True,[0.0677]
썬텍코리아 (3),MJU66467801,제작동관,1,0.0677,538,538,122,True,[0.0677]
썬텍코리아 (3),MJU66467901,제작동관,1,0.0677,538,538,122,True,[0.0677]
썬텍코리아 (3),MJU66468001,제작동관,1,0.0573,455,455,115,True,[0.0573]
썬텍코리아 (3),MJU66468101,제작동관,1,0.0573,455,455,115,True,[0.0573]
썬텍코리아 (3),MJU66468201,제작동관,1,0.0573,455,455,115,True,[0.0573]
썬텍코리아 (3),MJU66468301,제작동관,1,0.0573,455,455,115,True,[0.0573]
썬텍코리아 (3),MJU66468401,제작동관,1,0.0573,455,455,115,True,[0.0573]
썬텍코리아 (3),MJU66468501,제작동관,1,0.0442,351,351,106,True,[0.0442]
썬텍코리아 (3),MJU66468601,제작동관,1,0.0442,351,351,106,True,[0.0442]
썬텍코리아 (3),MJU66468701,제작동관,1,0.0442,351,351,106,True,[0.0442]
썬텍코리아 (3),MJU66468801,제작동관,1,0.0442,351,351,106,True,[0.0442]
썬텍코리아 (3),MJU66479401,제작동관,3,0.0434,328,865,83,False,"[0.0432, 0.0434]"
썬텍코리아 (3),MJU66479501,제작동관,4,0.0329,249,661,104,False,"[0.0329, 0.033]"
썬텍코리아 (3),MJU66479601,제작동관,4,0.0185,140,372,83,False,"[0.0185, 0.0186]"
썬텍코리아 (3),MJU66479701,제작동관,2,0.0277,210,554,96,True,[0.0277]
썬텍코리아 (3),MJU66479801,제작동관,1,0.1315,993,993,158,True,[0.1315]
썬텍코리아 (3),MJU66479802,제작동관,1,0.1442,2885,2885,320,True,[0.1442]
썬텍코리아 (3),MJU66479803,제작동관,1,0.1367,2733,2733,290,True,[0.1367]
썬텍코리아 (3),MJU66481501,제작동관,1,0.0639,508,508,96,True,[0.0639]
썬텍코리아 (3),MJU66481601,제작동관,1,0.0648,515,515,120,True,[0.0648]
썬텍코리아 (3),MJU66481701,제작동관,1,0.0648,515,515,120,True,[0.0648]
썬텍코리아 (3),MJU66481801,제작동관,1,0.0648,515,515,120,True,[0.0648]
썬텍코리아 (3),MJU66481901,제작동관,1,0.0648,515,515,120,True,[0.0648]
썬텍코리아 (3),MJU66482001,제작동관,1,0.0648,515,515,120,True,[0.0648]
썬텍코리아 (3),MJU66482101,제작동관,1,0.0648,515,515,120,True,[0.0648]
썬텍코리아 (3),MJU66482201,제작동관,1,0.0648,515,515,120,True,[0.0648]
썬텍코리아 (3),MJU66482301,제작동관,1,0.0648,515,515,120,True,[0.0648]
썬텍코리아 (3),MJU66482401,제작동관,1,0.0517,411,411,111,True,[0.0517]
썬텍코리아 (3),MJU66482501,제작동관,1,0.0517,411,411,111,True,[0.0517]
썬텍코리아 (3),MJU66482601,제작동관,1,0.0517,411,411,111,True,[0.0517]
썬텍코리아 (3),MJU66482701,제작동관,1,0.0517,411,411,111,True,[0.0517]
썬텍코리아 (3),MJU66483301,제작동관,1,0.0749,565,565,87,True,[0.0749]
썬텍코리아 (3),MJU66483302,제작동관,1,0.0426,322,322,65,True,[0.0426]
썬텍코리아 (3),MJU66486801,제작동관,1,0.0616,489,489,94,True,[0.0616]
썬텍코리아 (3),MJU66486901,제작동관,1,0.0625,496,496,119,True,[0.0625]
썬텍코리아 (3),MJU66487001,제작동관,1,0.0625,496,496,119,True,[0.0625]
썬텍코리아 (3),MJU66487101,제작동관,1,0.0625,496,496,119,True,[0.0625]
썬텍코리아 (3),MJU66487201,제작동관,1,0.0625,496,496,119,True,[0.0625]
썬텍코리아 (3),MJU66487301,제작동관,1,0.0625,496,496,119,True,[0.0625]
썬텍코리아 (3),MJU66487401,제작동관,1,0.0625,496,496,119,True,[0.0625]
썬텍코리아 (3),MJU66487501,제작동관,1,0.0625,496,496,119,True,[0.0625]
썬텍코리아 (3),MJU66487601,제작동관,1,0.0625,496,496,119,True,[0.0625]
썬텍코리아 (3),MJU66487701,제작동관,1,0.0494,392,392,109,True,[0.0494]
썬텍코리아 (3),MJU66487801,제작동관,1,0.0494,392,392,109,True,[0.0494]
썬텍코리아 (3),MJU66487901,제작동관,1,0.0494,392,392,109,True,[0.0494]
썬텍코리아 (3),MJU66488001,제작동관,1,0.0494,392,392,109,True,[0.0494]
썬텍코리아 (3),MJU66499502,제작동관,2,0.0152,198,335,78,True,[0.0152]
썬텍코리아 (3),MJU66499702,제작동관,2,0.0229,299,505,145,True,[0.0229]
썬텍코리아 (3),MJU66500202,제작동관,2,0.0165,215,363,114,True,[0.0165]
썬텍코리아 (3),MJU66500302,제작동관,2,0.0187,244,412,118,True,[0.0187]
썬텍코리아 (3),MJU66500402,제작동관,2,0.0219,285,481,124,True,[0.0219]
썬텍코리아 (3),MJU66500502,제작동관,2,0.0276,360,607,136,True,[0.0276]
썬텍코리아 (3),MJU66507045,제작동관,1,0.0672,1344,1344,113,True,[0.0672]
썬텍코리아 (3),MJU66507051,제작동관,1,0.0157,314,314,66,True,[0.0157]
썬텍코리아 (3),MJU66507052,제작동관,1,0.0591,1182,1182,187,True,[0.0591]
썬텍코리아 (3),MJU66507053,제작동관,1,0.1059,2118,2118,283,True,[0.1059]
썬텍코리아 (3),MJU66570001,제작동관,1,0.0648,1296,1296,147,True,[0.0648]
썬텍코리아 (3),MJU66570002,제작동관,1,0.0896,1791,1791,214,True,[0.0896]
썬텍코리아 (3),MJU66570501,제작동관,1,0.2516,5033,5033,584,True,[0.2516]
썬텍코리아 (3),MJU66570502,제작동관,1,0.2516,5033,5033,548,True,[0.2516]
썬텍코리아 (3),MJU66571801,사급부품,2,0.0,6504,6504,0,True,[]
썬텍코리아 (3),MJU66571901,제작동관,1,0.1468,2937,2937,399,True,[0.1468]
썬텍코리아 (3),MJU66571902,제작동관,1,0.1468,2937,2937,363,True,[0.1468]
썬텍코리아 (3),MJU66572001,제작동관,2,0.0386,773,773,97,True,[0.0386]
썬텍코리아 (3),MJU66749602,제작동관,3,0.0096,72,191,47,True,[0.0096]
썬텍코리아 (3),MJU66766602,제작동관,2,0.0158,205,347,113,True,[0.0158]
썬텍코리아 (3),MJU66779315,제작동관,2,0.0079,159,159,47,True,[0.0079]
썬텍코리아 (3),MJU66799901,제작동관,3,0.016,121,324,77,False,"[0.016, 0.0162]"
썬텍코리아 (3),MJU66821602,사급부품,1,0.0,188,188,0,True,[]
썬텍코리아 (3),MJU66821702,사급부품/제작동관,2,0.0079,61,190,39,True,[0.0079]
썬텍코리아 (3),MJU66822602,사급부품/제작동관,2,0.0095,73,204,61,True,[0.0095]
썬텍코리아 (3),MJU66823202,제작동관,1,0.0128,98,98,80,True,[0.0128]
썬텍코리아 (3),MJU66823302,제작동관,1,0.0168,129,129,85,True,[0.0168]
썬텍코리아 (3),MJU66894810,제작동관,2,0.01,201,201,62,True,[0.01]
썬텍코리아 (3),MJU66929406,제작동관,1,0.0269,349,349,148,True,[0.0269]
썬텍코리아 (3),MJU66929407,제작동관,1,0.0139,181,181,87,True,[0.0139]
썬텍코리아 (3),MJU66932046,제작동관,1,0.0091,70,70,57,True,[0.0091]
썬텍코리아 (3),MJU66997103,제작동관,1,0.0277,554,554,94,True,[0.0277]
썬텍코리아 (3),MJU66997105,제작동관,1,0.0238,476,476,73,True,[0.0238]
썬텍코리아 (3),MJU66997107,제작동관,1,0.0371,742,742,128,True,[0.0371]
썬텍코리아 (3),MJU66997108,제작동관,1,0.0301,602,602,98,True,[0.0301]
썬텍코리아 (3),MJU67039503,제작동관,1,0.0177,134,134,228,True,[0.0177]
썬텍코리아 (3),MJX61537805,사급부품,4,0.0,4709,6176,0,True,[]
썬텍코리아 (3),MJX62771705,사급부품,1,0.0,4422,4422,0,True,[]
썬텍코리아 (3),MJX63991801,사급부품,1,0.0,2604,2604,0,True,[]
썬텍코리아 (3),MJX63991903,사급부품,1,0.0,2909,2909,0,True,[]
썬텍코리아 (3),MJX63991904,사급부품,1,0.0,3200,3200,0,True,[]
썬텍코리아 (3),RAC30599303,용접봉,46,0.0,21100,21100,420,True,[]
이젠터 (2),2H00351Y,사급부품,1,0.0,735,735,0,True,[]
이젠터 (2),3H00815H,용접봉,97,0.0,24000,24000,375,True,[]
이젠터 (2),3H01582C,사급부품,1,0.0,15,15,0,True,[]
이젠터 (2),3H02716A,사급부품,1,0.0,261,261,0,True,[]
이젠터 (2),3H02717A,사급부품,1,0.0,176,176,0,True,[]
이젠터 (2),3H03659L,사급부품,1,0.0,538,538,0,True,[]
이젠터 (2),3H03659M,사급부품,1,0.0,538,538,0,True,[]
이젠터 (2),4930A20053A,사급부품,2,0.0,20,35,0,True,[]
이젠터 (2),4930A20053B,사급부품,13,0.0,15,35,0,True,[]
이젠터 (2),4A00114A,사급부품,12,0.0,822,822,0,True,[]
이젠터 (2),4A00114D,사급부품,11,0.0,685,685,0,True,[]
이젠터 (2),4A00114E,사급부품,4,0.0,716,716,0,True,[]
이젠터 (2),4A00114K,사급부품,1,0.0,1300,1300,0,True,[]
이젠터 (2),4A00232S,사급부품,2,0.0,1456,1456,0,True,[]
이젠터 (2),4H00049A,제작동관,9,0.0119,91,195,39,False,"[0.0119, 0.0124, 0.0127]"
이젠터 (2),4H00049C,제작동관,2,0.0124,95,95,43,True,[0.0124]
이젠터 (2),4H02272A,사급부품,1,0.0,6,6,0,True,[]
이젠터 (2),5014A30001A,사급부품,1,0.0,130,130,0,True,[]
이젠터 (2),5014A30001C,사급부품,1,0.0,130,130,0,True,[]
이젠터 (2),5210A00039W,제작동관,1,0.0121,92,92,50,True,[0.0121]
이젠터 (2),5210A20851E,제작동관,1,0.0108,83,83,59,True,[0.0108]
이젠터 (2),5210A20851M,제작동관,1,0.0089,69,69,58,True,[0.0089]
이젠터 (2),5210A20895B,사급부품,4,0.0,220,220,0,True,[]
이젠터 (2),5210A21172L,제작동관,3,0.0677,512,512,144,True,[0.0677]
이젠터 (2),5210A21174C,사급부품,3,0.0,541,541,0,True,[]
이젠터 (2),5210A21174D,사급부품,1,0.0,517,517,0,True,[]
이젠터 (2),5210A22033A,제작동관,2,0.0531,402,402,95,True,[0.0531]
이젠터 (2),5210A22034A,사급부품,2,0.0,93,93,0,True,[]
이젠터 (2),5210A22034B,사급부품,2,0.0,177,177,0,True,[]
이젠터 (2),5210A22034U,제작동관,2,0.0081,63,63,46,False,"[0.0081, 0.0082]"
이젠터 (2),5210A22049A,사급부품,1,0.0,56,56,0,True,[]
이젠터 (2),5210A22409A,사급부품,9,0.0,50,65,0,True,[]
이젠터 (2),5210A22409B,사급부품,29,0.0,65,67,0,True,[]
이젠터 (2),5210A22409C,사급부품,4,0.0,61,67,0,True,[]
이젠터 (2),5210A22603Q,제작동관,1,0.1601,1210,1210,239,True,[0.1601]
이젠터 (2),5210A22950A,제작동관,1,0.0192,147,147,71,True,[0.0192]
이젠터 (2),5210A23089A,사급부품/제작동관,5,0.016,123,303,45,True,[0.016]
이젠터 (2),5210A24677G,제작동관,2,0.0064,49,52,39,False,"[0.0064, 0.0067]"
이젠터 (2),5210A24677J,제작동관,2,0.0089,69,69,47,True,[0.0089]
이젠터 (2),5210A28001S,사급부품,1,0.0,314,314,0,True,[]
이젠터 (2),5210A30055S,사급부품,1,0.0,68,68,0,True,[]
이젠터 (2),5210A30334L,사급부품/제작동관,5,0.0119,91,131,0,True,[0.0119]
이젠터 (2),5210A31939A,제작동관,2,0.0151,116,124,66,False,"[0.0151, 0.0161]"
이젠터 (2),5220A30004A,사급부품,2,0.0,644,644,0,True,[]
이젠터 (2),5224A20002D,사급부품,1,0.0,685,685,0,True,[]
이젠터 (2),5224A20005A,사급부품,1,0.0,4087,4087,0,True,[]
이젠터 (2),5224A20005F,사급부품,3,0.0,4087,4087,0,True,[]
이젠터 (2),5224A20005G,사급부품,6,0.0,682,1008,0,True,[]
이젠터 (2),5256A30002D,사급부품,2,0.0,1598,1598,0,True,[]
이젠터 (2),5256A30002U,사급부품,1,0.0,927,927,0,True,[]
이젠터 (2),5256A30003C,사급부품,3,0.0,2082,2082,0,True,[]
이젠터 (2),5256A30003J,사급부품,2,0.0,1456,1456,0,True,[]
이젠터 (2),5256A30003R,사급부품,1,0.0,2181,2181,0,True,[]
이젠터 (2),5256A30003U,사급부품,7,0.0,927,927,0,True,[]
이젠터 (2),5410A30055S,사급부품,2,0.0,68,68,0,True,[]
이젠터 (2),AJR30125601-A-S-1,사급부품,1,0.0,6096,6096,0,True,[]
이젠터 (2),AJR30125601-A-S-2,사급부품,1,0.0,4639,4639,0,True,[]
이젠터 (2),AJR30125601-A-S-3,사급부품,1,0.0,7100,7100,0,True,[]
이젠터 (2),AJR30125601-A-S-6,사급부품,1,0.0,2842,2842,0,True,[]
이젠터 (2),AJU36719737,사급부품,3,0.0,14418,14418,0,True,[]
이젠터 (2),AJU73470401,사급부품,1,0.0,13859,13859,0,True,[]
이젠터 (2),AJU73472405,사급부품,2,0.0,12977,12977,0,True,[]
이젠터 (2),AJU73472406,사급부품,1,0.0,13558,13558,0,True,[]
이젠터 (2),EAP62570401,사급부품,1,0.0,13859,13859,0,True,[]
이젠터 (2),EAP65270401,사급부품,1,0.0,13859,13859,0,True,[]
이젠터 (2),MEG65559802,사급부품,1,0.0,132,132,0,True,[]
이젠터 (2),MEV55008104,사급부품,4,0.0,114,114,0,True,[]
이젠터 (2),MFN6271711,사급부품,1,0.0,252,252,0,True,[]
이젠터 (2),MFN62721710,사급부품,1,0.0,264,264,0,True,[]
이젠터 (2),MFN62721711,사급부품,9,0.0,252,252,0,True,[]
이젠터 (2),MJC61841303,사급부품,2,0.0,563,563,0,True,[]
이젠터 (2),MJC62721914,사급부품,2,0.0,569,569,0,True,[]
이젠터 (2),MJU00697402,제작동관,1,0.3449,4421,4421,588,True,[0.3449]
이젠터 (2),MJU00697501,제작동관,1,0.0052,67,67,40,True,[0.0052]
이젠터 (2),MJU00697502,제작동관,1,0.0137,175,175,63,True,[0.0137]
이젠터 (2),MJU00702202,제작동관,1,0.0212,161,161,55,True,[0.0212]
이젠터 (2),MJU00702701,제작동관,1,0.0528,400,400,130,True,[0.0528]
이젠터 (2),MJU00702702,제작동관,1,0.0644,487,487,129,True,[0.0644]
이젠터 (2),MJU00702703,제작동관,1,0.0285,216,216,58,True,[0.0285]
이젠터 (2),MJU00702704,제작동관,1,0.1047,792,792,144,True,[0.1047]
이젠터 (2),MJU00702705,제작동관,1,0.073,552,552,137,True,[0.073]
이젠터 (2),MJU00702706,제작동관,1,0.0468,354,354,70,True,[0.0468]
이젠터 (2),MJU00722803,제작동관,1,0.0379,287,287,86,True,[0.0379]
이젠터 (2),MJU00722804,제작동관,1,0.0241,183,183,72,True,[0.0241]
이젠터 (2),MJU00750702,제작동관,1,0.0107,214,214,58,True,[0.0107]
이젠터 (2),MJU00752701,제작동관,2,0.0472,944,948,164,False,"[0.0472, 0.0474]"
이젠터 (2),MJU00752901,제작동관,1,0.0335,670,670,114,True,[0.0335]
이젠터 (2),MJU00753001,제작동관,1,0.114,2281,2281,299,True,[0.114]
이젠터 (2),MJU00792302,제작동관,1,0.0282,564,564,116,True,[0.0282]
이젠터 (2),MJU00792304,제작동관,1,0.0282,564,564,116,True,[0.0282]
이젠터 (2),MJU00792306,제작동관,1,0.035,700,700,127,True,[0.035]
이젠터 (2),MJU00792308,제작동관,1,0.0338,677,677,125,True,[0.0338]
이젠터 (2),MJU00792310,제작동관,1,0.0348,696,696,126,True,[0.0348]
이젠터 (2),MJU37361130,제작동관,1,0.0122,93,93,42,True,[0.0122]
이젠터 (2),MJU37499706,제작동관,1,0.2012,1519,1519,360,True,[0.2012]
이젠터 (2),MJU37499711,제작동관,1,0.2012,1519,1519,297,True,[0.2012]
이젠터 (2),MJU38274201,제작동관,2,0.0109,84,84,61,True,[0.0109]
이젠터 (2),MJU38274202,제작동관,2,0.0114,88,88,78,True,[0.0114]
이젠터 (2),MJU38274203,제작동관,1,0.0114,88,88,78,True,[0.0114]
이젠터 (2),MJU38274204,제작동관,2,0.0114,88,88,78,True,[0.0114]
이젠터 (2),MJU40157911,사급부품,1,0.0,0,0,194,True,[]
이젠터 (2),MJU40246001,사급부품,1,0.0,276,276,0,True,[]
이젠터 (2),MJU40246002,사급부품,1,0.0,296,296,0,True,[]
이젠터 (2),MJU41838722,제작동관,1,0.0494,373,373,87,True,[0.0494]
이젠터 (2),MJU41838723,제작동관,1,0.0622,469,469,94,True,[0.0622]
이젠터 (2),MJU41838727,제작동관,1,0.0618,466,466,99,True,[0.0618]
이젠터 (2),MJU41838728,제작동관,2,0.0398,301,603,103,True,[0.0398]
이젠터 (2),MJU41838731,제작동관,1,0.0302,228,228,74,True,[0.0302]
이젠터 (2),MJU41838733,제작동관,1,0.0626,472,472,94,True,[0.0626]
이젠터 (2),MJU41838735,제작동관,1,0.0327,247,247,69,True,[0.0327]
이젠터 (2),MJU41839009,제작동관,1,0.1606,1212,1212,265,True,[0.1606]
이젠터 (2),MJU41839011,제작동관,1,0.1359,1026,1026,213,True,[0.1359]
이젠터 (2),MJU41839026,제작동관,2,0.2486,1877,3762,457,True,[0.2486]
이젠터 (2),MJU41839030,제작동관,1,0.2267,1711,1711,269,True,[0.2267]
이젠터 (2),MJU41839031,사급부품/제작동관,2,0.239,1805,2830,284,True,[0.239]
이젠터 (2),MJU41839032,제작동관,2,0.2486,1877,3762,482,True,[0.2486]
이젠터 (2),MJU41839035,제작동관,1,0.1498,1132,1132,304,True,[0.1498]
이젠터 (2),MJU41839036,제작동관,1,0.0383,289,289,109,True,[0.0383]
이젠터 (2),MJU41839037,제작동관,1,0.1833,1384,1384,281,True,[0.1833]
이젠터 (2),MJU41839038,제작동관,2,0.314,2370,2370,360,True,[0.314]
이젠터 (2),MJU41839039,제작동관,1,0.1833,1384,1384,281,True,[0.1833]
이젠터 (2),MJU41839043,제작동관,1,0.2303,1738,1738,278,True,[0.2303]
이젠터 (2),MJU41839044,제작동관,1,0.0677,511,511,177,True,[0.0677]
이젠터 (2),MJU42805302,사급부품,1,0.0,647,647,0,True,[]
이젠터 (2),MJU42813101,사급부품,1,0.0,472,472,0,True,[]
이젠터 (2),MJU42823702,사급부품,1,0.0,205,205,0,True,[]
이젠터 (2),MJU42823703,사급부품,1,0.0,195,195,0,True,[]
이젠터 (2),MJU42823704,사급부품,1,0.0,155,155,0,True,[]
이젠터 (2),MJU42823705,사급부품,1,0.0,155,155,0,True,[]
이젠터 (2),MJU47146601,사급부품/제작동관,2,0.0097,114,195,69,True,[0.0097]
이젠터 (2),MJU47146602,사급부품/제작동관,2,0.0111,142,223,88,True,[0.0111]
이젠터 (2),MJU47146603,사급부품/제작동관,2,0.0111,142,223,88,True,[0.0111]
이젠터 (2),MJU47147501,제작동관,1,0.0947,716,716,211,True,[0.0947]
이젠터 (2),MJU47147502,제작동관,1,0.0848,641,641,193,True,[0.0848]
이젠터 (2),MJU47306807,제작동관,1,0.129,971,971,431,True,[0.129]
이젠터 (2),MJU47308207,제작동관,1,0.1089,822,822,268,True,[0.1089]
이젠터 (2),MJU47312202,제작동관,1,0.0125,94,94,81,True,[0.0125]
이젠터 (2),MJU47584904,제작동관,1,0.1428,1078,1078,389,True,[0.1428]
이젠터 (2),MJU47978301,제작동관,1,0.016,123,123,94,True,[0.016]
이젠터 (2),MJU47978302,제작동관,1,0.016,123,123,94,True,[0.016]
이젠터 (2),MJU57909712,제작동관,1,0.0097,75,75,59,True,[0.0097]
이젠터 (2),MJU57909719,제작동관,1,0.0158,122,122,57,True,[0.0158]
이젠터 (2),MJU58266603,제작동관,2,0.0954,721,721,245,True,[0.0954]
이젠터 (2),MJU58941308,제작동관,1,0.0105,81,81,86,True,[0.0105]
이젠터 (2),MJU58941309,제작동관,1,0.0124,95,95,88,True,[0.0124]
이젠터 (2),MJU58941310,제작동관,1,0.0195,149,149,126,True,[0.0195]
이젠터 (2),MJU58941311,제작동관,1,0.0728,550,550,209,True,[0.0728]
이젠터 (2),MJU60436202,사급부품,2,0.0,485,485,0,True,[]
이젠터 (2),MJU60436226,사급부품,1,0.0,328,328,0,True,[]
이젠터 (2),MJU60436237,제작동관,1,0.141,1066,1066,174,True,[0.141]
이젠터 (2),MJU607012501,제작동관,1,0.1246,1598,1598,297,True,[0.1246]
이젠터 (2),MJU6160507,제작동관,1,0.0172,343,343,79,True,[0.0172]
이젠터 (2),MJU61848914,제작동관,1,0.0551,417,417,48,True,[0.0551]
이젠터 (2),MJU61858126,제작동관,4,0.0072,57,58,77,False,"[0.0072, 0.0073, 0.0074]"
이젠터 (2),MJU61858127,제작동관,4,0.0077,61,61,77,True,[0.0077]
이젠터 (2),MJU61858128,제작동관,4,0.0093,74,74,77,False,"[0.0093, 0.0094]"
이젠터 (2),MJU61858155,제작동관,1,0.0074,147,147,82,True,[0.0074]
이젠터 (2),MJU61858156,제작동관,1,0.0078,156,156,83,True,[0.0078]
이젠터 (2),MJU61858157,제작동관,1,0.009,180,180,85,True,[0.009]
이젠터 (2),MJU62128502,사급부품,1,0.0,696,696,0,True,[]
이젠터 (2),MJU62128503,사급부품,3,0.0,559,559,0,True,[]
이젠터 (2),MJU62128504,사급부품,1,0.0,559,559,0,True,[]
이젠터 (2),MJU62128509,사급부품,1,0.0,775,775,0,True,[]
이젠터 (2),MJU62388737,사급부품,1,0.0,241,241,0,True,[]
이젠터 (2),MJU62672401,제작동관,19,0.0068,51,104,39,False,"[0.0066, 0.0067, 0.0068]"
이젠터 (2),MJU62672403,제작동관,1,0.0096,74,74,35,True,[0.0096]
이젠터 (2),MJU62672404,제작동관,1,0.0175,135,135,69,True,[0.0175]
이젠터 (2),MJU62672405,제작동관,1,0.0175,135,135,69,True,[0.0175]
이젠터 (2),MJU62732605,제작동관,1,0.0163,125,125,60,True,[0.0163]
이젠터 (2),MJU62822101,사급부품,2,0.0,670,670,0,True,[]
이젠터 (2),MJU62822105,사급부품,1,0.0,789,789,0,True,[]
이젠터 (2),MJU62822711,제작동관,1,0.0092,70,70,72,True,[0.0092]
이젠터 (2),MJU62822811,제작동관,1,0.0155,119,119,74,True,[0.0155]
이젠터 (2),MJU62834804,제작동관,1,0.0541,658,658,88,True,[0.0541]
이젠터 (2),MJU62839201,사급부품,1,0.0,973,973,0,True,[]
이젠터 (2),MJU62842301,제작동관,1,0.0096,74,74,81,True,[0.0096]
이젠터 (2),MJU62842302,사급부품/제작동관,2,0.0257,194,286,71,True,[0.0257]
이젠터 (2),MJU62842303,제작동관,1,0.0224,173,173,90,True,[0.0224]
이젠터 (2),MJU62842304,제작동관,1,0.0125,97,97,83,True,[0.0125]
이젠터 (2),MJU62842305,제작동관,1,0.014,108,108,84,True,[0.014]
이젠터 (2),MJU62842316,제작동관,1,0.0133,103,103,84,True,[0.0133]
이젠터 (2),MJU62842317,제작동관,1,0.0118,91,91,83,True,[0.0118]
이젠터 (2),MJU62842318,제작동관,1,0.0165,127,127,86,True,[0.0165]
이젠터 (2),MJU62842319,제작동관,1,0.0162,125,125,86,True,[0.0162]
이젠터 (2),MJU62842320,제작동관,1,0.016,123,123,86,True,[0.016]
이젠터 (2),MJU62842321,제작동관,1,0.0186,143,143,87,True,[0.0186]
이젠터 (2),MJU62842322,제작동관,1,0.0315,238,238,75,True,[0.0315]
이젠터 (2),MJU62843508,제작동관,1,0.0317,240,240,84,True,[0.0317]
이젠터 (2),MJU62845830,제작동관,1,0.0155,119,119,47,True,[0.0155]
이젠터 (2),MJU62845831,제작동관,1,0.0273,209,209,89,True,[0.0273]
이젠터 (2),MJU62845832,제작동관,1,0.0273,209,209,33,True,[0.0273]
이젠터 (2),MJU62850612,제작동관,1,0.0448,339,339,95,True,[0.0448]
이젠터 (2),MJU62850622,사급부품,1,0.0,1674,1674,0,True,[]
이젠터 (2),MJU62850623,사급부품,1,0.0,1603,1603,0,True,[]
이젠터 (2),MJU62868215,제작동관,1,0.0977,738,738,175,True,[0.0977]
이젠터 (2),MJU62913104,제작동관,1,0.0466,352,352,50,True,[0.0466]
이젠터 (2),MJU62919025,제작동관,1,0.007,86,86,40,True,[0.007]
이젠터 (2),MJU62921209,제작동관,1,0.0107,134,134,91,True,[0.0107]
이젠터 (2),MJU62989901,사급부품,1,0.0,3756,3756,0,True,[]
이젠터 (2),MJU62993602,제작동관,1,0.0155,120,120,72,True,[0.0155]
이젠터 (2),MJU62993603,제작동관,1,0.0115,89,89,39,True,[0.0115]
이젠터 (2),MJU62993606,제작동관,1,0.0158,122,122,56,True,[0.0158]
이젠터 (2),MJU62993610,제작동관,1,0.017,131,131,72,True,[0.017]
이젠터 (2),MJU62993705,제작동관,1,0.0147,114,114,46,True,[0.0147]
이젠터 (2),MJU62993710,제작동관,1,0.0192,148,148,63,True,[0.0192]
이젠터 (2),MJU62993711,제작동관,1,0.0265,204,204,81,True,[0.0265]
이젠터 (2),MJU62995506,제작동관,1,0.1769,1335,1335,176,True,[0.1769]
이젠터 (2),MJU62995507,제작동관,1,0.1741,1314,1314,175,True,[0.1741]
이젠터 (2),MJU63000101,제작동관,1,0.0038,48,48,35,True,[0.0038]
이젠터 (2),MJU63004501,제작동관,1,0.0135,104,104,57,True,[0.0135]
이젠터 (2),MJU63010008,제작동관,1,0.0109,84,84,45,True,[0.0109]
이젠터 (2),MJU63010009,제작동관,1,0.0123,95,95,77,True,[0.0123]
이젠터 (2),MJU63031804,제작동관,1,0.1155,875,875,131,True,[0.1155]
이젠터 (2),MJU63033902,사급부품,1,0.0,670,670,0,True,[]
이젠터 (2),MJU63067201,사급부품,1,0.0,2732,2732,0,True,[]
이젠터 (2),MJU63067202,사급부품,1,0.0,1366,1366,0,True,[]
이젠터 (2),MJU63067406,제작동관,1,0.0476,579,579,67,True,[0.0476]
이젠터 (2),MJU63067506,제작동관,1,0.0338,412,412,94,True,[0.0338]
이젠터 (2),MJU63160502,제작동관,4,0.0097,74,181,49,False,"[0.0091, 0.0097]"
이젠터 (2),MJU63160507,제작동관,3,0.0178,135,340,63,False,"[0.017, 0.0178]"
이젠터 (2),MJU63294810,제작동관,1,0.1518,1838,1838,183,True,[0.1518]
이젠터 (2),MJU63301401,사급부품,2,0.0,583,583,0,True,[]
이젠터 (2),MJU63301402,사급부품,1,0.0,2936,2936,0,True,[]
이젠터 (2),MJU63307204,사급부품,1,0.0,2936,2936,0,True,[]
이젠터 (2),MJU63315201,제작동관,1,0.0992,750,750,143,True,[0.0992]
이젠터 (2),MJU63315202,제작동관,1,0.0959,725,725,140,True,[0.0959]
이젠터 (2),MJU63317111,사급부품/제작동관,2,0.0959,1028,1161,163,True,[0.0959]
이젠터 (2),MJU63339935,제작동관,2,0.0324,248,399,93,True,[0.0324]
이젠터 (2),MJU63339936,제작동관,2,0.0324,248,399,93,True,[0.0324]
이젠터 (2),MJU63339937,제작동관,2,0.012,89,147,44,False,"[0.0117, 0.012]"
이젠터 (2),MJU63339938,제작동관,2,0.028,215,345,90,True,[0.028]
이젠터 (2),MJU63353303,제작동관,1,0.0189,144,144,41,True,[0.0189]
이젠터 (2),MJU63353309,제작동관,2,0.0191,145,145,47,True,[0.0191]
이젠터 (2),MJU63429501,제작동관,1,0.0987,1974,1974,309,True,[0.0987]
이젠터 (2),MJU63482104,제작동관,1,0.1535,1868,1868,188,True,[0.1535]
이젠터 (2),MJU63491101,제작동관,1,0.0118,91,91,49,True,[0.0118]
이젠터 (2),MJU63491102,제작동관,1,0.0112,87,87,48,True,[0.0112]
이젠터 (2),MJU63491103,제작동관,1,0.0134,104,104,84,True,[0.0134]
이젠터 (2),MJU63491105,제작동관,1,0.0159,122,122,86,True,[0.0159]
이젠터 (2),MJU63512601,사급부품,1,0.0,805,805,0,True,[]
이젠터 (2),MJU63548417,제작동관,1,0.0154,122,122,92,True,[0.0154]
이젠터 (2),MJU63548418,제작동관,1,0.0225,179,179,114,True,[0.0225]
이젠터 (2),MJU63548419,제작동관,1,0.0227,181,181,115,True,[0.0227]
이젠터 (2),MJU63612304,제작동관,1,0.2336,1766,1766,268,True,[0.2336]
이젠터 (2),MJU63612307,제작동관,1,0.2324,1757,1757,264,True,[0.2324]
이젠터 (2),MJU63612308,제작동관,1,0.1435,1085,1085,172,True,[0.1435]
이젠터 (2),MJU63612312,제작동관,1,0.1722,1302,1302,210,True,[0.1722]
이젠터 (2),MJU63612402,제작동관,2,0.0529,400,409,110,False,"[0.0529, 0.0541]"
이젠터 (2),MJU63614801,제작동관,4,0.0169,128,337,59,True,[0.0169]
이젠터 (2),MJU63614904,제작동관,2,0.0388,293,775,131,True,[0.0388]
이젠터 (2),MJU63620002,제작동관,1,0.101,1229,1229,169,True,[0.101]
이젠터 (2),MJU63626311,제작동관,2,0.0072,55,55,59,True,[0.0072]
이젠터 (2),MJU63626322,제작동관,1,0.0217,283,283,111,True,[0.0217]
이젠터 (2),MJU63626323,제작동관,1,0.0203,264,264,109,True,[0.0203]
이젠터 (2),MJU63626324,제작동관,1,0.0228,297,297,671,True,[0.0228]
이젠터 (2),MJU63626329,제작동관,1,0.0233,179,179,103,True,[0.0233]
이젠터 (2),MJU63626330,제작동관,1,0.0221,169,169,102,True,[0.0221]
이젠터 (2),MJU63626331,제작동관,1,0.0254,195,195,105,True,[0.0254]
이젠터 (2),MJU63650902,제작동관,1,0.1324,1001,1001,196,True,[0.1324]
이젠터 (2),MJU63650911-1,제작동관,1,0.2303,1738,1738,259,True,[0.2303]
이젠터 (2),MJU63650911-2,제작동관,1,0.2112,1594,1594,212,True,[0.2112]
이젠터 (2),MJU63650912,제작동관,1,0.1249,944,944,188,True,[0.1249]
이젠터 (2),MJU63651002,제작동관,1,0.0102,77,77,44,True,[0.0102]
이젠터 (2),MJU63651022,제작동관,1,0.0687,520,520,119,True,[0.0687]
이젠터 (2),MJU63651023,제작동관,1,0.0185,140,140,51,True,[0.0185]
이젠터 (2),MJU63651901,제작동관,2,0.0274,207,207,61,True,[0.0274]
이젠터 (2),MJU63652002,제작동관,1,0.1462,1104,1104,124,True,[0.1462]
이젠터 (2),MJU63652005,제작동관,1,0.2685,2027,2027,223,True,[0.2685]
이젠터 (2),MJU63652006,제작동관,1,0.3522,2659,2659,268,True,[0.3522]
이젠터 (2),MJU63652007,제작동관,1,0.1462,1104,1104,124,True,[0.1462]
이젠터 (2),MJU63652009,제작동관,1,0.3291,2484,2484,225,True,[0.3291]
이젠터 (2),MJU63652010,제작동관,1,0.1598,1206,1206,134,True,[0.1598]
이젠터 (2),MJU63652011,제작동관,1,0.2809,2120,2120,166,True,[0.2809]
이젠터 (2),MJU63652012,제작동관,1,0.108,815,815,85,True,[0.108]
이젠터 (2),MJU63652013,사급부품,1,0.0,4976,4976,0,True,[]
이젠터 (2),MJU63668317,제작동관,1,0.01,77,77,60,True,[0.01]
이젠터 (2),MJU63712703,제작동관,1,0.0118,90,90,41,True,[0.0118]
이젠터 (2),MJU63712704,제작동관,1,0.0142,109,109,72,True,[0.0142]
이젠터 (2),MJU63712706,제작동관,1,0.013,100,100,72,True,[0.013]
이젠터 (2),MJU63712707,제작동관,1,0.0114,88,88,72,True,[0.0114]
이젠터 (2),MJU63712709,제작동관,1,0.013,100,100,72,True,[0.013]
이젠터 (2),MJU63712710,제작동관,1,0.0098,75,75,71,True,[0.0098]
이젠터 (2),MJU63712711,제작동관,1,0.012,92,92,35,True,[0.012]
이젠터 (2),MJU63712712,제작동관,1,0.014,108,108,70,True,[0.014]
이젠터 (2),MJU63712713,제작동관,1,0.0129,99,99,70,True,[0.0129]
이젠터 (2),MJU63712714,제작동관,1,0.0113,87,87,69,True,[0.0113]
이젠터 (2),MJU63712715,제작동관,1,0.0099,76,76,37,True,[0.0099]
이젠터 (2),MJU63712716,제작동관,1,0.0129,99,99,70,True,[0.0129]
이젠터 (2),MJU63748401,제작동관,3,0.031,206,236,75,False,"[0.0273, 0.031, 0.0312]"
이젠터 (2),MJU63748402,제작동관,4,0.0064,49,49,38,True,[0.0064]
이젠터 (2),MJU63748410,제작동관,2,0.0151,116,116,62,True,[0.0151]
이젠터 (2),MJU63748504,제작동관,1,0.0857,647,647,178,True,[0.0857]
이젠터 (2),MJU63748505,제작동관,1,0.112,845,845,138,True,[0.112]
이젠터 (2),MJU63748509,제작동관,2,0.2199,1660,1660,298,True,[0.2199]
이젠터 (2),MJU63754101,제작동관,1,0.0091,110,110,37,True,[0.0091]
이젠터 (2),MJU63788102,제작동관,1,0.1056,797,797,167,True,[0.1056]
이젠터 (2),MJU63828504,제작동관,1,0.0084,102,102,39,True,[0.0084]
이젠터 (2),MJU64027007,제작동관,2,0.0738,558,1370,233,False,"[0.0685, 0.0738]"
이젠터 (2),MJU64032302,제작동관,1,0.011,138,138,91,True,[0.011]
이젠터 (2),MJU64092901,제작동관,1,0.0327,248,248,88,True,[0.0327]
이젠터 (2),MJU64093001,제작동관,1,0.0143,108,108,41,True,[0.0143]
이젠터 (2),MJU64149902,사급부품,1,0.0,1204,1204,0,True,[]
이젠터 (2),MJU64186601,제작동관,4,0.0123,94,95,79,False,"[0.0123, 0.0124]"
이젠터 (2),MJU64186621,제작동관,4,0.0123,94,95,79,False,"[0.0123, 0.0124]"
이젠터 (2),MJU64186652,제작동관,1,0.0106,233,233,89,True,[0.0106]
이젠터 (2),MJU64186653,제작동관,1,0.0106,233,233,89,True,[0.0106]
이젠터 (2),MJU64189404,제작동관,3,0.0949,718,719,166,False,"[0.0949, 0.0952]"
이젠터 (2),MJU64189408,제작동관,1,0.0952,719,719,222,True,[0.0952]
이젠터 (2),MJU64189427,제작동관,1,0.0773,1700,1700,286,True,[0.0773]
이젠터 (2),MJU64246608,사급부품,1,0.0,568,568,0,True,[]
이젠터 (2),MJU64246609,사급부품,1,0.0,620,620,0,True,[]
이젠터 (2),MJU64246610,사급부품,1,0.0,341,341,0,True,[]
이젠터 (2),MJU64246611,사급부품,1,0.0,397,397,0,True,[]
이젠터 (2),MJU64266901,제작동관,1,0.0512,624,624,142,True,[0.0512]
이젠터 (2),MJU64350501,제작동관,2,0.008,62,62,40,True,[0.008]
이젠터 (2),MJU64350601,제작동관,2,0.0129,99,99,58,True,[0.0129]
이젠터 (2),MJU64350701,사급부품/제작동관,2,0.0737,556,730,119,True,[0.0737]
이젠터 (2),MJU64350901,사급부품/제작동관,2,0.1594,1203,1442,202,True,[0.1594]
이젠터 (2),MJU64387101,제작동관,1,0.0068,52,52,47,True,[0.0068]
이젠터 (2),MJU64388701,제작동관,1,0.0357,274,274,133,True,[0.0357]
이젠터 (2),MJU64388702,제작동관,1,0.036,276,276,133,True,[0.036]
이젠터 (2),MJU64388703,제작동관,1,0.0295,226,226,115,True,[0.0295]
이젠터 (2),MJU64388704,제작동관,1,0.0256,196,196,114,True,[0.0256]
이젠터 (2),MJU64408010,제작동관,1,0.0168,206,206,58,True,[0.0168]
이젠터 (2),MJU64408015,제작동관,1,0.0346,426,426,96,True,[0.0346]
이젠터 (2),MJU64408402,사급부품,1,0.0,755,755,0,True,[]
이젠터 (2),MJU64428601,제작동관,1,0.0149,181,181,49,True,[0.0149]
이젠터 (2),MJU64431904,사급부품/제작동관,4,0.0082,65,145,59,True,[0.0082]
이젠터 (2),MJU64431905,사급부품/제작동관,4,0.0045,36,88,40,True,[0.0045]
이젠터 (2),MJU64432303,제작동관,2,0.0591,448,1178,265,False,"[0.0591, 0.1555]"
이젠터 (2),MJU64432308,제작동관,1,0.1393,1055,1055,252,True,[0.1393]
이젠터 (2),MJU64433801,제작동관,1,0.259,1955,1955,183,True,[0.259]
이젠터 (2),MJU64433802,제작동관,1,0.2307,1741,1741,164,True,[0.2307]
이젠터 (2),MJU64449912,제작동관,1,0.1398,1701,1701,183,True,[0.1398]
이젠터 (2),MJU64449913,제작동관,1,0.0544,658,658,97,True,[0.0544]
이젠터 (2),MJU64450201,제작동관,1,0.0602,454,454,64,True,[0.0602]
이젠터 (2),MJU64450202,제작동관,2,0.0284,215,215,58,True,[0.0284]
이젠터 (2),MJU64671101,제작동관,1,0.0144,175,175,57,True,[0.0144]
이젠터 (2),MJU64671102,제작동관,1,0.0173,211,211,58,True,[0.0173]
이젠터 (2),MJU64671103,제작동관,1,0.0233,284,284,76,True,[0.0233]
이젠터 (2),MJU64671104,제작동관,1,0.033,402,402,82,True,[0.033]
이젠터 (2),MJU64671105,제작동관,1,0.0466,567,567,101,True,[0.0466]
이젠터 (2),MJU64671106,제작동관,1,0.0403,491,491,98,True,[0.0403]
이젠터 (2),MJU64671107,제작동관,1,0.0544,662,662,106,True,[0.0544]
이젠터 (2),MJU64671108,제작동관,1,0.033,402,402,144,True,[0.033]
이젠터 (2),MJU64671109,제작동관,1,0.0492,599,599,150,True,[0.0492]
이젠터 (2),MJU64687501,제작동관,1,0.0506,382,382,69,True,[0.0506]
이젠터 (2),MJU64687701,제작동관,1,0.0166,126,126,48,True,[0.0166]
이젠터 (2),MJU64688401-8301,제작동관,1,0.3331,2514,2514,331,True,[0.3331]
이젠터 (2),MJU64706601,제작동관,2,0.0169,124,128,66,False,"[0.0164, 0.0169]"
이젠터 (2),MJU64706602,제작동관,1,0.0709,535,535,79,True,[0.0709]
이젠터 (2),MJU64707301,제작동관,1,0.0387,471,471,84,True,[0.0387]
이젠터 (2),MJU64707303,제작동관,1,0.0452,342,342,107,True,[0.0452]
이젠터 (2),MJU64727001,제작동관,1,0.0427,526,526,91,True,[0.0427]
이젠터 (2),MJU64727101,제작동관,1,0.0487,600,600,109,True,[0.0487]
이젠터 (2),MJU64727201,제작동관,1,0.0555,683,683,112,True,[0.0555]
이젠터 (2),MJU64727501,제작동관,1,0.0284,358,358,76,True,[0.0284]
이젠터 (2),MJU64729901,제작동관,1,0.0289,356,356,70,True,[0.0289]
이젠터 (2),MJU64731602,제작동관,2,0.0447,339,544,163,True,[0.0447]
이젠터 (2),MJU64731603,제작동관,3,0.0329,255,400,82,False,"[0.0329, 0.0337]"
이젠터 (2),MJU64731604,제작동관,3,0.0279,212,339,78,False,"[0.0279, 0.028]"
이젠터 (2),MJU64773404,제작동관,1,0.0082,63,63,57,True,[0.0082]
이젠터 (2),MJU64790901,제작동관,1,0.0364,443,443,67,True,[0.0364]
이젠터 (2),MJU64790902,제작동관,1,0.0371,281,281,84,True,[0.0371]
이젠터 (2),MJU64790903,제작동관,1,0.0198,150,150,72,True,[0.0198]
이젠터 (2),MJU64791201,제작동관,1,0.0805,972,972,91,True,[0.0805]
이젠터 (2),MJU64791301,제작동관,2,0.072,544,544,103,True,[0.072]
이젠터 (2),MJU64791401,제작동관,1,0.0254,192,192,54,True,[0.0254]
이젠터 (2),MJU64794201,제작동관,1,0.0184,141,141,98,True,[0.0184]
이젠터 (2),MJU64794202,제작동관,1,0.0171,131,131,97,True,[0.0171]
이젠터 (2),MJU64794302,제작동관,1,0.027,205,205,103,True,[0.027]
이젠터 (2),MJU64856601,제작동관,1,0.0309,381,381,81,True,[0.0309]
이젠터 (2),MJU64856602,제작동관,1,0.0309,381,381,81,True,[0.0309]
이젠터 (2),MJU64856603,제작동관,1,0.0181,223,223,76,True,[0.0181]
이젠터 (2),MJU64856604,제작동관,1,0.0181,223,223,76,True,[0.0181]
이젠터 (2),MJU64856605,제작동관,1,0.0312,385,385,81,True,[0.0312]
이젠터 (2),MJU64856606,제작동관,1,0.0312,385,385,81,True,[0.0312]
이젠터 (2),MJU64856607,제작동관,1,0.0302,372,372,81,True,[0.0302]
이젠터 (2),MJU64856608,제작동관,1,0.0302,372,372,81,True,[0.0302]
이젠터 (2),MJU64856609,제작동관,1,0.0171,210,210,76,True,[0.0171]
이젠터 (2),MJU64856610,제작동관,1,0.0258,318,318,77,True,[0.0258]
이젠터 (2),MJU64856611,제작동관,1,0.0258,318,318,77,True,[0.0258]
이젠터 (2),MJU64856612,제작동관,1,0.0171,210,210,76,True,[0.0171]
이젠터 (2),MJU64856613,제작동관,1,0.0317,386,386,81,True,[0.0317]
이젠터 (2),MJU64868501,제작동관,2,0.0179,137,137,72,True,[0.0179]
이젠터 (2),MJU64868502,제작동관,2,0.0186,143,143,73,True,[0.0186]
이젠터 (2),MJU64868503,제작동관,1,0.0243,193,193,90,True,[0.0243]
이젠터 (2),MJU64868507,제작동관,1,0.0195,155,155,73,True,[0.0195]
이젠터 (2),MJU64868527,제작동관,3,0.0103,79,79,60,True,[0.0103]
이젠터 (2),MJU64868528,제작동관,2,0.0604,457,457,114,True,[0.0604]
이젠터 (2),MJU64868529,제작동관,1,0.2661,2012,2012,345,True,[0.2661]
이젠터 (2),MJU64868529-1,제작동관,1,0.1868,1412,1412,147,True,[0.1868]
이젠터 (2),MJU64868529-2,제작동관,1,0.0793,600,600,125,True,[0.0793]
이젠터 (2),MJU64868530,제작동관,4,0.0227,172,172,81,True,[0.0227]
이젠터 (2),MJU64868534,제작동관,1,0.0078,60,60,37,True,[0.0078]
이젠터 (2),MJU64868546,제작동관,1,0.1025,775,775,136,True,[0.1025]
이젠터 (2),MJU64868547-1,제작동관,1,0.1881,1422,1422,318,True,[0.1881]
이젠터 (2),MJU64868547-2,제작동관,1,0.0798,603,603,89,True,[0.0798]
이젠터 (2),MJU64868549,제작동관,1,0.0281,216,216,121,True,[0.0281]
이젠터 (2),MJU64868550,제작동관,1,0.0132,101,101,75,True,[0.0132]
이젠터 (2),MJU64868551,제작동관,1,0.1443,1091,1091,215,True,[0.1443]
이젠터 (2),MJU64868552,제작동관,1,0.1853,1401,1401,239,True,[0.1853]
이젠터 (2),MJU64868554,제작동관,1,0.0122,93,93,62,True,[0.0122]
이젠터 (2),MJU64868555,제작동관,1,0.0206,156,156,80,True,[0.0206]
이젠터 (2),MJU64868558,제작동관,1,0.0251,190,190,83,True,[0.0251]
이젠터 (2),MJU64868565,제작동관,1,0.0695,525,525,113,True,[0.0695]
이젠터 (2),MJU64868572,제작동관,1,0.0293,222,222,86,True,[0.0293]
이젠터 (2),MJU64875401,제작동관,1,0.1528,1850,1850,162,True,[0.1528]
이젠터 (2),MJU64875402,제작동관,1,0.0083,103,103,41,True,[0.0083]
이젠터 (2),MJU64875412,제작동관,1,0.0125,96,96,67,True,[0.0125]
이젠터 (2),MJU64875417,제작동관,1,0.0163,125,125,69,True,[0.0163]
이젠터 (2),MJU64875418,제작동관,1,0.0229,176,176,70,True,[0.0229]
이젠터 (2),MJU64920610,제작동관,1,0.0648,491,491,95,True,[0.0648]
이젠터 (2),MJU64920611,제작동관,1,0.0733,566,566,116,True,[0.0733]
이젠터 (2),MJU64926101,제작동관,1,0.076,921,921,133,True,[0.076]
이젠터 (2),MJU64926102,제작동관,1,0.0622,753,753,128,True,[0.0622]
이젠터 (2),MJU64927120,제작동관,1,0.0083,64,64,42,True,[0.0083]
이젠터 (2),MJU64927201,제작동관,1,0.0911,689,689,141,True,[0.0911]
이젠터 (2),MJU64927204,제작동관,1,0.0999,756,756,152,True,[0.0999]
이젠터 (2),MJU64927206,제작동관,1,0.066,499,499,129,True,[0.066]
이젠터 (2),MJU64927208,제작동관,2,0.1297,980,980,221,True,[0.1297]
이젠터 (2),MJU64927301,제작동관,1,0.0371,284,284,76,True,[0.0371]
이젠터 (2),MJU64927302,제작동관,1,0.0371,284,284,76,True,[0.0371]
이젠터 (2),MJU64927303,제작동관,1,0.0122,93,93,38,True,[0.0122]
이젠터 (2),MJU64927401,제작동관,1,0.0801,605,605,147,True,[0.0801]
이젠터 (2),MJU64927406,제작동관,2,0.0748,565,569,152,False,"[0.0748, 0.0753]"
이젠터 (2),MJU64934412,제작동관,1,0.0894,677,677,118,True,[0.0894]
이젠터 (2),MJU64934416,제작동관,1,0.0424,321,321,57,True,[0.0424]
이젠터 (2),MJU64987601,제작동관,1,0.1067,808,808,192,True,[0.1067]
이젠터 (2),MJU64987602,제작동관,1,0.0249,189,189,83,True,[0.0249]
이젠터 (2),MJU64988601,제작동관,1,0.2085,1576,1576,297,True,[0.2085]
이젠터 (2),MJU65026411,사급부품,1,0.0,680,680,0,True,[]
이젠터 (2),MJU65032901,제작동관,1,0.0559,423,423,180,True,[0.0559]
이젠터 (2),MJU65486408,제작동관,1,0.0274,207,207,75,True,[0.0274]
이젠터 (2),MJU65486409,제작동관,1,0.0121,92,92,61,True,[0.0121]
이젠터 (2),MJU65486419,제작동관,1,0.0275,209,209,86,True,[0.0275]
이젠터 (2),MJU65486429,제작동관,1,0.0256,194,194,77,True,[0.0256]
이젠터 (2),MJU65516603,제작동관,2,0.0127,97,104,43,False,"[0.0127, 0.0136]"
이젠터 (2),MJU65521402,제작동관,1,0.0275,207,207,56,True,[0.0275]
이젠터 (2),MJU65566501,제작동관,1,0.0425,322,322,167,True,[0.0425]
이젠터 (2),MJU65626401,제작동관,1,0.0352,266,266,78,True,[0.0352]
이젠터 (2),MJU65626402,제작동관,1,0.0589,445,445,77,True,[0.0589]
이젠터 (2),MJU65626403,제작동관,1,0.0171,129,129,52,True,[0.0171]
이젠터 (2),MJU65626404,제작동관,1,0.0201,152,152,49,True,[0.0201]
이젠터 (2),MJU65626405,제작동관,1,0.0365,276,276,83,True,[0.0365]
이젠터 (2),MJU65626506,제작동관,1,0.0761,574,574,87,True,[0.0761]
이젠터 (2),MJU65626507,제작동관,1,0.0287,217,217,57,True,[0.0287]
이젠터 (2),MJU65726805,제작동관,1,0.0118,90,90,61,True,[0.0118]
이젠터 (2),MJU65726811,제작동관,1,0.0264,203,203,89,True,[0.0264]
이젠터 (2),MJU65787401,제작동관,1,0.0547,415,415,109,True,[0.0547]
이젠터 (2),MJU65787402,제작동관,1,0.0353,267,267,95,True,[0.0353]
이젠터 (2),MJU65787403,제작동관,1,0.0308,233,233,92,True,[0.0308]
이젠터 (2),MJU65789113,제작동관,1,0.3661,2764,2764,371,True,[0.3661]
이젠터 (2),MJU65789114,제작동관,1,0.1562,1179,1179,179,True,[0.1562]
이젠터 (2),MJU65789209,사급부품,2,0.0,260,260,0,True,[]
이젠터 (2),MJU65789501,제작동관,3,0.0067,51,53,36,False,"[0.0067, 0.0069]"
이젠터 (2),MJU65846826,제작동관,1,0.0074,57,57,39,True,[0.0074]
이젠터 (2),MJU65846908,제작동관,2,0.0345,261,263,95,False,"[0.0345, 0.0347]"
이젠터 (2),MJU65846909,제작동관,2,0.0538,407,407,108,True,[0.0538]
이젠터 (2),MJU65846915,제작동관,2,0.018,136,137,61,False,"[0.018, 0.0181]"
이젠터 (2),MJU65846917,제작동관,3,0.0087,66,66,50,True,[0.0087]
이젠터 (2),MJU65846924,제작동관,2,0.0351,266,275,99,False,"[0.0351, 0.0363]"
이젠터 (2),MJU65846925,제작동관,2,0.0343,260,260,96,True,[0.0343]
이젠터 (2),MJU65846926,제작동관,2,0.0462,350,358,106,False,"[0.0462, 0.0473]"
이젠터 (2),MJU65846928,제작동관,3,0.0317,240,243,88,False,"[0.0317, 0.0321]"
이젠터 (2),MJU65846930,제작동관,2,0.0143,108,109,50,False,"[0.0143, 0.0144]"
이젠터 (2),MJU65846931,제작동관,3,0.0177,134,136,71,False,"[0.0177, 0.018]"
이젠터 (2),MJU65846934,제작동관,1,0.0428,324,324,97,True,[0.0428]
이젠터 (2),MJU65846935,제작동관,1,0.0089,67,67,48,True,[0.0089]
이젠터 (2),MJU65846936,제작동관,1,0.0243,184,184,85,True,[0.0243]
이젠터 (2),MJU65868004,제작동관,1,0.0451,341,341,103,True,[0.0451]
이젠터 (2),MJU65868005,제작동관,1,0.0501,379,379,109,True,[0.0501]
이젠터 (2),MJU65868006,제작동관,1,0.0904,683,683,170,True,[0.0904]
이젠터 (2),MJU65868007,제작동관,1,0.0654,496,496,113,True,[0.0654]
이젠터 (2),MJU65868008,제작동관,1,0.064,485,485,126,True,[0.064]
이젠터 (2),MJU65868009,제작동관,1,0.0395,299,299,112,True,[0.0395]
이젠터 (2),MJU65886301,제작동관,1,0.1833,1384,1384,437,True,[0.1833]
이젠터 (2),MJU65946701,제작동관,1,0.2064,1561,1561,230,True,[0.2064]
이젠터 (2),MJU65946702,제작동관,1,0.2215,1675,1675,240,True,[0.2215]
이젠터 (2),MJU65946703,제작동관,1,0.0403,305,305,79,True,[0.0403]
이젠터 (2),MJU65946704,제작동관,1,0.0692,523,523,116,True,[0.0692]
이젠터 (2),MJU65946705,제작동관,1,0.0655,495,495,114,True,[0.0655]
이젠터 (2),MJU66126201,제작동관,1,0.0339,256,256,82,True,[0.0339]
이젠터 (2),MJU66126301,제작동관,1,0.2701,2039,2039,427,True,[0.2701]
이젠터 (2),MJU66126401,제작동관,1,0.0502,379,379,83,True,[0.0502]
이젠터 (2),MJU66266603,제작동관,1,0.1367,1032,1032,148,True,[0.1367]
이젠터 (2),MJU66266706,제작동관,1,0.0912,689,689,133,True,[0.0912]
이젠터 (2),MJU66307201,제작동관,1,0.0891,674,674,110,True,[0.0891]
이젠터 (2),MJU66366304,제작동관,1,0.0079,61,61,70,True,[0.0079]
이젠터 (2),MJU66366305,제작동관,1,0.009,69,69,51,True,[0.009]
이젠터 (2),MJU66366308,제작동관,1,0.0136,105,105,66,True,[0.0136]
이젠터 (2),MJU66478501,제작동관,1,0.0174,347,347,60,True,[0.0174]
이젠터 (2),MJU66478801,사급부품/제작동관,4,0.0519,392,1284,106,True,[0.0519]
이젠터 (2),MJU66478901,제작동관,2,0.0191,145,145,49,True,[0.0191]
이젠터 (2),MJU66479001,제작동관,3,0.01,74,76,43,False,"[0.0097, 0.01]"
이젠터 (2),MJU66479201,사급부품/제작동관,3,0.0325,246,337,76,True,[0.0325]
이젠터 (2),MJU66507004,제작동관,1,0.0337,255,255,74,True,[0.0337]
이젠터 (2),MJU66508201,제작동관,1,0.2092,1582,1582,286,True,[0.2092]
이젠터 (2),MJU66510313,제작동관,1,0.0949,718,718,232,True,[0.0949]
이젠터 (2),MJU66510318,제작동관,1,0.0937,708,708,150,True,[0.0937]
이젠터 (2),MJU66510401,제작동관,1,0.0302,228,228,74,True,[0.0302]
이젠터 (2),MJU66510601,제작동관,1,0.3622,2734,2734,473,True,[0.3622]
이젠터 (2),MJU66510602,제작동관,2,0.1371,1035,1035,178,True,[0.1371]
이젠터 (2),MJU66510603,제작동관,2,0.1191,899,899,135,True,[0.1191]
이젠터 (2),MJU66510607,제작동관,1,0.3622,2734,2734,473,True,[0.3622]
이젠터 (2),MJU66510608,제작동관,1,0.3422,2584,2584,451,True,[0.3422]
이젠터 (2),MJU66510609,제작동관,1,0.157,1185,1185,191,True,[0.157]
이젠터 (2),MJU66510610,제작동관,1,0.0996,752,752,122,True,[0.0996]
이젠터 (2),MJU66511701,제작동관,1,0.2825,2132,2132,450,True,[0.2825]
이젠터 (2),MJU66547301,제작동관,1,0.0232,184,184,205,True,[0.0232]
이젠터 (2),MJU66567101,제작동관,2,0.0116,89,89,44,True,[0.0116]
이젠터 (2),MJU66567102,제작동관,2,0.0204,157,157,84,True,[0.0204]
이젠터 (2),MJU66567103,제작동관,2,0.0204,157,157,84,True,[0.0204]
이젠터 (2),MJU66567104,제작동관,2,0.0148,114,114,81,True,[0.0148]
이젠터 (2),MJU66567105,제작동관,2,0.0146,113,113,80,True,[0.0146]
이젠터 (2),MJU66748001,제작동관,1,0.0692,523,523,101,True,[0.0692]
이젠터 (2),MJU66748401,제작동관,1,0.2809,2120,2120,288,True,[0.2809]
이젠터 (2),MJU66748402,제작동관,1,0.104,785,785,131,True,[0.104]
이젠터 (2),MJU66748403,제작동관,1,0.2817,2126,2126,289,True,[0.2817]
이젠터 (2),MJU66748404,제작동관,1,0.1088,821,821,134,True,[0.1088]
이젠터 (2),MJU66748601,사급부품,1,0.0,3744,3744,0,True,[]
이젠터 (2),MJU66748701,제작동관,1,0.0097,75,75,41,True,[0.0097]
이젠터 (2),MJU66748702,제작동관,1,0.0175,135,135,80,True,[0.0175]
이젠터 (2),MJU66748703,제작동관,1,0.0175,135,135,80,True,[0.0175]
이젠터 (2),MJU66749608,제작동관,1,0.064,485,485,139,True,[0.064]
이젠터 (2),MJU66759906,제작동관,1,0.1022,1313,1313,202,True,[0.1022]
이젠터 (2),MJU66770001,제작동관,1,0.056,424,424,106,True,[0.056]
이젠터 (2),MJU66770002,제작동관,1,0.0311,236,236,87,True,[0.0311]
이젠터 (2),MJU66770003,제작동관,1,0.0645,488,488,129,True,[0.0645]
이젠터 (2),MJU66770101,제작동관,1,0.0373,282,282,91,True,[0.0373]
이젠터 (2),MJU66777501,제작동관,1,0.2825,2132,2132,466,True,[0.2825]
이젠터 (2),MJU66777901,제작동관,1,0.0636,482,482,112,True,[0.0636]
이젠터 (2),MJU66779304,제작동관,2,0.0152,115,115,76,True,[0.0152]
이젠터 (2),MJU66779308,제작동관,2,0.0653,484,493,99,False,"[0.0641, 0.0653]"
이젠터 (2),MJU66779315,제작동관,1,0.0081,61,61,46,True,[0.0081]
이젠터 (2),MJU66779318,제작동관,2,0.0155,118,118,59,True,[0.0155]
이젠터 (2),MJU66779319,제작동관,6,0.011,83,223,52,False,"[0.011, 0.0112]"
이젠터 (2),MJU66779320,제작동관,2,0.013,98,99,50,False,"[0.013, 0.0131]"
이젠터 (2),MJU66779501,제작동관,2,0.2669,1982,2015,365,False,"[0.2626, 0.2669]"
이젠터 (2),MJU66779502,제작동관,3,0.245,1850,1853,278,False,"[0.245, 0.2454]"
이젠터 (2),MJU66792201,제작동관,1,0.0593,449,449,102,True,[0.0593]
이젠터 (2),MJU66792301,제작동관,1,0.0972,735,735,139,True,[0.0972]
이젠터 (2),MJU66792302,제작동관,1,0.0534,403,403,94,True,[0.0534]
이젠터 (2),MJU66792303,제작동관,1,0.0395,299,299,85,True,[0.0395]
이젠터 (2),MJU66792304,제작동관,1,0.0242,183,183,57,True,[0.0242]
이젠터 (2),MJU66792501,제작동관,2,0.0085,65,113,61,False,"[0.0085, 0.0146]"
이젠터 (2),MJU66792502,제작동관,2,0.0087,66,67,47,False,"[0.0086, 0.0087]"
이젠터 (2),MJU66792503,제작동관,1,0.0122,94,94,49,True,[0.0122]
이젠터 (2),MJU66792601,제작동관,1,0.0996,754,754,145,True,[0.0996]
이젠터 (2),MJU66792603,제작동관,1,0.0959,726,726,143,True,[0.0959]
이젠터 (2),MJU66792701,제작동관,1,0.147,1112,1112,225,True,[0.147]
이젠터 (2),MJU66792702,제작동관,1,0.0244,185,185,57,True,[0.0244]
이젠터 (2),MJU66792703,제작동관,1,0.0453,343,343,89,True,[0.0453]
이젠터 (2),MJU66792704,제작동관,1,0.0838,634,634,140,True,[0.0838]
이젠터 (2),MJU66792705,제작동관,1,0.1898,1435,1435,250,True,[0.1898]
이젠터 (2),MJU66797501,제작동관,1,0.0226,174,174,105,True,[0.0226]
이젠터 (2),MJU66805505,제작동관,1,0.0065,49,49,45,True,[0.0065]
이젠터 (2),MJU66806101,제작동관,1,0.0156,118,118,51,True,[0.0156]
이젠터 (2),MJU66806102,제작동관,1,0.0312,236,236,79,True,[0.0312]
이젠터 (2),MJU66806103,제작동관,1,0.2622,1979,1979,282,True,[0.2622]
이젠터 (2),MJU66806104,제작동관,1,0.3267,2466,2466,343,True,[0.3267]
이젠터 (2),MJU66806105,제작동관,1,0.1944,1468,1468,250,True,[0.1944]
이젠터 (2),MJU66806106,제작동관,1,0.2574,1943,1943,293,True,[0.2574]
이젠터 (2),MJU66821301,제작동관,1,0.0481,364,364,110,True,[0.0481]
이젠터 (2),MJU66824906,제작동관,1,0.0439,332,332,107,True,[0.0439]
이젠터 (2),MJU66825101,제작동관,1,0.0607,459,459,114,True,[0.0607]
이젠터 (2),MJU66825102,제작동관,1,0.0156,118,118,49,True,[0.0156]
이젠터 (2),MJU66825103,제작동관,1,0.038,287,287,81,True,[0.038]
이젠터 (2),MJU66825301,제작동관,1,0.023,177,177,91,True,[0.023]
이젠터 (2),MJU66825302,제작동관,1,0.0166,128,128,52,True,[0.0166]
이젠터 (2),MJU66825401,제작동관,1,0.0211,160,160,53,True,[0.0211]
이젠터 (2),MJU66825402,제작동관,1,0.0164,124,124,50,True,[0.0164]
이젠터 (2),MJU66825403,제작동관,1,0.0886,670,670,133,True,[0.0886]
이젠터 (2),MJU66825404,제작동관,1,0.1213,917,917,185,True,[0.1213]
이젠터 (2),MJU66825405,제작동관,1,0.1092,827,827,150,True,[0.1092]
이젠터 (2),MJU66829504,제작동관,1,0.0168,218,218,131,True,[0.0168]
이젠터 (2),MJU66870601,제작동관,1,0.0693,525,525,126,True,[0.0693]
이젠터 (2),MJU66874101,제작동관,1,0.0701,531,531,190,True,[0.0701]
이젠터 (2),MJU66894810,제작동관,1,0.0105,80,80,48,True,[0.0105]
이젠터 (2),MJU66894824,제작동관,2,0.0109,82,217,54,True,[0.0109]
이젠터 (2),MJU66894825,제작동관,2,0.0115,87,230,53,True,[0.0115]
이젠터 (2),MJU66899501,사급부품,4,0.0,255,255,0,True,[]
이젠터 (2),MJU66900003,제작동관,1,0.0115,91,91,74,True,[0.0115]
이젠터 (2),MJU66900004,제작동관,1,0.0103,82,82,73,True,[0.0103]
이젠터 (2),MJU66900005,제작동관,2,0.0126,96,253,86,True,[0.0126]
이젠터 (2),MJU66900101,사급부품,4,0.0,250,250,0,True,[]
이젠터 (2),MJU66900501,제작동관,2,0.0812,626,626,190,True,[0.0812]
이젠터 (2),MJU66904601,제작동관,1,0.0414,313,313,71,True,[0.0414]
이젠터 (2),MJU66913701,제작동관,1,0.0307,232,232,93,True,[0.0307]
이젠터 (2),MJU66913702,제작동관,1,0.0511,386,386,107,True,[0.0511]
이젠터 (2),MJU66913801,사급부품,2,0.0,150,150,0,True,[]
이젠터 (2),MJU66927901,제작동관,1,0.0174,134,134,80,True,[0.0174]
이젠터 (2),MJU66927902,제작동관,1,0.0174,134,134,80,True,[0.0174]
이젠터 (2),MJU66927903,제작동관,1,0.0152,117,117,45,True,[0.0152]
이젠터 (2),MJU66927905,제작동관,1,0.0208,160,160,82,True,[0.0208]
이젠터 (2),MJU66928002,제작동관,1,0.1652,1244,1244,257,True,[0.1652]
이젠터 (2),MJU66928302,제작동관,3,0.0295,223,223,54,True,[0.0295]
이젠터 (2),MJU66928303,제작동관,1,0.1259,2518,2518,304,True,[0.1259]
이젠터 (2),MJU66928304,제작동관,3,0.0526,399,994,111,False,"[0.0497, 0.0526]"
이젠터 (2),MJU66928305,제작동관,1,0.0712,1425,1425,201,True,[0.0712]
이젠터 (2),MJU66928307,제작동관,1,0.0637,1274,1274,169,True,[0.0637]
이젠터 (2),MJU66928308,제작동관,3,0.0526,399,1053,128,True,[0.0526]
이젠터 (2),MJU66928310,제작동관,2,0.0837,634,634,181,True,[0.0837]
이젠터 (2),MJU66928311,제작동관,2,0.0698,529,529,171,True,[0.0698]
이젠터 (2),MJU66929501,제작동관,2,0.0589,757,757,231,True,[0.0589]
이젠터 (2),MJU66929502,제작동관,1,0.0091,118,118,89,True,[0.0091]
이젠터 (2),MJU66929503,제작동관,1,0.0107,139,139,91,True,[0.0107]
이젠터 (2),MJU66930201,제작동관,1,0.4226,9298,9298,940,True,[0.4226]
이젠터 (2),MJU66930202,제작동관,1,0.1159,2549,2549,274,True,[0.1159]
이젠터 (2),MJU66930203,제작동관,1,0.0769,988,988,228,True,[0.0769]
이젠터 (2),MJU66930204,제작동관,1,0.0759,975,975,168,True,[0.0759]
이젠터 (2),MJU66930303,제작동관,2,0.0245,314,314,86,True,[0.0245]
이젠터 (2),MJU66930304,사급부품,1,0.0,162,162,0,True,[]
이젠터 (2),MJU66933502,제작동관,1,0.1578,1191,1191,259,True,[0.1578]
이젠터 (2),MJU66933503,제작동관,1,0.0757,571,571,132,True,[0.0757]
이젠터 (2),MJU66936601,제작동관,1,0.0661,501,501,130,True,[0.0661]
이젠터 (2),MJU66936602,제작동관,1,0.0751,569,569,117,True,[0.0751]
이젠터 (2),MJU66936603,제작동관,1,0.0201,152,152,65,True,[0.0201]
이젠터 (2),MJU66936604,제작동관,1,0.0398,302,302,95,True,[0.0398]
이젠터 (2),MJU66936610,제작동관,1,0.0614,464,464,131,True,[0.0614]
이젠터 (2),MJU66936612,제작동관,1,0.0871,660,660,188,True,[0.0871]
이젠터 (2),MJU66942801,제작동관,1,0.1261,954,954,178,True,[0.1261]
이젠터 (2),MJU66946201,제작동관,1,0.1765,1332,1332,193,True,[0.1765]
이젠터 (2),MJU66951201,제작동관,1,0.0196,148,148,54,True,[0.0196]
이젠터 (2),MJU66951404,제작동관,1,0.0305,230,230,78,True,[0.0305]
이젠터 (2),MJU66951405,제작동관,1,0.043,325,325,72,True,[0.043]
이젠터 (2),MJU66954401,제작동관,1,0.0387,293,293,87,True,[0.0387]
이젠터 (2),MJU66954406,제작동관,1,0.0073,55,55,46,True,[0.0073]
이젠터 (2),MJU66954409,제작동관,1,0.033,250,250,114,True,[0.033]
이젠터 (2),MJU66954603,제작동관,1,0.1075,813,813,165,True,[0.1075]
이젠터 (2),MJU66954605,제작동관,1,0.0475,359,359,107,True,[0.0475]
이젠터 (2),MJU66954607,제작동관,1,0.0682,516,516,155,True,[0.0682]
이젠터 (2),MJU66954704,제작동관,1,0.0347,263,263,81,True,[0.0347]
이젠터 (2),MJU66954705,제작동관,1,0.024,182,182,74,True,[0.024]
이젠터 (2),MJU66954707,제작동관,1,0.0254,193,193,90,True,[0.0254]
이젠터 (2),MJU66958403,제작동관,1,0.0604,457,457,76,True,[0.0604]
이젠터 (2),MJU66958503,제작동관,1,0.042,318,318,80,True,[0.042]
이젠터 (2),MJU66958505,제작동관,1,0.0785,594,594,126,True,[0.0785]
이젠터 (2),MJU66959201,제작동관,1,0.0584,442,442,91,True,[0.0584]
이젠터 (2),MJU66959604,제작동관,1,0.0329,249,249,74,True,[0.0329]
이젠터 (2),MJU66964501,제작동관,2,0.0307,232,614,118,True,[0.0307]
이젠터 (2),MJU66964601,제작동관,2,0.0718,542,1435,238,True,[0.0718]
이젠터 (2),MJU66980601,제작동관,1,0.1466,1879,1879,470,True,[0.1466]
이젠터 (2),MJU66991001,제작동관,1,0.0386,292,292,92,True,[0.0386]
이젠터 (2),MJU66991002,제작동관,1,0.0522,394,394,91,True,[0.0522]
이젠터 (2),MJU66991003,제작동관,1,0.2418,1826,1826,292,True,[0.2418]
이젠터 (2),MJU66997102,제작동관,1,0.0121,92,92,49,True,[0.0121]
이젠터 (2),MJU66997103,제작동관,1,0.0285,216,216,75,True,[0.0285]
이젠터 (2),MJU66997105,제작동관,1,0.0267,202,202,59,True,[0.0267]
이젠터 (2),MJU66997108,제작동관,1,0.0317,240,240,77,True,[0.0317]
이젠터 (2),MJU66998307,제작동관,1,0.0662,501,501,118,True,[0.0662]
이젠터 (2),MJU66998901,제작동관,1,0.027,205,205,76,True,[0.027]
이젠터 (2),MJU66998902,제작동관,1,0.0249,189,189,75,True,[0.0249]
이젠터 (2),MJU66998904,제작동관,1,0.0405,307,307,102,True,[0.0405]
이젠터 (2),MJU66999001,제작동관,2,0.0267,202,202,57,True,[0.0267]
이젠터 (2),MJU66999002,제작동관,1,0.0123,93,93,49,True,[0.0123]
이젠터 (2),MJU66999004,제작동관,1,0.0141,107,107,48,True,[0.0141]
이젠터 (2),MJU66999005,제작동관,1,0.0191,145,145,54,True,[0.0191]
이젠터 (2),MJU66999401,제작동관,1,0.0226,173,173,71,True,[0.0226]
이젠터 (2),MJU67012502,사급부품,1,0.0,270,270,0,True,[]
이젠터 (2),MJU67012503,사급부품,1,0.0,296,296,0,True,[]
이젠터 (2),MJU67012504,사급부품,1,0.0,290,290,0,True,[]
이젠터 (2),MJU67012505,사급부품,1,0.0,290,290,0,True,[]
이젠터 (2),MJU67028002,제작동관,1,0.0058,75,75,40,True,[0.0058]
이젠터 (2),MJU67028008,제작동관,1,0.01,128,128,47,True,[0.01]
이젠터 (2),MJU67028009,제작동관,1,0.0175,225,225,89,True,[0.0175]
이젠터 (2),MJU67028010,제작동관,1,0.0175,225,225,89,True,[0.0175]
이젠터 (2),MJU67028011,제작동관,1,0.0128,164,164,84,True,[0.0128]
이젠터 (2),MJU67028012,제작동관,1,0.0126,161,161,84,True,[0.0126]
이젠터 (2),MJU67028801,제작동관,1,0.1285,970,970,232,True,[0.1285]
이젠터 (2),MJU67028802,제작동관,1,0.1087,1397,1397,214,True,[0.1087]
이젠터 (2),MJU67028901,제작동관,1,0.0395,507,507,96,True,[0.0395]
이젠터 (2),MJU67029502,제작동관,1,0.226,2897,2897,517,True,[0.226]
이젠터 (2),MJU67039501,제작동관,1,0.018,136,136,51,True,[0.018]
이젠터 (2),MJU67039502,제작동관,1,0.0701,531,531,123,True,[0.0701]
이젠터 (2),MJU77166601,사급부품,1,0.0,114,114,0,True,[]
이젠터 (2),MJU77166602,사급부품,1,0.0,142,142,0,True,[]
이젠터 (2),MJU77166603,사급부품,1,0.0,142,142,0,True,[]
이젠터 (2),MJX62771705,사급부품,1,0.0,3847,3847,0,True,[]
이젠터 (2),MJX63991904,사급부품,1,0.0,3200,3200,0,True,[]
이젠터 (2),MJX63991905,사급부품,1,0.0,4326,4326,0,True,[]
이젠터 (2),R20 (9.52),제작동관,2,0.0458,308,347,100,False,"[0.0407, 0.0458]"
이젠터 (2),R25 (12.7),제작동관,2,0.072,474,544,118,False,"[0.0627, 0.072]"
이젠터 (2),R30 (15.88),제작동관,2,0.1171,743,884,149,False,"[0.0984, 0.1171]"
이젠터 (2),RAC30599303,용접봉,86,0.0,21100,21100,417,True,[]
이젠터 (2),동BODY-6.35(확관물),사급부품,1,0.0,473,473,0,True,[]
중앙정밀 (2),2H00351A,사급부품,2,0.0,706,706,0,True,[]
중앙정밀 (2),2H00351D,사급부품,13,0.0,706,706,0,True,[]
중앙정밀 (2),2H00351K,사급부품,1,0.0,0,0,0,True,[]
중앙정밀 (2),2H00351L,사급부품,3,0.0,706,706,0,True,[]
중앙정밀 (2),2H00351M,사급부품,4,0.0,706,706,0,True,[]
중앙정밀 (2),2H00351T,사급부품,2,0.0,706,706,0,True,[]
중앙정밀 (2),2H00351U,사급부품,2,0.0,0,0,0,True,[]
중앙정밀 (2),2H00351Z,사급부품,1,0.0,0,0,0,True,[]
중앙정밀 (2),3890AZ3449E,사급부품,1,0.0,2800,2800,0,True,[]
중앙정밀 (2),3A00213B,사급부품,1,0.0,0,0,0,True,[]
중앙정밀 (2),3A00213J,사급부품,2,0.0,0,0,0,True,[]
중앙정밀 (2),3A00213K,사급부품,1,0.0,0,0,0,True,[]
중앙정밀 (2),3A00213X,사급부품,1,0.0,0,0,0,True,[]
중앙정밀 (2),3A00929B,사급부품,1,0.0,0,0,0,True,[]
중앙정밀 (2),3A02531C,사급부품,3,0.0,0,1749,0,True,[]
중앙정밀 (2),3A02531H,사급부품,1,0.0,0,0,0,True,[]
중앙정밀 (2),3A02531Q,사급부품,1,0.0,1749,1749,0,True,[]
중앙정밀 (2),3A02531R,사급부품,1,0.0,1749,1749,0,True,[]
중앙정밀 (2),3A02531T,사급부품,1,0.0,0,0,0,True,[]
중앙정밀 (2),3E92334D,사급부품,6,0.0,455,455,0,True,[]
중앙정밀 (2),3E92334G,사급부품,2,0.0,0,410,0,True,[]
중앙정밀 (2),3E92334H,사급부품,1,0.0,293,293,0,True,[]
중앙정밀 (2),3E92334K,사급부품,1,0.0,301,301,0,True,[]
중앙정밀 (2),3E92334N,사급부품,1,0.0,0,0,0,True,[]
중앙정밀 (2),3H00815H,용접봉,161,0.0,0,24000,248,True,[]
중앙정밀 (2),3H01372W,사급부품,1,0.0,568,568,0,True,[]
중앙정밀 (2),3H01372X,사급부품,1,0.0,267,267,0,True,[]
중앙정밀 (2),3H01535R,사급부품,2,0.0,531,531,0,True,[]
중앙정밀 (2),3H01535T,사급부품,2,0.0,342,342,0,True,[]
중앙정밀 (2),3H01535W,사급부품,2,0.0,269,269,0,True,[]
중앙정밀 (2),3H01535Z,사급부품,1,0.0,0,0,0,True,[]
중앙정밀 (2),3H01582C,사급부품,49,0.0,0,13,0,True,[]
중앙정밀 (2),3H02633C,사급부품,1,0.0,601,601,0,True,[]
중앙정밀 (2),3H02633E,사급부품,3,0.0,406,406,0,True,[]
중앙정밀 (2),3H02716A,사급부품,5,0.0,176,261,0,True,[]
중앙정밀 (2),3H03656L,사급부품,2,0.0,538,538,0,True,[]
중앙정밀 (2),3H03659C,사급부품,2,0.0,629,629,0,True,[]
중앙정밀 (2),3H03659L,사급부품,12,0.0,538,538,0,True,[]
중앙정밀 (2),3H03659M,사급부품,5,0.0,624,624,0,True,[]
중앙정밀 (2),3H03659Q,사급부품,1,0.0,713,713,0,True,[]
중앙정밀 (2),3H03659W,사급부품,4,0.0,538,538,0,True,[]
중앙정밀 (2),3H03750H,사급부품,3,0.0,373,373,0,True,[]
중앙정밀 (2),3H03750Z,사급부품,1,0.0,0,0,0,True,[]
중앙정밀 (2),4.76*0.65*324,제작동관,1,0.0243,193,193,38,True,[0.0243]
중앙정밀 (2),4930A20053A,사급부품,2,0.0,20,20,0,True,[]
중앙정밀 (2),4930A20053B,사급부품,10,0.0,20,35,0,True,[]
중앙정밀 (2),4A00114A,사급부품,7,0.0,822,822,0,True,[]
중앙정밀 (2),4A00114D,사급부품,3,0.0,685,685,0,True,[]
중앙정밀 (2),4A00114E,사급부품,2,0.0,716,716,0,True,[]
중앙정밀 (2),4A00232S,사급부품,1,0.0,1456,1456,0,True,[]
중앙정밀 (2),4A01635A,제작동관,1,0.012,146,146,39,True,[0.012]
중앙정밀 (2),4H00901F,제작동관,1,0.0125,154,154,37,True,[0.0125]
중앙정밀 (2),4H01281C,제작동관,3,0.013,102,160,37,False,"[0.013, 0.0133]"
중앙정밀 (2),4H01281M,제작동관,3,0.0229,282,282,41,True,[0.0229]
중앙정밀 (2),4H03163B,제작동관,1,0.0036,45,45,36,True,[0.0036]
중앙정밀 (2),5210A20522B,사급부품,1,0.0,656,656,0,True,[]
중앙정밀 (2),5210A20558A,제작동관,1,0.0335,408,408,90,True,[0.0335]
중앙정밀 (2),5210A20558B,제작동관,1,0.0342,416,416,79,True,[0.0342]
중앙정밀 (2),5210A20559B,제작동관,1,0.0123,150,150,55,True,[0.0123]
중앙정밀 (2),5210A20706Y,제작동관,1,0.0149,184,184,63,True,[0.0149]
중앙정밀 (2),5210A20706Z,제작동관,1,0.0145,178,178,63,True,[0.0145]
중앙정밀 (2),5210A20713L,제작동관,1,0.0776,945,945,123,True,[0.0776]
중앙정밀 (2),5210A20720B,사급부품,2,0.0,0,0,0,True,[]
중앙정밀 (2),5210A20982B,제작동관,5,0.0131,159,159,59,True,[0.0131]
중앙정밀 (2),5210A20982C,제작동관,1,0.0207,250,250,41,True,[0.0207]
중앙정밀 (2),5210A20983A,제작동관,1,0.0602,728,728,54,True,[0.0602]
중앙정밀 (2),5210A20983B,제작동관,4,0.038,460,460,46,True,[0.038]
중앙정밀 (2),5210A20983E,제작동관,1,0.0378,457,457,48,True,[0.0378]
중앙정밀 (2),5210A21272B,제작동관,1,0.0447,544,544,115,True,[0.0447]
중앙정밀 (2),5210A21628B,사급부품,1,0.0,902,902,0,True,[]
중앙정밀 (2),5210A22026Q,제작동관,1,0.0244,300,300,66,True,[0.0244]
중앙정밀 (2),5210A22172Q,제작동관,1,0.0262,323,323,67,True,[0.0262]
중앙정밀 (2),5210A22172R,제작동관,1,0.0178,219,219,64,True,[0.0178]
중앙정밀 (2),5210A22172S,제작동관,1,0.0156,193,193,63,True,[0.0156]
중앙정밀 (2),5210A22409A,사급부품,6,0.0,55,55,0,True,[]
중앙정밀 (2),5210A22409B,사급부품,15,0.0,0,65,0,True,[]
중앙정밀 (2),5210A22409C,사급부품,3,0.0,55,55,0,True,[]
중앙정밀 (2),5210A22520B,제작동관,1,0.0098,120,120,49,True,[0.0098]
중앙정밀 (2),5210A22520E,제작동관,1,0.0105,80,80,64,True,[0.0105]
중앙정밀 (2),5210A22603J,제작동관,1,0.0856,1036,1036,145,True,[0.0856]
중앙정밀 (2),5210A22614L,사급부품,1,0.0,550,550,0,True,[]
중앙정밀 (2),5210A22770A,제작동관,1,0.0211,260,260,40,True,[0.0211]
중앙정밀 (2),5210A23278A,제작동관,1,0.0193,234,234,48,True,[0.0193]
중앙정밀 (2),5210A23279A,제작동관,1,0.0584,720,720,100,True,[0.0584]
중앙정밀 (2),5210A23407A,제작동관,1,0.0405,493,493,72,True,[0.0405]
중앙정밀 (2),5210A23562A,제작동관,1,0.1234,1494,1494,181,True,[0.1234]
중앙정밀 (2),5210A23562C,제작동관,1,0.1068,1293,1293,175,True,[0.1068]
중앙정밀 (2),5210A23563A,제작동관,2,0.0385,474,474,72,True,[0.0385]
중앙정밀 (2),5210A23563B,제작동관,2,0.023,283,283,66,True,[0.023]
중앙정밀 (2),5210A23563C,제작동관,2,0.0252,310,310,67,True,[0.0252]
중앙정밀 (2),5210A23563D,제작동관,2,0.027,332,332,67,True,[0.027]
중앙정밀 (2),5210A23563E,제작동관,2,0.0248,305,305,66,True,[0.0248]
중앙정밀 (2),5210A23563F,제작동관,2,0.0138,170,170,62,True,[0.0138]
중앙정밀 (2),5210A23653A,제작동관,1,0.0148,182,182,61,True,[0.0148]
중앙정밀 (2),5210A23653B,제작동관,1,0.0286,353,353,77,True,[0.0286]
중앙정밀 (2),5210A23653C,제작동관,1,0.1106,1346,1346,121,True,[0.1106]
중앙정밀 (2),5210A23910A,제작동관,1,0.0104,128,128,61,True,[0.0104]
중앙정밀 (2),5210A23910B,제작동관,1,0.0127,156,156,62,True,[0.0127]
중앙정밀 (2),5210A23910C,제작동관,1,0.0246,303,303,66,True,[0.0246]
중앙정밀 (2),5210A23937A,제작동관,1,0.0169,129,129,69,True,[0.0169]
중앙정밀 (2),5210A23947A,제작동관,2,0.0104,128,128,61,True,[0.0104]
중앙정밀 (2),5210A23947B,제작동관,2,0.0129,159,159,62,True,[0.0129]
중앙정밀 (2),5210A23947C,제작동관,2,0.0092,113,113,38,True,[0.0092]
중앙정밀 (2),5210A23947D,제작동관,1,0.0085,65,65,70,True,[0.0085]
중앙정밀 (2),5210A23947E,제작동관,1,0.0102,78,78,70,True,[0.0102]
중앙정밀 (2),5210A23947F,제작동관,1,0.0076,58,58,38,True,[0.0076]
중앙정밀 (2),5210A23952A,제작동관,2,0.0403,496,496,84,True,[0.0403]
중앙정밀 (2),5210A24098B,사급부품,1,0.0,0,0,951,True,[]
중앙정밀 (2),5210A24107A,제작동관,2,0.0156,175,192,74,False,"[0.0146, 0.0156]"
중앙정밀 (2),5210A24108A,제작동관,2,0.0172,192,212,74,False,"[0.0156, 0.0172]"
중앙정밀 (2),5210A24109A,제작동관,2,0.0193,212,237,76,False,"[0.0172, 0.0193]"
중앙정밀 (2),5210A24110A,제작동관,1,0.0193,237,237,64,True,[0.0193]
중앙정밀 (2),5210A24111B,제작동관,2,0.0072,91,161,62,False,"[0.0072, 0.0128]"
중앙정밀 (2),5210A24112A,제작동관,2,0.0091,101,112,60,False,"[0.008, 0.0091]"
중앙정밀 (2),5210A24151A,제작동관,1,0.0128,161,161,71,True,[0.0128]
중앙정밀 (2),5210A24152A,제작동관,1,0.008,101,101,58,True,[0.008]
중앙정밀 (2),5210A24154A,제작동관,1,0.0676,813,813,150,True,[0.0676]
중앙정밀 (2),5210A25041A,제작동관,2,0.0056,70,70,55,True,[0.0056]
중앙정밀 (2),5210A25042A,제작동관,1,0.0073,92,92,56,True,[0.0073]
중앙정밀 (2),5210A25043A,제작동관,1,0.0089,112,112,56,True,[0.0089]
중앙정밀 (2),5210A25044A,제작동관,1,0.0097,122,122,56,True,[0.0097]
중앙정밀 (2),5210A25046A,제작동관,1,0.0105,132,132,57,True,[0.0105]
중앙정밀 (2),5210A25049A,제작동관,1,0.0086,109,109,56,True,[0.0086]
중앙정밀 (2),5210A25050A,제작동관,1,0.0093,117,117,56,True,[0.0093]
중앙정밀 (2),5210A25051A,제작동관,1,0.0245,301,301,64,True,[0.0245]
중앙정밀 (2),5210A25052A,제작동관,1,0.0228,281,281,64,True,[0.0228]
중앙정밀 (2),5210A25053A,제작동관,1,0.0087,108,108,58,True,[0.0087]
중앙정밀 (2),5210A25054A,제작동관,1,0.0102,126,126,59,True,[0.0102]
중앙정밀 (2),5210A25055A,제작동관,1,0.0099,122,122,59,True,[0.0099]
중앙정밀 (2),5210A25056A,제작동관,1,0.0067,82,82,44,True,[0.0067]
중앙정밀 (2),5210A25501A,제작동관,1,0.1045,791,791,110,True,[0.1045]
중앙정밀 (2),5210A25640B,제작동관,1,0.0816,993,993,126,True,[0.0816]
중앙정밀 (2),5210A25640K,제작동관,1,0.0792,964,964,125,True,[0.0792]
중앙정밀 (2),5210A25793A,제작동관,1,0.0647,797,797,102,True,[0.0647]
중앙정밀 (2),5210A25793B,제작동관,1,0.0613,755,755,101,True,[0.0613]
중앙정밀 (2),5210A25916A,제작동관,1,0.0123,151,151,58,True,[0.0123]
중앙정밀 (2),5210A26735B,제작동관,1,0.011,134,134,47,True,[0.011]
중앙정밀 (2),5210A26737A,제작동관,5,0.0042,38,51,34,False,"[0.0031, 0.0042]"
중앙정밀 (2),5210A26778A,제작동관,1,0.0664,837,837,115,True,[0.0664]
중앙정밀 (2),5210A26789A,사급부품,1,0.0,0,0,0,True,[]
중앙정밀 (2),5210A26790A,제작동관,1,0.0074,59,59,70,True,[0.0074]
중앙정밀 (2),5210A26790B,제작동관,1,0.0089,71,71,70,True,[0.0089]
중앙정밀 (2),5210A26790C,제작동관,1,0.006,48,48,69,True,[0.006]
중앙정밀 (2),5210A26790D,제작동관,1,0.006,48,48,69,True,[0.006]
중앙정밀 (2),5210A26790E,제작동관,1,0.0055,44,44,69,True,[0.0055]
중앙정밀 (2),5210A27207A,제작동관,1,0.0287,349,349,54,True,[0.0287]
중앙정밀 (2),5210A27925B,제작동관,1,0.0362,441,441,115,True,[0.0362]
중앙정밀 (2),5210A27925E,제작동관,1,0.0506,616,616,116,True,[0.0506]
중앙정밀 (2),5210A27925G,제작동관,2,0.0506,616,616,116,True,[0.0506]
중앙정밀 (2),5210A27925H,제작동관,1,0.0435,530,530,105,True,[0.0435]
중앙정밀 (2),5210A28001S,사급부품,7,0.0,390,390,0,True,[]
중앙정밀 (2),5210A29901C,제작동관,1,0.0195,245,245,76,True,[0.0195]
중앙정밀 (2),5210A29902C,제작동관,1,0.0258,318,318,78,True,[0.0258]
중앙정밀 (2),5210A30050E,제작동관,2,0.0104,79,2282,197,False,"[0.0104, 0.1875]"
중앙정밀 (2),5210A30050Y,제작동관,1,0.0072,55,55,48,True,[0.0072]
중앙정밀 (2),5210A30334B,제작동관,1,0.0146,179,179,38,True,[0.0146]
중앙정밀 (2),5210A30383K,제작동관,2,0.0184,227,227,73,True,[0.0184]
중앙정밀 (2),5210A30581Q,제작동관,1,0.0119,146,146,48,True,[0.0119]
중앙정밀 (2),5210A30624A,제작동관,1,0.0126,153,153,60,True,[0.0126]
중앙정밀 (2),5210A30657L,제작동관,1,0.0575,700,700,101,True,[0.0575]
중앙정밀 (2),5210A30668C,제작동관,1,0.0086,106,106,38,True,[0.0086]
중앙정밀 (2),5210A30668D,제작동관,1,0.0081,62,62,51,True,[0.0081]
중앙정밀 (2),5210A30687A,제작동관,1,0.01,123,123,57,True,[0.01]
중앙정밀 (2),5210A30687S,제작동관,1,0.0082,101,101,47,True,[0.0082]
중앙정밀 (2),5210A30687T,제작동관,2,0.015,185,185,61,True,[0.015]
중앙정밀 (2),5210A30687Y,제작동관,1,0.0202,155,155,73,True,[0.0202]
중앙정밀 (2),5210A30737E,제작동관,1,0.0046,56,56,43,True,[0.0046]
중앙정밀 (2),5210A30805D,제작동관,1,0.096,1169,1169,161,True,[0.096]
중앙정밀 (2),5210A31076A,제작동관,1,0.0522,644,644,65,True,[0.0522]
중앙정밀 (2),5210A31076B,제작동관,1,0.0373,459,459,71,True,[0.0373]
중앙정밀 (2),5210A31076C,제작동관,1,0.0366,451,451,71,True,[0.0366]
중앙정밀 (2),5210A31076D,제작동관,1,0.0165,204,204,63,True,[0.0165]
중앙정밀 (2),5210A31076E,제작동관,1,0.0325,400,400,69,True,[0.0325]
중앙정밀 (2),5210A31076F,제작동관,1,0.0331,408,408,70,True,[0.0331]
중앙정밀 (2),5210A31119D,제작동관,1,0.0122,149,149,46,True,[0.0122]
중앙정밀 (2),5210A31261A,제작동관,1,0.0372,453,453,82,True,[0.0372]
중앙정밀 (2),5210A31653S,제작동관,1,0.0209,254,254,63,True,[0.0209]
중앙정밀 (2),5210A31654N,제작동관,1,0.0204,248,248,53,True,[0.0204]
중앙정밀 (2),5210A31705A,제작동관,1,0.018,222,222,64,True,[0.018]
중앙정밀 (2),5210A31705E,제작동관,1,0.0261,200,200,64,True,[0.0261]
중앙정밀 (2),5210A31705F,제작동관,1,0.0185,228,228,64,True,[0.0185]
중앙정밀 (2),5210A31705G,제작동관,1,0.0293,225,225,65,True,[0.0293]
중앙정밀 (2),5210A31891B,제작동관,1,0.0113,87,87,83,True,[0.0113]
중앙정밀 (2),5210A31939A,사급부품,1,0.0,150,150,0,True,[]
중앙정밀 (2),5210A32911E,제작동관,1,0.0079,60,60,44,True,[0.0079]
중앙정밀 (2),5210A33939A,제작동관,1,0.0158,194,194,52,True,[0.0158]
중앙정밀 (2),5210A33939B,제작동관,1,0.0196,241,241,65,True,[0.0196]
중앙정밀 (2),5210A33939C,제작동관,1,0.0175,216,216,64,True,[0.0175]
중앙정밀 (2),5210A39919G,사급부품,1,0.0,460,460,100,True,[]
중앙정밀 (2),5210AP4026A,제작동관,18,0.0101,123,123,49,True,[0.0101]
중앙정밀 (2),5210AP4026D,제작동관,4,0.0105,128,128,47,True,[0.0105]
중앙정밀 (2),5210AP4026E,제작동관,9,0.0101,123,123,49,True,[0.0101]
중앙정밀 (2),5210AP4184A,제작동관,1,0.012,91,91,68,True,[0.012]
중앙정밀 (2),5210AR3373K,사급부품,1,0.0,0,0,541,True,[]
중앙정밀 (2),5210AR3491C,제작동관,1,0.016,195,195,71,True,[0.016]
중앙정밀 (2),5210AR4137A,제작동관,1,0.013,158,158,36,True,[0.013]
중앙정밀 (2),5211AP4052A,제작동관,16,0.016,194,194,63,True,[0.016]
중앙정밀 (2),5211AP4052B,제작동관,1,0.0189,230,230,62,True,[0.0189]
중앙정밀 (2),5224A20005G,사급부품,2,0.0,1116,1116,0,True,[]
중앙정밀 (2),5224A20005H,사급부품,2,0.0,682,682,0,True,[]
중앙정밀 (2),5256A30002D,사급부품,2,0.0,1598,1598,0,True,[]
중앙정밀 (2),5256A30003C,사급부품,1,0.0,1453,1453,0,True,[]
중앙정밀 (2),5256A30003J,사급부품,1,0.0,1453,1453,0,True,[]
중앙정밀 (2),5256A30003U,사급부품,3,0.0,927,927,0,True,[]
중앙정밀 (2),5410A30055S,사급부품,1,0.0,65,65,0,True,[]
중앙정밀 (2),5424AP3074C,사급부품,4,0.0,342,506,100,True,[]
중앙정밀 (2),5424AP3074D,사급부품,3,0.0,499,499,0,True,[]
중앙정밀 (2),5424AP3074J,사급부품,1,0.0,485,485,0,True,[]
중앙정밀 (2),5424AP3074K,사급부품,2,0.0,608,608,0,True,[]
중앙정밀 (2),5424AP3074N,사급부품,2,0.0,531,531,0,True,[]
중앙정밀 (2),5424AR3411A,사급부품,1,0.0,382,382,0,True,[]
중앙정밀 (2),5425AR3147P,사급부품,3,0.0,432,432,0,True,[]
중앙정밀 (2),AJR75712102,제작동관,1,0.0231,177,177,57,True,[0.0231]
중앙정밀 (2),MFN62721703,사급부품,2,0.0,347,347,0,True,[]
중앙정밀 (2),MFN62721711,사급부품,2,0.0,252,252,0,True,[]
중앙정밀 (2),MJC62721911,사급부품,1,0.0,450,450,0,True,[]
중앙정밀 (2),MJU30589101,제작동관,1,0.0262,201,201,121,True,[0.0262]
중앙정밀 (2),MJU31087102,제작동관,1,0.115,1399,1399,139,True,[0.115]
중앙정밀 (2),MJU31088101,제작동관,1,0.0353,430,430,66,True,[0.0353]
중앙정밀 (2),MJU32884701,제작동관,1,0.0117,144,144,62,True,[0.0117]
중앙정밀 (2),MJU32884702,제작동관,1,0.0444,547,547,74,True,[0.0444]
중앙정밀 (2),MJU32884703,제작동관,1,0.0133,164,164,62,True,[0.0133]
중앙정밀 (2),MJU32884704,제작동관,1,0.0383,472,472,71,True,[0.0383]
중앙정밀 (2),MJU36873402,제작동관,1,0.0377,289,289,129,True,[0.0377]
중앙정밀 (2),MJU36873403,제작동관,1,0.0168,129,129,66,True,[0.0168]
중앙정밀 (2),MJU36873404,제작동관,1,0.0202,155,155,68,True,[0.0202]
중앙정밀 (2),MJU36873405,제작동관,1,0.0234,180,180,102,True,[0.0234]
중앙정밀 (2),MJU37361122,제작동관,1,0.0312,240,240,92,True,[0.0312]
중앙정밀 (2),MJU37361123,제작동관,2,0.0216,166,166,99,True,[0.0216]
중앙정밀 (2),MJU37361311,제작동관,1,0.0567,690,690,88,True,[0.0567]
중앙정밀 (2),MJU37361330,제작동관,1,0.1833,1389,1389,262,True,[0.1833]
중앙정밀 (2),MJU39704601,사급부품,1,0.0,368,368,0,True,[]
중앙정밀 (2),MJU41489501,제작동관,1,0.0455,349,349,106,True,[0.0455]
중앙정밀 (2),MJU41739407,제작동관,1,0.0554,671,671,82,True,[0.0554]
중앙정밀 (2),MJU41739712,제작동관,1,0.0106,134,134,61,True,[0.0106]
중앙정밀 (2),MJU41739714,제작동관,1,0.0162,204,204,63,True,[0.0162]
중앙정밀 (2),MJU42064501,제작동관,3,0.0278,211,342,68,False,"[0.0273, 0.0275, 0.0278]"
중앙정밀 (2),MJU42064502,제작동관,3,0.0283,215,349,68,False,"[0.0278, 0.028, 0.0283]"
중앙정밀 (2),MJU42064503,제작동관,3,0.0278,211,342,68,False,"[0.0273, 0.0275, 0.0278]"
중앙정밀 (2),MJU42064504,제작동관,1,0.0273,336,336,67,True,[0.0273]
중앙정밀 (2),MJU42064505,제작동관,3,0.0101,77,124,38,False,"[0.01, 0.0101]"
중앙정밀 (2),MJU42064506,제작동관,3,0.0119,85,146,62,False,"[0.0105, 0.011, 0.0119]"
중앙정밀 (2),MJU42064512,제작동관,2,0.0266,204,328,106,True,[0.0266]
중앙정밀 (2),MJU42282506,제작동관,1,0.0113,140,140,50,True,[0.0113]
중앙정밀 (2),MJU47495301,제작동관,1,0.0042,53,53,36,True,[0.0042]
중앙정밀 (2),MJU48166001,제작동관,1,0.1012,1231,1231,175,True,[0.1012]
중앙정밀 (2),MJU48166701,제작동관,1,0.051,621,621,97,True,[0.051]
중앙정밀 (2),MJU54082901,제작동관,1,0.0151,116,116,87,True,[0.0151]
중앙정밀 (2),MJU54082902,제작동관,1,0.0162,125,125,88,True,[0.0162]
중앙정밀 (2),MJU54082904,제작동관,1,0.0194,148,148,90,True,[0.0194]
중앙정밀 (2),MJU54082905,제작동관,1,0.0233,179,179,93,True,[0.0233]
중앙정밀 (2),MJU57132601,사급부품,1,0.0,507,507,0,True,[]
중앙정밀 (2),MJU57132602,사급부품,1,0.0,0,0,1191,True,[]
중앙정밀 (2),MJU58290401,제작동관,1,0.0184,141,141,78,True,[0.0184]
중앙정밀 (2),MJU58290501,제작동관,1,0.0237,182,182,99,True,[0.0237]
중앙정밀 (2),MJU58290601,제작동관,1,0.0113,87,87,61,True,[0.0113]
중앙정밀 (2),MJU58291401,제작동관,1,0.0154,118,118,81,True,[0.0154]
중앙정밀 (2),MJU60436230,제작동관,1,0.0723,546,546,145,True,[0.0723]
중앙정밀 (2),MJU61536302,제작동관,1,0.0086,104,104,47,True,[0.0086]
중앙정밀 (2),MJU61536305,제작동관,1,0.0076,94,94,46,True,[0.0076]
중앙정밀 (2),MJU61848603,제작동관,1,0.0171,210,210,61,True,[0.0171]
중앙정밀 (2),MJU61861313,제작동관,1,0.0295,357,357,59,True,[0.0295]
중앙정밀 (2),MJU61861611,제작동관,1,0.0287,217,217,63,True,[0.0287]
중앙정밀 (2),MJU61861617,제작동관,1,0.0207,157,157,57,True,[0.0207]
중앙정밀 (2),MJU61861618,제작동관,1,0.0189,144,144,56,True,[0.0189]
중앙정밀 (2),MJU61872902,제작동관,1,0.0171,210,210,64,True,[0.0171]
중앙정밀 (2),MJU61872904,제작동관,1,0.0181,223,223,64,True,[0.0181]
중앙정밀 (2),MJU61872906,제작동관,1,0.0214,264,264,65,True,[0.0214]
중앙정밀 (2),MJU61872908,제작동관,1,0.0254,313,313,67,True,[0.0254]
중앙정밀 (2),MJU61880501,제작동관,1,0.0392,297,297,104,True,[0.0392]
중앙정밀 (2),MJU61880502,제작동관,1,0.0319,242,242,99,True,[0.0319]
중앙정밀 (2),MJU61880503,제작동관,1,0.0264,200,200,95,True,[0.0264]
중앙정밀 (2),MJU61955708,제작동관,1,0.0211,162,162,72,True,[0.0211]
중앙정밀 (2),MJU61972902,사급부품,1,0.0,139,139,0,True,[]
중앙정밀 (2),MJU62030601,제작동관,1,0.0083,63,63,44,True,[0.0083]
중앙정밀 (2),MJU62032701,제작동관,1,0.0564,427,427,94,True,[0.0564]
중앙정밀 (2),MJU62046101,제작동관,1,0.0076,58,58,71,True,[0.0076]
중앙정밀 (2),MJU62046201,제작동관,1,0.018,138,138,95,True,[0.018]
중앙정밀 (2),MJU62067801,제작동관,1,0.0102,78,78,57,True,[0.0102]
중앙정밀 (2),MJU62067806,제작동관,1,0.01,77,77,56,True,[0.01]
중앙정밀 (2),MJU62078601,제작동관,1,0.0168,205,205,59,True,[0.0168]
중앙정밀 (2),MJU62078701,제작동관,1,0.0212,268,268,74,True,[0.0212]
중앙정밀 (2),MJU62078801,제작동관,1,0.0208,262,262,85,True,[0.0208]
중앙정밀 (2),MJU62078802,제작동관,1,0.0197,156,156,106,True,[0.0197]
중앙정밀 (2),MJU62079001,제작동관,1,0.0068,69,69,34,True,[0.0068]
중앙정밀 (2),MJU62079101,제작동관,1,0.012,146,146,46,True,[0.012]
중앙정밀 (2),MJU62079201,제작동관,1,0.0081,99,99,44,True,[0.0081]
중앙정밀 (2),MJU62079301,제작동관,1,0.0049,60,60,45,True,[0.0049]
중앙정밀 (2),MJU62079302,제작동관,1,0.0041,50,50,34,True,[0.0041]
중앙정밀 (2),MJU62079303,제작동관,1,0.0065,49,49,39,True,[0.0065]
중앙정밀 (2),MJU62079304,제작동관,1,0.0061,47,47,41,True,[0.0061]
중앙정밀 (2),MJU62096507,제작동관,1,0.0104,79,79,48,True,[0.0104]
중앙정밀 (2),MJU62098801,제작동관,1,0.0068,83,83,37,True,[0.0068]
중앙정밀 (2),MJU62098901,제작동관,1,0.011,136,136,57,True,[0.011]
중앙정밀 (2),MJU62099101,제작동관,1,0.0052,64,64,32,True,[0.0052]
중앙정밀 (2),MJU62193402,제작동관,1,0.013,158,158,35,True,[0.013]
중앙정밀 (2),MJU62193403,제작동관,1,0.0835,1016,1016,127,True,[0.0835]
중앙정밀 (2),MJU62207801,제작동관,1,0.0178,137,137,116,True,[0.0178]
중앙정밀 (2),MJU62207802,제작동관,1,0.0093,71,71,81,True,[0.0093]
중앙정밀 (2),MJU62227901,제작동관,1,0.028,341,341,65,True,[0.028]
중앙정밀 (2),MJU62228001,제작동관,1,0.0186,234,234,99,True,[0.0186]
중앙정밀 (2),MJU62228002,제작동관,1,0.0225,284,284,100,True,[0.0225]
중앙정밀 (2),MJU62228003,제작동관,1,0.0181,228,228,87,True,[0.0181]
중앙정밀 (2),MJU62228004,제작동관,1,0.0239,302,302,89,True,[0.0239]
중앙정밀 (2),MJU62228005,제작동관,1,0.0283,357,357,91,True,[0.0283]
중앙정밀 (2),MJU62228101,제작동관,1,0.0063,77,77,44,True,[0.0063]
중앙정밀 (2),MJU62246201,제작동관,1,0.0568,692,692,90,True,[0.0568]
중앙정밀 (2),MJU62246203,제작동관,1,0.0126,154,154,48,True,[0.0126]
중앙정밀 (2),MJU62349201,제작동관,1,0.0664,503,503,114,True,[0.0664]
중앙정밀 (2),MJU62392701,제작동관,1,0.0345,274,274,63,True,[0.0345]
중앙정밀 (2),MJU62393801,제작동관,1,0.0259,196,196,84,True,[0.0259]
중앙정밀 (2),MJU62614301,제작동관,1,0.0417,320,320,104,True,[0.0417]
중앙정밀 (2),MJU62671602,제작동관,2,0.0308,233,233,117,True,[0.0308]
중앙정밀 (2),MJU62671603,제작동관,1,0.01,77,77,53,True,[0.01]
중앙정밀 (2),MJU62671604,제작동관,1,0.0306,232,232,117,True,[0.0306]
중앙정밀 (2),MJU62671608,제작동관,2,0.0092,70,70,53,True,[0.0092]
중앙정밀 (2),MJU62672406,제작동관,1,0.0072,55,55,63,True,[0.0072]
중앙정밀 (2),MJU62672407,제작동관,1,0.0131,101,101,81,True,[0.0131]
중앙정밀 (2),MJU62732605,제작동관,2,0.0143,109,115,59,False,"[0.0143, 0.015]"
중앙정밀 (2),MJU62817601,제작동관,1,0.0201,154,154,88,True,[0.0201]
중앙정밀 (2),MJU62821611,제작동관,1,0.0241,185,185,74,True,[0.0241]
중앙정밀 (2),MJU62821612,제작동관,1,0.0123,94,94,65,True,[0.0123]
중앙정밀 (2),MJU62822101,사급부품,1,0.0,912,912,0,True,[]
중앙정밀 (2),MJU62822102,사급부품,2,0.0,700,700,0,True,[]
중앙정밀 (2),MJU62822105,사급부품,1,0.0,1015,1015,0,True,[]
중앙정밀 (2),MJU62822106,사급부품,1,0.0,946,946,0,True,[]
중앙정밀 (2),MJU62842301,사급부품,1,0.0,160,160,0,True,[]
중앙정밀 (2),MJU62842302,제작동관,2,0.0249,188,188,70,True,[0.0249]
중앙정밀 (2),MJU62842303,사급부품,1,0.0,242,242,0,True,[]
중앙정밀 (2),MJU62842304,사급부품,2,0.0,162,162,0,True,[]
중앙정밀 (2),MJU62842305,사급부품,2,0.0,178,178,0,True,[]
중앙정밀 (2),MJU62842316,사급부품,1,0.0,320,320,0,True,[]
중앙정밀 (2),MJU62842317,사급부품,1,0.0,324,324,0,True,[]
중앙정밀 (2),MJU62842318,사급부품,1,0.0,184,184,0,True,[]
중앙정밀 (2),MJU62842319,사급부품,1,0.0,183,183,0,True,[]
중앙정밀 (2),MJU62842320,사급부품,1,0.0,180,180,0,True,[]
중앙정밀 (2),MJU62842321,사급부품,1,0.0,200,200,0,True,[]
중앙정밀 (2),MJU62842322,제작동관,2,0.0307,228,232,74,False,"[0.0302, 0.0307]"
중앙정밀 (2),MJU62845843,제작동관,1,0.0179,137,137,53,True,[0.0179]
중앙정밀 (2),MJU62845844,제작동관,1,0.0213,164,164,70,True,[0.0213]
중앙정밀 (2),MJU62851303,제작동관,1,0.0066,50,50,34,True,[0.0066]
중앙정밀 (2),MJU62909903,제작동관,1,0.0964,740,740,195,True,[0.0964]
중앙정밀 (2),MJU63000101,제작동관,6,0.0037,29,29,34,True,[0.0037]
중앙정밀 (2),MJU63016603,제작동관,1,0.0086,66,66,53,True,[0.0086]
중앙정밀 (2),MJU63016612,제작동관,1,0.0244,187,187,106,True,[0.0244]
중앙정밀 (2),MJU63032110,사급부품,1,0.0,170,170,0,True,[]
중앙정밀 (2),MJU63032118,사급부품,1,0.0,90,90,0,True,[]
중앙정밀 (2),MJU63032119,사급부품,1,0.0,97,97,0,True,[]
중앙정밀 (2),MJU63032122,사급부품,1,0.0,350,350,0,True,[]
중앙정밀 (2),MJU63033901,사급부품,1,0.0,670,670,0,True,[]
중앙정밀 (2),MJU63048504,제작동관,1,0.0395,481,481,113,True,[0.0395]
중앙정밀 (2),MJU63057005,제작동관,1,0.0201,154,154,65,True,[0.0201]
중앙정밀 (2),MJU63058006,사급부품,1,0.0,2210,2210,0,True,[]
중앙정밀 (2),MJU63071103,제작동관,1,0.0042,32,32,34,True,[0.0042]
중앙정밀 (2),MJU63089401,제작동관,1,0.1074,813,813,196,True,[0.1074]
중앙정밀 (2),MJU63156703,제작동관,1,0.051,386,386,104,True,[0.051]
중앙정밀 (2),MJU63156802,제작동관,1,0.0438,331,331,99,True,[0.0438]
중앙정밀 (2),MJU63156903,제작동관,1,0.0091,69,69,60,True,[0.0091]
중앙정밀 (2),MJU63209803,제작동관,1,0.1649,1247,1247,233,True,[0.1649]
중앙정밀 (2),MJU63209804,제작동관,1,0.179,1353,1353,225,True,[0.179]
중앙정밀 (2),MJU63299902,제작동관,1,0.0483,366,366,108,True,[0.0483]
중앙정밀 (2),MJU63318409,제작동관,2,0.0648,497,497,156,True,[0.0648]
중앙정밀 (2),MJU63335901,제작동관,1,0.0044,34,34,42,True,[0.0044]
중앙정밀 (2),MJU63358401,제작동관,1,0.0491,372,372,120,True,[0.0491]
중앙정밀 (2),MJU63358402,제작동관,1,0.04,303,303,149,True,[0.04]
중앙정밀 (2),MJU63406917,제작동관,1,0.0225,172,172,83,True,[0.0225]
중앙정밀 (2),MJU63406920,제작동관,1,0.0337,255,255,92,True,[0.0337]
중앙정밀 (2),MJU63406922,제작동관,1,0.0506,383,383,80,True,[0.0506]
중앙정밀 (2),MJU63406931,제작동관,1,0.0511,386,386,110,True,[0.0511]
중앙정밀 (2),MJU63406932,제작동관,1,0.027,205,205,84,True,[0.027]
중앙정밀 (2),MJU63406939,제작동관,1,0.0235,178,178,82,True,[0.0235]
중앙정밀 (2),MJU63406940,제작동관,1,0.0143,108,108,69,True,[0.0143]
중앙정밀 (2),MJU63406941,제작동관,1,0.0602,455,455,116,True,[0.0602]
중앙정밀 (2),MJU63407212,제작동관,1,0.0113,90,90,33,True,[0.0113]
중앙정밀 (2),MJU63470101,제작동관,1,0.0137,105,105,50,True,[0.0137]
중앙정밀 (2),MJU63470901,제작동관,1,0.073,553,553,142,True,[0.073]
중앙정밀 (2),MJU63470903,제작동관,1,0.0189,144,144,71,True,[0.0189]
중앙정밀 (2),MJU63501512,제작동관,1,0.039,296,296,99,True,[0.039]
중앙정밀 (2),MJU63501513,제작동관,1,0.0215,163,163,55,True,[0.0215]
중앙정밀 (2),MJU63501514,제작동관,1,0.0215,163,163,70,True,[0.0215]
중앙정밀 (2),MJU63650903,제작동관,1,0.0069,53,53,39,True,[0.0069]
중앙정밀 (2),MJU63651002,제작동관,1,0.0102,77,77,39,True,[0.0102]
중앙정밀 (2),MJU63651004,사급부품/제작동관,2,0.0807,611,1169,124,True,[0.0807]
중앙정밀 (2),MJU63651005,사급부품/제작동관,2,0.036,272,650,89,True,[0.036]
중앙정밀 (2),MJU63669511,제작동관,1,0.0222,168,168,86,True,[0.0222]
중앙정밀 (2),MJU63669513,제작동관,1,0.0212,163,163,86,True,[0.0212]
중앙정밀 (2),MJU63669516,제작동관,1,0.0228,173,173,87,True,[0.0228]
중앙정밀 (2),MJU63669517,제작동관,1,0.0228,173,173,87,True,[0.0228]
중앙정밀 (2),MJU63669518,제작동관,1,0.0212,163,163,86,True,[0.0212]
중앙정밀 (2),MJU63669606,제작동관,1,0.0143,108,108,64,True,[0.0143]
중앙정밀 (2),MJU63687708,제작동관,1,0.0261,198,198,89,True,[0.0261]
중앙정밀 (2),MJU63689407,제작동관,1,0.0223,171,171,86,True,[0.0223]
중앙정밀 (2),MJU63691207,제작동관,1,0.0205,157,157,102,True,[0.0205]
중앙정밀 (2),MJU63691215,제작동관,1,0.0177,230,230,107,True,[0.0177]
중앙정밀 (2),MJU63746501,제작동관,1,0.0083,64,64,39,True,[0.0083]
중앙정밀 (2),MJU64046501,제작동관,1,0.0056,43,43,47,True,[0.0056]
중앙정밀 (2),MJU64046601,제작동관,1,0.0149,114,114,85,True,[0.0149]
중앙정밀 (2),MJU64049103,제작동관,1,0.0093,71,71,36,True,[0.0093]
중앙정밀 (2),MJU64049201,제작동관,1,0.009,69,69,52,True,[0.009]
중앙정밀 (2),MJU64093707,제작동관,1,0.0215,171,171,73,True,[0.0215]
중앙정밀 (2),MJU64093708,제작동관,1,0.0191,152,152,88,True,[0.0191]
중앙정밀 (2),MJU64093709,제작동관,1,0.0281,223,223,112,True,[0.0281]
중앙정밀 (2),MJU64093710,제작동관,1,0.0345,274,274,116,True,[0.0345]
중앙정밀 (2),MJU64149908,사급부품,1,0.0,700,700,0,True,[]
중앙정밀 (2),MJU64226602,제작동관,1,0.0143,109,109,64,True,[0.0143]
중앙정밀 (2),MJU64226605,제작동관,1,0.0369,280,280,89,True,[0.0369]
중앙정밀 (2),MJU64226606,제작동관,1,0.0168,128,128,42,True,[0.0168]
중앙정밀 (2),MJU64226609,제작동관,1,0.0084,64,64,34,True,[0.0084]
중앙정밀 (2),MJU64226610,제작동관,2,0.0172,130,131,63,False,"[0.0172, 0.0173]"
중앙정밀 (2),MJU64226611,제작동관,2,0.0102,77,77,56,True,[0.0102]
중앙정밀 (2),MJU64226612,제작동관,2,0.0099,75,75,54,True,[0.0099]
중앙정밀 (2),MJU64226613,제작동관,2,0.0436,330,330,127,True,[0.0436]
중앙정밀 (2),MJU64226617,제작동관,2,0.0343,185,260,92,False,"[0.0245, 0.0343]"
중앙정밀 (2),MJU64246701,제작동관,1,0.0972,749,749,137,True,[0.0972]
중앙정밀 (2),MJU64246702,제작동관,1,0.0086,65,65,44,True,[0.0086]
중앙정밀 (2),MJU64266912,제작동관,3,0.0221,169,174,72,False,"[0.0221, 0.0227]"
중앙정밀 (2),MJU64266913,제작동관,3,0.0087,66,67,37,False,"[0.0086, 0.0087]"
중앙정밀 (2),MJU64266918,제작동관,1,0.1875,1421,1421,179,True,[0.1875]
중앙정밀 (2),MJU64326501,제작동관,1,0.0424,321,321,89,True,[0.0424]
중앙정밀 (2),MJU64326502,제작동관,2,0.0212,161,161,70,True,[0.0212]
중앙정밀 (2),MJU64328307,제작동관,1,0.0248,190,190,97,True,[0.0248]
중앙정밀 (2),MJU64328310,제작동관,1,0.0178,137,137,63,True,[0.0178]
중앙정밀 (2),MJU64388501,제작동관,1,0.011,85,85,57,True,[0.011]
중앙정밀 (2),MJU64408006,제작동관,1,0.1221,941,941,147,True,[0.1221]
중앙정밀 (2),MJU64408007,제작동관,1,0.0763,577,577,116,True,[0.0763]
중앙정밀 (2),MJU64427102,사급부품,1,0.0,6520,6520,0,True,[]
중앙정밀 (2),MJU64427105,사급부품,1,0.0,8211,8211,0,True,[]
중앙정밀 (2),MJU64427202,사급부품,1,0.0,2612,2612,0,True,[]
중앙정밀 (2),MJU64427204,사급부품,1,0.0,2946,2946,0,True,[]
중앙정밀 (2),MJU64429224,제작동관,1,0.0168,133,133,103,True,[0.0168]
중앙정밀 (2),MJU64429225,제작동관,1,0.0185,147,147,105,True,[0.0185]
중앙정밀 (2),MJU64429226,제작동관,1,0.0158,126,126,100,True,[0.0158]
중앙정밀 (2),MJU64429227,제작동관,1,0.0133,105,105,99,True,[0.0133]
중앙정밀 (2),MJU64433003,사급부품,11,0.0,405,405,0,True,[]
중앙정밀 (2),MJU64671001,제작동관,1,0.1705,1292,1292,192,True,[0.1705]
중앙정밀 (2),MJU64671101,제작동관,1,0.0144,109,109,54,True,[0.0144]
중앙정밀 (2),MJU64671102,제작동관,1,0.0173,131,131,77,True,[0.0173]
중앙정밀 (2),MJU64671103,제작동관,1,0.0248,188,188,73,True,[0.0248]
중앙정밀 (2),MJU64671104,제작동관,1,0.0321,243,243,43,True,[0.0321]
중앙정밀 (2),MJU64671105,제작동관,1,0.045,341,341,78,True,[0.045]
중앙정밀 (2),MJU64671106,제작동관,1,0.0387,293,293,45,True,[0.0387]
중앙정밀 (2),MJU64671107,제작동관,1,0.0539,409,409,81,True,[0.0539]
중앙정밀 (2),MJU64671108,제작동관,1,0.0319,242,242,43,True,[0.0319]
중앙정밀 (2),MJU64671109,제작동관,1,0.0478,362,362,79,True,[0.0478]
중앙정밀 (2),MJU64671113,제작동관,1,0.0123,160,160,55,True,[0.0123]
중앙정밀 (2),MJU64671114,제작동관,1,0.0148,192,192,78,True,[0.0148]
중앙정밀 (2),MJU64671115,제작동관,1,0.0212,275,275,74,True,[0.0212]
중앙정밀 (2),MJU64671116,제작동관,1,0.0274,355,355,45,True,[0.0274]
중앙정밀 (2),MJU64671117,제작동관,1,0.0385,499,499,81,True,[0.0385]
중앙정밀 (2),MJU64671118,제작동관,1,0.0409,529,529,82,True,[0.0409]
중앙정밀 (2),MJU64671119,제작동관,1,0.0575,745,745,174,True,[0.0575]
중앙정밀 (2),MJU64706601,제작동관,2,0.0164,124,124,34,True,[0.0164]
중앙정밀 (2),MJU64706603,제작동관,1,0.0337,255,255,81,True,[0.0337]
중앙정밀 (2),MJU64706701,제작동관,1,0.0448,339,339,58,True,[0.0448]
중앙정밀 (2),MJU64706901,제작동관,1,0.0172,130,130,39,True,[0.0172]
중앙정밀 (2),MJU64707101,제작동관,1,0.0313,237,237,59,True,[0.0313]
중앙정밀 (2),MJU64707301,제작동관,1,0.0392,297,297,77,True,[0.0392]
중앙정밀 (2),MJU64707510,제작동관,1,0.0977,738,738,168,True,[0.0977]
중앙정밀 (2),MJU64707601,제작동관,1,0.0411,312,312,61,True,[0.0411]
중앙정밀 (2),MJU64707801,제작동관,1,0.034,257,257,59,True,[0.034]
중앙정밀 (2),MJU64707901,제작동관,4,0.0632,478,478,75,True,[0.0632]
중앙정밀 (2),MJU64708001,제작동관,2,0.0561,417,424,89,False,"[0.0551, 0.0561]"
중앙정밀 (2),MJU64708502,제작동관,1,0.0337,255,255,89,True,[0.0337]
중앙정밀 (2),MJU64708602,제작동관,1,0.0337,255,255,89,True,[0.0337]
중앙정밀 (2),MJU64727001,제작동관,1,0.0427,327,327,106,True,[0.0427]
중앙정밀 (2),MJU64727002,제작동관,1,0.0427,327,327,106,True,[0.0427]
중앙정밀 (2),MJU64727101,제작동관,1,0.0489,375,375,127,True,[0.0489]
중앙정밀 (2),MJU64727102,제작동관,1,0.0489,375,375,127,True,[0.0489]
중앙정밀 (2),MJU64727201,제작동관,1,0.0557,427,427,132,True,[0.0557]
중앙정밀 (2),MJU64727202,제작동관,1,0.0557,427,427,132,True,[0.0557]
중앙정밀 (2),MJU64727501,제작동관,1,0.0287,228,228,86,True,[0.0287]
중앙정밀 (2),MJU64727601-1,제작동관,1,0.0486,386,386,72,True,[0.0486]
중앙정밀 (2),MJU64727602-1,제작동관,1,0.0486,386,386,72,True,[0.0486]
중앙정밀 (2),MJU64727701-1,제작동관,1,0.0704,559,559,87,True,[0.0704]
중앙정밀 (2),MJU64727702-1,제작동관,1,0.0688,546,546,86,True,[0.0688]
중앙정밀 (2),MJU64727801-1,제작동관,1,0.0931,740,740,104,True,[0.0931]
중앙정밀 (2),MJU64727802-1,제작동관,1,0.0922,732,732,103,True,[0.0922]
중앙정밀 (2),MJU64727901-1,제작동관,1,0.1194,948,948,122,True,[0.1194]
중앙정밀 (2),MJU64727902-1,제작동관,1,0.1178,936,936,121,True,[0.1178]
중앙정밀 (2),MJU64728001-1,제작동관,1,0.1231,977,977,125,True,[0.1231]
중앙정밀 (2),MJU64728002-1,제작동관,1,0.1212,962,962,124,True,[0.1212]
중앙정밀 (2),MJU64728101-1,제작동관,1,0.1448,1150,1150,141,True,[0.1448]
중앙정밀 (2),MJU64728102-1,제작동관,1,0.1448,1150,1150,141,True,[0.1448]
중앙정밀 (2),MJU64729901,제작동관,1,0.0291,224,224,79,True,[0.0291]
중앙정밀 (2),MJU64768201,제작동관,2,0.072,544,544,117,True,[0.072]
중앙정밀 (2),MJU64768701,제작동관,1,0.0207,157,157,56,True,[0.0207]
중앙정밀 (2),MJU64768801,제작동관,1,0.0283,215,215,58,True,[0.0283]
중앙정밀 (2),MJU64768901,제작동관,1,0.0139,106,106,38,True,[0.0139]
중앙정밀 (2),MJU64769001,제작동관,1,0.0368,278,278,76,True,[0.0368]
중앙정밀 (2),MJU64769101,제작동관,1,0.03,226,226,56,True,[0.03]
중앙정밀 (2),MJU64786103,제작동관,1,0.0134,104,104,55,True,[0.0134]
중앙정밀 (2),MJU64787101,제작동관,1,0.0083,64,64,49,True,[0.0083]
중앙정밀 (2),MJU64787103,제작동관,1,0.0088,68,68,45,True,[0.0088]
중앙정밀 (2),MJU64791401,제작동관,1,0.0252,190,190,53,True,[0.0252]
중앙정밀 (2),MJU64794101,제작동관,1,0.0134,103,103,69,True,[0.0134]
중앙정밀 (2),MJU64856607,제작동관,1,0.03,230,230,98,True,[0.03]
중앙정밀 (2),MJU64856608,제작동관,1,0.03,230,230,98,True,[0.03]
중앙정밀 (2),MJU64856609,제작동관,1,0.0169,129,129,89,True,[0.0169]
중앙정밀 (2),MJU64856610,제작동관,1,0.0256,196,196,95,True,[0.0256]
중앙정밀 (2),MJU64856611,제작동관,1,0.0256,196,196,95,True,[0.0256]
중앙정밀 (2),MJU64856612,제작동관,1,0.0169,129,129,89,True,[0.0169]
중앙정밀 (2),MJU64868527,제작동관,2,0.0097,74,74,53,True,[0.0097]
중앙정밀 (2),MJU64868528,사급부품/제작동관,2,0.0589,445,530,78,True,[0.0589]
중앙정밀 (2),MJU64868529-1,사급부품/제작동관,2,0.0788,596,1560,125,True,[0.0788]
중앙정밀 (2),MJU64868529-2,사급부품/제작동관,2,0.1863,770,1408,147,True,[0.1863]
중앙정밀 (2),MJU64868530,제작동관,2,0.0228,173,173,68,True,[0.0228]
중앙정밀 (2),MJU64870509,제작동관,1,0.0064,51,51,37,True,[0.0064]
중앙정밀 (2),MJU64870510,제작동관,1,0.009,71,71,54,True,[0.009]
중앙정밀 (2),MJU64870514,제작동관,1,0.0643,487,487,115,True,[0.0643]
중앙정밀 (2),MJU64870520,제작동관,1,0.007,56,56,53,True,[0.007]
중앙정밀 (2),MJU64870524,제작동관,1,0.0049,39,39,37,True,[0.0049]
중앙정밀 (2),MJU64875406,제작동관,1,0.0105,81,81,35,True,[0.0105]
중앙정밀 (2),MJU64875408,제작동관,1,0.026,200,200,87,True,[0.026]
중앙정밀 (2),MJU64875412,제작동관,1,0.0125,96,96,67,True,[0.0125]
중앙정밀 (2),MJU64875413,제작동관,1,0.0133,102,102,52,True,[0.0133]
중앙정밀 (2),MJU64875414,제작동관,1,0.0173,133,133,69,True,[0.0173]
중앙정밀 (2),MJU64875415,제작동관,1,0.0111,85,85,51,True,[0.0111]
중앙정밀 (2),MJU64875416,제작동관,1,0.0187,144,144,53,True,[0.0187]
중앙정밀 (2),MJU64875417,제작동관,1,0.0163,125,125,69,True,[0.0163]
중앙정밀 (2),MJU64875418,제작동관,1,0.0229,176,176,70,True,[0.0229]
중앙정밀 (2),MJU64887201,제작동관,1,0.0489,370,370,97,True,[0.0489]
중앙정밀 (2),MJU64887202,제작동관,1,0.0246,186,186,76,True,[0.0246]
중앙정밀 (2),MJU64889601,제작동관,1,0.0144,109,109,75,True,[0.0144]
중앙정밀 (2),MJU64889603,제작동관,1,0.2218,1677,1677,205,True,[0.2218]
중앙정밀 (2),MJU64889607,제작동관,1,0.056,424,424,104,True,[0.056]
중앙정밀 (2),MJU64889608,제작동관,1,0.023,174,174,81,True,[0.023]
중앙정밀 (2),MJU64889609,제작동관,1,0.1823,1378,1378,133,True,[0.1823]
중앙정밀 (2),MJU64907003,제작동관,1,0.0103,79,79,35,True,[0.0103]
중앙정밀 (2),MJU64907007,제작동관,1,0.0165,127,127,71,True,[0.0165]
중앙정밀 (2),MJU64907008,제작동관,1,0.0168,129,129,69,True,[0.0168]
중앙정밀 (2),MJU64907009,제작동관,1,0.0356,273,273,90,True,[0.0356]
중앙정밀 (2),MJU64907801,제작동관,1,0.0101,77,77,41,True,[0.0101]
중앙정밀 (2),MJU64907802,제작동관,1,0.0119,91,91,57,True,[0.0119]
중앙정밀 (2),MJU64920801,사급부품,1,0.0,766,766,0,True,[]
중앙정밀 (2),MJU64927101,제작동관,1,0.0244,187,187,73,True,[0.0244]
중앙정밀 (2),MJU64927102,제작동관,1,0.0244,187,187,73,True,[0.0244]
중앙정밀 (2),MJU64927109,제작동관,1,0.0156,120,120,71,True,[0.0156]
중앙정밀 (2),MJU64927110,제작동관,1,0.0156,120,120,71,True,[0.0156]
중앙정밀 (2),MJU64927111,제작동관,1,0.0292,224,224,58,True,[0.0292]
중앙정밀 (2),MJU64927112,제작동관,1,0.0292,224,224,74,True,[0.0292]
중앙정밀 (2),MJU64927113,제작동관,1,0.0155,119,119,71,True,[0.0155]
중앙정밀 (2),MJU64927114,제작동관,1,0.0155,119,119,71,True,[0.0155]
중앙정밀 (2),MJU64927120,제작동관,1,0.0081,62,62,42,True,[0.0081]
중앙정밀 (2),MJU64927204,사급부품,1,0.0,1126,1126,0,True,[]
중앙정밀 (2),MJU64927206,사급부품,1,0.0,700,700,0,True,[]
중앙정밀 (2),MJU64927305,제작동관,1,0.0352,270,270,101,True,[0.0352]
중앙정밀 (2),MJU64927306,제작동관,1,0.0332,255,255,100,True,[0.0332]
중앙정밀 (2),MJU64927307,제작동관,1,0.0353,271,271,118,True,[0.0353]
중앙정밀 (2),MJU64927308,제작동관,1,0.0323,247,247,116,True,[0.0323]
중앙정밀 (2),MJU64927309,제작동관,1,0.0395,299,299,122,True,[0.0395]
중앙정밀 (2),MJU64959101,제작동관,1,0.0295,223,223,76,True,[0.0295]
중앙정밀 (2),MJU64959102,제작동관,1,0.0253,191,191,74,True,[0.0253]
중앙정밀 (2),MJU64959103,제작동관,1,0.0168,128,128,56,True,[0.0168]
중앙정밀 (2),MJU64959104,제작동관,1,0.0288,218,218,75,True,[0.0288]
중앙정밀 (2),MJU64963705,제작동관,1,0.0234,180,180,76,True,[0.0234]
중앙정밀 (2),MJU64963706,제작동관,1,0.0165,127,127,74,True,[0.0165]
중앙정밀 (2),MJU64963707,제작동관,1,0.0185,142,142,75,True,[0.0185]
중앙정밀 (2),MJU64963708,제작동관,1,0.0139,107,107,74,True,[0.0139]
중앙정밀 (2),MJU64963709,제작동관,1,0.0201,154,154,75,True,[0.0201]
중앙정밀 (2),MJU64963710,제작동관,1,0.0181,139,139,75,True,[0.0181]
중앙정밀 (2),MJU64963807,제작동관,1,0.0933,707,707,164,True,[0.0933]
중앙정밀 (2),MJU64963808,제작동관,1,0.0696,528,528,130,True,[0.0696]
중앙정밀 (2),MJU64979001,제작동관,1,0.0628,476,476,129,True,[0.0628]
중앙정밀 (2),MJU64987504,제작동관,1,0.1213,935,935,185,True,[0.1213]
중앙정밀 (2),MJU64987505,제작동관,1,0.0182,140,140,67,True,[0.0182]
중앙정밀 (2),MJU64987801,제작동관,1,0.0211,162,162,80,True,[0.0211]
중앙정밀 (2),MJU64987802,제작동관,1,0.0119,91,91,62,True,[0.0119]
중앙정밀 (2),MJU64988401,제작동관,1,0.0415,314,314,111,True,[0.0415]
중앙정밀 (2),MJU65008412,제작동관,1,0.2588,1957,1957,175,True,[0.2588]
중앙정밀 (2),MJU65029701,제작동관,1,0.0299,229,229,102,True,[0.0299]
중앙정밀 (2),MJU65148801,제작동관,1,0.0047,37,37,44,True,[0.0047]
중앙정밀 (2),MJU65207201,제작동관,1,0.042,322,322,113,True,[0.042]
중앙정밀 (2),MJU65207202,제작동관,1,0.0489,375,375,115,True,[0.0489]
중앙정밀 (2),MJU65207301,제작동관,1,0.0506,383,383,85,True,[0.0506]
중앙정밀 (2),MJU65207303,제작동관,1,0.0207,157,157,57,True,[0.0207]
중앙정밀 (2),MJU65286901,제작동관,1,0.0078,60,60,32,True,[0.0078]
중앙정밀 (2),MJU65286902,제작동관,1,0.0073,56,56,48,True,[0.0073]
중앙정밀 (2),MJU65286903,제작동관,1,0.0306,235,235,86,True,[0.0306]
중앙정밀 (2),MJU65286904,제작동관,1,0.0149,114,114,68,True,[0.0149]
중앙정밀 (2),MJU65486418,제작동관,2,0.0118,90,90,67,True,[0.0118]
중앙정밀 (2),MJU65516626,제작동관,1,0.0067,51,51,36,True,[0.0067]
중앙정밀 (2),MJU65588302,제작동관,1,0.1845,1395,1395,144,True,[0.1845]
중앙정밀 (2),MJU65626509,제작동관,4,0.0339,256,256,55,True,[0.0339]
중앙정밀 (2),MJU65626510,제작동관,1,0.0582,440,440,110,True,[0.0582]
중앙정밀 (2),MJU65626701,제작동관,1,0.0207,157,157,69,True,[0.0207]
중앙정밀 (2),MJU65626702,제작동관,2,0.022,167,172,68,False,"[0.022, 0.0227]"
중앙정밀 (2),MJU65626703,제작동관,1,0.0487,369,369,93,True,[0.0487]
중앙정밀 (2),MJU65626704,제작동관,2,0.0254,182,193,68,False,"[0.024, 0.0254]"
중앙정밀 (2),MJU65626705,제작동관,2,0.0104,77,79,48,False,"[0.0102, 0.0104]"
중앙정밀 (2),MJU65630503,제작동관,2,0.0993,732,752,134,False,"[0.0967, 0.0993]"
중앙정밀 (2),MJU65630504,제작동관,1,0.0177,134,134,52,True,[0.0177]
중앙정밀 (2),MJU65630505,제작동관,1,0.0253,191,191,71,True,[0.0253]
중앙정밀 (2),MJU65686703,제작동관,1,0.1096,831,831,150,True,[0.1096]
중앙정밀 (2),MJU65749902,제작동관,1,0.0056,45,45,41,True,[0.0056]
중앙정밀 (2),MJU65749904,제작동관,1,0.0045,36,36,40,True,[0.0045]
중앙정밀 (2),MJU65868012,제작동관,1,0.0321,243,243,90,True,[0.0321]
중앙정밀 (2),MJU65868013,제작동관,3,0.0062,48,48,36,True,[0.0062]
중앙정밀 (2),MJU65868015,제작동관,1,0.0132,101,101,43,True,[0.0132]
중앙정밀 (2),MJU65868016,제작동관,1,0.0109,84,84,56,True,[0.0109]
중앙정밀 (2),MJU65868017,제작동관,1,0.0114,88,88,73,True,[0.0114]
중앙정밀 (2),MJU65868018,제작동관,1,0.0167,133,133,86,True,[0.0167]
중앙정밀 (2),MJU66267608,제작동관,1,0.0195,149,149,81,True,[0.0195]
중앙정밀 (2),MJU66267609,제작동관,1,0.0271,208,208,103,True,[0.0271]
중앙정밀 (2),MJU66267610,제작동관,1,0.0158,121,121,62,True,[0.0158]
중앙정밀 (2),MJU66267611,제작동관,1,0.0242,186,186,84,True,[0.0242]
중앙정밀 (2),MJU66267612,제작동관,1,0.0119,91,91,42,True,[0.0119]
중앙정밀 (2),MJU66267613,제작동관,1,0.0211,162,162,82,True,[0.0211]
중앙정밀 (2),MJU66267614,제작동관,1,0.0248,197,197,121,True,[0.0248]
중앙정밀 (2),MJU66366302,제작동관,1,0.071,537,537,123,True,[0.071]
중앙정밀 (2),MJU66366303,제작동관,1,0.0214,165,165,83,True,[0.0214]
중앙정밀 (2),MJU66366801,제작동관,1,0.1817,1371,1371,201,True,[0.1817]
중앙정밀 (2),MJU66366802,제작동관,1,0.0398,301,301,70,True,[0.0398]
중앙정밀 (2),MJU66470001,제작동관,1,0.0259,196,196,95,True,[0.0259]
중앙정밀 (2),MJU66478401,제작동관,1,0.1941,1467,1467,220,True,[0.1941]
중앙정밀 (2),MJU66478402,제작동관,2,0.1855,1403,1403,215,True,[0.1855]
중앙정밀 (2),MJU66478403,제작동관,2,0.2027,1532,1532,260,True,[0.2027]
중앙정밀 (2),MJU66478404,제작동관,1,0.1845,1395,1395,250,True,[0.1845]
중앙정밀 (2),MJU66478801,사급부품,1,0.0,516,516,0,True,[]
중앙정밀 (2),MJU66479201,제작동관,1,0.0315,238,238,75,True,[0.0315]
중앙정밀 (2),MJU66479401,제작동관,1,0.0442,335,335,90,True,[0.0442]
중앙정밀 (2),MJU66479501,제작동관,2,0.0332,249,251,91,False,"[0.0329, 0.0332]"
중앙정밀 (2),MJU66479601,제작동관,1,0.0442,335,335,90,True,[0.0442]
중앙정밀 (2),MJU66479701,제작동관,1,0.0275,209,209,70,True,[0.0275]
중앙정밀 (2),MJU66489406,제작동관,1,0.0306,235,235,89,True,[0.0306]
중앙정밀 (2),MJU66489407,제작동관,1,0.0151,116,116,85,True,[0.0151]
중앙정밀 (2),MJU66489408,제작동관,1,0.0347,263,263,96,True,[0.0347]
중앙정밀 (2),MJU66502909,제작동관,1,0.0586,759,759,169,True,[0.0586]
중앙정밀 (2),MJU66571301,제작동관,2,0.0355,269,393,118,False,"[0.0303, 0.0355]"
중앙정밀 (2),MJU66571302,제작동관,1,0.0355,269,269,118,True,[0.0355]
중앙정밀 (2),MJU66571303,제작동관,1,0.0672,509,509,157,True,[0.0672]
중앙정밀 (2),MJU66571304,제작동관,2,0.0555,421,615,139,False,"[0.0475, 0.0555]"
중앙정밀 (2),MJU66571305,제작동관,1,0.0562,426,426,132,True,[0.0562]
중앙정밀 (2),MJU66571306,제작동관,1,0.0722,547,547,143,True,[0.0722]
중앙정밀 (2),MJU66571308,제작동관,1,0.0303,393,393,127,True,[0.0303]
중앙정밀 (2),MJU66571310,제작동관,1,0.0481,623,623,146,True,[0.0481]
중앙정밀 (2),MJU66571311,제작동관,1,0.0618,800,800,161,True,[0.0618]
중앙정밀 (2),MJU66749601,제작동관,1,0.0272,206,206,59,True,[0.0272]
중앙정밀 (2),MJU66749602,제작동관,2,0.0167,72,126,52,False,"[0.0096, 0.0167]"
중앙정밀 (2),MJU66749603,제작동관,1,0.0384,291,291,99,True,[0.0384]
중앙정밀 (2),MJU66749604,제작동관,1,0.0889,674,674,138,True,[0.0889]
중앙정밀 (2),MJU66749606,제작동관,1,0.0651,493,493,147,True,[0.0651]
중앙정밀 (2),MJU66749607,제작동관,1,0.075,568,568,162,True,[0.075]
중앙정밀 (2),MJU66749608,제작동관,1,0.0635,481,481,129,True,[0.0635]
중앙정밀 (2),MJU66760006,제작동관,1,0.0505,383,383,126,True,[0.0505]
중앙정밀 (2),MJU66773001,제작동관,1,0.0641,486,486,114,True,[0.0641]
중앙정밀 (2),MJU66773002,제작동관,1,0.0429,325,325,103,True,[0.0429]
중앙정밀 (2),MJU66790801,제작동관,1,0.1892,1433,1433,193,True,[0.1892]
중앙정밀 (2),MJU66790802,제작동관,1,0.0437,331,331,68,True,[0.0437]
중앙정밀 (2),MJU66790803,제작동관,1,0.0928,703,703,119,True,[0.0928]
중앙정밀 (2),MJU66797501,사급부품,1,0.0,300,300,0,True,[]
중앙정밀 (2),MJU66799001,제작동관,1,0.1077,816,816,166,True,[0.1077]
중앙정밀 (2),MJU66799002,제작동관,1,0.1024,775,775,162,True,[0.1024]
중앙정밀 (2),MJU66799003,제작동관,1,0.064,485,485,98,True,[0.064]
중앙정밀 (2),MJU66799901,제작동관,1,0.016,121,121,69,True,[0.016]
중앙정밀 (2),MJU66824601,제작동관,1,0.036,272,272,110,True,[0.036]
중앙정밀 (2),MJU66824602,제작동관,1,0.0322,244,244,105,True,[0.0322]
중앙정밀 (2),MJU66824603,제작동관,1,0.0212,161,161,72,True,[0.0212]
중앙정밀 (2),MJU66870501,제작동관,1,0.0711,539,539,171,True,[0.0711]
중앙정밀 (2),MJU66870601,제작동관,1,0.068,515,515,128,True,[0.068]
중앙정밀 (2),MJU66870701,제작동관,1,0.0685,519,519,152,True,[0.0685]
중앙정밀 (2),MJU66871201,제작동관,1,0.0816,618,618,212,True,[0.0816]
중앙정밀 (2),MJU66874101,제작동관,1,0.069,523,523,183,True,[0.069]
중앙정밀 (2),MJU66936605,제작동관,1,0.0271,208,208,91,True,[0.0271]
중앙정밀 (2),MJU66936606,제작동관,1,0.0136,105,105,58,True,[0.0136]
중앙정밀 (2),MJU66936607,제작동관,1,0.0254,195,195,100,True,[0.0254]
중앙정밀 (2),MJU66936608,제작동관,1,0.0698,529,529,123,True,[0.0698]
중앙정밀 (2),MJU66936613,제작동관,1,0.0666,504,504,114,True,[0.0666]
중앙정밀 (2),MJU66936614,제작동관,1,0.0065,49,49,38,True,[0.0065]
중앙정밀 (2),MJU66936615,제작동관,1,0.011,85,85,42,True,[0.011]
중앙정밀 (2),MJU66960904,제작동관,1,0.0192,250,250,92,True,[0.0192]
중앙정밀 (2),MJU66960906,제작동관,1,0.0279,363,363,122,True,[0.0279]
중앙정밀 (2),MJU66965301,제작동관,1,0.0547,415,415,122,True,[0.0547]
중앙정밀 (2),MJU66965302,제작동관,1,0.0468,602,602,136,True,[0.0468]
중앙정밀 (2),MJU66967901,제작동관,1,0.0232,175,175,84,True,[0.0232]
중앙정밀 (2),MJU66967902,제작동관,1,0.0198,255,255,89,True,[0.0198]
중앙정밀 (2),MJU66967903,제작동관,1,0.0227,292,292,93,True,[0.0227]
중앙정밀 (2),MJU66968001,제작동관,1,0.0266,201,201,86,True,[0.0266]
중앙정밀 (2),MJU66968101,제작동관,1,0.0203,156,156,106,True,[0.0203]
중앙정밀 (2),MJU66968102,제작동관,1,0.0175,228,228,111,True,[0.0175]
중앙정밀 (2),MJU66968201,제작동관,1,0.0324,248,248,114,True,[0.0324]
중앙정밀 (2),Pad,사급부품,1,0.0,450,450,0,True,[]
중앙정밀 (2),RAC30599303,용접봉,27,0.0,21100,21100,199,True,[]
중앙정밀 (2),방습재,사급부품,1,0.0,90,90,0,True,[]
중앙정밀 (2),비닐,사급부품,1,0.0,510,510,0,True,[]
중앙정밀 (2),컷팅,제작동관,3,0.0193,228,309,20,False,"[0.0185, 0.0193, 0.0251]"
케이비 (2),3H01582E,사급부품,1,0.0,28,28,0,True,[]
케이비 (2),4010AR3071N,사급부품,1,0.0,440,440,0,True,[]
케이비 (2),4930A20053B,사급부품,2,0.0,35,35,0,True,[]
케이비 (2),4A00114D,사급부품,3,0.0,685,685,0,True,[]
케이비 (2),4A00114E,사급부품,4,0.0,716,716,0,True,[]
케이비 (2),4A00114F,사급부품,1,0.0,685,685,0,True,[]
케이비 (2),4A00742A,사급부품,1,0.0,232,232,0,True,[]
케이비 (2),4H00049A,사급부품,1,0.0,161,161,0,True,[]
케이비 (2),5014A30014B,사급부품,1,0.0,519,519,0,True,[]
케이비 (2),5210A20895B,사급부품,3,0.0,220,220,0,True,[]
케이비 (2),5210A22034U,제작동관,1,0.008,62,62,40,True,[0.008]
케이비 (2),5210A22409A,사급부품,6,0.0,56,56,0,True,[]
케이비 (2),5210A22409B,사급부품,6,0.0,67,67,0,True,[]
케이비 (2),5210A22409C,사급부품,1,0.0,61,61,0,True,[]
케이비 (2),5210A22520B,제작동관,1,0.0096,144,144,61,True,[0.0096]
케이비 (2),5210A22840A,사급부품,1,0.0,107,107,0,True,[]
케이비 (2),5210A23376A,제작동관,1,0.023,174,174,84,True,[0.023]
케이비 (2),5210A26663A,제작동관,1,0.009,69,69,81,True,[0.009]
케이비 (2),5210A26663B,제작동관,1,0.0119,91,91,83,True,[0.0119]
케이비 (2),5210A26663C,제작동관,1,0.0048,37,37,46,True,[0.0048]
케이비 (2),5210A26795A,제작동관,1,0.0094,72,72,81,True,[0.0094]
케이비 (2),5210A26795B,제작동관,1,0.0091,69,69,81,True,[0.0091]
케이비 (2),5210A26795C,제작동관,1,0.0086,66,66,47,True,[0.0086]
케이비 (2),5210A26795D,제작동관,1,0.011,85,85,82,True,[0.011]
케이비 (2),5210A26795E,제작동관,1,0.0114,88,88,82,True,[0.0114]
케이비 (2),5210A26795F,제작동관,1,0.0125,96,96,83,True,[0.0125]
케이비 (2),5210A26860A,제작동관,1,0.013,205,205,94,True,[0.013]
케이비 (2),5210A26861A,제작동관,1,0.0106,167,167,91,True,[0.0106]
케이비 (2),5210A26862A,제작동관,1,0.0112,177,177,91,True,[0.0112]
케이비 (2),5210A26863A,제작동관,1,0.0137,216,216,95,True,[0.0137]
케이비 (2),5210A26864A,제작동관,1,0.0098,154,154,90,True,[0.0098]
케이비 (2),5210A31545A,제작동관,1,0.0118,91,91,79,True,[0.0118]
케이비 (2),5210A31624A,제작동관,1,0.0096,76,76,84,True,[0.0096]
케이비 (2),5210A31625A,제작동관,1,0.0056,45,45,57,True,[0.0056]
케이비 (2),5210A31626A,제작동관,1,0.0069,55,55,58,True,[0.0069]
케이비 (2),5210A31627A,제작동관,2,0.0153,121,142,87,False,"[0.0153, 0.0179]"
케이비 (2),5210A31629A,제작동관,1,0.0048,60,60,48,True,[0.0048]
케이비 (2),5210A31630A,제작동관,1,0.0133,168,168,91,True,[0.0133]
케이비 (2),5210A31631A,제작동관,1,0.0111,140,140,89,True,[0.0111]
케이비 (2),5224A20005D,사급부품,1,0.0,6195,6195,0,True,[]
케이비 (2),5224A20005H,사급부품,1,0.0,682,682,0,True,[]
케이비 (2),5224A20005J,사급부품,2,0.0,1008,1008,0,True,[]
케이비 (2),5256A30003C,사급부품,2,0.0,1453,1453,0,True,[]
케이비 (2),5256A30003D,사급부품,1,0.0,1598,1598,0,True,[]
케이비 (2),5256A30003U,사급부품,2,0.0,927,2060,0,True,[]
케이비 (2),5410A30055S,사급부품,4,0.0,67,68,0,True,[]
케이비 (2),BCUP6-1.4*9.6 2%용접링,용접봉,9,0.0,17,17,67,True,[]
케이비 (2),MEG65680001,사급부품,4,0.0,44,44,0,True,[]
케이비 (2),MEG65798801,사급부품,4,0.0,128,134,0,True,[]
케이비 (2),MFZ62721710,사급부품,1,0.0,251,251,0,True,[]
케이비 (2),MJU00695801,제작동관,1,0.1026,1556,1556,206,True,[0.1026]
케이비 (2),MJU00697601,제작동관,1,0.096,1456,1456,198,True,[0.096]
케이비 (2),MJU00698701,제작동관,1,0.0361,564,564,124,True,[0.0361]
케이비 (2),MJU00698901,제작동관,1,0.0348,537,537,105,True,[0.0348]
케이비 (2),MJU00699101,제작동관,1,0.0674,1039,1039,144,True,[0.0674]
케이비 (2),MJU00702201,제작동관,1,0.0471,688,688,149,True,[0.0471]
케이비 (2),MJU00702203,제작동관,1,0.0732,1076,1076,179,True,[0.0732]
케이비 (2),MJU00702204,제작동관,1,0.0956,1394,1394,189,True,[0.0956]
케이비 (2),MJU00702206,제작동관,1,0.0641,943,943,168,True,[0.0641]
케이비 (2),MJU00702207,제작동관,1,0.1586,2311,2311,265,True,[0.1586]
케이비 (2),MJU00702208,제작동관,1,0.0615,905,905,148,True,[0.0615]
케이비 (2),MJU00702209,제작동관,1,0.1546,2253,2253,243,True,[0.1546]
케이비 (2),MJU00702501,제작동관,1,0.0431,629,629,144,True,[0.0431]
케이비 (2),MJU00702502,제작동관,1,0.0431,629,629,144,True,[0.0431]
케이비 (2),MJU00702503,제작동관,1,0.0536,782,782,157,True,[0.0536]
케이비 (2),MJU00702504,제작동관,1,0.0536,782,782,157,True,[0.0536]
케이비 (2),MJU00722805,제작동관,1,0.041,623,623,126,True,[0.041]
케이비 (2),MJU00722808,제작동관,1,0.257,3930,3930,460,True,[0.257]
케이비 (2),MJU00722811,제작동관,1,0.1868,2861,2861,383,True,[0.1868]
케이비 (2),MJU00722812,제작동관,1,0.1231,1883,1883,276,True,[0.1231]
케이비 (2),MJU00722813,제작동관,1,0.0323,494,494,79,True,[0.0323]
케이비 (2),MJU00722814,제작동관,1,0.0826,1265,1265,180,True,[0.0826]
케이비 (2),MJU00732401,제작동관,1,0.0121,195,195,93,True,[0.0121]
케이비 (2),MJU00732801,제작동관,1,0.2092,3361,3361,387,True,[0.2092]
케이비 (2),MJU00732901,제작동관,1,0.0863,1363,1363,202,True,[0.0863]
케이비 (2),MJU00734301,제작동관,1,0.2102,3377,3377,388,True,[0.2102]
케이비 (2),MJU00734401,제작동관,1,0.1025,1618,1618,223,True,[0.1025]
케이비 (2),MJU00743301,제작동관,1,0.075,1205,1205,157,True,[0.075]
케이비 (2),MJU00743601,제작동관,1,0.0342,550,550,103,True,[0.0342]
케이비 (2),MJU007883001,제작동관,1,0.0224,448,448,142,True,[0.0224]
케이비 (2),MJU00788302,제작동관,1,0.0049,98,98,46,True,[0.0049]
케이비 (2),MJU00788303,제작동관,1,0.0063,127,127,66,True,[0.0063]
케이비 (2),MJU00788304,제작동관,1,0.0102,204,204,89,True,[0.0102]
케이비 (2),MJU00788305,제작동관,1,0.0094,187,187,87,True,[0.0094]
케이비 (2),MJU00788401,제작동관,1,0.0092,185,185,90,True,[0.0092]
케이비 (2),MJU00788402,제작동관,1,0.0149,299,299,150,True,[0.0149]
케이비 (2),MJU00788403,제작동관,1,0.0093,186,186,107,True,[0.0093]
케이비 (2),MJU00788404,제작동관,1,0.0131,263,263,130,True,[0.0131]
케이비 (2),MJU00788405,제작동관,1,0.0128,255,255,112,True,[0.0128]
케이비 (2),MJU007888201,제작동관,1,0.0088,176,176,72,True,[0.0088]
케이비 (2),MJU30588601,제작동관,2,0.0088,70,264,96,False,"[0.0088, 0.0348]"
케이비 (2),MJU30588701,제작동관,1,0.0057,45,45,76,True,[0.0057]
케이비 (2),MJU30588801,제작동관,1,0.0083,66,66,95,True,[0.0083]
케이비 (2),MJU30588901,제작동관,2,0.0043,26,34,58,False,"[0.0033, 0.0043]"
케이비 (2),MJU30589001,제작동관,1,0.0317,240,240,130,True,[0.0317]
케이비 (2),MJU37361117,제작동관,2,0.0296,372,451,129,False,"[0.0296, 0.0304]"
케이비 (2),MJU37361316,제작동관,1,0.027,205,205,91,True,[0.027]
케이비 (2),MJU37361317,제작동관,1,0.0251,190,190,89,True,[0.0251]
케이비 (2),MJU37361320,제작동관,1,0.0219,166,166,87,True,[0.0219]
케이비 (2),MJU37361321,제작동관,1,0.0528,400,400,142,True,[0.0528]
케이비 (2),MJU37499501,제작동관,1,0.0107,82,82,67,True,[0.0107]
케이비 (2),MJU38274201,제작동관,1,0.0108,83,83,67,True,[0.0108]
케이비 (2),MJU38274202,제작동관,1,0.0115,89,89,85,True,[0.0115]
케이비 (2),MJU38274203,제작동관,1,0.011,85,85,85,True,[0.011]
케이비 (2),MJU38274204,제작동관,1,0.011,85,85,85,True,[0.011]
케이비 (2),MJU41490401,제작동관,1,0.0316,242,242,99,True,[0.0316]
케이비 (2),MJU41942216,제작동관,1,0.6347,12693,12693,1209,True,[0.6347]
케이비 (2),MJU42239001,제작동관,1,0.0424,321,321,121,True,[0.0424]
케이비 (2),MJU42239004,제작동관,1,0.1413,1071,1071,223,True,[0.1413]
케이비 (2),MJU42911802,제작동관,1,0.0131,100,100,58,True,[0.0131]
케이비 (2),MJU42912201,제작동관,1,0.071,538,538,159,True,[0.071]
케이비 (2),MJU42938606,제작동관,1,0.0266,204,204,129,True,[0.0266]
케이비 (2),MJU42948301,제작동관,1,0.007,54,54,45,True,[0.007]
케이비 (2),MJU47146601,제작동관,2,0.0095,73,120,67,False,"[0.0094, 0.0095]"
케이비 (2),MJU47146602,제작동관,2,0.0112,87,144,85,True,[0.0112]
케이비 (2),MJU47146603,제작동관,1,0.0112,144,144,82,True,[0.0112]
케이비 (2),MJU47147501,제작동관,1,0.0954,1196,1196,248,True,[0.0954]
케이비 (2),MJU47213201,제작동관,1,0.0171,129,129,52,True,[0.0171]
케이비 (2),MJU47941706,제작동관,1,0.2425,3796,3796,406,True,[0.2425]
케이비 (2),MJU54398201,제작동관,1,0.1128,853,853,225,True,[0.1128]
케이비 (2),MJU57271806,제작동관,1,0.0054,88,88,48,True,[0.0054]
케이비 (2),MJU60436406,제작동관,2,0.0284,350,422,90,False,"[0.0284, 0.029]"
케이비 (2),MJU60436412,제작동관,1,0.0806,609,609,144,True,[0.0806]
케이비 (2),MJU60436413,제작동관,1,0.029,422,422,90,True,[0.029]
케이비 (2),MJU60436608,제작동관,1,0.1229,929,929,193,True,[0.1229]
케이비 (2),MJU60436609,제작동관,1,0.1936,1464,1464,264,True,[0.1936]
케이비 (2),MJU60436625,제작동관,1,0.1045,790,790,180,True,[0.1045]
케이비 (2),MJU60436626,제작동관,1,0.2069,1564,1564,290,True,[0.2069]
케이비 (2),MJU61356001,제작동관,1,0.0497,382,382,126,True,[0.0497]
케이비 (2),MJU61380001,제작동관,1,0.04,318,318,80,True,[0.04]
케이비 (2),MJU61380201,제작동관,1,0.0558,443,443,92,True,[0.0558]
케이비 (2),MJU61380401,제작동관,1,0.0558,443,443,92,True,[0.0558]
케이비 (2),MJU61380501,제작동관,1,0.0717,569,569,103,True,[0.0717]
케이비 (2),MJU61382801,제작동관,1,0.0837,664,664,112,True,[0.0837]
케이비 (2),MJU61382901,제작동관,1,0.1024,813,813,125,True,[0.1024]
케이비 (2),MJU61387701,제작동관,1,0.04,318,318,80,True,[0.04]
케이비 (2),MJU61391901,제작동관,1,0.0888,672,672,136,True,[0.0888]
케이비 (2),MJU61722001,제작동관,1,0.0096,73,73,62,True,[0.0096]
케이비 (2),MJU61722101,제작동관,1,0.0077,61,61,88,True,[0.0077]
케이비 (2),MJU61884601,제작동관,1,0.0132,196,196,93,True,[0.0132]
케이비 (2),MJU61926701,제작동관,1,0.0513,388,388,112,True,[0.0513]
케이비 (2),MJU61926801,제작동관,1,0.0618,468,468,170,True,[0.0618]
케이비 (2),MJU61926802,제작동관,1,0.0398,301,301,138,True,[0.0398]
케이비 (2),MJU61940002,제작동관,1,0.1348,1667,1667,267,True,[0.1348]
케이비 (2),MJU61940004,제작동관,1,0.0352,266,266,82,True,[0.0352]
케이비 (2),MJU61940501,제작동관,1,0.0083,63,63,37,True,[0.0083]
케이비 (2),MJU61940601,제작동관,1,0.033,250,250,71,True,[0.033]
케이비 (2),MJU61940701,제작동관,2,0.0138,102,104,82,False,"[0.0134, 0.0138]"
케이비 (2),MJU61942801,제작동관,2,0.0036,28,46,42,True,[0.0036]
케이비 (2),MJU61942802,제작동관,2,0.007,51,53,43,False,"[0.0067, 0.007]"
케이비 (2),MJU61942901,제작동관,2,0.0204,252,408,103,True,[0.0204]
케이비 (2),MJU61949501,제작동관,1,0.023,358,358,138,True,[0.023]
케이비 (2),MJU61949502,제작동관,1,0.0239,373,373,139,True,[0.0239]
케이비 (2),MJU61987003,제작동관,1,0.2212,2784,2784,330,True,[0.2212]
케이비 (2),MJU62012001,제작동관,1,0.0591,448,448,126,True,[0.0591]
케이비 (2),MJU62012005,제작동관,1,0.0099,76,76,64,True,[0.0099]
케이비 (2),MJU62066801,제작동관,1,0.0381,288,288,115,True,[0.0381]
케이비 (2),MJU62096501,제작동관,1,0.0057,86,86,48,True,[0.0057]
케이비 (2),MJU62287006,제작동관,1,0.1402,1059,1059,207,True,[0.1402]
케이비 (2),MJU62287008,제작동관,1,0.1072,1832,1832,262,True,[0.1072]
케이비 (2),MJU62287516,제작동관,1,0.0246,378,378,72,True,[0.0246]
케이비 (2),MJU62356410,제작동관,1,0.0135,201,201,74,True,[0.0135]
케이비 (2),MJU62356412,제작동관,1,0.0076,116,116,67,True,[0.0076]
케이비 (2),MJU62360301,제작동관,1,0.0293,232,232,213,True,[0.0293]
케이비 (2),MJU62360401,제작동관,1,0.0293,232,232,238,True,[0.0293]
케이비 (2),MJU62360501,제작동관,1,0.0293,232,232,238,True,[0.0293]
케이비 (2),MJU62360601,제작동관,1,0.0304,241,241,238,True,[0.0304]
케이비 (2),MJU62390701,제작동관,2,0.0853,644,1303,219,False,"[0.0853, 0.0857]"
케이비 (2),MJU62393501,제작동관,1,0.0293,232,232,225,True,[0.0293]
케이비 (2),MJU62393601,제작동관,1,0.0293,232,232,225,True,[0.0293]
케이비 (2),MJU62393806,제작동관,1,0.0868,658,658,185,True,[0.0868]
케이비 (2),MJU62406601,제작동관,1,0.0164,124,124,62,True,[0.0164]
케이비 (2),MJU62406703,제작동관,1,0.0139,107,107,67,True,[0.0139]
케이비 (2),MJU62490101,제작동관,1,0.05,397,397,99,True,[0.05]
케이비 (2),MJU62490201,제작동관,1,0.051,405,405,100,True,[0.051]
케이비 (2),MJU62490301,제작동관,1,0.0503,399,399,99,True,[0.0503]
케이비 (2),MJU62490401,제작동관,1,0.0504,400,400,99,True,[0.0504]
케이비 (2),MJU62609101,제작동관,1,0.1098,872,872,130,True,[0.1098]
케이비 (2),MJU62692001,제작동관,1,0.0588,446,446,100,True,[0.0588]
케이비 (2),MJU62788805,제작동관,1,0.0615,489,489,202,True,[0.0615]
케이비 (2),MJU62788806,제작동관,1,0.0615,489,489,202,True,[0.0615]
케이비 (2),MJU62788807,제작동관,1,0.0615,489,489,202,True,[0.0615]
케이비 (2),MJU62788808,제작동관,1,0.0615,489,489,202,True,[0.0615]
케이비 (2),MJU62788809,제작동관,1,0.0615,489,489,214,True,[0.0615]
케이비 (2),MJU62788810,제작동관,1,0.0615,489,489,214,True,[0.0615]
케이비 (2),MJU62792001,제작동관,1,0.0881,666,666,186,True,[0.0881]
케이비 (2),MJU62792003,제작동관,1,0.0911,1560,1560,254,True,[0.0911]
케이비 (2),MJU62792301,제작동관,1,0.0916,692,692,191,True,[0.0916]
케이비 (2),MJU62792304,제작동관,1,0.0992,1696,1696,268,True,[0.0992]
케이비 (2),MJU62823101,사급부품,3,0.0,757,757,0,True,[]
케이비 (2),MJU62841603,제작동관,1,0.0239,181,181,76,True,[0.0239]
케이비 (2),MJU62866401,제작동관,1,0.0084,130,130,51,True,[0.0084]
케이비 (2),MJU62866402,제작동관,1,0.0066,103,103,49,True,[0.0066]
케이비 (2),MJU62912101,제작동관,1,0.096,727,727,141,True,[0.096]
케이비 (2),MJU62915301,제작동관,1,0.1994,1507,1507,209,True,[0.1994]
케이비 (2),MJU62915302,제작동관,1,0.1855,1403,1403,200,True,[0.1855]
케이비 (2),MJU62918101,제작동관,1,0.0493,610,610,112,True,[0.0493]
케이비 (2),MJU62918102,제작동관,1,0.0375,464,464,97,True,[0.0375]
케이비 (2),MJU62921203,제작동관,1,0.0255,392,392,100,True,[0.0255]
케이비 (2),MJU62921204,제작동관,1,0.0285,438,438,104,True,[0.0285]
케이비 (2),MJU62922201,제작동관,1,0.0135,104,104,84,True,[0.0135]
케이비 (2),MJU62987402,제작동관,1,0.0103,151,151,72,True,[0.0103]
케이비 (2),MJU62989201,제작동관,1,0.0113,87,87,88,True,[0.0113]
케이비 (2),MJU62993517,제작동관,1,0.0186,141,141,70,True,[0.0186]
케이비 (2),MJU62993518,제작동관,1,0.0196,148,148,88,True,[0.0196]
케이비 (2),MJU62993519,제작동관,1,0.0196,148,148,88,True,[0.0196]
케이비 (2),MJU62993520,제작동관,1,0.0225,171,171,90,True,[0.0225]
케이비 (2),MJU62993521,제작동관,1,0.0259,196,196,92,True,[0.0259]
케이비 (2),MJU62993522,제작동관,1,0.0295,223,223,95,True,[0.0295]
케이비 (2),MJU62993523,제작동관,1,0.0259,196,196,92,True,[0.0259]
케이비 (2),MJU62993524,제작동관,1,0.0225,171,171,90,True,[0.0225]
케이비 (2),MJU62993607,제작동관,1,0.007,54,54,45,True,[0.007]
케이비 (2),MJU63000401,제작동관,1,0.0132,101,101,131,True,[0.0132]
케이비 (2),MJU63000402,제작동관,1,0.0103,79,79,95,True,[0.0103]
케이비 (2),MJU63000403,제작동관,1,0.0145,111,111,132,True,[0.0145]
케이비 (2),MJU63009001,제작동관,1,0.0977,1405,1405,224,True,[0.0977]
케이비 (2),MJU63009002,제작동관,1,0.1078,827,827,181,True,[0.1078]
케이비 (2),MJU63009004,제작동관,1,0.0937,1391,1391,230,True,[0.0937]
케이비 (2),MJU63010004,제작동관,1,0.013,100,100,67,True,[0.013]
케이비 (2),MJU63010005,제작동관,1,0.0137,105,105,84,True,[0.0137]
케이비 (2),MJU63010006,제작동관,1,0.0155,120,120,85,True,[0.0155]
케이비 (2),MJU63037001,제작동관,1,0.0257,194,194,78,True,[0.0257]
케이비 (2),MJU63082505,제작동관,1,0.0152,115,115,68,True,[0.0152]
케이비 (2),MJU63083401,제작동관,1,0.1127,854,854,169,True,[0.1127]
케이비 (2),MJU63083601,제작동관,1,0.0206,301,301,85,True,[0.0206]
케이비 (2),MJU63083701,제작동관,1,0.0186,273,273,83,True,[0.0186]
케이비 (2),MJU63156703,제작동관,1,0.0513,389,389,101,True,[0.0513]
케이비 (2),MJU63208001,제작동관,1,0.0381,288,288,156,True,[0.0381]
케이비 (2),MJU63209804,제작동관,1,0.1808,1367,1367,224,True,[0.1808]
케이비 (2),MJU63337501,제작동관,1,0.013,100,100,86,True,[0.013]
케이비 (2),MJU63406104,제작동관,1,0.0096,140,140,55,True,[0.0096]
케이비 (2),MJU63406917,제작동관,1,0.0224,322,322,101,True,[0.0224]
케이비 (2),MJU63406929,제작동관,1,0.0224,327,327,102,True,[0.0224]
케이비 (2),MJU63407202,제작동관,1,0.0073,58,58,44,True,[0.0073]
케이비 (2),MJU63407203,제작동관,1,0.0077,61,61,73,True,[0.0077]
케이비 (2),MJU63407204,제작동관,1,0.0138,110,110,65,True,[0.0138]
케이비 (2),MJU63407205,제작동관,1,0.0104,83,83,75,True,[0.0104]
케이비 (2),MJU63407212,제작동관,1,0.0111,175,175,91,True,[0.0111]
케이비 (2),MJU63407306,제작동관,2,0.008,101,145,53,False,"[0.008, 0.0092]"
케이비 (2),MJU63429401,제작동관,1,0.0131,101,101,84,True,[0.0131]
케이비 (2),MJU63429402,제작동관,1,0.0115,89,89,83,True,[0.0115]
케이비 (2),MJU63429403,제작동관,1,0.0108,83,83,65,True,[0.0108]
케이비 (2),MJU63429404,제작동관,1,0.0115,89,89,83,True,[0.0115]
케이비 (2),MJU63429405,제작동관,1,0.0133,103,103,84,True,[0.0133]
케이비 (2),MJU63429801,제작동관,1,0.0694,525,525,133,True,[0.0694]
케이비 (2),MJU63436501,제작동관,1,0.0182,140,140,87,True,[0.0182]
케이비 (2),MJU63436601,제작동관,1,0.0986,747,747,159,True,[0.0986]
케이비 (2),MJU63447303,제작동관,1,0.0369,567,567,136,True,[0.0369]
케이비 (2),MJU63467701,제작동관,1,0.0437,640,640,113,True,[0.0437]
케이비 (2),MJU63479112,제작동관,1,0.0674,510,510,131,True,[0.0674]
케이비 (2),MJU63479302,제작동관,1,0.0089,67,67,59,True,[0.0089]
케이비 (2),MJU63480401,제작동관,1,0.0078,62,62,186,True,[0.0078]
케이비 (2),MJU63480402,제작동관,1,0.0104,82,82,188,True,[0.0104]
케이비 (2),MJU63509602,제작동관,1,0.0457,346,346,174,True,[0.0457]
케이비 (2),MJU63509916,제작동관,2,0.0081,64,66,83,False,"[0.0081, 0.0083]"
케이비 (2),MJU63509917,제작동관,2,0.0075,60,61,82,False,"[0.0075, 0.0076]"
케이비 (2),MJU63509918,제작동관,2,0.0069,55,57,82,False,"[0.0069, 0.0071]"
케이비 (2),MJU63509919,제작동관,2,0.0068,54,56,65,False,"[0.0068, 0.007]"
케이비 (2),MJU63509920,제작동관,2,0.0069,54,55,82,False,"[0.0068, 0.0069]"
케이비 (2),MJU63510701,제작동관,1,0.0182,145,145,116,True,[0.0182]
케이비 (2),MJU63510702,제작동관,1,0.0156,124,124,131,True,[0.0156]
케이비 (2),MJU63512601,사급부품,1,0.0,805,805,0,True,[]
케이비 (2),MJU63512607,사급부품,1,0.0,1348,1348,0,True,[]
케이비 (2),MJU63526201,제작동관,2,0.0152,233,233,96,True,[0.0152]
케이비 (2),MJU63526202,제작동관,2,0.0169,260,260,99,True,[0.0169]
케이비 (2),MJU63526203,제작동관,2,0.0176,271,271,100,True,[0.0176]
케이비 (2),MJU63526204,제작동관,2,0.0176,271,271,100,True,[0.0176]
케이비 (2),MJU63526205,제작동관,2,0.0176,271,271,100,True,[0.0176]
케이비 (2),MJU63526206,제작동관,2,0.0209,322,322,104,True,[0.0209]
케이비 (2),MJU63548430,제작동관,2,0.0215,170,254,123,False,"[0.0186, 0.0215]"
케이비 (2),MJU63548431,제작동관,2,0.0216,172,256,106,False,"[0.0187, 0.0216]"
케이비 (2),MJU63548432,제작동관,2,0.0151,120,179,117,False,"[0.0131, 0.0151]"
케이비 (2),MJU63548433,제작동관,1,0.0215,287,287,126,True,[0.0215]
케이비 (2),MJU63548434,제작동관,1,0.0216,289,289,109,True,[0.0216]
케이비 (2),MJU63548435,제작동관,1,0.0151,202,202,119,True,[0.0151]
케이비 (2),MJU63616501,제작동관,1,0.0086,66,66,71,True,[0.0086]
케이비 (2),MJU63616504,제작동관,1,0.0068,52,52,48,True,[0.0068]
케이비 (2),MJU63616601,제작동관,1,0.0299,229,229,137,True,[0.0299]
케이비 (2),MJU63616605,제작동관,1,0.0281,216,216,113,True,[0.0281]
케이비 (2),MJU63616901,제작동관,2,0.0083,63,102,49,True,[0.0083]
케이비 (2),MJU63617301,제작동관,1,0.1315,996,996,165,True,[0.1315]
케이비 (2),MJU63648401,제작동관,1,0.0262,201,201,103,True,[0.0262]
케이비 (2),MJU63650905,제작동관,1,0.0147,117,117,121,True,[0.0147]
케이비 (2),MJU63650913,제작동관,1,0.0093,72,72,60,True,[0.0093]
케이비 (2),MJU63650915,제작동관,1,0.0094,71,71,60,True,[0.0094]
케이비 (2),MJU63706501,제작동관,2,0.0279,211,559,171,True,[0.0279]
케이비 (2),MJU63706901,제작동관,1,0.0415,508,508,145,True,[0.0415]
케이비 (2),MJU63711305,제작동관,1,0.0104,159,159,71,True,[0.0104]
케이비 (2),MJU63713901,제작동관,5,0.0102,78,82,89,False,"[0.0102, 0.0103, 0.0107]"
케이비 (2),MJU63714001,제작동관,2,0.0322,244,244,129,True,[0.0322]
케이비 (2),MJU63714003,제작동관,2,0.0319,242,399,141,True,[0.0319]
케이비 (2),MJU63714101,제작동관,2,0.016,121,200,107,True,[0.016]
케이비 (2),MJU63714102,제작동관,2,0.0139,106,174,115,True,[0.0139]
케이비 (2),MJU63748402,제작동관,1,0.0066,51,51,39,True,[0.0066]
케이비 (2),MJU63748409,제작동관,1,0.1228,930,930,203,True,[0.1228]
케이비 (2),MJU63748410,제작동관,1,0.0152,117,117,59,True,[0.0152]
케이비 (2),MJU63748506,사급부품,1,0.0,1923,1923,0,True,[]
케이비 (2),MJU63751002,제작동관,2,0.0156,118,312,62,True,[0.0156]
케이비 (2),MJU63751101,제작동관,1,0.0257,204,204,59,True,[0.0257]
케이비 (2),MJU63787801,제작동관,1,0.039,560,560,151,True,[0.039]
케이비 (2),MJU63908201,제작동관,2,0.1129,1421,1787,276,False,"[0.1129, 0.1136]"
케이비 (2),MJU63947901,제작동관,2,0.1203,1514,1944,306,False,"[0.1203, 0.1236]"
케이비 (2),MJU64032301,제작동관,1,0.014,111,111,70,True,[0.014]
케이비 (2),MJU64050301,제작동관,1,0.0175,132,132,53,True,[0.0175]
케이비 (2),MJU64050302,제작동관,1,0.0155,118,118,51,True,[0.0155]
케이비 (2),MJU64050303,제작동관,1,0.0896,678,678,196,True,[0.0896]
케이비 (2),MJU64067601,제작동관,1,0.0145,112,112,87,True,[0.0145]
케이비 (2),MJU64067602,제작동관,1,0.0136,105,105,86,True,[0.0136]
케이비 (2),MJU64067603,제작동관,1,0.0124,96,96,85,True,[0.0124]
케이비 (2),MJU64067604,제작동관,1,0.0122,94,94,85,True,[0.0122]
케이비 (2),MJU64067605,제작동관,1,0.0104,80,80,50,True,[0.0104]
케이비 (2),MJU64094801,제작동관,1,0.0068,53,53,45,True,[0.0068]
케이비 (2),MJU64094802,제작동관,1,0.0162,125,125,86,True,[0.0162]
케이비 (2),MJU64094803,제작동관,1,0.0141,109,109,84,True,[0.0141]
케이비 (2),MJU64094804,제작동관,1,0.0129,99,99,67,True,[0.0129]
케이비 (2),MJU64094805,제작동관,1,0.0141,109,109,84,True,[0.0141]
케이비 (2),MJU64094806,제작동관,1,0.0162,125,125,86,True,[0.0162]
케이비 (2),MJU64226404,제작동관,1,0.0332,251,251,91,True,[0.0332]
케이비 (2),MJU64287009,제작동관,5,0.0081,61,103,55,False,"[0.0079, 0.0081]"
케이비 (2),MJU64329103,제작동관,1,0.0089,140,140,88,True,[0.0089]
케이비 (2),MJU64329104,제작동관,1,0.0092,145,145,89,True,[0.0092]
케이비 (2),MJU64329105,제작동관,1,0.0095,150,150,89,True,[0.0095]
케이비 (2),MJU64329106,제작동관,1,0.01,158,158,90,True,[0.01]
케이비 (2),MJU64329109,제작동관,1,0.009,141,141,89,True,[0.009]
케이비 (2),MJU64407201,제작동관,1,0.0314,393,393,74,True,[0.0314]
케이비 (2),MJU64427701,제작동관,1,0.0189,144,144,81,True,[0.0189]
케이비 (2),MJU64428101,제작동관,1,0.0364,276,276,154,True,[0.0364]
케이비 (2),MJU64428201,제작동관,1,0.0813,616,616,139,True,[0.0813]
케이비 (2),MJU64428301,제작동관,1,0.0784,594,594,207,True,[0.0784]
케이비 (2),MJU64428601,제작동관,1,0.0146,110,110,59,True,[0.0146]
케이비 (2),MJU64428702,제작동관,1,0.2735,2098,2098,265,True,[0.2735]
케이비 (2),MJU64428703,제작동관,1,0.1381,1059,1059,171,True,[0.1381]
케이비 (2),MJU64428801,제작동관,1,0.0101,77,77,50,True,[0.0101]
케이비 (2),MJU64429224,제작동관,1,0.0164,329,329,118,True,[0.0164]
케이비 (2),MJU64429225,제작동관,1,0.0182,364,364,121,True,[0.0182]
케이비 (2),MJU64429226,제작동관,1,0.0158,316,316,115,True,[0.0158]
케이비 (2),MJU64429227,제작동관,1,0.0123,246,246,109,True,[0.0123]
케이비 (2),MJU64431914,제작동관,1,0.0219,174,174,141,True,[0.0219]
케이비 (2),MJU64431915,제작동관,1,0.021,167,167,123,True,[0.021]
케이비 (2),MJU64431916,제작동관,1,0.0179,142,142,121,True,[0.0179]
케이비 (2),MJU64671113,제작동관,1,0.0123,180,180,66,True,[0.0123]
케이비 (2),MJU64671114,제작동관,1,0.0151,221,221,86,True,[0.0151]
케이비 (2),MJU64671115,제작동관,1,0.02,291,291,92,True,[0.02]
케이비 (2),MJU64671116,제작동관,1,0.0363,530,530,114,True,[0.0363]
케이비 (2),MJU64671117,제작동관,2,0.0401,585,603,142,True,[0.0401]
케이비 (2),MJU64671118,제작동관,2,0.0509,743,765,157,True,[0.0509]
케이비 (2),MJU64687502,제작동관,1,0.0255,321,321,70,True,[0.0255]
케이비 (2),MJU64688201,제작동관,1,0.1292,979,979,197,True,[0.1292]
케이비 (2),MJU64688202,제작동관,1,0.1693,1282,1282,225,True,[0.1693]
케이비 (2),MJU64708801,제작동관,1,0.3155,2390,2390,292,True,[0.3155]
케이비 (2),MJU64711201,제작동관,1,0.0161,124,124,88,True,[0.0161]
케이비 (2),MJU64711202,제작동관,1,0.0146,113,113,87,True,[0.0146]
케이비 (2),MJU64711203,제작동관,1,0.014,108,108,70,True,[0.014]
케이비 (2),MJU64711204,제작동관,1,0.0157,121,121,88,True,[0.0157]
케이비 (2),MJU64711205,제작동관,1,0.018,139,139,89,True,[0.018]
케이비 (2),MJU64711301,제작동관,1,0.0181,139,139,89,True,[0.0181]
케이비 (2),MJU64711302,제작동관,1,0.0158,122,122,88,True,[0.0158]
케이비 (2),MJU64711303,제작동관,1,0.014,108,108,53,True,[0.014]
케이비 (2),MJU64711304,제작동관,1,0.0144,111,111,87,True,[0.0144]
케이비 (2),MJU64711305,제작동관,1,0.0159,122,122,88,True,[0.0159]
케이비 (2),MJU64731605,제작동관,1,0.2002,1516,1516,229,True,[0.2002]
케이비 (2),MJU64749001,제작동관,1,0.0604,458,458,101,True,[0.0604]
케이비 (2),MJU64787001,제작동관,1,0.0575,436,436,112,True,[0.0575]
케이비 (2),MJU64787402,제작동관,1,0.2991,2266,2266,312,True,[0.2991]
케이비 (2),MJU64809901,제작동관,1,0.0276,219,219,178,True,[0.0276]
케이비 (2),MJU64809902,제작동관,1,0.0315,250,250,181,True,[0.0315]
케이비 (2),MJU64809903,제작동관,1,0.0354,281,281,184,True,[0.0354]
케이비 (2),MJU64809904,제작동관,1,0.0449,356,356,190,True,[0.0449]
케이비 (2),MJU64809905,제작동관,1,0.0509,404,404,195,True,[0.0509]
케이비 (2),MJU64809906,제작동관,1,0.0563,447,447,199,True,[0.0563]
케이비 (2),MJU64809912,제작동관,1,0.0398,305,305,110,True,[0.0398]
케이비 (2),MJU64809913,제작동관,1,0.0298,228,228,137,True,[0.0298]
케이비 (2),MJU64809914,제작동관,1,0.0117,89,89,74,True,[0.0117]
케이비 (2),MJU64809915,제작동관,1,0.1047,792,792,200,True,[0.1047]
케이비 (2),MJU64809916,제작동관,1,0.0038,30,30,41,True,[0.0038]
케이비 (2),MJU64809917,제작동관,1,0.0088,70,70,45,True,[0.0088]
케이비 (2),MJU64809918,제작동관,1,0.017,135,135,67,True,[0.017]
케이비 (2),MJU64850701,제작동관,1,0.2038,1544,1544,232,True,[0.2038]
케이비 (2),MJU64850702,제작동관,1,0.2636,1997,1997,290,True,[0.2636]
케이비 (2),MJU64850703,제작동관,1,0.0404,306,306,85,True,[0.0404]
케이비 (2),MJU64856601,제작동관,1,0.0317,508,508,119,True,[0.0317]
케이비 (2),MJU64856602,제작동관,1,0.0317,508,508,119,True,[0.0317]
케이비 (2),MJU64856603,제작동관,1,0.018,288,288,101,True,[0.018]
케이비 (2),MJU64856604,제작동관,1,0.018,288,288,101,True,[0.018]
케이비 (2),MJU64856605,제작동관,1,0.0311,498,498,118,True,[0.0311]
케이비 (2),MJU64856606,제작동관,1,0.0311,498,498,118,True,[0.0311]
케이비 (2),MJU64856801,제작동관,1,0.0318,244,244,80,True,[0.0318]
케이비 (2),MJU64856901,제작동관,1,0.0164,124,124,50,True,[0.0164]
케이비 (2),MJU64857001,제작동관,1,0.026,200,200,90,True,[0.026]
케이비 (2),MJU64857101,제작동관,1,0.0369,293,293,126,True,[0.0369]
케이비 (2),MJU64857201,제작동관,1,0.0501,398,398,172,True,[0.0501]
케이비 (2),MJU64867634,제작동관,1,0.111,1437,1437,257,True,[0.111]
케이비 (2),MJU64867635,제작동관,1,0.1302,2019,2019,310,True,[0.1302]
케이비 (2),MJU64867636,제작동관,2,0.1139,1482,1482,261,True,[0.1139]
케이비 (2),MJU64867637,제작동관,1,0.1328,1689,1689,279,True,[0.1328]
케이비 (2),MJU64868534,제작동관,2,0.008,126,160,45,True,[0.008]
케이비 (2),MJU64868549,제작동관,2,0.0283,445,566,148,True,[0.0283]
케이비 (2),MJU64868550,제작동관,2,0.0134,211,269,87,True,[0.0134]
케이비 (2),MJU64868572,제작동관,1,0.0295,435,435,93,True,[0.0295]
케이비 (2),MJU64868574,제작동관,1,0.02,299,299,112,True,[0.02]
케이비 (2),MJU64868575,제작동관,1,0.2356,3463,3463,442,True,[0.2356]
케이비 (2),MJU64868576,제작동관,1,0.071,1043,1043,144,True,[0.071]
케이비 (2),MJU64906801,제작동관,1,0.0408,313,313,154,True,[0.0408]
케이비 (2),MJU64930003,제작동관,1,0.1024,775,775,130,True,[0.1024]
케이비 (2),MJU64967601,제작동관,1,0.1443,1107,1107,173,True,[0.1443]
케이비 (2),MJU64980003,제작동관,1,0.0781,591,591,172,True,[0.0781]
케이비 (2),MJU64980004,제작동관,1,0.0476,361,361,169,True,[0.0476]
케이비 (2),MJU64980101,제작동관,1,0.0088,68,68,49,True,[0.0088]
케이비 (2),MJU64980102,제작동관,1,0.018,138,138,72,True,[0.018]
케이비 (2),MJU64987001,제작동관,3,0.0169,130,264,89,False,"[0.0169, 0.0173]"
케이비 (2),MJU64987002,제작동관,1,0.0156,120,120,85,True,[0.0156]
케이비 (2),MJU64987003,제작동관,2,0.0285,216,433,91,False,"[0.0285, 0.0295]"
케이비 (2),MJU64987101,제작동관,1,0.0118,91,91,83,True,[0.0118]
케이비 (2),MJU64987103,제작동관,1,0.0231,178,178,91,True,[0.0231]
케이비 (2),MJU64988901,제작동관,1,0.1085,822,822,151,True,[0.1085]
케이비 (2),MJU65026411,사급부품,2,0.0,680,680,0,True,[]
케이비 (2),MJU65030901,제작동관,1,0.0188,149,149,64,True,[0.0188]
케이비 (2),MJU65030902,제작동관,1,0.0362,288,288,103,True,[0.0362]
케이비 (2),MJU65030903,제작동관,1,0.0758,602,602,106,True,[0.0758]
케이비 (2),MJU65030904,제작동관,1,0.0883,701,701,115,True,[0.0883]
케이비 (2),MJU65030905,제작동관,1,0.0843,670,670,112,True,[0.0843]
케이비 (2),MJU65030906,제작동관,1,0.0539,428,428,93,True,[0.0539]
케이비 (2),MJU65030907,제작동관,1,0.0613,487,487,98,True,[0.0613]
케이비 (2),MJU65030908,제작동관,1,0.0688,546,546,103,True,[0.0688]
케이비 (2),MJU65030909,제작동관,1,0.0822,653,653,113,True,[0.0822]
케이비 (2),MJU65030910,제작동관,1,0.0874,694,694,117,True,[0.0874]
케이비 (2),MJU65030911,제작동관,1,0.0925,734,734,120,True,[0.0925]
케이비 (2),MJU65030912,제작동관,1,0.1,794,794,126,True,[0.1]
케이비 (2),MJU65030913,제작동관,1,0.1029,817,817,128,True,[0.1029]
케이비 (2),MJU65030914,제작동관,1,0.0397,304,304,110,True,[0.0397]
케이비 (2),MJU65030915,제작동관,1,0.0156,120,120,110,True,[0.0156]
케이비 (2),MJU65033004,제작동관,1,0.0062,80,80,38,True,[0.0062]
케이비 (2),MJU65033014,제작동관,1,0.0156,208,208,83,True,[0.0156]
케이비 (2),MJU65033015,제작동관,1,0.0096,128,128,76,True,[0.0096]
케이비 (2),MJU65033016,제작동관,1,0.0114,152,152,78,True,[0.0114]
케이비 (2),MJU65048501,제작동관,1,0.0228,176,176,90,True,[0.0228]
케이비 (2),MJU65048502,제작동관,1,0.0097,75,75,47,True,[0.0097]
케이비 (2),MJU65048504,제작동관,1,0.0181,139,139,87,True,[0.0181]
케이비 (2),MJU65048701,제작동관,1,0.0133,103,103,69,True,[0.0133]
케이비 (2),MJU65048703,제작동관,1,0.0569,431,431,90,True,[0.0569]
케이비 (2),MJU65048704,제작동관,1,0.0104,80,80,67,True,[0.0104]
케이비 (2),MJU65048705,제작동관,1,0.0505,383,383,107,True,[0.0505]
케이비 (2),MJU65048708,제작동관,1,0.0526,398,398,104,True,[0.0526]
케이비 (2),MJU65146131,제작동관,1,0.0735,556,556,133,True,[0.0735]
케이비 (2),MJU65146132,제작동관,3,0.0178,141,318,77,False,"[0.0178, 0.018]"
케이비 (2),MJU65146134,제작동관,3,0.0134,107,241,74,False,"[0.0134, 0.0137]"
케이비 (2),MJU65146135,제작동관,3,0.0054,43,97,56,False,"[0.0054, 0.0057]"
케이비 (2),MJU65149401,제작동관,1,0.0107,81,81,48,True,[0.0107]
케이비 (2),MJU65149403,제작동관,1,0.0098,76,76,73,True,[0.0098]
케이비 (2),MJU65149407,제작동관,1,0.0089,69,69,55,True,[0.0089]
케이비 (2),MJU65207201,제작동관,1,0.0444,676,676,167,True,[0.0444]
케이비 (2),MJU65207202,제작동관,1,0.0504,768,768,175,True,[0.0504]
케이비 (2),MJU65207301,제작동관,1,0.0516,391,391,118,True,[0.0516]
케이비 (2),MJU65207302,제작동관,1,0.0168,127,127,60,True,[0.0168]
케이비 (2),MJU65207304,제작동관,1,0.0523,396,396,108,True,[0.0523]
케이비 (2),MJU65486416,제작동관,1,0.069,523,523,124,True,[0.069]
케이비 (2),MJU65516603,사급부품,1,0.0,255,255,0,True,[]
케이비 (2),MJU65516635,제작동관,1,0.1616,2342,2342,336,True,[0.1616]
케이비 (2),MJU65588310,제작동관,1,0.1203,911,911,177,True,[0.1203]
케이비 (2),MJU65686706,제작동관,1,0.0227,350,350,72,True,[0.0227]
케이비 (2),MJU65789209,제작동관,1,0.0075,121,121,70,True,[0.0075]
케이비 (2),MJU65868002,사급부품,1,0.0,768,768,0,True,[]
케이비 (2),MJU65868003,사급부품,1,0.0,1197,1197,0,True,[]
케이비 (2),MJU65868004,제작동관,1,0.0456,344,344,97,True,[0.0456]
케이비 (2),MJU66366306,제작동관,1,0.0309,234,234,81,True,[0.0309]
케이비 (2),MJU66476601,제작동관,1,0.036,272,272,110,True,[0.036]
케이비 (2),MJU66478501,제작동관,1,0.0169,271,271,61,True,[0.0169]
케이비 (2),MJU66479001,제작동관,1,0.0097,157,157,56,True,[0.0097]
케이비 (2),MJU66479101,제작동관,1,0.0584,938,938,147,True,[0.0584]
케이비 (2),MJU66479201,제작동관,1,0.0322,244,244,82,True,[0.0322]
케이비 (2),MJU66479801,제작동관,1,0.1331,2135,2135,251,True,[0.1331]
케이비 (2),MJU66479901,제작동관,1,0.1004,1611,1611,208,True,[0.1004]
케이비 (2),MJU66480602,제작동관,1,0.1348,1021,1021,150,True,[0.1348]
케이비 (2),MJU66480701,제작동관,1,0.024,182,182,37,True,[0.024]
케이비 (2),MJU66480703,제작동관,1,0.0401,304,304,68,True,[0.0401]
케이비 (2),MJU66483601,제작동관,1,0.0107,83,83,84,True,[0.0107]
케이비 (2),MJU66502909,제작동관,1,0.0668,976,976,173,True,[0.0668]
케이비 (2),MJU66503301,제작동관,1,0.0411,670,670,124,True,[0.0411]
케이비 (2),MJU66507046,제작동관,1,0.0354,708,708,159,True,[0.0354]
케이비 (2),MJU66507054,제작동관,1,0.0234,468,468,113,True,[0.0234]
케이비 (2),MJU66507055,제작동관,1,0.0258,515,515,116,True,[0.0258]
케이비 (2),MJU66510720,제작동관,1,0.1402,1060,1060,205,True,[0.1402]
케이비 (2),MJU66510825,제작동관,1,0.185,1399,1399,233,True,[0.185]
케이비 (2),MJU66526301,제작동관,1,0.0408,309,309,86,True,[0.0408]
케이비 (2),MJU66526303,제작동관,1,0.0473,359,359,88,True,[0.0473]
케이비 (2),MJU66526306,제작동관,1,0.1354,1026,1026,168,True,[0.1354]
케이비 (2),MJU66526307,제작동관,1,0.2426,1838,1838,258,True,[0.2426]
케이비 (2),MJU66527901,제작동관,1,0.0242,192,192,118,True,[0.0242]
케이비 (2),MJU66527902,제작동관,1,0.0233,185,185,117,True,[0.0233]
케이비 (2),MJU66527903,제작동관,1,0.0185,147,147,101,True,[0.0185]
케이비 (2),MJU66528001,제작동관,1,0.019,151,151,102,True,[0.019]
케이비 (2),MJU66528002,제작동관,1,0.0189,150,150,102,True,[0.0189]
케이비 (2),MJU66528003,제작동관,1,0.0165,131,131,100,True,[0.0165]
케이비 (2),MJU66546901,제작동관,2,0.0437,331,331,90,True,[0.0437]
케이비 (2),MJU66547001,제작동관,1,0.0431,326,326,90,True,[0.0431]
케이비 (2),MJU66547101,제작동관,2,0.0365,276,276,85,True,[0.0365]
케이비 (2),MJU66548505,제작동관,1,0.0555,687,687,133,True,[0.0555]
케이비 (2),MJU66548901,제작동관,1,0.0307,387,387,124,True,[0.0307]
케이비 (2),MJU66566802,제작동관,1,0.1193,1714,1714,266,True,[0.1193]
케이비 (2),MJU66566803,제작동관,1,0.1526,2191,2191,301,True,[0.1526]
케이비 (2),MJU66566911,제작동관,1,0.0994,1989,1989,251,True,[0.0994]
케이비 (2),MJU66567002,제작동관,1,0.2249,4497,4497,518,True,[0.2249]
케이비 (2),MJU66571307,제작동관,1,0.0303,477,477,131,True,[0.0303]
케이비 (2),MJU66571308,제작동관,1,0.0303,443,443,122,True,[0.0303]
케이비 (2),MJU66571309,제작동관,1,0.0475,747,747,136,True,[0.0475]
케이비 (2),MJU66571310,제작동관,1,0.0563,822,822,139,True,[0.0563]
케이비 (2),MJU66571311,제작동관,1,0.0697,1018,1018,172,True,[0.0697]
케이비 (2),MJU66572001,제작동관,1,0.0391,490,490,82,True,[0.0391]
케이비 (2),MJU66746801,제작동관,1,0.0519,393,393,76,True,[0.0519]
케이비 (2),MJU66746901,제작동관,1,0.1814,1374,1374,216,True,[0.1814]
케이비 (2),MJU66749608,제작동관,1,0.0651,1050,1050,189,True,[0.0651]
케이비 (2),MJU66763402,제작동관,1,0.1415,2216,2216,258,True,[0.1415]
케이비 (2),MJU66763405,제작동관,1,0.1531,2397,2397,273,True,[0.1531]
케이비 (2),MJU66763502,제작동관,1,0.0273,207,207,76,True,[0.0273]
케이비 (2),MJU66773701,제작동관,2,0.0832,1663,1663,224,True,[0.0832]
케이비 (2),MJU66773702,제작동관,1,0.0413,312,312,86,True,[0.0413]
케이비 (2),MJU66773703,제작동관,1,0.077,582,582,130,True,[0.077]
케이비 (2),MJU66773809,제작동관,1,0.0071,54,54,67,True,[0.0071]
케이비 (2),MJU66777902,제작동관,1,0.1064,806,806,220,True,[0.1064]
케이비 (2),MJU66779316,제작동관,1,0.0138,105,105,50,True,[0.0138]
케이비 (2),MJU66845501,제작동관,1,0.0077,61,61,46,True,[0.0077]
케이비 (2),MJU66845502,제작동관,1,0.0182,144,144,66,True,[0.0182]
케이비 (2),MJU66845505,제작동관,1,0.029,231,231,167,True,[0.029]
케이비 (2),MJU66845506,제작동관,1,0.041,325,325,196,True,[0.041]
케이비 (2),MJU66845507,제작동관,1,0.0612,486,486,222,True,[0.0612]
케이비 (2),MJU66845508,제작동관,1,0.0703,558,558,217,True,[0.0703]
케이비 (2),MJU66845509,제작동관,1,0.0801,636,636,244,True,[0.0801]
케이비 (2),MJU66845510,제작동관,1,0.091,1205,1205,142,True,[0.091]
케이비 (2),MJU66868008,제작동관,1,0.2482,3565,3565,423,True,[0.2482]
케이비 (2),MJU66870401,제작동관,1,0.1939,2784,2784,322,True,[0.1939]
케이비 (2),MJU66870601,제작동관,1,0.0688,1110,1110,177,True,[0.0688]
케이비 (2),MJU66899402,제작동관,1,0.0168,272,272,88,True,[0.0168]
케이비 (2),MJU66899501,제작동관,1,0.0203,311,311,108,True,[0.0203]
케이비 (2),MJU66899503,제작동관,1,0.0126,204,204,89,True,[0.0126]
케이비 (2),MJU66900101,제작동관,1,0.0191,293,293,107,True,[0.0191]
케이비 (2),MJU66900103,제작동관,1,0.0113,182,182,87,True,[0.0113]
케이비 (2),MJU66900501,제작동관,1,0.0824,1206,1206,234,True,[0.0824]
케이비 (2),MJU66900503,제작동관,1,0.0938,1447,1447,277,True,[0.0938]
케이비 (2),MJU66900504,제작동관,2,0.0532,1065,1065,205,True,[0.0532]
케이비 (2),MJU66900505,제작동관,2,0.0419,839,839,136,True,[0.0419]
케이비 (2),MJU66908801,제작동관,1,0.2215,1672,1672,227,True,[0.2215]
케이비 (2),MJU66913801,제작동관,1,0.0061,47,47,47,True,[0.0061]
케이비 (2),MJU66927901,제작동관,2,0.0176,228,228,94,True,[0.0176]
케이비 (2),MJU66927902,제작동관,2,0.0176,228,228,94,True,[0.0176]
케이비 (2),MJU66927903,제작동관,2,0.0153,198,198,57,True,[0.0153]
케이비 (2),MJU66927904,제작동관,1,0.1053,1312,1312,169,True,[0.1053]
케이비 (2),MJU66927905,제작동관,2,0.0214,277,277,98,True,[0.0214]
케이비 (2),MJU66928001,사급부품/제작동관,3,0.2625,3304,4037,528,True,[0.2625]
케이비 (2),MJU66928207,제작동관,2,0.0169,339,339,71,True,[0.0169]
케이비 (2),MJU66928209,제작동관,1,0.1501,1876,1876,284,True,[0.1501]
케이비 (2),MJU66928316,제작동관,1,0.0342,550,550,118,True,[0.0342]
케이비 (2),MJU66932046,제작동관,1,0.0094,143,143,69,True,[0.0094]
케이비 (2),MJU66932515,제작동관,2,0.0143,181,187,71,True,[0.0143]
케이비 (2),MJU66932516,제작동관,1,0.0306,389,389,93,True,[0.0306]
케이비 (2),MJU66932528,제작동관,2,0.0162,206,213,76,True,[0.0162]
케이비 (2),MJU66932529,제작동관,1,0.0384,488,488,133,True,[0.0384]
케이비 (2),MJU66932531,제작동관,2,0.0233,297,307,98,True,[0.0233]
케이비 (2),MJU66936609,제작동관,1,0.2219,1675,1675,224,True,[0.2219]
케이비 (2),MJU66954302,제작동관,1,0.0291,419,419,112,True,[0.0291]
케이비 (2),MJU66954307,제작동관,1,0.0329,476,476,100,True,[0.0329]
케이비 (2),MJU66954404,제작동관,1,0.0154,223,223,101,True,[0.0154]
케이비 (2),MJU66954411,제작동관,1,0.0138,217,217,101,True,[0.0138]
케이비 (2),MJU66954604,제작동관,1,0.0184,264,264,90,True,[0.0184]
케이비 (2),MJU66954609,제작동관,1,0.0604,868,868,147,True,[0.0604]
케이비 (2),MJU66954706,제작동관,1,0.0245,352,352,85,True,[0.0245]
케이비 (2),MJU66954708,제작동관,1,0.0447,643,643,170,True,[0.0447]
케이비 (2),MJU66954709,제작동관,1,0.0246,353,353,104,True,[0.0246]
케이비 (2),MJU66997102,제작동관,1,0.012,240,240,53,True,[0.012]
케이비 (2),MJU66997104,제작동관,1,0.0228,354,354,104,True,[0.0228]
케이비 (2),MJU66997106,제작동관,1,0.114,1768,1768,270,True,[0.114]
케이비 (2),MJU66997107,제작동관,1,0.0369,573,573,122,True,[0.0369]
케이비 (2),MJU66997201,제작동관,1,0.0295,455,455,110,True,[0.0295]
케이비 (2),MJU66997202,제작동관,1,0.0405,626,626,135,True,[0.0405]
케이비 (2),MJU66997203,제작동관,1,0.031,478,478,106,True,[0.031]
케이비 (2),MJU66997204,제작동관,1,0.0441,681,681,131,True,[0.0441]
케이비 (2),MJU66997205,제작동관,1,0.0624,951,951,171,True,[0.0624]
케이비 (2),MJU66998301,제작동관,1,0.0693,1065,1065,192,True,[0.0693]
케이비 (2),MJU66998304,제작동관,1,0.0688,1057,1057,191,True,[0.0688]
케이비 (2),MJU66998306,제작동관,1,0.0488,744,744,165,True,[0.0488]
케이비 (2),MJU66998309,제작동관,1,0.0405,617,617,106,True,[0.0405]
케이비 (2),MJU66999201,제작동관,1,0.0518,790,790,157,True,[0.0518]
케이비 (2),MJU66999202,제작동관,1,0.0518,790,790,157,True,[0.0518]
케이비 (2),MJU66999203,제작동관,1,0.053,808,808,159,True,[0.053]
케이비 (2),MJU66999204,제작동관,1,0.053,808,808,159,True,[0.053]
케이비 (2),MJU66999301,제작동관,1,0.0147,225,225,93,True,[0.0147]
케이비 (2),MJU66999302,제작동관,1,0.0162,248,248,78,True,[0.0162]
케이비 (2),MJU66999303,제작동관,1,0.0157,239,239,77,True,[0.0157]
케이비 (2),MJU66999304,제작동관,1,0.0147,225,225,93,True,[0.0147]
케이비 (2),MJU66999305,제작동관,1,0.0147,225,225,93,True,[0.0147]
케이비 (2),MJU66999306,제작동관,1,0.0157,239,239,77,True,[0.0157]
케이비 (2),MJU66999307,제작동관,1,0.0147,225,225,93,True,[0.0147]
케이비 (2),MJU66999308,제작동관,1,0.0104,159,159,71,True,[0.0104]
케이비 (2),MJU66999309,제작동관,1,0.011,168,168,72,True,[0.011]
케이비 (2),MJU67039401,제작동관,1,0.1727,2628,2628,322,True,[0.1727]
케이비 (2),MJU67039402,제작동관,1,0.0081,124,124,79,True,[0.0081]
케이비 (2),MJU67039501,제작동관,1,0.0177,268,268,54,True,[0.0177]
케이비 (2),MJU67039502,제작동관,1,0.0709,1076,1076,157,True,[0.0709]
케이비 (2),MJU67039503,사급부품,1,0.0,275,275,0,True,[]
케이비 (2),MJX62771702,사급부품,1,0.0,1040,1040,0,True,[]
케이비 (2),RAC30599303,용접봉,36,0.0,21100,21100,341,True,[]
케이비 (2),RAC30599307,용접봉,2,0.0,42500,42500,412,True,[]
케이비 (2),동BODY-6.35(확관물),사급부품,2,0.0,473,473,0,True,[]
