code,kind,phi,thick,length,copper_unit_kg,nparts
2510A25790A,부품,15.88,0.95,1152.0,0.458974,
3H01535W,부품,6.35,0.65,112.0,0.011656,
4848A20005E-L,부품,19.05,0.95,412.0,0.198999,
4848A20005E-S,부품,19.05,0.95,52.0,0.025116,
4848A20005J,부품,19.05,0.95,504.0,0.243436,
4848A20005L,부품,15.88,0.95,500.0,0.199207,
4849A22002C,부품,12.7,0.75,580.0,0.146019,
4A01648A,부품,25.4,1.2,125.0,0.101967,
4H00049,부품,6.35,0.7,112.0,0.012443,
4H00049A,부품,6.35,0.7,113.0,0.012554,
4H00049C,부품,6.35,0.7,112.0,0.012443,
4H00901F,부품,6.35,0.7,125.0,0.013887,
4H00901J,부품,6.35,0.65,174.0,0.018109,
4H01281C,부품,6.35,0.65,125.0,0.013009,
4H01281M,부품,6.35,0.65,220.0,0.022896,
4H03163A,부품,6.35,0.65,60.0,0.006244,
4H03163B,부품,6.35,0.65,36.0,0.003747,
4H03163C,부품,6.35,0.65,42.0,0.004371,
5210A00016C,부품,12.7,0.75,121.0,0.030463,
5210A00016L,부품,12.7,0.75,330.0,0.08308,
5210A00017F,부품,9.52,0.65,870.0,0.140899,
5210A13011G,부품,4.76,0.65,164.0,0.012307,
5210A13011H,부품,4.0,0.6,176.0,0.010085,
5210A13011J,부품,4.0,0.6,207.0,0.011862,
5210A13011K,부품,4.0,0.6,264.0,0.015128,
5210A20684H,부품,12.7,0.75,175.0,0.044057,
5210A20691C,부품,6.35,0.65,222.0,0.023104,
5210A20691D,부품,6.35,0.65,200.0,0.020815,
5210A20694B,부품,6.35,0.65,415.0,0.04319,
5210A20702J,부품,6.35,0.65,242.0,0.025186,
5210A20706P,부품,6.35,0.65,479.0,0.049851,
5210A20706Q,부품,6.35,0.65,222.0,0.023104,
5210A20706R,부품,6.35,0.65,215.0,0.022376,
5210A20706V,부품,6.35,0.65,167.0,0.01738,
5210A20706W,부품,6.35,0.65,167.0,0.01738,
5210A20706X,부품,6.35,0.65,214.0,0.022272,
5210A20707G,부품,9.52,0.65,222.0,0.035954,
5210A20734B,부품,6.35,0.65,40.0,0.004163,
5210A20741C,부품,6.35,0.65,393.0,0.040901,
5210A20851M,부품,7.0,0.65,77.0,0.008927,
5210A20859B,부품,9.52,0.65,110.0,0.017815,
5210A20862M,부품,6.35,0.65,138.0,0.014362,
5210A20866E,부품,4.76,0.65,350.0,0.026265,
5210A20866L,부품,6.35,0.65,533.0,0.055471,
5210A20931C,부품,6.35,0.65,286.0,0.029765,
5210A20931D,부품,6.35,0.65,292.0,0.030389,
5210A20931E,부품,7.0,0.65,469.0,0.054377,
5210A20931F,부품,7.0,0.65,301.0,0.034898,
5210A20931G,부품,7.0,0.65,301.0,0.034898,
5210A20931H,부품,7.0,0.65,175.0,0.02029,
5210A20931J,부품,7.0,0.65,175.0,0.02029,
5210A20931K,부품,7.0,0.65,138.0,0.016,
5210A20931L,부품,7.0,0.65,138.0,0.016,
5210A20931M,부품,7.0,0.65,305.0,0.035362,
5210A21154C,부품,19.05,0.95,145.0,0.070036,
5210A21172L,부품,12.7,0.75,269.0,0.067723,
5210A21244F,부품,15.88,0.95,415.0,0.165342,
5210A21244N,부품,15.88,0.95,816.0,0.325106,
5210A21310B,부품,12.7,0.75,406.0,0.102213,
5210A21400B,부품,12.7,0.75,252.0,0.063443,
5210A21559T,부품,4.76,0.65,184.0,0.013808,
5210A21605N,부품,6.35,0.65,75.0,0.007806,
5210A21605T,부품,7.0,0.65,53.0,0.006145,
5210A21605U,부품,7.0,0.65,133.0,0.01542,
5210A22026S,부품,6.35,0.65,192.0,0.019982,
5210A22033A,부품,12.7,0.75,211.0,0.053121,
5210A22034A,부품,7.0,0.65,55.0,0.006377,
5210A22034B,부품,7.0,0.65,127.0,0.014725,
5210A22034U,부품,7.0,0.65,70.0,0.008116,
5210A22153A,부품,22.22,1.15,676.0,0.460109,
5210A22153C,부품,19.05,0.95,516.0,0.249232,
5210A22154A,부품,22.22,1.15,145.0,0.098692,
5210A22154B,부품,19.05,0.95,50.0,0.02415,
5210A22172M,부품,6.35,0.65,163.0,0.016964,
5210A22172N,부품,6.35,0.65,210.0,0.021855,
5210A22172P,부품,6.35,0.65,112.0,0.011656,
5210A22172Q,부품,6.35,0.65,252.0,0.026227,
5210A22172R,부품,6.35,0.65,171.0,0.017797,
5210A22172S,부품,6.35,0.65,150.0,0.015611,
5210A22419F,부품,6.35,0.65,70.0,0.007285,
5210A22520B,부품,6.35,0.9,67.0,0.009231,
5210A22520E,부품,6.35,0.9,76.0,0.010471,
5210A22572C,부품,15.88,0.95,1190.0,0.474113,
5210A22572D,부품,15.88,0.95,768.0,0.305982,
5210A22603Q,부품,12.7,0.75,636.0,0.160117,
5210A22636C,부품,6.35,0.9,420.0,0.057868,
5210A22770A,부품,6.35,0.65,158.0,0.016444,
5210A22840A,부품,6.35,0.9,42.0,0.005787,
5210A22950A,부품,6.35,0.65,171.0,0.017797,
5210A23089A,부품,6.35,0.7,143.0,0.015887,
5210A23089D,부품,6.35,0.7,192.0,0.02133,
5210A23204A,부품,15.88,0.95,578.0,0.230284,
5210A23204B,부품,15.88,0.95,578.0,0.230284,
5210A23279A,부품,6.35,0.9,418.0,0.057593,
5210A23376A,부품,9.52,1.45,70.0,0.023009,
5210A23407A,부품,9.52,0.65,253.0,0.040974,
5210A23547D,부품,12.7,0.75,145.0,0.036505,
5210A23547E,부품,12.7,0.75,279.0,0.07024,
5210A23581A,부품,15.88,0.95,244.0,0.097213,
5210A23584A,부품,12.7,0.75,562.0,0.141487,
5210A23584B,부품,12.7,0.75,562.0,0.141487,
5210A23597D,부품,5.0,0.65,88.0,0.006989,
5210A23597E,부품,5.0,0.65,80.0,0.006354,
5210A23597G,부품,5.0,0.65,225.0,0.017871,
5210A23597H,부품,5.0,0.65,125.0,0.009928,
5210A23597J,부품,5.0,0.65,145.0,0.011517,
5210A23654A,부품,22.22,1.15,1334.0,0.907967,
5210A23654B,부품,22.22,1.15,420.0,0.285867,
5210A23655A,부품,25.4,1.2,440.0,0.358923,
5210A23655B,부품,25.4,1.2,440.0,0.358923,
5210A23656A,부품,22.22,1.15,913.0,0.62142,
5210A23656B,부품,22.22,1.15,488.0,0.33215,
5210A23656C,부품,22.22,1.15,488.0,0.33215,
5210A23658F,부품,12.7,0.75,91.0,0.02291,
5210A23658G,부품,12.7,0.75,102.0,0.025679,
5210A23937A,부품,6.35,0.65,160.0,0.016652,
5210A23957F,부품,6.35,0.65,114.0,0.011864,
5210A24146C,부품,15.88,0.95,531.0,0.211558,
5210A24146D,부품,15.88,0.95,981.0,0.390845,
5210A24304A,부품,12.7,0.75,130.0,0.032728,
5210A24673A,부품,19.05,0.95,413.0,0.199482,
5210A24673B,부품,19.05,0.95,383.0,0.184992,
5210A24677A,부품,6.35,0.65,120.0,0.012489,
5210A24677C,부품,6.35,0.65,69.0,0.007181,
5210A24677D,부품,6.35,0.65,113.0,0.01176,
5210A24677G,부품,7.0,0.65,58.0,0.006725,
5210A24677J,부품,7.0,0.65,77.0,0.008927,
5210A24677N,부품,7.0,0.65,61.0,0.007072,
5210A24704D,부품,9.52,0.65,606.0,0.098143,
5210A24704E,부품,9.52,0.65,666.0,0.107861,
5210A24772A,부품,15.88,0.95,669.0,0.266539,
5210A24772B,부품,15.88,0.95,669.0,0.266539,
5210A24845B,부품,6.35,0.65,48.0,0.004996,
5210A24847A,부품,19.05,0.95,1149.0,0.554976,
5210A24847D,부품,19.05,0.95,1194.0,0.576711,
5210A25401A,부품,19.05,0.95,645.0,0.31154,
5210A25401B,부품,19.05,0.95,620.0,0.299465,
5210A25401D,부품,19.05,0.95,630.0,0.304295,
5210A25501A,부품,9.52,0.65,645.0,0.10446,
5210A25638A,부품,19.05,0.95,652.0,0.314921,
5210A25639A,부품,19.05,0.95,608.0,0.293669,
5210A25640B,부품,7.94,0.65,603.0,0.080262,
5210A25640K,부품,7.94,0.65,595.0,0.079197,
5210A25790B,부품,15.88,0.95,1238.0,0.493237,
5210A25790C,부품,15.88,0.95,1238.0,0.493237,
5210A25790D,부품,15.88,0.95,1152.0,0.458974,
5210A25793A,부품,6.35,0.9,472.0,0.065033,
5210A25793B,부품,6.35,0.9,442.0,0.060899,
5210A25800A,부품,6.35,0.9,51.0,0.007027,
5210A25929D,부품,15.88,0.95,1502.5,0.598618,
5210A25929H,부품,15.88,0.95,381.70000000000005,0.152075,
5210A26663A,부품,6.35,0.65,86.0,0.00895,
5210A26663B,부품,6.35,0.65,114.0,0.011864,
5210A26663C,부품,6.35,0.65,46.0,0.004787,
5210A26667G,부품,6.35,0.65,180.0,0.018733,
5210A26735B-1,부품,9.52,0.65,67.0,0.010851,
5210A26761A,부품,6.35,0.65,72.0,0.007493,
5210A26762A,부품,6.35,0.65,205.0,0.021335,
5210A26764A,부품,6.35,0.65,68.0,0.007077,
5210A26764B,부품,6.35,0.65,408.0,0.042462,
5210A26768A,부품,6.35,0.65,188.0,0.019566,
5210A26790A,부품,5.0,0.65,93.0,0.007386,
5210A26790B,부품,5.0,0.65,112.0,0.008896,
5210A26790C,부품,5.0,0.65,76.0,0.006036,
5210A26790D,부품,5.0,0.65,76.0,0.006036,
5210A26790E,부품,5.0,0.65,69.0,0.00548,
5210A26795A,부품,6.35,0.65,110.0,0.011448,
5210A26795B,부품,6.35,0.65,97.0,0.010095,
5210A26795C,부품,6.35,0.65,78.0,0.008118,
5210A26795D,부품,6.35,0.65,90.0,0.009367,
5210A26795E,부품,6.35,0.65,98.0,0.010199,
5210A26795F,부품,6.35,0.65,106.0,0.011032,
5210A26807B,부품,15.88,0.95,386.0,0.153788,
5210A26838A,부품,12.7,0.75,618.0,0.155586,
5210A26839A,부품,15.88,0.95,1039.0,0.413953,
5210A26860A,부품,6.35,0.65,125.0,0.013009,
5210A26861A,부품,6.35,0.65,102.0,0.010615,
5210A26862A,부품,6.35,0.65,108.0,0.01124,
5210A26863A,부품,6.35,0.65,132.0,0.013738,
5210A26864A,부품,6.35,0.65,94.0,0.009783,
5210A26885D,부품,6.35,0.65,113.0,0.01176,
5210A26885H,부품,6.35,0.65,124.0,0.012905,
5210A276900C,부품,19.05,0.95,1138.0,0.549663,
5210A27924F,부품,12.7,0.75,732.0,0.184286,
5210A27925B,부품,7.94,0.65,290.0,0.0386,
5210A27925C,부품,9.52,0.65,285.0,0.046157,
5210A29025C,부품,12.7,0.75,181.0,0.045568,
5210A29103A,부품,6.35,0.65,161.0,0.016756,
5210A29104A,부품,6.35,0.65,144.0,0.014987,
5210A29110A,부품,6.35,0.65,211.0,0.021959,
5210A29901B,부품,4.76,0.65,414.0,0.031068,
5210A29901C,부품,4.76,0.65,243.0,0.018235,
5210A29902B,부품,6.35,0.65,341.0,0.035489,
5210A29902C,부품,6.35,0.65,262.0,0.027267,
5210A30050E,부품,9.52,0.65,72.0,0.011661,
5210A30050Y,부품,7.94,0.65,54.0,0.007188,
5210A30334L,부품,6.35,0.65,112.0,0.011656,
5210A30339A,부품,7.94,0.65,321.0,0.042727,
5210A30340A,부품,9.52,0.65,124.0,0.020082,
5210A30536A,부품,6.35,0.65,223.0,0.023208,
5210A30536D,부품,6.35,0.65,141.0,0.014674,
5210A30536E,부품,6.35,0.65,135.0,0.01405,
5210A30536F,부품,6.35,0.65,271.0,0.028204,
5210A30536G,부품,6.35,0.65,277.0,0.028828,
5210A30536H,부품,6.35,0.65,451.0,0.046937,
5210A30538J,부품,15.88,0.95,93.0,0.037053,
5210A30540A,부품,6.35,0.65,192.0,0.019982,
5210A30541A,부품,6.35,0.65,139.0,0.014466,
5210A30554F,부품,7.0,0.65,46.0,0.005333,
5210A30572C,부품,6.35,0.65,102.0,0.010615,
5210A30572D,부품,6.35,0.65,133.0,0.013842,
5210A30573A,부품,6.35,0.65,119.0,0.012385,
5210A30581A,부품,6.35,0.65,122.0,0.012697,
5210A30582A,부품,7.94,0.65,93.0,0.012379,
5210A30657R,부품,9.52,0.65,145.0,0.023483,
5210A30846A,부품,7.0,0.65,85.0,0.009855,
5210A30866G,부품,9.52,0.65,144.0,0.023321,
5210A30866H,부품,9.52,0.65,131.0,0.021216,
5210A30983K,부품,9.52,0.65,78.0,0.012632,
5210A30994B,부품,4.76,0.65,316.0,0.023713,
5210A30994C,부품,4.76,0.65,316.0,0.023713,
5210A30994D,부품,4.76,0.65,316.0,0.023713,
5210A30994H,부품,4.76,0.65,333.0,0.024989,
5210A30994J,부품,4.76,0.65,333.0,0.024989,
5210A30994K,부품,4.76,0.65,334.0,0.025064,
5210A30998B,부품,4.76,0.65,314.0,0.023563,
5210A30998C,부품,4.76,0.65,316.0,0.023713,
5210A30998F,부품,4.76,0.65,333.0,0.024989,
5210A30998G,부품,4.76,0.65,333.0,0.024989,
5210A30999R,부품,9.52,0.65,252.0,0.040812,
5210A31174M,부품,7.94,0.65,222.0,0.029549,
5210A31181F,부품,9.52,0.65,80.0,0.012956,
5210A31181G,부품,9.52,0.65,100.0,0.016195,
5210A31181J,부품,9.52,0.65,110.0,0.017815,
5210A31181N,부품,9.52,0.65,142.0,0.022997,
5210A31545A,부품,7.94,0.65,89.0,0.011846,
5210A31624A,부품,4.76,0.65,128.0,0.009605,
5210A31625A,부품,4.76,0.65,75.0,0.005628,
5210A31626A,부품,4.76,0.65,92.0,0.006904,
5210A31627A,부품,4.76,0.65,238.0,0.01786,
5210A31629A,부품,6.35,0.65,46.0,0.004787,
5210A31630A,부품,6.35,0.65,128.0,0.013321,
5210A31631A,부품,6.35,0.65,107.0,0.011136,
5210A31705A,부품,6.35,0.65,173.0,0.018005,
5210A31705E,부품,6.35,0.65,251.0,0.026122,
5210A31705F,부품,6.35,0.65,178.0,0.018525,
5210A31705G,부품,6.35,0.65,282.0,0.029349,
5210A31909C,부품,9.52,0.65,91.0,0.014738,
5210A31928D,부품,6.35,0.65,124.0,0.012905,
5210A31928F,부품,6.35,0.65,155.0,0.016131,
5210A31939A,부품,6.35,0.7,143.0,0.015887,
5210A32911E,부품,9.52,0.65,49.0,0.007936,
5210A33939A,부품,6.35,0.65,152.0,0.015819,
5210A33939B,부품,6.35,0.65,186.0,0.019358,
5210A33939C,부품,6.35,0.65,163.0,0.016964,
5210A38010A,부품,19.05,0.95,789.0,0.381093,
5210A38011B,부품,19.05,0.95,388.0,0.187407,
5210AP21266G,부품,9.52,0.65,103.0,0.016681,
5210AP3920A,부품,9.52,0.65,188.0,0.030447,
5210AP3920E,부품,9.52,0.65,186.0,0.030123,
5210AP3921A,부품,9.52,0.65,194.0,0.031419,
5210AP3922A,부품,9.52,0.65,144.0,0.023321,
5210AP3922B,부품,9.52,0.65,144.0,0.023321,
5210AP3950M,부품,15.88,0.95,151.0,0.060161,
5210AP3952J,부품,12.7,0.75,423.0,0.106493,
5210AP3953K,부품,12.7,0.75,253.0,0.063694,
5210AP4026A,부품,7.94,0.65,80.0,0.010648,
5210AP4026V,부품,7.94,0.65,75.0,0.009983,
5210AP4026W,부품,7.94,0.65,75.0,0.009983,
5210AP4184A,부품,9.52,0.65,74.0,0.011985,
5210AP7145V,부품,6.35,0.65,487.0,0.050684,
5210AR7078Y,부품,12.7,0.75,110.0,0.027693,
5210AR7078Z,부품,15.88,0.95,702.0,0.279687,
5211A20354J,부품,2.6,0.8,900.0,0.036405,
5211A31546A,부품,7.94,0.65,136.0,0.018102,
5211AP4052A,부품,7.94,0.65,117.0,0.015573,
5211AP4052B,부품,7.0,0.65,109.0,0.012638,
5211AP4052J,부품,7.94,0.65,115.0,0.015307,
5211AP4052K,부품,7.0,0.65,136.0,0.015768,
5211AP4052R,부품,7.0,0.65,145.0,0.016812,
5224A20002W,부품,19.05,0.95,95.0,0.045886,
5256A30003G,부품,50.8,1.75,150.0,0.361676,
5998A20002H-2,부품,15.88,0.95,88.0,0.03506,
AAB73250401,부품,19.05,0.95,296.0,0.14297,
ADQ35725501,부품,19.05,0.95,85.0,0.041056,
AJR30007101-9-5,부품,6.35,0.65,271.0,0.028204,
AJR30007102-9-1,부품,9.52,0.65,327.0,0.052959,
AJR73882504-1-1,부품,6.35,0.65,340.0,0.035385,
AJR75605104,부품,12.7,0.75,267.0,0.067219,
AJR76166401-9-1,부품,9.52,0.65,416.0,0.067372,
CAPILLARY,부품,6.35,0.65,460.0,0.047874,
COND-OUT,부품,9.52,0.65,439.0,0.071097,
DISCHARGE,부품,9.52,0.65,697.0,0.112881,
DISCHARGE-PART1,부품,12.7,0.75,932.0,0.234637,
DISCHARGE-PART2,부품,9.52,0.65,182.0,0.029475,
DISCHARGE-PART3,부품,9.52,0.65,182.0,0.029475,
L-TUBE,부품,19.05,0.95,518.0,0.250198,
MAA63264602-01,부품,19.05,1.2,384.0,0.231048,
MFS62323001,부품,50.8,1.8,300.0,0.743261,
MJU00695801,부품,9.52,1.45,312.0,0.102553,
MJU00697402,부품,15.88,0.75,1082.0,0.344889,
MJU00697501,부품,7.0,0.55,52.0,0.005182,
MJU00697502,부품,7.0,0.55,137.0,0.013652,
MJU00697601,부품,9.52,1.45,292.0,0.095979,
MJU00698701,부품,6.35,0.9,262.0,0.036099,
MJU00698801,부품,4.76,0.65,307.0,0.023038,
MJU00698901,부품,9.52,1.45,106.0,0.034842,
MJU00699101,부품,9.52,1.45,205.0,0.067383,
MJU00702201,부품,6.35,0.65,453.0,0.047145,
MJU00702202,부품,9.52,0.65,131.0,0.021216,
MJU00702203,부품,15.88,0.95,240.0,0.095619,
MJU00702204,부품,9.52,0.65,396.0,0.064133,
MJU00702205,부품,15.88,0.95,93.0,0.037053,
MJU00702206,부품,15.88,0.95,398.0,0.158569,
MJU00702207,부품,9.52,0.65,380.0,0.061542,
MJU00702208,부품,15.88,0.95,388.0,0.154585,
MJU00702209,부품,7.0,0.65,372.0,0.04313,
MJU00702401,부품,4.76,0.65,303.0,0.022738,
MJU00702402,부품,4.76,0.65,303.0,0.022738,
MJU00702403,부품,4.76,0.65,303.0,0.022738,
MJU00702405,부품,4.76,0.65,303.0,0.022738,
MJU00702406,부품,4.76,0.65,478.0,0.03587,
MJU00702407,부품,4.76,0.65,331.0,0.024839,
MJU00702409,부품,4.76,0.65,102.0,0.007654,
MJU00702411,부품,4.76,0.65,303.0,0.022738,
MJU00702412,부품,4.76,0.65,402.0,0.030167,
MJU00702414,부품,4.76,0.65,402.0,0.030167,
MJU00702415,부품,4.76,0.65,303.0,0.022738,
MJU00702501,부품,7.0,0.65,372.0,0.04313,
MJU00702502,부품,7.0,0.65,462.0,0.053565,
MJU00702503,부품,7.0,0.65,462.0,0.053565,
MJU00702504,부품,7.0,0.65,462.0,0.053565,
MJU00702701,부품,9.52,0.65,326.0,0.052797,
MJU00702702,부품,12.7,0.75,256.0,0.06445,
MJU00702703,부품,9.52,0.65,176.0,0.028504,
MJU00702704,부품,12.7,0.75,416.0,0.104731,
MJU00702705,부품,12.7,0.75,290.0,0.073009,
MJU00702706,부품,12.7,0.75,186.0,0.046827,
MJU00722803,부품,9.52,0.65,234.0,0.037897,
MJU00722804,부품,9.52,0.65,149.0,0.024131,
MJU00722805,부품,9.52,0.65,253.0,0.040974,
MJU00722808,부품,15.88,0.95,645.0,0.256977,
MJU00722811,부품,12.7,0.75,742.0,0.186803,
MJU00722812,부품,15.88,0.95,309.0,0.12311,
MJU00722813,부품,15.88,0.95,81.0,0.032272,
MJU00722814,부품,12.7,0.75,328.0,0.082576,
MJU00731901,부품,9.52,0.65,665.0,0.107699,
MJU00732001,부품,9.52,0.65,410.0,0.066401,
MJU00732401,부품,5.0,0.65,152.0,0.012073,
MJU00732801,부품,12.7,0.75,831.0,0.20921,
MJU00732901,부품,9.52,0.65,533.0,0.086321,
MJU00734301,부품,12.7,0.75,835.0,0.210217,
MJU00734401,부품,9.52,0.65,633.0,0.102516,
MJU00743201,부품,12.7,0.75,100.0,0.025176,
MJU00743301,부품,12.7,0.75,298.0,0.075023,
MJU00743601,부품,12.7,0.75,136.0,0.034239,
MJU00750604,부품,7.0,0.65,130.0,0.015072,
MJU00750605,부품,7.0,0.65,145.0,0.016812,
MJU00750702,부품,9.52,0.65,66.0,0.010689,
MJU00752701,부품,15.88,0.95,118.5,0.047212,
MJU00752901,부품,12.7,0.75,133.05,0.033496,
MJU00753001,부품,15.88,0.95,286.2,0.114026,
MJU00776601,부품,9.52,0.55,430.0,0.05959,
MJU00776602,부품,9.52,0.55,494.0,0.06846,
MJU00776603,부품,9.52,0.55,243.0,0.033675,
MJU00776604,부품,9.52,0.55,403.0,0.055849,
MJU00776605,부품,9.52,0.55,223.0,0.030904,
MJU00776606,부품,9.52,0.55,236.0,0.032705,
MJU00777004,부품,28.0,1.0,301.0,0.228287,
MJU00777204,부품,22.22,1.0,480.0,0.286114,
MJU00777206,부품,22.22,1.0,70.0,0.041725,
MJU00777211,부품,22.22,1.0,275.0,0.163919,
MJU00777401,부품,25.4,1.0,298.0,0.204248,
MJU00777405,부품,22.22,1.0,192.0,0.114445,
MJU00777406,부품,12.7,0.6,178.0,0.0363,
MJU00777501,부품,28.0,1.0,353.0,0.267726,
MJU00777604,부품,22.22,1.0,310.0,0.184782,
MJU00777605,부품,22.22,1.0,181.0,0.107889,
MJU00787901,부품,12.7,0.75,300.0,0.075527,
MJU00787902,부품,12.7,0.75,300.0,0.075527,
MJU00787903,부품,12.7,0.75,84.0,0.021148,
MJU00788001,부품,9.52,0.65,91.0,0.014738,
MJU00788002,부품,9.52,0.65,64.0,0.010365,
MJU007883001,부품,6.35,0.65,215.0,0.022376,
MJU00788302,부품,6.35,0.65,47.0,0.004891,
MJU00788303,부품,6.35,0.65,61.0,0.006348,
MJU00788304,부품,6.35,0.65,98.0,0.010199,
MJU00788305,부품,6.35,0.65,90.0,0.009367,
MJU00788306,부품,6.35,0.65,127.0,0.013217,
MJU00788307,부품,6.35,0.65,98.0,0.010199,
MJU00788308,부품,6.35,0.65,85.0,0.008846,
MJU00788309,부품,6.35,0.65,143.0,0.014883,
MJU00788310,부품,6.35,0.65,130.0,0.01353,
MJU00788401,부품,4.76,0.65,123.0,0.00923,
MJU00788402,부품,4.76,0.65,199.0,0.014933,
MJU00788403,부품,4.76,0.65,124.0,0.009305,
MJU00788404,부품,4.76,0.65,175.0,0.013132,
MJU00788405,부품,4.76,0.65,170.0,0.012757,
MJU007888201,부품,7.0,0.65,76.0,0.008812,
MJU00792302,부품,9.52,0.65,174.0,0.02818,
MJU00792304,부품,9.52,0.65,174.0,0.02818,
MJU00792306,부품,9.52,0.65,216.0,0.034982,
MJU00792308,부품,9.52,0.65,209.0,0.033848,
MJU00792310,부품,9.52,0.65,215.0,0.03482,
MJU00792311,부품,9.52,0.65,110.0,0.017815,
MJU00792312,부품,9.52,0.65,115.0,0.018625,
MJU00792313,부품,9.52,0.65,107.0,0.017329,
MJU00792314,부품,9.52,0.65,106.0,0.017167,
MJU00792315,부품,9.52,0.65,54.0,0.008745,
MJU00792316,부품,9.52,0.65,135.0,0.021864,
MJU00792317,부품,9.52,0.65,64.0,0.010365,
MJU00792318,부품,9.52,0.65,114.0,0.018463,
MJU00792319,부품,9.52,0.65,75.0,0.012146,
MJU00792320,부품,9.52,0.65,115.0,0.018625,
MJU00814201,부품,12.7,0.6,177.0,0.036096,
MJU00855301,부품,9.52,0.55,297.0,0.041159,
MJU00855302,부품,9.52,0.55,283.0,0.039219,
MJU00855305,부품,9.52,0.55,469.0,0.064995,
MJU00855306,부품,9.52,0.55,323.0,0.044762,
MJU00855307,부품,9.52,0.55,227.0,0.031458,
MJU00855308,부품,9.52,0.55,244.0,0.033814,
MJU30069612,부품,12.7,0.75,804.0,0.202412,
MJU30069613,부품,12.7,0.75,726.0,0.182775,
MJU30258901,부품,6.35,0.65,106.0,0.011032,
MJU30497801,부품,6.35,0.65,68.0,0.007077,
MJU30498001,부품,6.35,0.65,112.0,0.011656,
MJU30533101,부품,6.35,0.65,122.0,0.012697,
MJU30588601,부품,4.76,0.65,118.0,0.008855,
MJU30588701,부품,4.76,0.65,80.0,0.006003,
MJU30588801,부품,4.76,0.65,108.0,0.008105,
MJU30588901,부품,4.76,0.65,61.0,0.004578,
MJU30589001,부품,9.52,0.65,196.0,0.031743,
MJU30589101,부품,6.35,0.65,252.0,0.026227,
MJU30589201,부품,6.35,0.65,60.0,0.006244,
MJU31086903,부품,15.88,0.95,770.0,0.306779,
MJU31378608,부품,9.52,0.65,90.0,0.014576,
MJU31417501,부품,15.88,0.95,983.0,0.391641,
MJU31419001,부품,12.7,0.75,535.0,0.13469,
MJU32884701,부품,6.35,0.65,112.0,0.011656,
MJU32884702,부품,6.35,0.65,427.0,0.044439,
MJU32884703,부품,6.35,0.65,128.0,0.013321,
MJU32884704,부품,6.35,0.65,368.0,0.038299,
MJU34242101,부품,19.05,0.95,53.0,0.025599,
MJU34242102,부품,15.88,0.95,53.0,0.021116,
MJU34694005,부품,15.88,0.95,909.0,0.362159,
MJU34694006,부품,15.88,0.95,573.0,0.228292,
MJU34799302,부품,12.7,0.75,376.0,0.09466,
MJU36542608,부품,4.76,0.65,226.0,0.01696,
MJU36542609,부품,4.76,0.65,170.0,0.012757,
MJU36542610,부품,4.76,0.65,320.0,0.024014,
MJU36542611,부품,4.76,0.65,300.0,0.022513,
MJU36542612,부품,4.76,0.65,327.0,0.024539,
MJU36873402,부품,6.35,0.65,362.0,0.037675,
MJU36873403,부품,6.35,0.65,161.0,0.016756,
MJU36873404,부품,6.35,0.65,194.0,0.02019,
MJU36873405,부품,6.35,0.65,225.0,0.023417,
MJU37361101,부품,6.35,0.65,86.0,0.00895,
MJU37361110,부품,6.35,0.65,317.0,0.032991,
MJU37361115,부품,6.35,0.65,88.0,0.009158,
MJU37361117,부품,6.35,0.65,280.0,0.029141,
MJU37361122,부품,6.35,0.65,300.0,0.031222,
MJU37361123,부품,6.35,0.65,208.0,0.021647,
MJU37361130,부품,6.35,0.65,117.0,0.012177,
MJU37361311,부품,9.52,0.65,354.0,0.057331,
MJU37361316,부품,9.52,0.65,167.0,0.027046,
MJU37361317,부품,9.52,0.65,155.0,0.025103,
MJU37361320,부품,9.52,0.65,135.0,0.021864,
MJU37361321,부품,9.52,0.65,326.0,0.052797,
MJU37361324,부품,6.35,0.65,112.0,0.011656,
MJU37361325,부품,6.35,0.65,202.0,0.021023,
MJU37361326,부품,9.52,0.65,1149.0,0.186084,
MJU37361330,부품,9.52,0.65,1132.0,0.183331,
MJU37370101,부품,15.88,0.95,144.0,0.057372,
MJU37499501,부품,7.0,0.65,92.0,0.010667,
MJU37499607,부품,9.52,0.65,208.0,0.033686,
MJU37499706,부품,15.88,0.95,505.0,0.201199,
MJU37499711,부품,15.88,0.95,505.0,0.201199,
MJU37646302,부품,15.88,0.95,272.0,0.108369,
MJU38232201,부품,6.35,0.7,122.0,0.013554,
MJU38274201,부품,7.0,0.65,94.0,0.010898,
MJU38274202,부품,7.0,0.65,98.0,0.011362,
MJU38274203,부품,7.0,0.65,98.0,0.011362,
MJU38274204,부품,7.0,0.65,98.0,0.011362,
MJU38359301,부품,15.88,0.95,784.0,0.312357,
MJU38888706,부품,9.52,0.65,180.0,0.029152,
MJU38890617,부품,15.88,0.95,938.0,0.373713,
MJU39704601,부품,6.35,0.95,144.0,0.020751,
MJU39869701,부품,15.88,0.95,871.0,0.347019,
MJU39869801,부품,12.7,0.75,125.0,0.03147,
MJU40224207,부품,15.88,0.95,402.0,0.160163,
MJU40224209,부품,15.88,0.95,575.0,0.229088,
MJU40224210,부품,15.88,0.95,1247.0,0.496823,
MJU40246001,부품,12.7,0.75,103.0,0.025931,
MJU40246002,부품,12.7,0.75,113.0,0.028448,
MJU40419008,부품,9.52,0.65,61.0,0.009879,
MJU41254401,부품,7.0,0.65,172.0,0.019942,
MJU41254402,부품,7.0,0.65,151.0,0.017507,
MJU41254403,부품,7.0,0.65,181.0,0.020985,
MJU41254404,부품,7.0,0.65,155.0,0.017971,
MJU41489501,부품,6.35,0.9,332.0,0.045743,
MJU41489502,부품,6.35,0.9,357.0,0.049188,
MJU41490401,부품,6.35,0.9,229.0,0.031552,
MJU41491101,부품,6.35,0.9,366.0,0.050428,
MJU41491102,부품,6.35,0.9,391.0,0.053873,
MJU41491201,부품,15.88,0.95,73.0,0.029084,
MJU41491202,부품,19.05,0.95,73.0,0.03526,
MJU41491203,부품,15.88,0.95,72.0,0.028686,
MJU41495901,부품,15.88,0.95,72.0,0.028686,
MJU41496001,부품,19.05,0.95,189.0,0.091288,
MJU41496102,부품,15.88,0.95,74.0,0.029483,
MJU41496302,부품,15.88,0.95,348.0,0.138648,
MJU41625901,부품,6.35,0.65,117.0,0.012177,
MJU41625903,부품,6.35,0.65,142.0,0.014778,
MJU41625904,부품,6.35,0.65,159.0,0.016548,
MJU41625910,부품,6.35,0.65,142.0,0.014778,
MJU41625911,부품,6.35,0.65,167.0,0.01738,
MJU41625912,부품,6.35,0.65,184.0,0.01915,
MJU41739701,부품,4.76,0.65,224.0,0.01681,
MJU41739703,부품,4.76,0.65,184.0,0.013808,
MJU41739705,부품,4.76,0.65,252.0,0.018911,
MJU41740401,부품,9.52,0.65,84.0,0.013604,
MJU41838701,부품,7.0,0.65,69.0,0.008,
MJU41838703,부품,15.88,0.95,142.0,0.056575,
MJU41838707,부품,7.0,0.65,453.0,0.052521,
MJU41838708,부품,7.0,0.65,401.0,0.046493,
MJU41838709,부품,7.0,0.65,441.0,0.05113,
MJU41838710,부품,7.0,0.65,509.0,0.059014,
MJU41838711,부품,9.52,0.65,311.0,0.050367,
MJU41838712,부품,9.52,0.65,247.0,0.040002,
MJU41838722,부품,15.88,0.95,121.0,0.048208,
MJU41838723,부품,15.88,0.95,154.0,0.061356,
MJU41838727,부품,15.88,0.95,155.0,0.061754,
MJU41838728,부품,12.7,0.75,158.0,0.039778,
MJU41838731,부품,12.7,0.75,120.0,0.030211,
MJU41838733,부품,15.88,0.95,157.0,0.062551,
MJU41838735,부품,12.7,0.75,130.0,0.032728,
MJU41839009,부품,15.88,0.95,405.0,0.161358,
MJU41839011,부품,15.88,0.95,341.0,0.135859,
MJU41839012,부품,15.88,0.95,620.0,0.247017,
MJU41839013,부품,15.88,0.95,620.0,0.247017,
MJU41839025,부품,15.88,0.95,620.0,0.247017,
MJU41839026,부품,15.88,0.95,620.0,0.247017,
MJU41839030,부품,15.88,0.95,569.0,0.226698,
MJU41839031,부품,15.88,0.95,600.0,0.239049,
MJU41839032,부품,15.88,0.95,624.0,0.248611,
MJU41839035,부품,12.7,0.75,595.0,0.149795,
MJU41839036,부품,12.7,0.75,152.0,0.038267,
MJU41839037,부품,15.88,0.95,460.0,0.183271,
MJU41839038,부품,15.88,0.95,788.0,0.313951,
MJU41839039,부품,15.88,0.95,460.0,0.183271,
MJU41839043,부품,15.88,0.95,578.0,0.230284,
MJU41839044,부품,15.88,0.95,170.0,0.06773,
MJU41941706,부품,19.05,0.95,502.0,0.24247,
MJU41941910,부품,15.88,0.95,154.0,0.061356,
MJU41942001,부품,9.52,0.65,226.0,0.036601,
MJU41942006,부품,9.52,0.65,158.0,0.025589,
MJU41942007,부품,9.52,0.65,99.0,0.016033,
MJU41942216,부품,19.05,0.95,1314.0,0.634672,
MJU42064507,부품,6.35,0.65,282.0,0.029349,
MJU42064508,부품,6.35,0.65,67.0,0.006973,
MJU42064509,부품,6.35,0.65,197.0,0.020502,
MJU42064527,부품,6.35,0.65,142.0,0.014778,
MJU42132501,부품,4.76,0.65,92.0,0.006904,
MJU42132502,부품,4.76,0.65,94.0,0.007054,
MJU42132503,부품,4.76,0.65,89.0,0.006679,
MJU42177301,부품,15.88,0.95,811.0,0.323114,
MJU42239001,부품,9.52,0.65,262.0,0.042432,
MJU42239004,부품,9.52,1.45,430.0,0.141339,
MJU42271904,부품,12.7,0.75,698.0,0.175726,
MJU42282503,부품,6.35,0.65,166.0,0.017276,
MJU42282703,부품,6.35,0.65,190.0,0.019774,
MJU42282704,부품,6.35,0.65,214.0,0.022272,
MJU42282707,부품,6.35,0.65,183.0,0.019045,
MJU42282708,부품,9.52,0.65,362.0,0.058627,
MJU42282712,부품,4.76,0.65,435.0,0.032643,
MJU42282713,부품,4.76,0.65,180.0,0.013508,
MJU42282714,부품,9.52,0.65,80.0,0.012956,
MJU42367002,부품,12.7,0.75,240.0,0.060422,
MJU42378901,부품,7.94,0.65,57.0,0.007587,
MJU42403117,부품,15.88,0.95,51.0,0.020319,
MJU42403118,부품,15.88,0.95,811.0,0.323114,
MJU42756501,부품,6.35,0.65,185.0,0.019254,
MJU42756502,부품,6.35,0.65,178.0,0.018525,
MJU42756503,부품,6.35,0.65,241.0,0.025082,
MJU42756504,부품,6.35,0.65,156.0,0.016235,
MJU42756505,부품,6.35,0.65,76.0,0.00791,
MJU42756506,부품,6.35,0.65,66.0,0.006869,
MJU42756510,부품,6.35,0.65,208.0,0.021647,
MJU42756802,부품,9.52,0.65,186.0,0.030123,
MJU42805302,부품,15.88,0.95,100.0,0.039841,
MJU42805405,부품,4.76,0.65,173.0,0.012982,
MJU42805406,부품,4.76,0.65,147.0,0.011031,
MJU42813101,부품,12.7,0.75,174.0,0.043806,
MJU42822201,부품,6.35,0.65,164.0,0.017068,
MJU42822701,부품,6.35,0.65,144.0,0.014987,
MJU42822901,부품,6.35,0.65,105.0,0.010928,
MJU42823701,부품,6.35,0.65,84.0,0.008742,
MJU42823702,부품,6.35,0.65,180.0,0.018733,
MJU42823703,부품,6.35,0.65,164.0,0.017068,
MJU42823704,부품,6.35,0.65,121.0,0.012593,
MJU42823705,부품,6.35,0.65,123.0,0.012801,
MJU42823801,부품,6.35,0.65,79.0,0.008222,
MJU42823901,부품,6.35,0.65,100.0,0.010407,
MJU42824001,부품,6.35,0.65,91.0,0.009471,
MJU42827501,부품,6.35,0.65,188.0,0.019566,
MJU42911801,부품,9.52,0.65,32.0,0.005182,
MJU42911802,부품,9.52,1.45,40.0,0.013148,
MJU42912201,부품,9.52,1.45,216.0,0.070998,
MJU42912202,부품,9.52,1.45,169.0,0.055549,
MJU42937801,부품,9.52,0.65,50.0,0.008098,
MJU42938606,부품,6.35,0.65,256.0,0.026643,
MJU42948301,부품,7.0,0.65,60.0,0.006956,
MJU42960001,부품,9.52,0.65,268.0,0.043403,
MJU42960002,부품,6.35,0.65,287.0,0.029869,
MJU42960101,부품,9.52,0.65,310.0,0.050205,
MJU42960102,부품,6.35,0.65,355.0,0.036946,
MJU42963501,부품,9.52,0.65,253.0,0.040974,
MJU47146601,부품,7.0,0.65,82.0,0.009507,
MJU47146602,부품,7.0,0.65,85.0,0.009855,
MJU47146603,부품,7.0,0.65,85.0,0.009855,
MJU47147501,부품,12.7,0.75,376.0,0.09466,
MJU47147502,부품,12.7,0.75,337.0,0.084842,
MJU47213201,부품,9.52,1.45,52.0,0.017092,
MJU47306801,부품,9.52,0.65,190.0,0.030771,
MJU47306802,부품,9.52,0.65,247.0,0.040002,
MJU47306803,부품,15.88,0.95,262.0,0.104385,
MJU47306805,부품,12.7,0.75,188.0,0.04733,
MJU47306806,부품,15.88,0.95,264.0,0.105181,
MJU47306807,부품,19.05,0.95,267.0,0.128963,
MJU47308201,부품,9.52,0.65,134.0,0.021702,
MJU47308202,부품,9.52,0.65,132.0,0.021378,
MJU47308205,부품,12.7,0.75,120.0,0.030211,
MJU47308206,부품,19.05,0.95,192.0,0.092737,
MJU47308207,부품,25.4,1.15,139.0,0.108887,
MJU47312220,부품,22.22,1.15,95.0,0.06466,
MJU47584901,부품,9.52,0.65,152.0,0.024617,
MJU47584902,부품,9.52,0.65,207.0,0.033524,
MJU47584903,부품,15.88,0.95,202.0,0.08048,
MJU47584904,부품,22.2,1.15,210.0,0.142798,
MJU47584905,부품,12.7,0.75,150.0,0.037763,
MJU47978301,부품,6.35,0.65,157.0,0.01634,
MJU47978302,부품,6.35,0.65,152.0,0.015819,
MJU47978303,부품,6.35,0.65,99.0,0.010303,
MJU47978304,부품,7.94,0.65,235.0,0.03128,
MJU47978305,부품,6.35,0.65,154.0,0.016027,
MJU47978401,부품,12.7,0.75,218.0,0.054883,
MJU47979202,부품,4.76,0.65,174.0,0.013057,
MJU47979203,부품,4.76,0.65,145.0,0.010881,
MJU48000801,부품,6.35,0.65,205.0,0.021335,
MJU48000901,부품,6.35,0.65,210.0,0.021855,
MJU48001001,부품,6.35,0.65,176.0,0.018317,
MJU48163401,부품,9.52,0.65,40.0,0.006478,
MJU48166704,부품,9.52,0.65,250.0,0.040488,
MJU48957501,부품,7.94,0.65,57.0,0.007587,
MJU54082901,부품,6.35,0.65,145.0,0.015091,
MJU54082902,부품,6.35,0.65,156.0,0.016235,
MJU54082904,부품,6.35,0.65,186.0,0.019358,
MJU54082905,부품,6.35,0.65,224.0,0.023312,
MJU54397501,부품,15.88,0.95,735.0,0.292835,
MJU54397502,부품,15.88,0.95,355.0,0.141437,
MJU54397505,부품,15.88,0.95,232.0,0.092432,
MJU54398201,부품,12.7,0.75,448.0,0.112787,
MJU55250501,부품,9.52,0.65,172.0,0.027856,
MJU55250504,부품,9.52,0.65,360.0,0.058303,
MJU55250505,부품,12.7,0.75,436.0,0.109766,
MJU55256702,부품,19.05,0.95,53.0,0.025599,
MJU55257301,부품,15.88,0.95,758.0,0.301998,
MJU55257302,부품,15.88,0.95,617.0,0.245822,
MJU55479901,부품,15.88,0.95,248.0,0.098807,
MJU56521201,부품,15.88,0.95,596.0,0.237455,
MJU56521202,부품,15.88,0.95,1092.0,0.435069,
MJU56521203,부품,15.88,0.95,567.0,0.225901,
MJU56925101,부품,4.76,0.65,249.0,0.018686,
MJU56925302,부품,4.0,0.6,310.0,0.017764,
MJU56925303,부품,4.0,0.6,210.0,0.012034,
MJU56925401,부품,4.76,0.65,181.0,0.013583,
MJU56926001,부품,12.7,0.75,181.0,0.045568,
MJU56926002,부품,12.7,0.75,181.0,0.045568,
MJU56926201,부품,6.35,0.65,222.0,0.023104,
MJU56926301,부품,6.35,0.65,211.0,0.021959,
MJU56926401,부품,6.35,0.65,161.0,0.016756,
MJU56926501,부품,6.35,0.65,182.0,0.018941,
MJU57001403,부품,15.88,0.95,171.0,0.068129,
MJU57152601,부품,9.52,0.65,223.0,0.036115,
MJU57152701,부품,9.52,0.65,71.0,0.011499,
MJU57152702,부품,9.52,0.65,240.0,0.038869,
MJU57152703,부품,9.52,0.65,99.0,0.016033,
MJU57152801,부품,9.52,0.65,161.0,0.026074,
MJU57152901,부품,9.52,0.65,170.0,0.027532,
MJU57152902,부품,9.52,0.65,167.0,0.027046,
MJU57271806,부품,5.0,0.65,68.0,0.005401,
MJU57271811,부품,5.0,0.65,70.0,0.00556,
MJU57909712,부품,7.0,0.65,84.0,0.009739,
MJU58266603,부품,12.7,0.75,379.0,0.095416,
MJU58273107,부품,9.52,0.65,935.0,0.151426,
MJU58273201,부품,7.94,0.65,375.0,0.049914,
MJU58273501,부품,7.94,0.65,315.0,0.041928,
MJU58273801,부품,9.52,0.65,295.0,0.047776,
MJU58273901,부품,9.52,0.65,477.0,0.077252,
MJU58290401,부품,6.35,0.65,177.0,0.018421,
MJU58290501,부품,6.35,0.65,228.0,0.023729,
MJU58290601,부품,6.35,0.65,109.0,0.011344,
MJU58291401,부품,6.35,0.65,148.0,0.015403,
MJU58941301,부품,6.35,0.65,225.0,0.023417,
MJU58941302,부품,6.35,0.65,170.0,0.017692,
MJU58941303,부품,6.35,0.65,182.0,0.018941,
MJU58941304,부품,6.35,0.65,99.0,0.010303,
MJU58941305,부품,6.35,0.65,129.0,0.013425,
MJU58941306,부품,6.35,0.65,205.0,0.021335,
MJU58941307,부품,9.52,0.65,273.0,0.044213,
MJU58941308,부품,6.35,0.65,98.0,0.010199,
MJU58941309,부품,6.35,0.65,117.0,0.012177,
MJU58941310,부품,6.35,0.65,185.0,0.019254,
MJU58941311,부품,12.7,0.75,290.0,0.073009,
MJU60435701,부품,15.88,0.95,521.0,0.207574,
MJU60435711,부품,12.7,0.75,553.0,0.139221,
MJU60435714,부품,12.7,0.75,484.0,0.12185,
MJU60436002,부품,12.7,0.75,154.0,0.038771,
MJU60436012,부품,12.7,0.75,193.0,0.048589,
MJU60436202,부품,12.7,0.75,183.0,0.046071,
MJU60436216,부품,9.52,0.65,1090.0,0.176529,
MJU60436220,부품,12.7,0.75,374.0,0.094157,
MJU60436221,부품,9.52,0.65,957.0,0.154989,
MJU60436230,부품,12.7,0.75,288.0,0.072506,
MJU60436231,부품,12.7,0.75,607.0,0.152816,
MJU60436232,부품,9.52,0.65,1005.0,0.162763,
MJU60436233,부품,9.52,0.65,141.0,0.022835,
MJU60436235,부품,9.52,0.65,172.0,0.027856,
MJU60436236,부품,12.7,0.75,376.0,0.09466,
MJU60436237,부품,12.7,0.75,560.0,0.140984,
MJU60436240,부품,12.7,0.75,399.0,0.100451,
MJU60436406,부품,12.7,0.75,113.0,0.028448,
MJU60436408,부품,4.76,0.65,226.0,0.01696,
MJU60436412,부품,12.7,0.75,320.0,0.080562,
MJU60436413,부품,12.7,0.75,113.0,0.028448,
MJU60436608,부품,12.7,0.75,488.0,0.122857,
MJU60436609,부품,12.7,0.75,769.0,0.193601,
MJU60436625,부품,12.7,0.75,415.0,0.104479,
MJU60436626,부품,12.7,0.75,822.0,0.206944,
MJU60436638,부품,12.7,0.75,965.0,0.242945,
MJU60436639,부품,12.7,0.75,355.0,0.089374,
MJU60436641,부품,12.7,0.75,378.0,0.095164,
MJU60436647,부품,12.7,0.75,968.0,0.2437,
MJU60477610,부품,12.7,0.75,511.0,0.128648,
MJU60499615,부품,9.52,0.65,55.0,0.008907,
MJU60671605,부품,9.52,0.65,488.0,0.079033,
MJU607012501,부품,15.88,0.75,391.0,0.124632,
MJU61131915,부품,4.76,0.65,274.0,0.020562,
MJU61346401,부품,4.0,0.6,822.0,0.047104,
MJU61346601,부품,4.0,0.6,822.0,0.047104,
MJU61351101,부품,4.0,0.6,822.0,0.047104,
MJU61351201,부품,4.0,0.6,1072.0,0.061429,
MJU61351501,부품,4.0,0.6,922.0,0.052834,
MJU61351601,부품,4.0,0.6,265.0,0.015185,
MJU61351801,부품,4.0,0.6,1072.0,0.061429,
MJU61356001,부품,6.35,0.65,478.0,0.049747,
MJU61380001,부품,4.76,0.65,533.0,0.039998,
MJU61380201,부품,4.76,0.65,743.0,0.055757,
MJU61380401,부품,4.76,0.65,744.0,0.055832,
MJU61380501,부품,4.76,0.65,953.0,0.071515,
MJU61382801,부품,4.76,0.65,1103.0,0.082772,
MJU61382901,부품,4.76,0.65,1363.0,0.102283,
MJU61387701,부품,4.76,0.65,533.0,0.039998,
MJU61391901,부품,9.52,0.65,548.0,0.08875,
MJU61554703,부품,12.7,0.75,276.0,0.069485,
MJU61572102,부품,15.88,0.95,744.0,0.29642,
MJU61572202,부품,15.88,0.95,728.0,0.290046,
MJU61593201,부품,15.88,1.0,53.0,0.022153,
MJU6160507,부품,9.52,0.65,106.0,0.017167,
MJU61722001,부품,6.35,0.65,92.0,0.009575,
MJU61722101,부품,4.76,0.65,100.0,0.007504,
MJU61848906,부품,15.88,0.95,310.0,0.123508,
MJU61848910,부품,12.7,0.75,455.0,0.114549,
MJU61848914,부품,12.7,0.75,219.0,0.055135,
MJU61850904,부품,6.35,0.65,398.0,0.041421,
MJU61850905,부품,6.35,0.65,376.0,0.039132,
MJU61850906,부품,6.35,0.65,245.0,0.025498,
MJU61851002,부품,9.52,0.65,167.0,0.027046,
MJU61858126,부품,4.76,0.65,96.0,0.007204,
MJU61858127,부품,4.76,0.65,102.0,0.007654,
MJU61858128,부품,4.76,0.65,124.0,0.009305,
MJU61858155,부품,4.76,0.65,98.0,0.007354,
MJU61858156,부품,4.76,0.65,104.0,0.007804,
MJU61858157,부품,4.76,0.65,120.0,0.009005,
MJU61861313,부품,12.7,0.75,125.0,0.03147,
MJU61861611,부품,9.52,0.65,177.0,0.028666,
MJU61861612,부품,9.52,0.65,63.0,0.010203,
MJU61861617,부품,9.52,0.65,128.0,0.02073,
MJU61861618,부품,9.52,0.65,117.0,0.018948,
MJU61865212,부품,12.7,0.75,914.0,0.230106,
MJU61865213,부품,12.7,0.75,677.0,0.170439,
MJU61865215,부품,12.7,0.75,590.0,0.148536,
MJU61865216,부품,12.7,0.75,616.0,0.155082,
MJU61865223,부품,12.7,0.75,585.0,0.147278,
MJU61869702,부품,12.7,0.75,155.0,0.039022,
MJU61869801,부품,6.35,0.65,306.0,0.031846,
MJU61869802,부품,6.35,0.65,154.0,0.016027,
MJU61869803,부품,6.35,0.65,154.0,0.016027,
MJU61869804,부품,6.35,0.65,364.0,0.037883,
MJU61870401,부품,6.35,0.65,566.0,0.058906,
MJU61872902,부품,6.35,0.65,162.0,0.01686,
MJU61872904,부품,6.35,0.65,172.0,0.017901,
MJU61872906,부품,6.35,0.65,203.0,0.021127,
MJU61872908,부품,6.35,0.65,242.0,0.025186,
MJU61880501,부품,9.52,0.65,242.0,0.039193,
MJU61880502,부품,9.52,0.65,197.0,0.031905,
MJU61880503,부품,9.52,0.65,163.0,0.026398,
MJU61880601,부품,9.52,0.65,125.0,0.020244,
MJU61880701,부품,9.52,0.65,118.0,0.01911,
MJU61880901,부품,9.52,0.65,90.0,0.014576,
MJU61881001,부품,9.52,0.65,129.0,0.020892,
MJU61881301,부품,9.52,0.65,126.0,0.020406,
MJU61884401,부품,6.35,0.65,177.0,0.018421,
MJU61884402,부품,6.35,0.65,216.0,0.02248,
MJU61884403,부품,6.35,0.65,202.0,0.021023,
MJU61884404,부품,6.35,0.65,241.0,0.025082,
MJU61884601,부품,6.35,0.65,127.0,0.013217,
MJU61896303,부품,15.88,0.95,469.0,0.186856,
MJU61908601,부품,9.52,0.65,87.0,0.01409,
MJU61908701,부품,9.52,0.65,144.0,0.023321,
MJU61908801,부품,9.52,0.65,138.0,0.022349,
MJU61908901,부품,9.52,0.65,180.0,0.029152,
MJU61909001,부품,9.52,0.65,235.0,0.038059,
MJU61909102,부품,9.52,0.65,345.0,0.055874,
MJU61909301,부품,9.52,0.65,243.0,0.039355,
MJU61909402,부품,9.52,0.65,282.0,0.045671,
MJU61909701,부품,12.7,0.75,60.0,0.015105,
MJU61909801,부품,12.7,0.75,502.0,0.126382,
MJU61909902,부품,12.7,0.75,574.0,0.144508,
MJU61910001,부품,12.7,0.75,75.0,0.018882,
MJU61916301,부품,9.52,0.65,70.0,0.011337,
MJU61926304,부품,12.7,0.75,841.0,0.211727,
MJU61926701,부품,9.52,1.45,156.0,0.051276,
MJU61926801,부품,9.52,1.45,188.0,0.061795,
MJU61926802,부품,9.52,1.45,121.0,0.039772,
MJU61928901,부품,4.0,0.6,406.0,0.023265,
MJU61937001,부품,15.88,0.95,35.0,0.013945,
MJU61940002,부품,9.52,1.45,410.0,0.134765,
MJU61940004,부품,9.52,1.45,107.0,0.03517,
MJU61940102,부품,6.35,0.65,171.0,0.017797,
MJU61940501,부품,9.52,0.65,51.0,0.00826,
MJU61940601,부품,9.52,0.65,204.0,0.033038,
MJU61940701,부품,9.52,0.65,85.0,0.013766,
MJU61940901,부품,15.88,0.95,82.0,0.03267,
MJU61942701,부품,9.52,0.65,54.0,0.008745,
MJU61942801,부품,6.35,0.65,35.0,0.003643,
MJU61942802,부품,6.35,0.65,62.0,0.006453,
MJU61942901,부품,9.52,0.65,126.0,0.020406,
MJU61943201,부품,9.52,0.65,341.0,0.055226,
MJU61943501,부품,9.52,1.45,86.56,0.028452,
MJU61945202,부품,15.88,0.95,519.0,0.206777,
MJU61949301,부품,9.52,0.65,119.0,0.019272,
MJU61949302,부품,9.52,0.65,55.0,0.008907,
MJU61949303,부품,9.52,0.65,61.0,0.009879,
MJU61949304,부품,9.52,0.65,124.0,0.020082,
MJU61949501,부품,5.0,0.65,287.0,0.022795,
MJU61949502,부품,5.0,0.65,296.0,0.02351,
MJU61955708,부품,6.35,0.65,203.0,0.021127,
MJU61956410,부품,6.35,0.65,49.0,0.0051,
MJU61972902,부품,7.0,0.65,65.0,0.007536,
MJU61986601,부품,7.0,0.65,195.0,0.022609,
MJU61986701,부품,7.0,0.65,191.0,0.022145,
MJU61986801,부품,7.0,0.65,211.0,0.024464,
MJU61987001,부품,22.22,1.15,605.0,0.411784,
MJU61987003,부품,19.05,0.95,458.0,0.221217,
MJU61987301,부품,7.0,0.65,211.0,0.024464,
MJU62012001,부품,9.52,0.65,365.0,0.059113,
MJU62012005,부품,7.0,0.65,85.0,0.009855,
MJU62028301,부품,6.35,0.65,134.0,0.013946,
MJU62028801,부품,6.35,0.65,82.0,0.008534,
MJU62028802,부품,6.35,0.65,82.0,0.008534,
MJU62029701,부품,9.52,0.65,40.0,0.006478,
MJU62030601,부품,9.52,0.65,51.0,0.00826,
MJU62032701,부품,9.52,0.65,348.0,0.05636,
MJU62034904,부품,7.0,0.65,60.0,0.006956,
MJU62046101,부품,6.35,0.65,73.0,0.007597,
MJU62046201,부품,6.35,0.65,173.0,0.018005,
MJU62066801,부품,9.52,0.65,235.0,0.038059,
MJU62067801,부품,6.35,0.65,98.0,0.010199,
MJU62067806,부품,6.35,0.65,96.0,0.009991,
MJU62069801,부품,9.52,0.65,70.0,0.011337,
MJU62072902,부품,7.0,0.65,129.0,0.014956,
MJU62072903,부품,7.0,0.65,129.0,0.014956,
MJU62078201,부품,6.35,0.65,135.0,0.01405,
MJU62078401,부품,6.35,0.65,154.0,0.016027,
MJU62078601,부품,9.52,0.65,101.0,0.016357,
MJU62078701,부품,4.76,0.65,266.0,0.019961,
MJU62078801,부품,4.76,0.65,261.0,0.019586,
MJU62078802,부품,4.76,0.65,262.0,0.019661,
MJU62078902,부품,4.0,0.6,239.0,0.013696,
MJU62079001,부품,6.35,0.65,42.0,0.004371,
MJU62079101,부품,9.52,0.65,75.0,0.012146,
MJU62079201,부품,9.52,0.65,50.0,0.008098,
MJU62079301,부품,6.35,0.65,50.0,0.005204,
MJU62079302,부품,6.35,0.65,38.0,0.003955,
MJU62079303,부품,6.35,0.65,62.0,0.006453,
MJU62079304,부품,6.35,0.65,59.0,0.00614,
MJU62079505,부품,7.94,0.65,531.0,0.070678,
MJU62079506,부품,6.35,0.65,180.0,0.018733,
MJU62079507,부품,6.35,0.65,147.0,0.015299,
MJU62079801,부품,6.35,0.65,154.0,0.016027,
MJU62096501,부품,9.52,0.65,35.0,0.005668,
MJU62096507,부품,9.52,0.65,64.0,0.010365,
MJU62098801,부품,7.94,0.65,45.0,0.00599,
MJU62098901,부품,6.35,0.65,105.0,0.010928,
MJU62099001,부품,6.35,0.65,88.0,0.009158,
MJU62099101,부품,6.35,0.65,50.0,0.005204,
MJU62188306,부품,15.88,0.95,468.0,0.186458,
MJU62192004,부품,15.88,0.95,1040.0,0.414351,
MJU62193402,부품,9.52,0.65,60.0,0.009717,
MJU62193403,부품,7.94,0.65,680.0,0.090511,
MJU62207801,부품,6.35,0.65,178.0,0.018525,
MJU62207802,부품,6.35,0.65,95.0,0.009887,
MJU62267001,부품,9.52,0.65,225.0,0.036439,
MJU62267101,부품,9.52,0.65,341.0,0.055226,
MJU62267201,부품,9.52,0.65,156.0,0.025265,
MJU62267501,부품,7.0,0.65,50.0,0.005797,
MJU62267502,부품,7.0,0.65,185.0,0.021449,
MJU62267504,부품,7.0,0.65,250.0,0.028985,
MJU62267505,부품,7.0,0.65,228.0,0.026435,
MJU62267701,부품,6.35,0.65,80.0,0.008326,
MJU62287006,부품,15.88,0.95,352.0,0.140242,
MJU62287008,부품,15.77,0.95,368.0,0.145536,
MJU62287516,부품,9.52,0.65,152.0,0.024617,
MJU62326609,부품,9.52,0.65,230.0,0.037249,
MJU62326610,부품,9.52,0.65,359.0,0.058141,
MJU62326612,부품,9.52,0.65,230.0,0.037249,
MJU62326613,부품,9.52,0.65,380.0,0.061542,
MJU62348705,부품,6.35,0.65,211.0,0.021959,
MJU62348706,부품,6.35,0.65,181.0,0.018837,
MJU62348707,부품,6.35,0.65,210.0,0.021855,
MJU62348708,부품,6.35,0.65,181.0,0.018837,
MJU62349201,부품,9.52,0.65,410.0,0.066401,
MJU62356410,부품,6.35,0.65,123.0,0.012801,
MJU62356412,부품,6.35,0.65,73.0,0.007597,
MJU62360301,부품,4.76,0.65,390.0,0.029267,
MJU62360401,부품,4.76,0.65,390.0,0.029267,
MJU62360501,부품,4.76,0.65,390.0,0.029267,
MJU62360601,부품,4.76,0.65,398.0,0.029867,
MJU62366601,부품,15.88,0.95,514.0,0.204785,
MJU62366603,부품,15.88,0.95,513.0,0.204387,
MJU62371104,부품,15.88,0.95,138.0,0.054981,
MJU62371701,부품,15.88,0.95,646.0,0.257376,
MJU62390701,부품,15.88,0.95,214.0,0.085261,
MJU62392001,부품,7.0,0.65,131.0,0.015188,
MJU62392101,부품,15.88,0.95,419.0,0.166936,
MJU62392701,부품,6.35,0.65,435.0,0.045272,
MJU62393501,부품,4.76,0.65,387.0,0.029041,
MJU62393601,부품,4.76,0.65,391.0,0.029342,
MJU62393801,부품,12.7,0.75,103.0,0.025931,
MJU62393806,부품,9.52,0.65,540.0,0.087455,
MJU62394001,부품,4.76,0.65,505.0,0.037896,
MJU62394101,부품,4.76,0.65,505.0,0.037896,
MJU62394201,부품,4.76,0.65,505.0,0.037896,
MJU62394301,부품,4.76,0.65,494.0,0.037071,
MJU62394401,부품,4.76,0.65,494.0,0.037071,
MJU62394501,부품,4.76,0.65,494.0,0.037071,
MJU62394601,부품,4.76,0.65,508.0,0.038122,
MJU62394701,부품,4.76,0.65,494.0,0.037071,
MJU62394801,부품,4.76,0.65,494.0,0.037071,
MJU62394901,부품,4.76,0.65,505.0,0.037896,
MJU62395001,부품,4.76,0.65,481.0,0.036095,
MJU62395101,부품,4.76,0.65,505.0,0.037896,
MJU62406601,부품,9.52,1.45,50.0,0.016435,
MJU62406703,부품,6.35,0.65,134.0,0.013946,
MJU62490101,부품,4.76,0.65,667.0,0.050053,
MJU62490201,부품,4.76,0.65,681.0,0.051104,
MJU62490301,부품,4.76,0.65,671.0,0.050353,
MJU62490401,부품,4.76,0.65,673.0,0.050504,
MJU62491908,부품,6.35,0.65,142.0,0.014778,
MJU62514617,부품,6.35,0.65,58.0,0.006036,
MJU62526101,부품,15.88,0.95,916.0,0.364948,
MJU62526501,부품,9.52,0.65,555.0,0.089884,
MJU62526502,부품,12.7,0.75,194.0,0.048841,
MJU62598003,부품,12.7,0.75,381.0,0.095919,
MJU62598004,부품,12.7,0.75,720.0,0.181265,
MJU62609101,부품,4.76,0.65,1463.0,0.109787,
MJU62609301,부품,12.7,0.75,407.0,0.102465,
MJU62609302,부품,12.7,0.75,272.0,0.068478,
MJU62614301,부품,6.35,0.65,400.0,0.041629,
MJU62627901,부품,9.52,0.65,365.0,0.059113,
MJU62671602,부품,9.52,0.65,188.0,0.030447,
MJU62671603,부품,6.35,0.65,91.0,0.009471,
MJU62671604,부품,9.52,0.65,188.0,0.030447,
MJU62671608,부품,6.35,0.65,83.0,0.008638,
MJU62671901,부품,12.7,0.75,293.0,0.073765,
MJU62671902,부품,12.7,0.75,108.0,0.02719,
MJU62671903,부품,12.7,0.75,154.0,0.038771,
MJU62671904,부품,12.7,0.75,300.0,0.075527,
MJU62671905,부품,12.7,0.75,270.0,0.067974,
MJU62671906,부품,12.7,0.75,405.0,0.101961,
MJU62672401,부품,7.0,0.65,57.0,0.006609,
MJU62672403,부품,7.0,0.65,83.0,0.009623,
MJU62672404,부품,7.0,0.65,151.0,0.017507,
MJU62672405,부품,7.0,0.65,151.0,0.017507,
MJU62672406,부품,6.35,0.65,68.0,0.007077,
MJU62672407,부품,6.35,0.65,126.0,0.013113,
MJU62692001,부품,9.52,1.45,179.0,0.058836,
MJU62732605,부품,6.35,0.7,135.0,0.014998,
MJU62770301,부품,12.7,0.75,147.0,0.037008,
MJU62770401,부품,12.7,0.75,137.0,0.034491,
MJU62770402,부품,12.7,0.75,141.0,0.035498,
MJU62788805,부품,4.76,0.65,825.0,0.06191,
MJU62788806,부품,4.76,0.65,825.0,0.06191,
MJU62788807,부품,4.76,0.65,825.0,0.06191,
MJU62788808,부품,4.76,0.65,825.0,0.06191,
MJU62788809,부품,4.76,0.65,825.0,0.06191,
MJU62788810,부품,4.76,0.65,825.0,0.06191,
MJU62788817,부품,4.0,0.6,971.0,0.055642,
MJU62788818,부품,4.0,0.6,971.0,0.055642,
MJU62788819,부품,4.0,0.6,1402.0,0.08034,
MJU62788820,부품,4.0,0.6,1402.0,0.08034,
MJU62788821,부품,4.0,0.6,895.0,0.051287,
MJU62788822,부품,4.0,0.6,1348.0,0.077245,
MJU62788823,부품,4.0,0.6,895.0,0.051287,
MJU62788824,부품,4.0,0.6,1348.0,0.077245,
MJU62791001,부품,4.0,0.6,392.0,0.022463,
MJU62792001,부품,12.7,0.75,345.0,0.086856,
MJU62792003,부품,12.7,0.75,376.0,0.09466,
MJU62792301,부품,15.88,0.95,230.0,0.091635,
MJU62792304,부품,15.88,0.95,247.0,0.098408,
MJU62793401,부품,7.94,0.65,70.0,0.009317,
MJU62811801,부품,12.7,0.75,215.0,0.054128,
MJU62811802,부품,15.88,0.95,70.0,0.027889,
MJU62811804,부품,6.35,0.65,688.0,0.071603,
MJU62811901,부품,12.7,0.75,557.0,0.140228,
MJU62811902,부품,15.88,0.95,168.0,0.066934,
MJU62811903,부품,6.35,0.65,624.0,0.064942,
MJU62817601,부품,6.35,0.65,193.0,0.020086,
MJU62821604,부품,9.52,0.65,145.0,0.023483,
MJU62821606,부품,9.52,0.65,204.0,0.033038,
MJU62821611,부품,6.35,0.65,232.0,0.024145,
MJU62821612,부품,6.35,0.65,118.0,0.012281,
MJU62822711,부품,6.35,0.65,88.0,0.009158,
MJU62822811,부품,6.35,0.65,149.0,0.015507,
MJU62822901,부품,6.35,0.65,120.0,0.012489,
MJU62822902,부품,6.35,0.65,123.0,0.012801,
MJU62834701,부품,6.35,0.65,46.0,0.004787,
MJU62834804,부품,9.52,0.65,334.0,0.054092,
MJU62837001,부품,9.52,0.65,53.0,0.008584,
MJU62837201,부품,15.88,0.95,535.0,0.213152,
MJU62837202,부품,15.88,0.95,547.0,0.217933,
MJU62837204,부품,15.88,0.95,542.0,0.215941,
MJU62841603,부품,12.7,0.75,95.0,0.023917,
MJU62842301,부품,7.0,0.65,83.0,0.009623,
MJU62842302,부품,12.7,0.75,99.0,0.024924,
MJU62842303,부품,7.0,0.65,193.0,0.022377,
MJU62842304,부품,7.0,0.65,108.0,0.012522,
MJU62842305,부품,7.0,0.65,121.0,0.014029,
MJU62842316,부품,7.0,0.65,115.0,0.013333,
MJU62842317,부품,7.0,0.65,101.0,0.01171,
MJU62842318,부품,7.0,0.65,141.0,0.016348,
MJU62842319,부품,7.0,0.65,140.0,0.016232,
MJU62842320,부품,7.0,0.65,137.0,0.015884,
MJU62842321,부품,7.0,0.65,159.0,0.018435,
MJU62842322,부품,12.7,0.75,122.0,0.030714,
MJU62842616,부품,7.0,0.65,114.0,0.013217,
MJU62843508,부품,9.52,0.65,196.0,0.031743,
MJU62843702,부품,7.94,0.65,406.0,0.05404,
MJU62843801,부품,9.52,0.65,781.0,0.126485,
MJU62843803,부품,9.52,0.65,778.0,0.125999,
MJU62845830,부품,6.35,0.65,149.0,0.015507,
MJU62845831,부품,6.35,0.65,262.0,0.027267,
MJU62845832,부품,6.35,0.65,262.0,0.027267,
MJU62845843,부품,6.35,0.65,172.0,0.017901,
MJU62845844,부품,6.35,0.65,205.0,0.021335,
MJU62846706,부품,6.35,0.65,32.0,0.00333,
MJU62850612,부품,12.7,0.75,178.0,0.044813,
MJU62853103,부품,6.35,0.65,63.0,0.006557,
MJU62866303,부품,6.35,0.65,1020.0,0.106155,
MJU62866401,부품,7.94,0.65,63.0,0.008386,
MJU62866402,부품,6.35,0.65,63.0,0.006557,
MJU62868215,부품,12.7,0.75,388.0,0.097682,
MJU62907916,부품,9.52,0.65,65.0,0.010527,
MJU62907937,부품,7.94,0.65,65.0,0.008652,
MJU62909903,부품,6.35,0.9,700.0,0.096447,
MJU62911511,부품,15.88,0.75,1186.0,0.378039,
MJU62912101,부품,9.52,1.45,292.0,0.095979,
MJU62913101,부품,15.88,0.95,103.0,0.041037,
MJU62913104,부품,15.88,0.95,117.0,0.046614,
MJU62914401,부품,9.52,0.65,138.0,0.022349,
MJU62914501,부품,9.52,0.65,222.0,0.035954,
MJU62914601,부품,9.52,0.65,432.0,0.069964,
MJU62914602,부품,9.52,0.65,349.0,0.056522,
MJU62914901,부품,9.52,0.65,228.0,0.036925,
MJU62915001,부품,15.88,0.95,64.0,0.025499,
MJU62915002,부품,15.88,0.95,172.0,0.068527,
MJU62915101,부품,12.7,0.75,357.0,0.089877,
MJU62915301,부품,12.7,0.75,788.0,0.198384,
MJU62915302,부품,12.7,0.75,729.0,0.183531,
MJU62916122,부품,7.0,0.55,96.0,0.009566,
MJU62916123,부품,7.0,0.55,223.0,0.022222,
MJU62916124,부품,7.0,0.55,121.0,0.012058,
MJU62916125,부품,7.0,0.55,121.0,0.012058,
MJU62916126,부품,7.0,0.55,98.0,0.009766,
MJU62916127,부품,7.0,0.55,223.0,0.022222,
MJU62916128,부품,7.0,0.55,96.0,0.009566,
MJU62916401,부품,12.7,0.75,329.0,0.082828,
MJU62916402,부품,12.7,0.75,551.0,0.138718,
MJU62916403,부품,12.7,0.75,329.0,0.082828,
MJU62918101,부품,9.52,1.45,150.0,0.049304,
MJU62918102,부품,9.52,1.45,114.0,0.037471,
MJU62919025,부품,6.35,0.65,65.0,0.006765,
MJU62920501,부품,25.4,1.2,85.0,0.069337,
MJU62920506,부품,25.4,1.2,389.0,0.31732,
MJU62920507,부품,28.0,1.15,514.0,0.445817,
MJU62920508,부품,28.0,1.15,514.0,0.445817,
MJU62921203,부품,4.76,0.65,324.0,0.024314,
MJU62921204,부품,4.76,0.65,377.0,0.028291,
MJU62921209,부품,4.76,0.65,142.0,0.010656,
MJU62922101,부품,4.0,0.6,831.0,0.047619,
MJU62922102,부품,4.0,0.6,831.0,0.047619,
MJU62922103,부품,4.0,0.6,831.0,0.047619,
MJU62922104,부품,4.0,0.6,831.0,0.047619,
MJU62922105,부품,4.0,0.6,831.0,0.047619,
MJU62922106,부품,4.0,0.6,831.0,0.047619,
MJU62922107,부품,4.0,0.6,1031.0,0.05908,
MJU62922108,부품,4.0,0.6,1031.0,0.05908,
MJU62922109,부품,4.0,0.6,1031.0,0.05908,
MJU62922110,부품,4.0,0.6,1031.0,0.05908,
MJU62922111,부품,4.0,0.6,1328.0,0.076099,
MJU62922112,부품,4.0,0.6,1328.0,0.076099,
MJU62922113,부품,4.0,0.6,1328.0,0.076099,
MJU62922114,부품,4.0,0.6,1328.0,0.076099,
MJU62922201,부품,6.35,0.65,127.0,0.013217,
MJU62925701,부품,6.35,0.65,148.0,0.015403,
MJU62968701,부품,4.76,0.65,160.0,0.012007,
MJU62968801,부품,4.0,0.65,180.0,0.01101,
MJU62968901,부품,4.76,0.65,155.0,0.011632,
MJU62970702,부품,12.7,0.75,240.0,0.060422,
MJU62971101,부품,6.35,0.65,148.0,0.015403,
MJU62971201,부품,6.35,0.65,93.0,0.009679,
MJU62971601,부품,6.35,0.65,264.0,0.027475,
MJU62971802,부품,6.35,0.65,109.0,0.011344,
MJU62971901,부품,6.35,0.65,202.0,0.021023,
MJU62972002,부품,6.35,0.65,167.0,0.01738,
MJU62972102,부품,6.35,0.65,310.0,0.032263,
MJU62972201,부품,6.35,0.65,90.0,0.009367,
MJU62972301,부품,6.35,0.65,85.0,0.008846,
MJU62972401,부품,6.35,0.65,148.0,0.015403,
MJU62972501,부품,6.35,0.65,169.0,0.017588,
MJU62981406,부품,9.52,0.65,976.0,0.158066,
MJU62985701,부품,6.35,0.65,129.0,0.013425,
MJU62987401,부품,6.35,0.65,76.0,0.00791,
MJU62987402,부품,6.35,0.9,76.0,0.010471,
MJU62989201,부품,6.35,0.65,109.0,0.011344,
MJU62989202,부품,6.35,0.9,340.0,0.046846,
MJU62993517,부품,9.52,0.65,115.0,0.018625,
MJU62993518,부품,9.52,0.65,121.0,0.019596,
MJU62993519,부품,9.52,0.65,121.0,0.019596,
MJU62993520,부품,9.52,0.65,139.0,0.022511,
MJU62993521,부품,9.52,0.65,160.0,0.025912,
MJU62993522,부품,9.52,0.65,182.0,0.029475,
MJU62993523,부품,9.52,0.65,160.0,0.025912,
MJU62993524,부품,9.52,0.65,139.0,0.022511,
MJU62993602,부품,7.0,0.65,130.0,0.015072,
MJU62993603,부품,7.0,0.65,97.0,0.011246,
MJU62993604,부품,7.0,0.65,130.0,0.015072,
MJU62993606,부품,7.0,0.65,136.0,0.015768,
MJU62993607,부품,7.0,0.65,60.0,0.006956,
MJU62993610,부품,7.0,0.65,147.0,0.017043,
MJU62993701,부품,7.0,0.65,155.0,0.017971,
MJU62993702,부품,7.0,0.65,155.0,0.017971,
MJU62993703,부품,7.0,0.65,195.0,0.022609,
MJU62993704,부품,7.0,0.65,195.0,0.022609,
MJU62993705,부품,7.0,0.65,119.0,0.013797,
MJU62993706,부품,7.0,0.65,160.0,0.018551,
MJU62993707,부품,7.0,0.65,218.0,0.025275,
MJU62993708,부품,7.0,0.65,218.0,0.025275,
MJU62993709,부품,7.0,0.65,175.0,0.02029,
MJU62993710,부품,7.0,0.65,153.0,0.017739,
MJU62993711,부품,7.0,0.65,209.0,0.024232,
MJU62995503,부품,15.88,0.95,435.0,0.17331,
MJU62995504,부품,15.88,0.95,435.0,0.17331,
MJU62995506,부품,15.88,0.95,444.0,0.176896,
MJU62995507,부품,15.88,0.95,437.0,0.174107,
MJU62995603,부품,15.88,0.95,276.0,0.109962,
MJU63000101,부품,4.76,0.65,50.0,0.003752,
MJU63000401,부품,6.35,0.65,127.0,0.013217,
MJU63000402,부품,6.35,0.65,99.0,0.010303,
MJU63000403,부품,6.35,0.65,139.0,0.014466,
MJU63001001,부품,15.88,0.95,356.0,0.141836,
MJU63001002,부품,15.88,0.95,408.0,0.162553,
MJU63001003,부품,15.88,0.95,408.0,0.162553,
MJU63001004,부품,15.88,0.95,453.0,0.180482,
MJU63003801,부품,15.88,0.95,513.0,0.204387,
MJU63003901,부품,15.88,0.95,180.0,0.071715,
MJU63003902,부품,15.88,0.95,199.0,0.079284,
MJU63004102,부품,12.7,0.75,137.0,0.034491,
MJU63004204,부품,12.7,0.75,317.0,0.079807,
MJU63004205,부품,12.7,0.75,335.0,0.084338,
MJU63004212,부품,15.88,0.95,740.0,0.294827,
MJU63004402,부품,12.7,0.75,108.0,0.02719,
MJU63004501,부품,6.35,0.65,130.0,0.01353,
MJU63006301,부품,7.94,0.65,130.0,0.017304,
MJU63006801,부품,7.94,0.65,603.0,0.080262,
MJU63006901,부품,12.7,0.75,682.0,0.171698,
MJU63009001,부품,6.35,0.65,939.0,0.097725,
MJU63009002,부품,6.35,0.65,1035.0,0.107716,
MJU63009003,부품,6.35,0.65,994.0,0.103449,
MJU63009004,부품,6.35,0.65,900.0,0.093666,
MJU63009601,부품,15.88,0.95,76.0,0.03028,
MJU63010004,부품,7.0,0.65,112.0,0.012985,
MJU63010005,부품,7.0,0.65,118.0,0.013681,
MJU63010006,부품,7.0,0.65,134.0,0.015536,
MJU63010008,부품,7.0,0.65,88.0,0.010203,
MJU63010009,부품,7.0,0.65,99.0,0.011478,
MJU63016603,부품,6.35,0.65,83.0,0.008638,
MJU63016605,부품,6.35,0.65,96.0,0.009991,
MJU63016608,부품,9.52,1.45,55.0,0.018078,
MJU63016612,부품,6.35,0.65,234.0,0.024353,
MJU63016801,부품,22.22,1.15,533.0,0.362778,
MJU63016802,부품,22.22,1.15,717.0,0.488015,
MJU63016804,부품,22.22,1.15,591.0,0.402255,
MJU63016812,부품,22.22,1.15,782.0,0.532256,
MJU63016813,부품,28.0,1.15,429.0,0.372093,
MJU63016814,부품,28.0,1.15,515.0,0.446685,
MJU63016815,부품,28.0,1.15,540.0,0.468368,
MJU63018802,부품,6.35,0.65,181.0,0.018837,
MJU63018901,부품,6.35,0.65,171.0,0.017797,
MJU63019001,부품,6.35,0.65,116.0,0.012073,
MJU63019101,부품,6.35,0.65,123.0,0.012801,
MJU63022701,부품,19.05,0.95,478.0,0.230878,
MJU63031804,부품,9.52,0.65,713.0,0.115472,
MJU63031904,부품,15.88,0.95,673.0,0.268133,
MJU63032102,부품,7.94,0.65,95.0,0.012645,
MJU63032104,부품,7.94,0.65,140.0,0.018635,
MJU63032110,부품,6.35,0.65,134.0,0.013946,
MJU63032118,부품,6.35,0.65,64.0,0.006661,
MJU63032119,부품,6.35,0.65,72.0,0.007493,
MJU63032702,부품,19.05,0.95,240.0,0.115922,
MJU63032703,부품,19.05,0.95,718.0,0.346799,
MJU63032704,부품,19.05,0.95,698.0,0.337139,
MJU63032705,부품,19.05,0.95,531.0,0.256477,
MJU63032706,부품,19.05,0.95,758.0,0.36612,
MJU63037001,부품,12.7,0.75,99.0,0.024924,
MJU63037903,부품,7.94,0.65,166.0,0.022095,
MJU63037904,부품,7.94,0.65,53.0,0.007055,
MJU63048002,부품,9.52,0.65,997.0,0.161467,
MJU63048003,부품,9.52,0.65,259.0,0.041946,
MJU63048004,부품,9.52,0.65,42.0,0.006802,
MJU63048005,부품,9.52,0.65,539.0,0.087293,
MJU63048501,부품,6.35,0.65,380.0,0.039548,
MJU63048504,부품,6.35,0.65,380.0,0.039548,
MJU63048704,부품,9.52,0.65,216.0,0.034982,
MJU63048901,부품,6.35,0.65,195.0,0.020294,
MJU63052501,부품,15.88,0.95,1190.0,0.474113,
MJU63054803,부품,6.35,0.65,265.0,0.027579,
MJU63054804,부품,6.35,0.65,296.0,0.030806,
MJU63057001,부품,6.35,0.65,140.0,0.01457,
MJU63057002,부품,6.35,0.65,162.0,0.01686,
MJU63057004,부품,6.35,0.65,182.0,0.018941,
MJU63057005,부품,6.35,0.65,193.0,0.020086,
MJU63057301,부품,9.52,0.65,208.0,0.033686,
MJU63057302,부품,9.52,0.65,208.0,0.033686,
MJU63057401,부품,19.05,0.95,67.0,0.032362,
MJU63057703,부품,9.52,0.65,407.0,0.065915,
MJU63057803,부품,9.52,0.65,148.0,0.023969,
MJU63058013,부품,12.7,0.75,371.0,0.093402,
MJU63058301,부품,7.0,0.65,110.0,0.012754,
MJU63058302,부품,7.0,0.65,106.0,0.01229,
MJU63058303,부품,7.0,0.65,103.0,0.011942,
MJU63058304,부품,7.0,0.65,106.0,0.01229,
MJU63058305,부품,7.0,0.65,110.0,0.012754,
MJU63060001,부품,9.52,0.65,498.0,0.080653,
MJU63060002,부품,9.52,0.65,484.0,0.078385,
MJU63067406,부품,9.52,0.65,294.0,0.047614,
MJU63067506,부품,9.52,0.65,209.0,0.033848,
MJU63071001,부품,6.35,0.65,81.0,0.00843,
MJU63071101,부품,6.35,0.65,62.0,0.006453,
MJU63071103,부품,6.35,0.65,40.0,0.004163,
MJU63071106,부품,6.35,0.65,120.0,0.012489,
MJU63071107,부품,6.35,0.65,142.0,0.014778,
MJU63071302,부품,9.52,0.65,244.0,0.039517,
MJU63071303,부품,9.52,0.65,250.0,0.040488,
MJU63071304,부품,9.52,0.65,60.0,0.009717,
MJU63073601,부품,6.35,0.65,389.0,0.040485,
MJU63073602,부품,6.35,0.65,198.0,0.020607,
MJU63073605,부품,9.52,0.65,330.0,0.053444,
MJU63073606,부품,9.52,0.65,70.0,0.011337,
MJU63076101,부품,6.35,0.65,131.0,0.013634,
MJU63076102,부품,6.35,0.65,131.0,0.013634,
MJU63076201,부품,6.35,0.65,179.0,0.018629,
MJU63076202,부품,6.35,0.65,191.0,0.019878,
MJU63076301,부품,6.35,0.65,187.0,0.019462,
MJU63076401,부품,6.35,0.65,117.0,0.012177,
MJU63076501,부품,6.35,0.65,189.0,0.01967,
MJU63076601,부품,9.52,0.65,195.0,0.031581,
MJU63076701,부품,6.35,0.65,106.0,0.011032,
MJU63076702,부품,9.52,0.65,105.0,0.017005,
MJU63076801,부품,6.35,0.65,182.0,0.018941,
MJU63076802,부품,9.52,0.65,185.0,0.029961,
MJU63082505,부품,9.52,0.65,94.0,0.015224,
MJU63083101,부품,15.88,0.95,114.0,0.045419,
MJU63083201,부품,15.88,0.95,499.0,0.198809,
MJU63083202,부품,15.88,0.95,499.0,0.198809,
MJU63083301,부품,9.52,0.65,330.0,0.053444,
MJU63083302,부품,9.52,0.65,381.0,0.061704,
MJU63083401,부품,9.52,1.45,343.0,0.112742,
MJU63083601,부품,9.52,0.65,127.0,0.020568,
MJU63083701,부품,9.52,0.65,115.0,0.018625,
MJU63085301,부품,6.35,0.65,176.0,0.018317,
MJU63085302,부품,6.35,0.65,183.0,0.019045,
MJU63085303,부품,6.35,0.65,230.0,0.023937,
MJU63085304,부품,6.35,0.65,206.0,0.021439,
MJU63085307,부품,6.35,0.65,99.0,0.010303,
MJU63087301,부품,15.88,0.95,1044.0,0.415945,
MJU63087401,부품,12.7,0.75,252.0,0.063443,
MJU63088211,부품,9.52,0.65,216.0,0.034982,
MJU63088212,부품,7.94,0.65,419.0,0.055771,
MJU63089401,부품,9.52,0.65,663.0,0.107375,
MJU63089410,부품,9.52,0.65,618.0,0.100087,
MJU63089411,부품,12.7,0.75,665.0,0.167418,
MJU63089412,부품,9.52,0.65,341.0,0.055226,
MJU63089413,부품,12.7,0.75,335.0,0.084338,
MJU63089414,부품,12.7,0.75,231.0,0.058156,
MJU63125203,부품,12.7,0.75,134.0,0.033735,
MJU63156703,부품,9.52,0.65,315.0,0.051015,
MJU63156802,부품,12.7,0.75,174.0,0.043806,
MJU63156816,부품,12.7,0.75,496.0,0.124871,
MJU63156903,부품,6.35,0.65,87.0,0.009054,
MJU63160502,부품,9.52,0.65,60.0,0.009717,
MJU63160507,부품,9.52,0.65,110.0,0.017815,
MJU63208001,부품,9.52,0.65,235.0,0.038059,
MJU63208002,부품,12.7,0.75,262.0,0.06596,
MJU63208003,부품,12.7,0.75,262.0,0.06596,
MJU63208004,부품,12.7,0.75,181.0,0.045568,
MJU63208005,부품,12.7,0.75,179.0,0.045064,
MJU63208101,부품,7.0,0.65,172.0,0.019942,
MJU63208102,부품,7.0,0.65,98.0,0.011362,
MJU63208104,부품,7.0,0.65,91.0,0.010551,
MJU63208105,부품,7.0,0.65,138.0,0.016,
MJU63208106,부품,7.0,0.65,108.0,0.012522,
MJU63209803,부품,12.7,0.75,655.0,0.164901,
MJU63209804,부품,12.7,0.75,711.0,0.178999,
MJU63209818,부품,12.7,0.75,476.0,0.119836,
MJU63215901,부품,7.94,0.65,114.0,0.015174,
MJU63215902,부품,7.94,0.65,195.0,0.025955,
MJU63230304,부품,6.35,0.65,105.0,0.010928,
MJU63230601,부품,6.35,0.65,219.0,0.022792,
MJU63230602,부품,6.35,0.65,219.0,0.022792,
MJU63230603,부품,6.35,0.65,282.0,0.029349,
MJU63231205,부품,6.35,0.65,164.0,0.017068,
MJU63287701,부품,6.35,0.65,209.0,0.021751,
MJU63294810,부품,12.7,0.75,603.0,0.151809,
MJU63299902,부품,9.52,0.65,298.0,0.048262,
MJU63305414,부품,9.52,0.65,180.0,0.029152,
MJU63308301,부품,6.35,0.65,297.0,0.03091,
MJU63308302,부품,6.35,0.65,269.0,0.027996,
MJU63308303,부품,6.35,0.65,340.0,0.035385,
MJU63308304,부품,6.35,0.65,227.0,0.023625,
MJU63308305,부품,6.35,0.65,185.0,0.019254,
MJU63314501,부품,6.35,0.65,119.0,0.012385,
MJU63315201,부품,12.7,0.75,394.0,0.099192,
MJU63315202,부품,12.7,0.75,381.0,0.095919,
MJU63318402,부품,15.88,0.95,385.0,0.15339,
MJU63318406,부품,12.7,0.75,703.0,0.176985,
MJU63318407,부품,9.52,0.65,479.0,0.077575,
MJU63318408,부품,9.52,0.65,335.0,0.054254,
MJU63318409,부품,6.35,0.9,480.0,0.066135,
MJU63329001,부품,6.35,0.65,289.0,0.030077,
MJU63329101,부품,6.35,0.65,329.0,0.03424,
MJU63335901,부품,6.35,0.65,42.0,0.004371,
MJU63336501,부품,12.7,0.75,556.0,0.139977,
MJU63336502,부품,12.7,0.75,740.0,0.1863,
MJU63337501,부품,7.0,0.65,112.0,0.012985,
MJU63339935,부품,6.35,0.65,311.0,0.032367,
MJU63339936,부품,6.35,0.65,311.0,0.032367,
MJU63339937,부품,6.35,0.65,112.0,0.011656,
MJU63339938,부품,6.35,0.65,269.0,0.027996,
MJU63353309,부품,9.52,0.65,118.0,0.01911,
MJU63354602,부품,7.94,0.65,52.0,0.006921,
MJU63355501,부품,6.35,0.65,116.0,0.012073,
MJU63355502,부품,6.35,0.65,110.0,0.011448,
MJU63358401,부품,9.52,0.65,303.0,0.049072,
MJU63358402,부품,9.52,0.65,247.0,0.040002,
MJU63358405,부품,12.7,0.75,107.0,0.026938,
MJU63369615,부품,6.35,0.55,60.0,0.005376,
MJU63369631,부품,6.35,0.55,95.0,0.008513,
MJU63390101,부품,6.35,0.65,177.0,0.018421,
MJU63390102,부품,6.35,0.65,205.0,0.021335,
MJU63390103,부품,6.35,0.65,293.0,0.030494,
MJU63390104,부품,6.35,0.65,311.0,0.032367,
MJU63390105,부품,6.35,0.65,342.0,0.035593,
MJU63390106,부품,6.35,0.65,390.0,0.040589,
MJU63390107,부품,4.76,0.65,305.0,0.022888,
MJU63390108,부품,6.35,0.65,113.0,0.01176,
MJU63406104,부품,9.52,0.65,59.0,0.009555,
MJU63406904,부품,12.7,0.75,900.0,0.226581,
MJU63406913,부품,9.52,0.65,913.0,0.147863,
MJU63406917,부품,6.35,0.65,216.0,0.02248,
MJU63406920,부품,9.52,0.65,210.0,0.03401,
MJU63406922,부품,12.7,0.75,201.0,0.050603,
MJU63406929,부품,7.94,0.65,130.0,0.017304,
MJU63406931,부품,9.52,0.65,167.0,0.027046,
MJU63406932,부품,12.7,0.75,203.0,0.051107,
MJU63406939,부품,9.52,0.65,145.0,0.023483,
MJU63406940,부품,9.52,0.65,88.0,0.014252,
MJU63406941,부품,12.7,0.75,239.0,0.06017,
MJU63407202,부품,5.0,0.65,92.0,0.007307,
MJU63407203,부품,5.0,0.65,97.0,0.007704,
MJU63407204,부품,5.0,0.65,174.0,0.01382,
MJU63407205,부품,5.0,0.65,131.0,0.010405,
MJU63407211,부품,5.0,0.65,127.0,0.010087,
MJU63407212,부품,5.0,0.65,127.0,0.010087,
MJU63407216,부품,5.0,0.65,58.0,0.004607,
MJU63407304,부품,6.35,0.9,186.0,0.025627,
MJU63407306,부품,6.35,0.85,61.0,0.008011,
MJU63407307,부품,6.35,0.9,258.0,0.035548,
MJU63408302,부품,7.0,0.65,153.0,0.017739,
MJU63429401,부품,7.0,0.65,115.0,0.013333,
MJU63429402,부품,7.0,0.65,99.0,0.011478,
MJU63429403,부품,7.0,0.65,92.0,0.010667,
MJU63429404,부품,7.0,0.65,99.0,0.011478,
MJU63429405,부품,7.0,0.65,115.0,0.013333,
MJU63429501,부품,12.7,0.75,392.0,0.098689,
MJU63429801,부품,9.52,1.45,211.0,0.069355,
MJU63431001,부품,9.52,0.65,74.0,0.011985,
MJU63431101,부품,9.52,0.65,110.0,0.017815,
MJU63433005,부품,9.52,0.65,90.0,0.014576,
MJU63435001,부품,6.35,0.65,299.0,0.031118,
MJU63436501,부품,6.35,0.65,170.0,0.017692,
MJU63436601,부품,9.52,1.45,300.0,0.098609,
MJU63436902,부품,7.94,0.65,875.0,0.116466,
MJU63437401,부품,6.35,0.65,166.0,0.017276,
MJU63447303,부품,9.52,0.65,228.0,0.036925,
MJU63447304,부품,9.52,0.65,150.0,0.024293,
MJU63467003,부품,9.52,0.65,625.0,0.101221,
MJU63467004,부품,9.52,0.65,183.0,0.029637,
MJU63467006,부품,9.52,0.65,484.0,0.078385,
MJU63467701,부품,9.52,0.65,270.0,0.043727,
MJU63470301,부품,19.05,0.95,265.0,0.127997,
MJU63470302,부품,19.05,0.95,300.0,0.144902,
MJU63470901,부품,9.52,0.65,451.0,0.073041,
MJU63470903,부품,9.52,0.65,117.0,0.018948,
MJU63470904,부품,15.88,0.95,307.0,0.122313,
MJU63478301,부품,15.88,0.95,410.0,0.16335,
MJU63478401,부품,9.52,0.65,421.0,0.068182,
MJU63479101,부품,6.35,0.65,115.0,0.011968,
MJU63479106,부품,6.35,0.65,159.0,0.016548,
MJU63479107,부품,6.35,0.65,177.0,0.018421,
MJU63479112,부품,9.52,1.45,205.0,0.067383,
MJU63479301,부품,6.35,0.65,896.0,0.09325,
MJU63479302,부품,9.52,0.65,55.0,0.008907,
MJU63480401,부품,4.76,0.65,104.0,0.007804,
MJU63480402,부품,4.76,0.65,138.0,0.010356,
MJU63482201,부품,6.35,0.65,160.0,0.016652,
MJU63482301,부품,6.35,0.65,130.0,0.01353,
MJU63482401,부품,6.35,0.65,144.0,0.014987,
MJU63482501,부품,6.35,0.65,127.0,0.013217,
MJU63483405,부품,4.76,0.65,337.0,0.025289,
MJU63483406,부품,4.76,0.65,287.0,0.021537,
MJU63483407,부품,4.76,0.65,127.0,0.00953,
MJU63483408,부품,4.76,0.65,155.0,0.011632,
MJU63483902,부품,9.52,0.65,148.0,0.023969,
MJU63485402,부품,7.0,0.65,80.0,0.009275,
MJU63490708,부품,7.94,0.65,99.0,0.013177,
MJU63490709,부품,6.35,0.65,168.0,0.017484,
MJU63490710,부품,6.35,0.65,63.0,0.006557,
MJU63490711,부품,6.35,0.65,73.0,0.007597,
MJU63491101,부품,7.0,0.65,102.0,0.011826,
MJU63491102,부품,7.0,0.65,97.0,0.011246,
MJU63491103,부품,7.0,0.65,116.0,0.013449,
MJU63491105,부품,7.0,0.65,137.0,0.015884,
MJU63494201,부품,15.88,0.95,132.0,0.052591,
MJU63494301,부품,12.7,0.75,370.0,0.09315,
MJU63494302,부품,12.7,0.75,252.0,0.063443,
MJU63497608,부품,7.0,0.65,57.0,0.006609,
MJU63499301,부품,9.52,1.45,448.0,0.147255,
MJU63500801,부품,6.35,0.65,356.0,0.03705,
MJU63501403,부품,15.88,0.95,263.0,0.104783,
MJU63501512,부품,9.52,0.65,241.0,0.039031,
MJU63501513,부품,9.52,0.65,133.0,0.02154,
MJU63501514,부품,9.52,0.65,133.0,0.02154,
MJU63507801,부품,6.35,0.65,447.0,0.046521,
MJU63507901,부품,6.35,0.65,141.0,0.014674,
MJU63509602,부품,9.52,0.65,282.0,0.045671,
MJU63509811,부품,15.88,0.95,467.0,0.18606,
MJU63509916,부품,5.0,0.65,102.0,0.008101,
MJU63509917,부품,5.0,0.65,95.0,0.007545,
MJU63509918,부품,5.0,0.65,87.0,0.00691,
MJU63509919,부품,5.0,0.65,85.0,0.006751,
MJU63509920,부품,5.0,0.65,87.0,0.00691,
MJU63510701,부품,4.76,0.65,243.0,0.018235,
MJU63510702,부품,4.76,0.65,208.0,0.015609,
MJU63514201,부품,12.7,0.75,233.0,0.058659,
MJU63526201,부품,4.76,0.65,202.0,0.015159,
MJU63526202,부품,4.76,0.65,225.0,0.016885,
MJU63526203,부품,4.76,0.65,235.0,0.017635,
MJU63526204,부품,4.76,0.65,235.0,0.017635,
MJU63526205,부품,4.76,0.65,235.0,0.017635,
MJU63526206,부품,4.76,0.65,279.0,0.020937,
MJU63548417,부품,4.76,0.65,205.0,0.015384,
MJU63548418,부품,4.76,0.65,302.0,0.022663,
MJU63548419,부품,4.76,0.65,308.0,0.023113,
MJU63548430,부품,4.76,0.55,286.0,0.018602,
MJU63548431,부품,4.76,0.55,288.0,0.018732,
MJU63548432,부품,4.76,0.55,201.0,0.013074,
MJU63548433,부품,4.76,0.65,286.0,0.021462,
MJU63548434,부품,4.76,0.65,288.0,0.021612,
MJU63548435,부품,4.76,0.65,201.0,0.015084,
MJU63612304,부품,12.7,0.75,928.0,0.23363,
MJU63612307,부품,12.7,0.75,923.0,0.232371,
MJU63612308,부품,12.7,0.75,570.0,0.143501,
MJU63612309,부품,12.7,0.75,834.0,0.209965,
MJU63612311,부품,15.88,0.95,555.0,0.22112,
MJU63612312,부품,12.7,0.75,684.0,0.172202,
MJU63612402,부품,12.7,0.75,215.0,0.054128,
MJU63614801,부품,12.7,0.75,67.0,0.016868,
MJU63614904,부품,12.7,0.75,154.0,0.038771,
MJU63616501,부품,6.35,0.65,83.0,0.008638,
MJU63616504,부품,6.35,0.65,65.0,0.006765,
MJU63616505,부품,6.35,0.65,270.0,0.0281,
MJU63616601,부품,6.35,0.65,287.0,0.029869,
MJU63616702,부품,12.7,0.75,171.0,0.04305,
MJU63616802,부품,9.52,0.7,230.0,0.039888,
MJU63616901,부품,9.52,0.65,51.0,0.00826,
MJU63617301,부품,9.52,1.45,400.0,0.131478,
MJU63617901,부품,6.35,0.65,294.0,0.030598,
MJU63618102,부품,15.88,0.95,388.0,0.154585,
MJU63619706,부품,9.52,0.65,185.0,0.029961,
MJU63619710,부품,9.52,0.65,169.0,0.02737,
MJU63619711,부품,9.52,0.65,62.0,0.010041,
MJU63626311,부품,6.35,0.65,63.0,0.006557,
MJU63626322,부품,6.35,0.55,242.0,0.021685,
MJU63626323,부품,6.35,0.55,226.0,0.020251,
MJU63626324,부품,6.35,0.55,254.0,0.02276,
MJU63626329,부품,6.35,0.65,224.0,0.023312,
MJU63626330,부품,6.35,0.65,212.0,0.022064,
MJU63626331,부품,6.35,0.65,244.0,0.025394,
MJU63641023,부품,9.52,0.65,112.0,0.018139,
MJU63648301,부품,7.0,0.65,162.0,0.018783,
MJU63648302,부품,7.0,0.65,190.0,0.022029,
MJU63648303,부품,7.0,0.65,167.0,0.019362,
MJU63648304,부품,7.0,0.65,180.0,0.020869,
MJU63648401,부품,6.35,0.9,190.0,0.026178,
MJU63650504,부품,12.7,0.75,258.0,0.064953,
MJU63650602,부품,12.7,0.75,265.0,0.066716,
MJU63650701,부품,12.7,0.75,120.0,0.030211,
MJU63650902,부품,12.7,0.75,526.0,0.132424,
MJU63650903,부품,6.35,0.65,66.0,0.006869,
MJU63650904-19-1,부품,4.76,0.65,269.0,0.020186,
MJU63650905,부품,4.76,0.65,190.0,0.014258,
MJU63650908,부품,12.7,0.75,762.0,0.191839,
MJU63650909,부품,12.7,0.75,656.0,0.165152,
MJU63650910,부품,9.52,0.65,1140.0,0.184626,
MJU63650911,부품,15.88,0.95,1088.0,0.433475,
MJU63650912,부품,12.7,0.75,496.0,0.124871,
MJU63650913,부품,7.94,0.65,70.0,0.009317,
MJU63650915,부품,9.52,0.65,58.0,0.009393,
MJU63651002,부품,9.52,0.65,63.0,0.010203,
MJU63651004,부품,9.52,0.65,498.0,0.080653,
MJU63651005,부품,9.52,0.65,222.0,0.035954,
MJU63651022,부품,9.52,0.65,424.0,0.068668,
MJU63651023,부품,9.52,0.65,114.0,0.018463,
MJU63651901,부품,12.7,0.75,107.0,0.026938,
MJU63652001,부품,15.88,0.95,882.0,0.351402,
MJU63652002,부품,15.88,0.95,363.0,0.144624,
MJU63652005,부품,15.88,0.95,674.0,0.268531,
MJU63652006,부품,15.88,0.95,884.0,0.352198,
MJU63652007,부품,15.88,0.95,367.0,0.146218,
MJU63652009,부품,15.88,0.95,826.0,0.32909,
MJU63652010,부품,15.88,0.95,401.0,0.159764,
MJU63652011,부품,15.88,0.95,705.0,0.280882,
MJU63652012,부품,15.88,0.95,271.0,0.10797,
MJU63668317,부품,7.0,0.65,86.0,0.009971,
MJU63669501,부품,6.35,0.65,93.0,0.009679,
MJU63669502,부품,6.35,0.65,117.0,0.012177,
MJU63669503,부품,6.35,0.65,248.0,0.02581,
MJU63669504,부품,6.35,0.65,125.0,0.013009,
MJU63669505,부품,9.52,0.65,157.0,0.025427,
MJU63669506,부품,9.52,0.65,148.0,0.023969,
MJU63669508,부품,9.52,0.65,157.0,0.025427,
MJU63669511,부품,9.52,0.65,137.0,0.022188,
MJU63669512,부품,9.52,0.65,142.0,0.022997,
MJU63669513,부품,6.35,0.65,204.0,0.021231,
MJU63669515,부품,6.35,0.65,94.0,0.009783,
MJU63669516,부품,9.52,0.65,141.0,0.022835,
MJU63669517,부품,9.52,0.65,141.0,0.022835,
MJU63669518,부품,6.35,0.65,204.0,0.021231,
MJU63669519,부품,6.35,0.65,147.0,0.015299,
MJU63669531,부품,6.35,0.55,95.0,0.008513,
MJU63669533,부품,6.35,0.55,248.0,0.022223,
MJU63669534,부품,6.35,0.55,127.0,0.01138,
MJU63669535,부품,9.52,0.55,157.0,0.021757,
MJU63669536,부품,9.52,0.55,148.0,0.02051,
MJU63669539,부품,9.52,0.55,142.0,0.019679,
MJU63669540,부품,6.35,0.55,204.0,0.01828,
MJU63669541,부품,9.52,0.55,141.0,0.01954,
MJU63669542,부품,9.52,0.55,141.0,0.01954,
MJU63669543,부품,6.35,0.55,204.0,0.01828,
MJU63669544,부품,6.35,0.55,147.0,0.013172,
MJU63669601,부품,6.35,0.65,59.0,0.00614,
MJU63669606,부품,9.52,0.65,88.0,0.014252,
MJU63669610,부품,6.35,0.65,58.0,0.006036,
MJU63669615,부품,6.35,0.55,60.0,0.005376,
MJU63687701,부품,6.35,0.65,96.0,0.009991,
MJU63687703,부품,6.35,0.65,147.0,0.015299,
MJU63687708,부품,9.52,0.65,161.0,0.026074,
MJU63687712,부품,6.35,0.65,95.0,0.009887,
MJU63687714,부품,6.35,0.65,157.0,0.01634,
MJU63689401,부품,6.35,0.65,230.0,0.023937,
MJU63689407,부품,6.35,0.65,214.0,0.022272,
MJU63691201,부품,6.35,0.65,155.0,0.016131,
MJU63691207,부품,6.35,0.65,197.0,0.020502,
MJU63691214,부품,6.35,0.55,160.0,0.014337,
MJU63691215,부품,6.35,0.55,197.0,0.017653,
MJU63706401,부품,6.35,0.65,188.0,0.019566,
MJU63706501,부품,12.7,0.75,111.0,0.027945,
MJU63706901-01,부품,19.05,0.95,86.0,0.041539,
MJU63707001,부품,6.35,0.65,176.0,0.018317,
MJU63707101,부품,9.52,0.65,150.0,0.024293,
MJU63711301,부품,4.76,0.65,230.0,0.01726,
MJU63711302,부품,4.76,0.65,180.0,0.013508,
MJU63711303,부품,4.76,0.65,185.0,0.013883,
MJU63711304,부품,9.52,0.65,184.0,0.029799,
MJU63711305,부품,7.0,0.65,86.0,0.009971,
MJU63711315,부품,4.76,0.65,231.0,0.017335,
MJU63711316,부품,4.76,0.65,178.0,0.013358,
MJU63711317,부품,4.76,0.65,185.0,0.013883,
MJU63711318,부품,9.52,0.65,203.0,0.032876,
MJU63712703,부품,6.35,0.65,113.0,0.01176,
MJU63712704,부품,6.35,0.65,136.0,0.014154,
MJU63712706,부품,6.35,0.65,125.0,0.013009,
MJU63712707,부품,6.35,0.65,110.0,0.011448,
MJU63712709,부품,6.35,0.65,125.0,0.013009,
MJU63712710,부품,6.35,0.65,94.0,0.009783,
MJU63712711,부품,6.35,0.65,115.0,0.011968,
MJU63712712,부품,6.35,0.65,135.0,0.01405,
MJU63712713,부품,6.35,0.65,124.0,0.012905,
MJU63712714,부품,6.35,0.65,109.0,0.011344,
MJU63712715,부품,6.35,0.65,95.0,0.009887,
MJU63712716,부품,6.35,0.65,124.0,0.012905,
MJU63713901,부품,6.35,0.9,78.0,0.010747,
MJU63714001,부품,9.52,0.65,199.0,0.032229,
MJU63714003,부품,9.52,0.65,197.0,0.031905,
MJU63714101,부품,9.52,0.65,99.0,0.016033,
MJU63714102,부품,9.52,0.65,86.0,0.013928,
MJU63732301,부품,6.35,0.65,269.0,0.027996,
MJU63732401,부품,6.35,0.65,268.0,0.027892,
MJU63732402,부품,6.35,0.65,373.0,0.038819,
MJU63748401,부품,12.7,0.75,123.0,0.030966,
MJU63748402,부품,7.0,0.65,56.0,0.006493,
MJU63748409,부품,9.52,0.65,758.0,0.12276,
MJU63748410,부품,7.0,0.65,130.0,0.015072,
MJU63748504,부품,15.88,0.95,215.0,0.085659,
MJU63748505,부품,15.88,0.95,281.0,0.111954,
MJU63748506,부품,7.0,0.65,131.0,0.015188,
MJU63748509,부품,15.88,0.95,552.0,0.219925,
MJU63750701,부품,9.52,0.65,50.0,0.008098,
MJU63751001,부품,12.7,0.75,65.0,0.016364,
MJU63751002,부품,12.7,0.75,62.0,0.015609,
MJU63751101,부품,4.76,0.65,327.0,0.024539,
MJU63751201,부품,4.76,0.65,510.0,0.038272,
MJU63751301,부품,4.76,0.65,686.0,0.051479,
MJU63751401,부품,4.76,0.65,863.0,0.064762,
MJU63751501,부품,4.76,0.65,1052.0,0.078945,
MJU63751601,부품,4.0,0.6,536.0,0.030715,
MJU63751701,부품,4.0,0.6,618.0,0.035414,
MJU63751801,부품,4.0,0.6,717.0,0.041087,
MJU63751901,부품,4.0,0.6,897.0,0.051401,
MJU63752001,부품,4.0,0.6,1067.0,0.061143,
MJU63752101,부품,4.0,0.6,1216.0,0.069681,
MJU63752201,부품,4.0,0.6,1318.0,0.075526,
MJU63752301,부품,4.0,0.6,525.0,0.030084,
MJU63752401,부품,4.0,0.6,525.0,0.030084,
MJU63754101,부품,9.52,0.65,56.0,0.009069,
MJU63756101,부품,12.7,0.75,357.0,0.089877,
MJU63756103,부품,12.7,0.75,357.0,0.089877,
MJU63756201,부품,6.35,0.65,421.0,0.043815,
MJU63768601,부품,6.35,0.65,128.0,0.013321,
MJU63768701,부품,6.35,0.65,57.0,0.005932,
MJU63770701,부품,6.35,0.65,161.0,0.016756,
MJU63787801,부품,12.7,0.75,155.0,0.039022,
MJU63787901,부품,15.88,0.95,215.0,0.085659,
MJU63788101,부품,15.88,0.95,278.0,0.110759,
MJU63788201,부품,6.35,0.65,97.0,0.010095,
MJU63788601,부품,9.52,0.65,285.0,0.046157,
MJU63828504,부품,9.52,0.65,52.0,0.008422,
MJU63868577,부품,6.35,0.65,347.0,0.036113,
MJU63908201,부품,6.35,0.65,1083.0,0.112712,
MJU63927401,부품,6.35,0.65,132.0,0.013738,
MJU63947901,부품,6.35,0.65,1183.0,0.123119,
MJU64027007,부품,12.7,0.75,293.0,0.073765,
MJU64032301,부품,4.76,0.65,186.0,0.013958,
MJU64032302,부품,4.76,0.65,146.0,0.010956,
MJU64046501,부품,6.35,0.65,54.0,0.00562,
MJU64046601,부품,6.35,0.65,143.0,0.014883,
MJU64047701,부품,6.35,0.65,194.0,0.02019,
MJU64047801,부품,6.35,0.65,194.0,0.02019,
MJU64047901,부품,6.35,0.65,125.0,0.013009,
MJU64048402,부품,6.35,0.65,154.0,0.016027,
MJU64049101,부품,6.35,0.65,328.0,0.034136,
MJU64049103,부품,6.35,0.65,89.0,0.009263,
MJU64049104,부품,6.35,0.65,229.0,0.023833,
MJU64049201,부품,6.35,0.65,86.0,0.00895,
MJU64050301,부품,9.52,0.65,108.0,0.017491,
MJU64050302,부품,9.52,0.65,96.0,0.015547,
MJU64050303,부품,12.7,0.75,356.0,0.089625,
MJU64064527,부품,6.35,0.65,137.0,0.014258,
MJU64067401,부품,9.52,0.65,298.0,0.048262,
MJU64067501,부품,7.0,0.65,84.0,0.009739,
MJU64067601,부품,7.0,0.65,125.0,0.014493,
MJU64067602,부품,7.0,0.65,117.0,0.013565,
MJU64067603,부품,7.0,0.65,107.0,0.012406,
MJU64067604,부품,7.0,0.65,105.0,0.012174,
MJU64067605,부품,7.0,0.65,90.0,0.010435,
MJU64067701,부품,15.88,0.95,455.0,0.181279,
MJU64067702,부품,15.88,0.95,455.0,0.181279,
MJU64067703,부품,15.88,0.95,455.0,0.181279,
MJU64067704,부품,15.88,0.95,455.0,0.181279,
MJU64069201,부품,4.76,0.65,338.0,0.025364,
MJU64086301,부품,12.7,0.75,583.0,0.146774,
MJU64086401,부품,12.7,0.75,263.0,0.066212,
MJU64086601,부품,12.7,0.75,224.0,0.056393,
MJU64088001,부품,6.35,0.65,261.0,0.027163,
MJU64091101,부품,7.0,0.65,113.0,0.013101,
MJU64091102,부품,7.0,0.65,127.0,0.014725,
MJU64091103,부품,7.0,0.65,58.0,0.006725,
MJU64091104,부품,7.0,0.65,127.0,0.014725,
MJU64092901,부품,9.52,0.65,202.0,0.032714,
MJU64092903,부품,9.52,0.65,335.0,0.054254,
MJU64093001,부품,9.52,0.65,88.0,0.014252,
MJU64093707,부품,4.76,0.65,287.0,0.021537,
MJU64093708,부품,4.76,0.65,255.0,0.019136,
MJU64093709,부품,4.76,0.65,374.0,0.028066,
MJU64093710,부품,4.76,0.65,460.0,0.03452,
MJU64094801,부품,7.0,0.65,59.0,0.006841,
MJU64094802,부품,7.0,0.65,140.0,0.016232,
MJU64094803,부품,7.0,0.65,122.0,0.014145,
MJU64094804,부품,7.0,0.65,111.0,0.01287,
MJU64094805,부품,7.0,0.65,122.0,0.014145,
MJU64094806,부품,7.0,0.65,140.0,0.016232,
MJU64095001,부품,7.0,0.65,54.0,0.006261,
MJU64095002,부품,7.0,0.65,69.0,0.008,
MJU64095003,부품,9.52,0.65,79.0,0.012794,
MJU64095004,부품,9.52,0.65,86.0,0.013928,
MJU64095005,부품,9.52,0.65,111.0,0.017977,
MJU64095006,부품,9.52,0.65,114.0,0.018463,
MJU64095103,부품,15.88,0.95,72.0,0.028686,
MJU64149801,부품,6.35,0.65,358.0,0.037258,
MJU64149802,부품,6.35,0.65,377.0,0.039236,
MJU64149803,부품,6.35,0.65,138.0,0.014362,
MJU64149804,부품,6.35,0.65,151.0,0.015715,
MJU64149903,부품,9.52,0.65,197.0,0.031905,
MJU64166918,부품,9.52,0.65,1158.0,0.187541,
MJU64168701,부품,7.0,0.65,67.0,0.007768,
MJU64168801,부품,7.0,0.65,95.0,0.011014,
MJU64168901,부품,7.0,0.65,177.0,0.020522,
MJU64169001,부품,7.0,0.65,104.0,0.012058,
MJU64186601,부품,6.35,0.65,118.0,0.012281,
MJU64186621,부품,6.35,0.65,118.0,0.012281,
MJU64186652,부품,6.35,0.55,118.0,0.010574,
MJU64186653,부품,6.35,0.55,118.0,0.010574,
MJU64189404,부품,12.7,0.75,377.0,0.094912,
MJU64189408,부품,12.7,0.75,378.0,0.095164,
MJU64189427,부품,12.7,0.6,379.0,0.077291,
MJU64190501,부품,6.35,0.9,160.0,0.022045,
MJU64190701,부품,6.35,0.9,216.0,0.029761,
MJU64191601,부품,7.0,0.65,133.0,0.01542,
MJU64192001,부품,7.0,0.65,144.0,0.016696,
MJU64193401,부품,9.52,0.65,443.0,0.071745,
MJU64193601,부품,6.35,0.65,65.0,0.006765,
MJU64193602,부품,6.35,0.65,121.0,0.012593,
MJU64193603,부품,6.35,0.65,97.0,0.010095,
MJU64193701,부품,15.88,0.95,348.0,0.138648,
MJU64211601,부품,6.35,0.65,610.0,0.063485,
MJU64211611,부품,6.35,0.65,610.0,0.063485,
MJU64226404,부품,9.52,1.45,101.0,0.033198,
MJU64226412,부품,9.52,0.65,404.0,0.065429,
MJU64226503,부품,19.05,0.95,295.0,0.142487,
MJU64226504,부품,15.88,0.95,205.0,0.081675,
MJU64226601,부품,9.52,0.65,115.0,0.018625,
MJU64226602,부품,9.52,0.65,88.0,0.014252,
MJU64226603,부품,9.52,0.65,284.0,0.045995,
MJU64226605,부품,9.52,0.65,228.0,0.036925,
MJU64226606,부품,9.52,0.65,104.0,0.016843,
MJU64226609,부품,9.52,0.65,52.0,0.008422,
MJU64226610,부품,9.52,0.65,106.0,0.017167,
MJU64226611,부품,9.52,0.65,63.0,0.010203,
MJU64226612,부품,9.52,0.65,61.0,0.009879,
MJU64226613,부품,9.52,0.65,269.0,0.043565,
MJU64226616,부품,9.52,0.65,185.0,0.029961,
MJU64226617,부품,9.52,0.65,151.0,0.024455,
MJU64246608,부품,6.35,0.65,361.0,0.037571,
MJU64246609,부품,6.35,0.65,376.0,0.039132,
MJU64246610,부품,6.35,0.65,197.0,0.020502,
MJU64246611,부품,6.35,0.65,160.0,0.016652,
MJU64246612,부품,6.35,0.65,368.0,0.038299,
MJU64246613,부품,6.35,0.65,217.0,0.022584,
MJU64246614,부품,9.52,0.65,82.0,0.01328,
MJU64246702,부품,9.52,0.65,53.0,0.008584,
MJU64266904,부품,9.52,0.65,188.0,0.030447,
MJU64266912,부품,6.35,0.65,212.0,0.022064,
MJU64266913,부품,6.35,0.65,84.0,0.008742,
MJU64276701,부품,7.94,0.65,730.0,0.097166,
MJU64286516,부품,9.52,0.65,276.0,0.044699,
MJU64286612,부품,12.7,0.75,566.0,0.142494,
MJU64287009,부품,9.52,0.65,48.0,0.007774,
MJU64287701,부품,9.52,1.45,90.0,0.029583,
MJU64326501,부품,9.52,0.65,257.0,0.041622,
MJU64326502,부품,9.52,0.65,129.0,0.020892,
MJU64327301,부품,7.94,0.65,321.0,0.042727,
MJU64327401,부품,9.52,0.65,735.0,0.119035,
MJU64327503,부품,9.52,0.65,456.0,0.073851,
MJU64328307,부품,6.35,0.65,237.0,0.024665,
MJU64328310,부품,6.35,0.65,169.0,0.017588,
MJU64328311,부품,6.35,0.65,189.0,0.01967,
MJU64328315,부품,9.52,0.65,746.0,0.120817,
MJU64328408,부품,6.35,0.65,345.0,0.035905,
MJU64329102,부품,9.52,0.65,263.0,0.042594,
MJU64329103,부품,5.0,0.65,110.0,0.008737,
MJU64329104,부품,5.0,0.65,111.0,0.008816,
MJU64329105,부품,5.0,0.65,114.0,0.009054,
MJU64329106,부품,5.0,0.65,119.0,0.009452,
MJU64329109,부품,5.0,0.65,109.0,0.008657,
MJU64346901,부품,7.0,0.65,120.0,0.013913,
MJU64346902,부품,7.0,0.65,118.0,0.013681,
MJU64346903,부품,7.0,0.65,154.0,0.017855,
MJU64346904,부품,7.0,0.65,167.0,0.019362,
MJU64347001,부품,7.0,0.65,186.0,0.021565,
MJU64347002,부품,7.0,0.65,108.0,0.012522,
MJU64347003,부품,7.0,0.65,112.0,0.012985,
MJU64347004,부품,7.0,0.65,178.0,0.020638,
MJU64349801,부품,12.7,0.75,121.0,0.030463,
MJU64350001,부품,12.7,0.75,138.0,0.034742,
MJU64350501,부품,7.0,0.65,70.0,0.008116,
MJU64350601,부품,7.0,0.65,111.0,0.01287,
MJU64350701,부품,15.88,0.95,186.0,0.074105,
MJU64350801,부품,15.88,0.95,52.0,0.020718,
MJU64350901,부품,15.88,0.95,401.0,0.159764,
MJU64368001,부품,9.52,0.65,868.0,0.140575,
MJU64368101,부품,12.7,0.75,159.0,0.040029,
MJU64369401,부품,9.52,0.65,90.0,0.014576,
MJU64369501,부품,9.52,0.65,250.0,0.040488,
MJU64369601,부품,9.52,0.65,103.0,0.016681,
MJU64370101,부품,6.35,0.65,121.0,0.012593,
MJU64386201,부품,7.94,0.65,359.0,0.047785,
MJU64386301,부품,9.52,0.65,97.0,0.015709,
MJU64386401,부품,9.52,0.65,236.0,0.038221,
MJU64387101,부품,6.35,0.65,65.0,0.006765,
MJU64388501,부품,6.35,0.9,80.0,0.011023,
MJU64388601,부품,6.35,0.65,411.0,0.042774,
MJU64388602,부품,6.35,0.65,320.0,0.033304,
MJU64388603,부품,6.35,0.65,272.0,0.028308,
MJU64388604,부품,6.35,0.65,245.0,0.025498,
MJU64388701,부품,6.35,0.65,343.0,0.035697,
MJU64388702,부품,6.35,0.65,346.0,0.036009,
MJU64388703,부품,6.35,0.65,283.0,0.029453,
MJU64388704,부품,6.35,0.65,246.0,0.025602,
MJU64388801,부품,9.52,0.65,680.0,0.110128,
MJU64406301,부품,7.0,0.65,135.0,0.015652,
MJU64406302,부품,7.0,0.65,130.0,0.015072,
MJU64406303,부품,7.0,0.65,160.0,0.018551,
MJU64406304,부품,7.0,0.65,171.0,0.019826,
MJU64406401,부품,7.0,0.65,107.0,0.012406,
MJU64406402,부품,7.0,0.65,108.0,0.012522,
MJU64406403,부품,7.0,0.65,109.0,0.012638,
MJU64406404,부품,7.0,0.65,114.0,0.013217,
MJU64406801,부품,9.52,0.65,78.0,0.012632,
MJU64406901,부품,9.52,0.65,119.0,0.019272,
MJU64407001,부품,9.52,0.65,160.0,0.025912,
MJU64407101,부품,9.52,0.65,535.0,0.086645,
MJU64407201,부품,19.05,0.95,65.0,0.031395,
MJU64407601,부품,15.88,0.95,178.0,0.070918,
MJU64407701,부품,15.88,0.95,240.0,0.095619,
MJU64408005,부품,6.35,0.65,287.0,0.029869,
MJU64408006,부품,12.7,0.75,908.0,0.228595,
MJU64408007,부품,12.7,0.75,304.0,0.076534,
MJU64408010,부품,6.35,0.65,161.0,0.016756,
MJU64408015,부품,6.35,0.65,332.0,0.034552,
MJU64408024,부품,12.7,0.75,358.0,0.090129,
MJU64408025,부품,7.94,0.65,990.0,0.131773,
MJU64427301,부품,15.88,0.95,138.0,0.054981,
MJU64427701,부품,9.52,0.65,117.0,0.018948,
MJU64428101,부품,9.52,0.65,225.0,0.036439,
MJU64428201,부품,9.52,0.65,502.0,0.0813,
MJU64428301,부품,9.52,0.65,484.0,0.078385,
MJU64428601,부품,9.52,0.65,92.0,0.0149,
MJU64428702,부품,9.52,1.45,832.0,0.273474,
MJU64428703,부품,9.52,1.45,420.0,0.138052,
MJU64428801,부품,6.35,0.65,97.0,0.010095,
MJU64428802,부품,6.35,0.65,155.0,0.016131,
MJU64429224,부품,5.0,0.65,211.0,0.016759,
MJU64429225,부품,5.0,0.65,233.0,0.018506,
MJU64429226,부품,5.0,0.65,199.0,0.015805,
MJU64429227,부품,5.0,0.65,467.0,0.037091,
MJU64431901,부품,4.76,0.65,212.0,0.015909,
MJU64431902,부품,4.76,0.65,313.0,0.023488,
MJU64431903,부품,4.76,0.65,296.0,0.022213,
MJU64431904,부품,4.76,0.65,109.0,0.00818,
MJU64431905,부품,4.76,0.65,59.0,0.004428,
MJU64431914,부품,4.76,0.7,293.0,0.023391,
MJU64431915,부품,4.76,0.7,281.0,0.022433,
MJU64431916,부품,4.76,0.7,239.0,0.01908,
MJU64432301,부품,9.52,0.65,320.0,0.051825,
MJU64432303,부품,9.52,0.65,960.0,0.155475,
MJU64432308,부품,9.52,0.65,860.0,0.139279,
MJU64433701,부품,5.0,0.41,88.0,0.004652,
MJU64433801,부품,15.88,0.95,650.0,0.258969,
MJU64433802,부품,15.88,0.95,579.0,0.230682,
MJU64433804,부품,15.88,0.95,562.0,0.223909,
MJU64433805,부품,15.88,0.95,594.0,0.236658,
MJU64449912,부품,7.94,0.65,1039.0,0.138296,
MJU64449913,부품,12.7,0.75,213.0,0.053624,
MJU64450201,부품,15.88,0.95,151.0,0.060161,
MJU64450202,부품,12.7,0.75,113.0,0.028448,
MJU64466501,부품,9.52,0.65,42.0,0.006802,
MJU64468101,부품,15.88,0.95,478.0,0.190442,
MJU64468201,부품,9.52,0.65,259.0,0.041946,
MJU64468301,부품,9.52,0.65,216.0,0.034982,
MJU64526501,부품,4.76,0.65,153.0,0.011481,
MJU64671001,부품,9.52,0.65,1053.0,0.170536,
MJU64671101,부품,9.52,0.65,89.0,0.014414,
MJU64671102,부품,9.52,0.65,107.0,0.017329,
MJU64671103,부품,9.52,0.65,143.0,0.023159,
MJU64671104,부품,9.52,0.65,200.0,0.032391,
MJU64671105,부품,9.52,0.65,292.0,0.04729,
MJU64671106,부품,9.52,0.65,244.0,0.039517,
MJU64671107,부품,9.52,0.65,342.0,0.055388,
MJU64671108,부품,9.52,0.65,200.0,0.032391,
MJU64671109,부품,9.52,0.65,305.0,0.049396,
MJU64671112,부품,12.7,0.75,173.0,0.043554,
MJU64671117,부품,9.52,0.55,289.0,0.04005,
MJU64671118,부품,9.52,0.55,367.0,0.05086,
MJU64687501,부품,15.88,0.95,127.0,0.050599,
MJU64687502,부품,15.88,0.95,64.0,0.025499,
MJU64687601,부품,12.7,0.75,156.0,0.039274,
MJU64687701-01,부품,12.7,0.75,66.0,0.016616,
MJU64687901,부품,15.88,0.95,330.0,0.131477,
MJU64688201,부품,9.52,1.45,393.0,0.129177,
MJU64688202,부품,9.52,1.45,515.0,0.169278,
MJU64688401-8301,부품,15.88,0.95,836.0,0.333075,
MJU64706401,부품,9.52,0.65,500.0,0.080976,
MJU64706502,부품,12.7,0.75,760.0,0.191335,
MJU64706601,부품,12.7,0.75,65.0,0.016364,
MJU64706602,부품,15.88,0.95,178.0,0.070918,
MJU64706603,부품,12.7,0.75,134.0,0.033735,
MJU64706701,부품,12.7,0.75,178.0,0.044813,
MJU64706901,부품,9.52,0.65,106.0,0.017167,
MJU64707001,부품,12.7,0.75,58.0,0.014602,
MJU64707101,부품,9.52,0.65,193.0,0.031257,
MJU64707301,부품,9.52,0.65,242.0,0.039193,
MJU64707302,부품,9.52,0.65,245.0,0.039678,
MJU64707303,부품,9.52,0.65,279.0,0.045185,
MJU64707501,부품,9.52,0.65,46.0,0.00745,
MJU64707502,부품,9.52,0.65,66.0,0.010689,
MJU64707506,부품,9.52,0.65,139.0,0.022511,
MJU64707508,부품,9.52,0.65,74.0,0.011985,
MJU64707510,부품,12.7,0.75,388.0,0.097682,
MJU64707601,부품,9.52,0.65,254.0,0.041136,
MJU64707801,부품,12.7,0.75,143.0,0.036001,
MJU64707901,부품,12.7,0.75,251.0,0.063191,
MJU64707902,부품,12.7,0.75,252.0,0.063443,
MJU64708001,부품,12.7,0.75,223.0,0.056142,
MJU64708502,부품,9.52,0.65,208.0,0.033686,
MJU64708602,부품,9.52,0.65,208.0,0.033686,
MJU64708702,부품,12.7,0.75,520.0,0.130913,
MJU64708703,부품,12.7,0.75,187.0,0.047078,
MJU64708801,부품,9.52,1.45,960.0,0.315547,
MJU64711201,부품,7.0,0.65,139.0,0.016116,
MJU64711202,부품,7.0,0.65,126.0,0.014609,
MJU64711203,부품,7.0,0.65,121.0,0.014029,
MJU64711204,부품,7.0,0.65,135.0,0.015652,
MJU64711205,부품,7.0,0.65,155.0,0.017971,
MJU64711301,부품,7.0,0.65,156.0,0.018087,
MJU64711302,부품,7.0,0.65,136.0,0.015768,
MJU64711303,부품,7.0,0.65,121.0,0.014029,
MJU64711304,부품,7.0,0.65,124.0,0.014377,
MJU64711305,부품,7.0,0.65,137.0,0.015884,
MJU64711801-1,부품,9.52,0.65,305.0,0.049396,
MJU64711901-1,부품,9.52,0.65,89.0,0.014414,
MJU64712001-1,부품,9.52,0.65,409.0,0.066239,
MJU64712101-1,부품,9.52,0.65,222.0,0.035954,
MJU64712201,부품,6.35,0.65,257.0,0.026747,
MJU64712301-1,부품,6.35,0.65,256.0,0.026643,
MJU64712401,부품,6.35,0.65,139.0,0.014466,
MJU64712602,부품,15.88,0.95,615.0,0.245025,
MJU64712603,부품,15.88,0.95,913.0,0.363752,
MJU64726101,부품,22.22,1.15,945.0,0.6432,
MJU64726102,부품,22.22,1.15,490.0,0.333511,
MJU64726312,부품,9.52,0.65,90.0,0.014576,
MJU64727001,부품,6.35,0.65,408.0,0.042462,
MJU64727002,부품,6.35,0.65,405.0,0.04215,
MJU64727101,부품,6.35,0.65,470.0,0.048915,
MJU64727102,부품,6.35,0.65,465.0,0.048394,
MJU64727201,부품,6.35,0.65,535.0,0.055679,
MJU64727202,부품,6.35,0.65,531.0,0.055263,
MJU64727501,부품,4.76,0.65,383.0,0.028741,
MJU64727601,부품,4.76,0.65,648.0,0.048627,
MJU64727602,부품,4.76,0.65,648.0,0.048627,
MJU64727701,부품,4.76,0.65,938.0,0.07039,
MJU64727702,부품,4.76,0.65,917.0,0.068814,
MJU64727801,부품,4.76,0.65,1241.0,0.093128,
MJU64727802,부품,4.76,0.65,1228.0,0.092152,
MJU64727901,부품,4.76,0.65,1591.0,0.119393,
MJU64727902,부품,4.76,0.65,1570.0,0.117817,
MJU64728001,부품,4.76,0.65,1640.0,0.12307,
MJU64728002,부품,4.76,0.65,1615.0,0.121194,
MJU64728101,부품,4.76,0.65,1930.0,0.144832,
MJU64728102,부품,4.76,0.65,1930.0,0.144832,
MJU64729901,부품,6.35,0.65,280.0,0.029141,
MJU64731602,부품,9.52,0.65,276.0,0.044699,
MJU64731603,부품,9.52,0.65,208.0,0.033686,
MJU64731604,부품,9.52,0.65,173.0,0.028018,
MJU64731605,부품,9.52,1.45,609.0,0.200175,
MJU64749001,부품,9.52,0.65,373.0,0.060408,
MJU64750502,부품,15.88,0.95,336.0,0.133867,
MJU64750503,부품,15.88,0.95,329.0,0.131078,
MJU64750504,부품,15.88,0.95,314.0,0.125102,
MJU64766102,부품,9.52,0.65,94.0,0.015224,
MJU64766107,부품,9.52,0.65,70.0,0.011337,
MJU64766109,부품,9.52,0.65,65.0,0.010527,
MJU64766110,부품,9.52,0.65,104.0,0.016843,
MJU64768201,부품,12.7,0.75,286.0,0.072002,
MJU64768601,부품,12.7,0.75,408.0,0.102717,
MJU64768603,부품,12.7,0.75,498.0,0.125375,
MJU64768701,부품,9.52,0.65,128.0,0.02073,
MJU64768801,부품,9.52,0.65,187.0,0.030285,
MJU64768901,부품,9.52,0.65,86.0,0.013928,
MJU64769001,부품,9.52,0.65,227.0,0.036763,
MJU64769101,부품,12.7,0.75,118.0,0.029707,
MJU64770702,부품,6.35,0.65,105.0,0.010928,
MJU64770703,부품,6.35,0.65,107.0,0.011136,
MJU64770704,부품,6.35,0.65,78.0,0.008118,
MJU64770705,부품,4.76,0.65,193.0,0.014483,
MJU64770706,부품,4.76,0.65,199.0,0.014933,
MJU64770707,부품,4.76,0.65,245.0,0.018385,
MJU64770708,부품,4.76,0.65,281.0,0.021087,
MJU64770709,부품,4.76,0.65,203.0,0.015234,
MJU64770710,부품,6.35,0.65,197.0,0.020502,
MJU64773301,부품,15.88,0.95,321.0,0.127891,
MJU64773401,부품,7.0,0.65,79.0,0.009159,
MJU64773402,부품,7.0,0.65,104.0,0.012058,
MJU64773403,부품,7.0,0.65,106.0,0.01229,
MJU64773404,부품,7.0,0.65,71.0,0.008232,
MJU64773701,부품,15.88,0.95,450.0,0.179287,
MJU64786103,부품,7.94,0.65,101.0,0.013444,
MJU64786109,부품,7.94,0.65,123.0,0.016372,
MJU64787001,부품,9.52,1.45,175.0,0.057522,
MJU64787101,부품,6.35,0.65,80.0,0.008326,
MJU64787103,부품,6.35,0.65,85.0,0.008846,
MJU64787402,부품,9.52,1.45,970.0,0.318834,
MJU64790807,부품,9.52,0.65,157.0,0.025427,
MJU64790808,부품,9.52,0.65,166.0,0.026884,
MJU64790901,부품,9.52,0.65,225.0,0.036439,
MJU64790902,부품,9.52,0.65,229.0,0.037087,
MJU64790903,부품,9.52,0.65,122.0,0.019758,
MJU64791201,부품,15.88,0.95,201.0,0.080081,
MJU64791202,부품,15.88,0.95,277.0,0.110361,
MJU64791203,부품,15.88,0.95,390.0,0.155382,
MJU64791301,부품,12.7,0.75,286.0,0.072002,
MJU64791401,부품,12.7,0.75,100.0,0.025176,
MJU64794001,부품,4.0,0.6,420.0,0.024068,
MJU64794101,부품,6.35,0.65,131.0,0.013634,
MJU64794201,부품,6.35,0.65,176.0,0.018317,
MJU64794202,부품,6.35,0.65,159.0,0.016548,
MJU64794301,부품,9.52,0.65,166.0,0.026884,
MJU64794302,부품,9.52,0.65,169.0,0.02737,
MJU64794401,부품,4.76,0.65,206.0,0.015459,
MJU64794402,부품,4.76,0.65,153.0,0.011481,
MJU64794403,부품,6.35,0.65,71.0,0.007389,
MJU64794404,부품,6.35,0.65,92.0,0.009575,
MJU64794405,부품,6.35,0.65,200.0,0.020815,
MJU64795601,부품,6.35,0.65,88.0,0.009158,
MJU64795602,부품,6.35,0.55,88.0,0.007885,
MJU64795603,부품,6.35,0.55,325.0,0.029122,
MJU64795604,부품,6.35,0.55,129.0,0.011559,
MJU64795605,부품,6.35,0.55,148.0,0.013262,
MJU64795607,부품,6.35,0.55,95.0,0.008513,
MJU64795608,부품,6.35,0.55,92.0,0.008244,
MJU64795609,부품,6.35,0.55,56.0,0.005018,
MJU64795610,부품,6.35,0.55,92.0,0.008244,
MJU64795701,부품,6.35,0.65,194.0,0.02019,
MJU64808801,부품,9.52,0.65,128.0,0.02073,
MJU64808802,부품,9.52,0.65,106.0,0.017167,
MJU64808803,부품,9.52,0.65,96.0,0.015547,
MJU64808804,부품,9.52,0.65,105.0,0.017005,
MJU64808805,부품,9.52,0.65,125.0,0.020244,
MJU64809901,부품,4.76,0.65,368.0,0.027616,
MJU64809902,부품,4.76,0.65,420.0,0.031518,
MJU64809903,부품,4.76,0.65,472.0,0.03542,
MJU64809904,부품,4.76,0.65,598.0,0.044875,
MJU64809905,부품,4.76,0.65,678.0,0.050879,
MJU64809906,부품,4.76,0.65,750.0,0.056282,
MJU64809907,부품,4.76,0.65,940.0,0.07054,
MJU64809908,부품,4.76,0.65,1017.0,0.076318,
MJU64809909,부품,4.76,0.65,1096.0,0.082247,
MJU64809910,부품,4.76,0.65,1308.0,0.098156,
MJU64809911,부품,4.76,0.65,1432.0,0.107461,
MJU64809912,부품,6.35,0.65,382.0,0.039756,
MJU64809913,부품,6.35,0.65,286.0,0.029765,
MJU64809914,부품,6.35,0.65,112.0,0.011656,
MJU64809915,부품,12.7,0.75,416.0,0.104731,
MJU64809916,부품,4.76,0.65,50.0,0.003752,
MJU64809917,부품,4.76,0.65,117.0,0.00878,
MJU64809918,부품,4.76,0.65,227.0,0.017035,
MJU64829107,부품,7.0,0.65,127.0,0.014725,
MJU64850701,부품,9.52,1.45,620.0,0.203791,
MJU64850702,부품,9.52,1.45,802.0,0.263613,
MJU64850703,부품,9.52,1.45,123.0,0.04043,
MJU64856601,부품,6.35,0.65,292.0,0.030389,
MJU64856602,부품,6.35,0.65,292.0,0.030389,
MJU64856603,부품,6.35,0.65,169.0,0.017588,
MJU64856604,부품,6.35,0.65,169.0,0.017588,
MJU64856605,부품,6.35,0.65,295.0,0.030702,
MJU64856606,부품,6.35,0.65,295.0,0.030702,
MJU64856607,부품,6.35,0.65,288.0,0.029973,
MJU64856608,부품,6.35,0.65,288.0,0.029973,
MJU64856609,부품,6.35,0.65,162.0,0.01686,
MJU64856610,부품,6.35,0.65,246.0,0.025602,
MJU64856611,부품,6.35,0.65,246.0,0.025602,
MJU64856612,부품,6.35,0.65,162.0,0.01686,
MJU64856613,부품,9.52,0.65,193.0,0.031257,
MJU64856701,부품,4.0,0.6,524.0,0.030027,
MJU64856801,부품,6.35,0.65,300.0,0.031222,
MJU64856901,부품,12.7,0.75,65.0,0.016364,
MJU64857001,부품,6.35,0.65,248.0,0.02581,
MJU64857101,부품,4.76,0.65,486.0,0.036471,
MJU64857201,부품,4.76,0.65,658.0,0.049378,
MJU64857301,부품,4.76,0.65,845.0,0.063411,
MJU64857401,부품,4.76,0.65,1023.0,0.076768,
MJU64857501,부품,4.0,0.6,503.0,0.028824,
MJU64857601,부품,4.0,0.6,433.0,0.024812,
MJU64857701,부품,4.0,0.6,632.0,0.036216,
MJU64866702,부품,12.7,0.75,60.0,0.015105,
MJU64866709,부품,15.88,0.95,399.0,0.158967,
MJU64867606,부품,7.94,0.65,868.0,0.115535,
MJU64867607,부품,12.7,0.75,231.0,0.058156,
MJU64867609,부품,9.52,0.65,1235.0,0.200012,
MJU64867610,부품,12.7,0.75,116.0,0.029204,
MJU64867620,부품,7.94,0.65,1202.0,0.159992,
MJU64867625,부품,7.94,0.65,953.0,0.126849,
MJU64867626,부품,9.52,0.65,1205.0,0.195153,
MJU64867634,부품,7.94,0.55,977.0,0.111546,
MJU64867635,부품,7.94,0.65,978.0,0.130176,
MJU64867636,부품,7.94,0.55,973.0,0.111089,
MJU64867701,부품,12.7,0.75,264.0,0.066464,
MJU64868501,부품,6.35,0.65,175.0,0.018213,
MJU64868502,부품,6.35,0.65,172.0,0.017901,
MJU64868503,부품,4.76,0.65,321.0,0.024089,
MJU64868509,부품,12.7,0.75,1011.0,0.254526,
MJU64868510,부품,6.35,0.65,202.0,0.021023,
MJU64868511,부품,6.35,0.65,118.0,0.012281,
MJU64868514,부품,12.7,0.75,784.0,0.197377,
MJU64868527,부품,6.35,0.65,95.0,0.009887,
MJU64868528,부품,12.7,0.75,241.0,0.060673,
MJU64868529,부품,12.7,0.75,1050.0,0.264344,
MJU64868530,부품,9.52,0.65,138.0,0.022349,
MJU64868531,부품,6.35,0.65,180.0,0.018733,
MJU64868532,부품,6.35,0.65,130.0,0.01353,
MJU64868533,부품,6.35,0.7,173.0,0.01922,
MJU64868534,부품,6.35,0.65,73.0,0.007597,
MJU64868535,부품,6.35,0.65,150.0,0.015611,
MJU64868536,부품,4.76,0.65,262.0,0.019661,
MJU64868546,부품,12.7,0.75,407.0,0.102465,
MJU64868547-1,부품,12.7,0.75,747.0,0.188062,
MJU64868548,부품,6.35,0.65,142.0,0.014778,
MJU64868549,부품,6.35,0.65,269.0,0.027996,
MJU64868550,부품,6.35,0.65,126.0,0.013113,
MJU64868551,부품,12.7,0.75,573.0,0.144257,
MJU64868552,부품,12.7,0.75,736.0,0.185293,
MJU64868554,부품,6.35,0.65,117.0,0.012177,
MJU64868555,부품,9.52,0.65,127.0,0.020568,
MJU64868556,부품,6.35,0.65,170.0,0.017692,
MJU64868557,부품,6.35,0.65,174.0,0.018109,
MJU64868558,부품,9.52,0.65,155.0,0.025103,
MJU64868565,부품,12.7,0.75,274.0,0.068981,
MJU64868568,부품,6.35,0.65,142.0,0.014778,
MJU64868569,부품,6.35,0.65,177.0,0.018421,
MJU64868570,부품,6.35,0.65,95.0,0.009887,
MJU64868571,부품,6.35,0.65,277.0,0.028828,
MJU64868572,부품,9.52,0.65,181.0,0.029313,
MJU64868574,부품,6.35,0.65,192.0,0.019982,
MJU64868575,부품,12.7,0.75,936.0,0.235644,
MJU64868576,부품,12.7,0.75,282.0,0.070995,
MJU64868578,부품,6.35,0.65,181.0,0.018837,
MJU64868579,부품,6.35,0.65,147.0,0.015299,
MJU64868580,부품,6.35,0.65,297.0,0.03091,
MJU64870509,부품,5.0,0.65,81.0,0.006433,
MJU64870510,부품,5.0,0.65,113.0,0.008975,
MJU64870514,부품,9.52,0.65,397.0,0.064295,
MJU64870520,부품,5.0,0.65,88.0,0.006989,
MJU64870524,부품,5.0,0.65,62.0,0.004924,
MJU64870702,부품,4.0,0.65,356.0,0.021775,
MJU64872317,부품,9.52,0.65,307.0,0.04972,
MJU64873802,부품,4.76,0.65,205.0,0.015384,
MJU64873803,부품,4.76,0.65,302.0,0.022663,
MJU64873804,부품,4.76,0.65,373.0,0.027991,
MJU64873805,부품,4.76,0.65,403.0,0.030242,
MJU64873807,부품,4.76,0.65,243.0,0.018235,
MJU64875401,부품,12.7,0.75,607.0,0.152816,
MJU64875402,부품,6.35,0.65,80.0,0.008326,
MJU64875406,부품,6.35,0.65,101.0,0.010511,
MJU64875408,부품,6.35,0.65,250.0,0.026018,
MJU64875412,부품,6.35,0.65,157.0,0.01634,
MJU64875413,부품,6.35,0.65,128.0,0.013321,
MJU64875414,부품,6.35,0.65,166.0,0.017276,
MJU64875415,부품,6.35,0.65,107.0,0.011136,
MJU64875416,부품,6.35,0.65,180.0,0.018733,
MJU64875417,부품,6.35,0.65,120.0,0.012489,
MJU64875418,부품,6.35,0.65,220.0,0.022896,
MJU64887201,부품,9.52,0.65,302.0,0.04891,
MJU64887202,부품,9.52,0.65,152.0,0.024617,
MJU64889601,부품,9.52,0.65,89.0,0.014414,
MJU64889603,부품,12.7,0.75,881.0,0.221798,
MJU64889607,부품,9.52,0.65,346.0,0.056036,
MJU64889608,부품,9.52,0.65,142.0,0.022997,
MJU64889609,부품,12.7,0.75,724.0,0.182272,
MJU64890902,부품,9.52,0.65,128.0,0.02073,
MJU64890903,부품,9.52,0.65,247.0,0.040002,
MJU64890914,부품,9.52,0.65,266.0,0.043079,
MJU64890919,부품,9.52,0.65,244.0,0.039517,
MJU64890920,부품,9.52,0.65,77.0,0.01247,
MJU64906401,부품,4.0,0.6,808.0,0.046301,
MJU64906501,부품,4.0,0.6,1133.0,0.064925,
MJU64906601,부품,4.0,0.6,1233.0,0.070655,
MJU64906701,부품,4.0,0.6,806.0,0.046187,
MJU64906801,부품,6.35,0.65,384.0,0.039964,
MJU64906901,부품,4.0,0.6,522.0,0.029912,
MJU64907003,부품,6.35,0.65,99.0,0.010303,
MJU64907007,부품,6.35,0.65,159.0,0.016548,
MJU64907008,부품,6.35,0.65,161.0,0.016756,
MJU64907009,부품,6.35,0.65,342.0,0.035593,
MJU64907801,부품,6.35,0.65,96.0,0.009991,
MJU64907802,부품,6.35,0.65,114.0,0.011864,
MJU64907804,부품,6.35,0.65,67.0,0.006973,
MJU64907810,부품,6.35,0.65,79.0,0.008222,
MJU64920607,부품,12.7,0.75,480.0,0.120843,
MJU64920608,부품,12.7,0.75,175.0,0.044057,
MJU64920610,부품,9.52,0.65,400.0,0.064781,
MJU64920611,부품,7.94,0.65,551.0,0.073341,
MJU64921201,부품,4.0,0.6,500.0,0.028652,
MJU64926101,부품,12.7,0.75,302.0,0.076031,
MJU64926102,부품,12.7,0.75,247.0,0.062184,
MJU64927101,부품,6.35,0.65,235.0,0.024457,
MJU64927102,부품,6.35,0.65,235.0,0.024457,
MJU64927103,부품,6.35,0.65,195.0,0.020294,
MJU64927104,부품,6.35,0.65,195.0,0.020294,
MJU64927105,부품,6.35,0.65,74.0,0.007701,
MJU64927109,부품,6.35,0.65,150.0,0.015611,
MJU64927110,부품,6.35,0.65,150.0,0.015611,
MJU64927111,부품,6.35,0.65,281.0,0.029245,
MJU64927112,부품,6.35,0.65,281.0,0.029245,
MJU64927113,부품,6.35,0.65,149.0,0.015507,
MJU64927114,부품,6.35,0.65,149.0,0.015507,
MJU64927120,부품,6.35,0.65,78.0,0.008118,
MJU64927201,부품,12.7,0.75,362.0,0.091136,
MJU64927202,부품,12.7,0.75,547.0,0.137711,
MJU64927204,부품,12.7,0.75,397.0,0.099947,
MJU64927206,부품,12.7,0.75,262.0,0.06596,
MJU64927208,부품,12.7,0.75,513.0,0.129151,
MJU64927301,부품,6.35,0.65,358.0,0.037258,
MJU64927302,부품,6.35,0.65,358.0,0.037258,
MJU64927303,부품,6.35,0.65,117.0,0.012177,
MJU64927305,부품,6.35,0.65,338.0,0.035177,
MJU64927306,부품,6.35,0.65,316.0,0.032887,
MJU64927307,부품,6.35,0.65,316.0,0.032887,
MJU64927308,부품,6.35,0.65,316.0,0.032887,
MJU64927309,부품,9.52,0.65,242.0,0.039193,
MJU64927401,부품,12.7,0.75,318.0,0.080059,
MJU64927406,부품,12.7,0.75,299.0,0.075275,
MJU64930003,부품,9.52,0.65,635.0,0.10284,
MJU64930301,부품,12.7,0.75,278.0,0.069988,
MJU64934412,부품,9.52,0.65,552.0,0.089398,
MJU64934416,부품,9.52,0.65,262.0,0.042432,
MJU64948401,부품,15.88,0.95,145.0,0.05777,
MJU64948501,부품,4.76,0.65,810.0,0.060784,
MJU64948601,부품,4.76,0.65,822.0,0.061685,
MJU64948701,부품,4.76,0.65,822.0,0.061685,
MJU64948801,부품,4.76,0.65,822.0,0.061685,
MJU64948901,부품,4.76,0.65,822.0,0.061685,
MJU64949001,부품,4.76,0.65,822.0,0.061685,
MJU64949101,부품,4.76,0.65,822.0,0.061685,
MJU64949201,부품,4.76,0.65,822.0,0.061685,
MJU64949301,부품,4.76,0.65,822.0,0.061685,
MJU64949401,부품,4.76,0.65,646.0,0.048477,
MJU64949501,부품,4.76,0.65,646.0,0.048477,
MJU64949601,부품,4.76,0.65,646.0,0.048477,
MJU64949701,부품,4.76,0.65,646.0,0.048477,
MJU64954002,부품,12.7,0.75,325.0,0.081821,
MJU64954003,부품,12.7,0.75,108.0,0.02719,
MJU64954004,부품,12.7,0.75,131.0,0.03298,
MJU64958301,부품,4.76,0.65,296.0,0.022213,
MJU64958401,부품,4.76,0.65,303.0,0.022738,
MJU64958501,부품,4.76,0.65,306.0,0.022963,
MJU64958601,부품,4.76,0.65,303.0,0.022738,
MJU64958701,부품,4.76,0.65,296.0,0.022213,
MJU64958801,부품,4.76,0.65,292.0,0.021912,
MJU64958901,부품,4.0,0.6,218.0,0.012492,
MJU64959101,부품,9.52,0.65,182.0,0.029475,
MJU64959102,부품,9.52,0.65,153.0,0.024779,
MJU64959103,부품,9.52,0.65,102.0,0.016519,
MJU64959104,부품,9.52,0.65,176.0,0.028504,
MJU64959109,부품,9.52,0.65,171.0,0.027694,
MJU64959110,부품,9.52,0.65,148.0,0.023969,
MJU64959111,부품,9.52,0.65,98.0,0.015871,
MJU64959112,부품,9.52,0.65,171.0,0.027694,
MJU64959113,부품,9.52,0.65,166.0,0.026884,
MJU64959114,부품,9.52,0.65,133.0,0.02154,
MJU64959115,부품,9.52,0.65,106.0,0.017167,
MJU64959116,부품,9.52,0.65,172.0,0.027856,
MJU64959134,부품,9.52,0.55,170.0,0.023559,
MJU64959135,부품,9.52,0.55,148.0,0.02051,
MJU64959136,부품,9.52,0.55,98.0,0.013581,
MJU64959137,부품,9.52,0.55,170.0,0.023559,
MJU64959138,부품,9.52,0.55,166.0,0.023005,
MJU64959139,부품,9.52,0.55,133.0,0.018431,
MJU64959140,부품,9.52,0.55,106.0,0.01469,
MJU64959141,부품,9.52,0.55,172.0,0.023836,
MJU64961301,부품,7.0,0.65,120.0,0.013913,
MJU64961302,부품,7.0,0.65,116.0,0.013449,
MJU64961303,부품,7.0,0.65,113.0,0.013101,
MJU64961304,부품,7.0,0.65,116.0,0.013449,
MJU64961305,부품,7.0,0.65,120.0,0.013913,
MJU64961306,부품,7.0,0.65,126.0,0.014609,
MJU64963001,부품,6.35,0.65,153.0,0.015923,
MJU64963704,부품,9.52,0.65,220.0,0.03563,
MJU64963705,부품,6.35,0.65,225.0,0.023417,
MJU64963706,부품,6.35,0.65,159.0,0.016548,
MJU64963707,부품,6.35,0.65,178.0,0.018525,
MJU64963708,부품,6.35,0.65,134.0,0.013946,
MJU64963709,부품,6.35,0.65,193.0,0.020086,
MJU64963710,부품,6.35,0.65,174.0,0.018109,
MJU64963801,부품,12.7,0.75,55.0,0.013847,
MJU64963802,부품,12.7,0.75,315.0,0.079303,
MJU64963803,부품,12.7,0.75,413.0,0.103975,
MJU64963804,부품,12.7,0.75,157.0,0.039526,
MJU64963805,부품,12.7,0.75,615.0,0.15483,
MJU64963806,부품,12.7,0.75,412.0,0.103724,
MJU64963807,부품,9.52,0.65,568.0,0.091989,
MJU64963808,부품,9.52,0.65,426.0,0.068992,
MJU64964201,부품,9.52,0.65,325.0,0.052635,
MJU64964203,부품,12.7,0.75,176.0,0.044309,
MJU64964204,부품,15.88,0.95,785.0,0.312755,
MJU64964217,부품,9.52,0.65,445.0,0.072069,
MJU64964218,부품,12.7,0.75,385.0,0.096926,
MJU64964401,부품,7.94,0.65,578.0,0.076934,
MJU64964402,부품,7.94,0.65,413.0,0.054972,
MJU64964403,부품,6.35,0.65,175.0,0.018213,
MJU64967601,부품,9.52,1.45,439.0,0.144297,
MJU64967801,부품,6.35,0.65,129.0,0.013425,
MJU64967901,부품,6.35,0.65,325.0,0.033824,
MJU64970601,부품,9.52,0.65,240.0,0.038869,
MJU64979001,부품,9.52,0.65,388.0,0.062838,
MJU64979006,부품,9.52,0.65,436.0,0.070611,
MJU64979301,부품,9.52,0.65,477.0,0.077252,
MJU64979302,부품,9.52,0.65,461.0,0.07466,
MJU64979304,부품,9.52,0.65,63.0,0.010203,
MJU64979305,부품,6.35,0.65,480.0,0.049955,
MJU64980003,부품,9.52,0.65,482.0,0.078061,
MJU64980004,부품,9.52,0.65,294.0,0.047614,
MJU64980101,부품,6.35,0.65,85.0,0.008846,
MJU64980102,부품,6.35,0.65,173.0,0.018005,
MJU64980103,부품,9.52,0.65,138.0,0.022349,
MJU64980104,부품,9.52,0.65,373.0,0.060408,
MJU64980105,부품,9.52,0.65,154.0,0.024941,
MJU64987001,부품,7.94,0.65,127.0,0.016904,
MJU64987002,부품,7.94,0.65,117.0,0.015573,
MJU64987003,부품,9.52,0.65,176.0,0.028504,
MJU64987004,부품,9.52,0.65,496.0,0.080329,
MJU64987101,부품,7.0,0.65,102.0,0.011826,
MJU64987103,부품,7.0,0.65,199.0,0.023072,
MJU64987504,부품,7.94,0.65,911.0,0.121258,
MJU64987505,부품,6.35,0.65,175.0,0.018213,
MJU64987601,부품,9.52,0.65,659.0,0.106727,
MJU64987602,부품,9.52,0.65,154.0,0.024941,
MJU64987801,부품,6.35,0.65,203.0,0.021127,
MJU64987802,부품,6.35,0.65,114.0,0.011864,
MJU64988301,부품,15.88,0.95,433.0,0.172513,
MJU64988401,부품,9.52,0.65,256.0,0.04146,
MJU64988601,부품,12.7,0.75,827.0,0.208203,
MJU64988901,부품,9.52,0.65,670.0,0.108508,
MJU65008103,부품,12.7,0.75,165.0,0.04154,
MJU65008104,부품,12.7,0.75,302.0,0.076031,
MJU65008105,부품,12.7,0.75,461.0,0.11606,
MJU65008407,부품,9.52,0.65,434.0,0.070288,
MJU65008408,부품,7.94,0.65,284.0,0.037802,
MJU65008409,부품,9.52,0.65,321.0,0.051987,
MJU65008410,부품,9.52,0.65,431.0,0.069802,
MJU65008411,부품,12.7,0.75,422.0,0.106241,
MJU65008412,부품,12.7,0.75,1028.0,0.258806,
MJU65010303,부품,9.52,0.65,282.0,0.045671,
MJU65010502,부품,4.76,0.65,159.0,0.011932,
MJU65010503,부품,4.76,0.65,169.0,0.012682,
MJU65010504,부품,4.76,0.65,127.0,0.00953,
MJU65010505,부품,4.76,0.65,150.0,0.011256,
MJU65026201,부품,6.35,0.65,148.0,0.015403,
MJU65026202,부품,6.35,0.65,68.0,0.007077,
MJU65028502,부품,12.7,0.75,100.0,0.025176,
MJU65028503,부품,12.7,0.75,54.0,0.013595,
MJU65028702,부품,12.7,0.75,607.0,0.152816,
MJU65029701,부품,6.35,0.65,295.0,0.030702,
MJU65030601,부품,9.52,0.65,131.0,0.021216,
MJU65030602,부품,9.52,0.65,261.0,0.04227,
MJU65030603,부품,9.52,0.65,117.0,0.018948,
MJU65030604,부품,9.52,0.65,101.0,0.016357,
MJU65030901,부품,4.76,0.65,250.0,0.018761,
MJU65030902,부품,4.76,0.65,483.0,0.036245,
MJU65030903,부품,4.76,0.65,1010.0,0.075793,
MJU65030904,부품,4.76,0.65,1177.0,0.088325,
MJU65030905,부품,4.76,0.65,1124.0,0.084348,
MJU65030906,부품,4.0,0.6,940.0,0.053865,
MJU65030907,부품,4.0,0.6,1070.0,0.061315,
MJU65030908,부품,4.0,0.6,1200.0,0.068764,
MJU65030909,부품,4.0,0.6,1100.0,0.063034,
MJU65030910,부품,4.0,0.6,1100.0,0.063034,
MJU65030911,부품,4.0,0.6,1615.0,0.092545,
MJU65030912,부품,4.0,0.6,1745.0,0.099995,
MJU65030913,부품,4.0,0.6,1795.0,0.10286,
MJU65030914,부품,6.35,0.65,381.0,0.039652,
MJU65030915,부품,6.35,0.65,150.0,0.015611,
MJU65032003,부품,6.35,0.65,134.0,0.013946,
MJU65032901,부품,9.52,0.65,345.0,0.055874,
MJU65032902,부품,9.52,0.65,620.0,0.100411,
MJU65033014,부품,4.76,0.65,209.0,0.015684,
MJU65033015,부품,4.76,0.65,119.0,0.00893,
MJU65033016,부품,4.76,0.65,157.0,0.011782,
MJU6503304,부품,6.35,0.65,60.0,0.006244,
MJU65034225,부품,12.7,0.75,306.0,0.077038,
MJU65034227,부품,12.7,0.75,701.0,0.176481,
MJU65034228,부품,12.7,0.75,555.0,0.139725,
MJU65048401,부품,7.0,0.65,135.0,0.015652,
MJU65048501,부품,7.0,0.65,197.0,0.02284,
MJU65048502,부품,7.0,0.65,84.0,0.009739,
MJU65048504,부품,7.0,0.65,156.0,0.018087,
MJU65048701,부품,7.0,0.65,115.0,0.013333,
MJU65048703,부품,9.52,1.45,173.0,0.056864,
MJU65048704,부품,6.35,0.65,100.0,0.010407,
MJU65048705,부품,9.52,0.65,312.0,0.050529,
MJU65048708,부품,9.52,1.45,160.0,0.052591,
MJU65146102,부품,12.7,0.75,50.0,0.012588,
MJU65146131,부품,12.7,0.75,292.0,0.073513,
MJU65146132,부품,4.76,0.65,230.0,0.01726,
MJU65146134,부품,4.76,0.65,173.0,0.012982,
MJU65146135,부품,4.76,0.65,69.0,0.005178,
MJU65149401,부품,9.52,0.65,66.0,0.010689,
MJU65149402,부품,12.7,0.75,246.0,0.061932,
MJU65149403,부품,7.94,0.65,74.0,0.00985,
MJU65149407,부품,7.94,0.65,67.0,0.008918,
MJU65167103,부품,12.7,0.75,35.0,0.008811,
MJU65167104,부품,15.88,0.95,277.0,0.110361,
MJU65187804,부품,12.7,0.75,391.0,0.098437,
MJU65187805,부품,12.7,0.75,567.0,0.142746,
MJU65187816,부품,12.7,0.75,625.0,0.157348,
MJU65187817,부품,12.7,0.75,531.0,0.133683,
MJU65187818,부품,12.7,0.75,845.0,0.212734,
MJU65207201,부품,6.35,0.9,305.0,0.042023,
MJU65207202,부품,6.35,0.9,355.0,0.048912,
MJU65207301,부품,9.52,1.45,154.0,0.050619,
MJU65207302,부품,9.52,1.45,51.0,0.016763,
MJU65207303,부품,9.52,0.65,128.0,0.02073,
MJU65207304,부품,9.52,1.45,159.0,0.052263,
MJU65247405,부품,5.0,0.65,90.0,0.007148,
MJU65247408,부품,5.0,0.65,60.0,0.004765,
MJU65247409,부품,5.0,0.65,160.0,0.012708,
MJU65286901,부품,6.35,0.65,75.0,0.007806,
MJU65286902,부품,6.35,0.65,70.0,0.007285,
MJU65286903,부품,6.35,0.65,294.0,0.030598,
MJU65286904,부품,6.35,0.65,143.0,0.014883,
MJU65468501,부품,12.7,0.75,586.0,0.147529,
MJU65486401,부품,12.7,0.75,85.0,0.021399,
MJU65486405,부품,12.7,0.75,95.0,0.023917,
MJU65486408,부품,9.52,0.65,169.0,0.02737,
MJU65486409,부품,9.52,0.65,75.0,0.012146,
MJU65486416,부품,9.52,1.45,210.0,0.069026,
MJU65486418,부품,6.35,0.65,113.0,0.01176,
MJU65486419,부품,9.52,0.65,170.0,0.027532,
MJU65486429,부품,9.52,0.65,154.0,0.024941,
MJU65486430,부품,9.52,0.65,66.0,0.010689,
MJU65516603,부품,6.35,0.65,120.0,0.012489,
MJU65516626,부품,6.35,0.65,65.0,0.006765,
MJU65516635,부품,9.52,0.65,998.0,0.161629,
MJU65517901,부품,9.52,0.65,103.0,0.016681,
MJU65517902,부품,9.52,0.65,121.0,0.019596,
MJU65517903,부품,9.52,0.65,511.0,0.082758,
MJU65517904,부품,9.52,0.65,223.0,0.036115,
MJU65517905,부품,9.52,0.65,255.0,0.041298,
MJU65517906,부품,9.52,0.65,447.0,0.072393,
MJU65517907,부품,9.52,0.65,416.0,0.067372,
MJU65517908,부품,9.52,0.65,239.0,0.038707,
MJU65517909,부품,9.52,0.65,158.0,0.025589,
MJU65517910,부품,9.52,0.65,249.0,0.040326,
MJU65517911,부품,9.52,0.65,192.0,0.031095,
MJU65517912,부품,9.52,0.65,179.0,0.02899,
MJU65517913,부품,9.52,0.65,199.0,0.032229,
MJU65517914,부품,9.52,0.55,100.0,0.013858,
MJU65517915,부품,9.52,0.55,118.0,0.016353,
MJU65517916,부품,9.52,0.55,510.0,0.070677,
MJU65517917,부품,9.52,0.55,218.0,0.030211,
MJU65517918,부품,9.52,0.55,253.0,0.035061,
MJU65517919,부품,9.52,0.55,443.0,0.061392,
MJU65517920,부품,9.52,0.55,414.0,0.057373,
MJU65517921,부품,9.52,0.55,235.0,0.032567,
MJU65517922,부품,9.52,0.55,154.0,0.021342,
MJU65517923,부품,9.52,0.55,248.0,0.034368,
MJU65517924,부품,9.52,0.55,185.0,0.025638,
MJU65517925,부품,9.52,0.55,174.0,0.024113,
MJU65517927,부품,9.52,0.55,504.0,0.069845,
MJU65520102,부품,6.35,0.65,186.0,0.019358,
MJU65521402,부품,19.05,0.95,59.0,0.028497,
MJU65533902,부품,9.52,0.55,203.0,0.028132,
MJU65534002,부품,9.52,0.55,222.0,0.030765,
MJU65566501,부품,12.7,0.75,169.0,0.042547,
MJU65566601,부품,12.7,0.75,216.0,0.054379,
MJU65566701,부품,9.52,0.65,814.0,0.13183,
MJU65587603,부품,4.76,0.65,133.0,0.009981,
MJU65587701,부품,12.7,0.75,72.0,0.018126,
MJU65587801,부품,15.88,0.95,252.0,0.1004,
MJU65587802,부품,15.88,0.95,252.0,0.1004,
MJU65588301,부품,12.7,0.75,720.0,0.181265,
MJU65588302,부품,12.7,0.75,733.0,0.184538,
MJU65588303,부품,12.7,0.75,343.0,0.086353,
MJU65588304,부품,12.7,0.75,545.0,0.137207,
MJU65588305,부품,12.7,0.75,555.0,0.139725,
MJU65588306,부품,12.7,0.75,136.0,0.034239,
MJU65588307,부품,12.7,0.75,277.0,0.069737,
MJU65588308,부품,12.7,0.75,277.0,0.069737,
MJU65588310,부품,9.52,1.45,366.0,0.120302,
MJU65626403,부품,12.7,0.75,68.0,0.017119,
MJU65626404,부품,12.7,0.75,80.0,0.020141,
MJU65626405,부품,12.7,0.75,145.0,0.036505,
MJU65626503,부품,15.88,0.95,115.0,0.045818,
MJU65626504,부품,15.88,0.95,354.0,0.141039,
MJU65626509,부품,15.88,0.95,85.0,0.033865,
MJU65626510,부품,12.7,0.75,231.0,0.058156,
MJU65626701,부품,9.52,0.65,128.0,0.02073,
MJU65626702,부품,9.52,0.65,140.0,0.022673,
MJU65626703,부품,9.52,0.65,301.0,0.048748,
MJU65626704,부품,9.52,0.65,148.0,0.023969,
MJU65626705,부품,9.52,0.65,63.0,0.010203,
MJU65630503,부품,9.52,0.65,597.0,0.096686,
MJU65630504,부품,9.52,0.65,109.0,0.017653,
MJU65630505,부품,9.52,0.65,156.0,0.025265,
MJU65686703,부품,9.52,0.65,677.0,0.109642,
MJU65686706,부품,9.52,1.45,69.0,0.02268,
MJU65687003,부품,6.35,0.9,66.0,0.009094,
MJU65707409,부품,15.88,0.95,312.0,0.124305,
MJU65707410,부품,9.52,0.65,282.0,0.045671,
MJU65707414,부품,9.52,0.65,568.0,0.091989,
MJU65707420,부품,15.88,0.95,242.0,0.096416,
MJU65707421,부품,9.52,0.65,706.0,0.114339,
MJU65707422,부품,15.88,0.95,241.0,0.096018,
MJU65707423,부품,15.88,0.95,246.0,0.09801,
MJU65707424,부품,15.88,0.95,246.0,0.09801,
MJU65707426,부품,9.52,0.65,700.0,0.113367,
MJU65726803-1,부품,12.7,0.75,67.0,0.016868,
MJU65726805,부품,6.35,0.65,113.0,0.01176,
MJU65726811,부품,6.35,0.65,254.0,0.026435,
MJU65749501,부품,12.7,0.75,835.0,0.210217,
MJU65749601,부품,6.35,0.65,122.0,0.012697,
MJU65749701,부품,6.35,0.65,132.0,0.013738,
MJU65749702,부품,7.94,0.65,926.0,0.123255,
MJU65749703,부품,6.35,0.65,142.0,0.014778,
MJU65749902,부품,5.0,0.65,71.0,0.005639,
MJU65749904,부품,5.0,0.65,57.0,0.004527,
MJU65766110,부품,7.0,0.65,161.0,0.018667,
MJU65766111,부품,9.52,0.65,324.0,0.052473,
MJU65766112,부품,7.0,0.65,185.0,0.021449,
MJU65766113,부품,9.52,0.65,234.0,0.037897,
MJU65787401,부품,9.52,0.65,338.0,0.05474,
MJU65787402,부품,9.52,0.65,218.0,0.035306,
MJU65787403,부품,9.52,0.65,190.0,0.030771,
MJU65787407,부품,12.7,0.75,234.0,0.058911,
MJU65787707,부품,12.7,0.75,253.0,0.063694,
MJU65787708,부품,12.7,0.75,264.0,0.066464,
MJU65787709,부품,12.7,0.75,324.0,0.081569,
MJU65789107,부품,19.05,0.95,912.0,0.440503,
MJU65789108,부품,19.05,0.95,397.0,0.191754,
MJU65789113,부품,15.88,0.95,919.0,0.366143,
MJU65789114,부품,15.88,0.95,392.0,0.156178,
MJU65789209,부품,7.0,0.41,99.0,0.007514,
MJU65789501,부품,6.35,0.65,66.0,0.006869,
MJU65846826,부품,7.0,0.65,64.0,0.00742,
MJU65846908,부품,9.52,0.65,214.0,0.034658,
MJU65846909,부품,9.52,0.65,332.0,0.053768,
MJU65846912,부품,9.52,0.65,151.0,0.024455,
MJU65846913,부품,9.52,0.65,201.0,0.032553,
MJU65846914,부품,9.52,0.65,172.0,0.027856,
MJU65846915,부품,9.52,0.65,110.0,0.017815,
MJU65846916,부품,9.52,0.65,350.0,0.056684,
MJU65846917,부품,9.52,0.65,54.0,0.008745,
MJU65846918,부품,9.52,0.65,269.0,0.043565,
MJU65846919,부품,9.52,0.65,108.0,0.017491,
MJU65846920,부품,9.52,0.65,125.0,0.020244,
MJU65846921,부품,9.52,0.65,154.0,0.024941,
MJU65846922,부품,9.52,0.65,77.0,0.01247,
MJU65846923,부품,9.52,0.65,359.0,0.058141,
MJU65846924,부품,9.52,0.65,217.0,0.035144,
MJU65846925,부품,9.52,0.65,212.0,0.034334,
MJU65846926,부품,9.52,0.65,285.0,0.046157,
MJU65846928,부품,9.52,0.65,196.0,0.031743,
MJU65846930,부품,9.52,0.65,88.0,0.014252,
MJU65846931,부품,9.52,0.65,109.0,0.017653,
MJU65846934,부품,9.52,0.65,264.0,0.042756,
MJU65846935,부품,9.52,0.65,55.0,0.008907,
MJU65846936,부품,9.52,0.65,150.0,0.024293,
MJU65849601,부품,9.52,0.65,74.0,0.011985,
MJU65868001,부품,9.52,0.65,139.0,0.022511,
MJU65868004,부품,12.7,0.75,180.0,0.045316,
MJU65868005,부품,12.7,0.75,199.0,0.0501,
MJU65868006,부품,12.7,0.75,359.0,0.090381,
MJU65868007,부품,9.52,0.65,400.0,0.064781,
MJU65868008,부품,9.52,0.65,394.0,0.063809,
MJU65868009,부품,9.52,0.65,245.0,0.039678,
MJU65868010,부품,9.52,0.65,333.0,0.05393,
MJU65868011,부품,9.52,0.65,142.0,0.022997,
MJU65868012,부품,9.52,0.65,200.0,0.032391,
MJU65868013,부품,6.35,0.65,60.0,0.006244,
MJU65868015,부품,6.35,0.65,127.0,0.013217,
MJU65868016,부품,6.35,0.65,105.0,0.010928,
MJU65868017,부품,6.35,0.65,110.0,0.011448,
MJU65868018,부품,4.76,0.65,223.0,0.016734,
MJU65868529,부품,12.7,0.75,1057.0,0.266107,
MJU65886301,부품,15.88,0.95,453.0,0.180482,
MJU65946701,부품,12.7,0.75,820.0,0.20644,
MJU65946702,부품,12.7,0.75,880.0,0.221546,
MJU65946703,부품,12.7,0.75,160.0,0.040281,
MJU65946704,부품,12.7,0.75,275.0,0.069233,
MJU65946705,부품,12.7,0.75,260.0,0.065457,
MJU65986405,부품,6.35,0.65,433.0,0.045064,
MJU66006801,부품,12.7,0.75,145.0,0.036505,
MJU66006802,부품,6.35,0.65,595.0,0.061924,
MJU66126201,부품,15.88,0.95,85.0,0.033865,
MJU66126301,부품,15.88,0.95,678.0,0.270125,
MJU66126401,부품,15.88,0.95,130.0,0.051794,
MJU66146122,부품,12.7,0.75,245.0,0.06168,
MJU66166605,부품,9.52,0.65,147.0,0.023807,
MJU66266601,부품,15.88,0.95,437.0,0.174107,
MJU66266602,부품,15.88,0.95,466.0,0.185661,
MJU66266603,부품,15.88,0.95,343.0,0.136656,
MJU66266604,부품,15.88,0.95,520.0,0.207176,
MJU66266605,부품,19.05,0.95,214.0,0.103364,
MJU66266606,부품,15.88,0.95,733.0,0.292038,
MJU66266607,부품,15.88,0.95,55.0,0.021913,
MJU66266609,부품,15.88,0.95,278.0,0.110759,
MJU66266610,부품,15.88,0.95,658.0,0.262157,
MJU66266611,부품,15.88,0.95,772.0,0.307576,
MJU66266613,부품,15.88,0.95,214.0,0.085261,
MJU66266618,부품,15.88,0.95,472.0,0.188052,
MJU66266701,부품,15.88,0.95,258.0,0.102791,
MJU66266702,부품,15.88,0.95,446.0,0.177693,
MJU66266706,부품,15.88,0.95,229.0,0.091237,
MJU66266707,부품,15.88,0.95,426.0,0.169725,
MJU66267601,부품,12.7,0.75,767.0,0.193097,
MJU66267602,부품,12.7,0.75,793.0,0.199643,
MJU66267603,부품,12.7,0.75,223.0,0.056142,
MJU66267604,부품,9.52,0.65,270.0,0.043727,
MJU66267605,부품,9.52,0.65,1076.0,0.174261,
MJU66267606,부품,6.35,0.65,147.0,0.015299,
MJU66267607,부품,9.52,0.65,115.0,0.018625,
MJU66267608,부품,6.35,0.65,187.0,0.019462,
MJU66267609,부품,6.35,0.65,260.0,0.027059,
MJU66267610,부품,6.35,0.65,152.0,0.015819,
MJU66267611,부품,6.35,0.65,233.0,0.024249,
MJU66267612,부품,6.35,0.65,114.0,0.011864,
MJU66267613,부품,6.35,0.65,203.0,0.021127,
MJU66267614,부품,4.76,0.65,330.0,0.024764,
MJU66267627,부품,6.35,0.65,104.0,0.010824,
MJU66267637,부품,6.35,0.65,177.0,0.018421,
MJU66267648,부품,9.52,0.65,1071.0,0.173452,
MJU66290604,부품,12.7,0.75,247.0,0.062184,
MJU66290606,부품,12.7,0.75,100.0,0.025176,
MJU66307102,부품,9.52,0.65,440.0,0.071259,
MJU66307103,부품,9.52,0.65,260.0,0.042108,
MJU66307104,부품,9.52,0.65,206.0,0.033362,
MJU66307105,부품,9.52,0.65,152.0,0.024617,
MJU66366302,부품,12.7,0.75,282.0,0.070995,
MJU66366303,부품,7.94,0.65,161.0,0.02143,
MJU66366304,부품,6.35,0.65,76.0,0.00791,
MJU66366305,부품,6.35,0.65,86.0,0.00895,
MJU66366306,부품,9.52,1.45,94.0,0.030897,
MJU66366308,부품,6.35,0.65,131.0,0.013634,
MJU66366801,부품,15.88,0.95,455.0,0.181279,
MJU66366802,부품,15.88,0.95,162.0,0.064543,
MJU66366804,부품,9.52,0.65,213.0,0.034496,
MJU66366805,부품,9.52,0.65,112.0,0.018139,
MJU66366806,부품,6.35,0.65,214.0,0.022272,
MJU66366807,부품,6.35,0.65,166.0,0.017276,
MJU66366812,부품,7.94,0.65,425.0,0.056569,
MJU66366813,부품,9.52,0.65,136.0,0.022026,
MJU66366814,부품,6.35,0.65,164.0,0.017068,
MJU66466701,부품,6.35,0.65,275.0,0.02862,
MJU66466702,부품,6.35,0.55,274.0,0.024552,
MJU66466801,부품,6.35,0.65,248.0,0.02581,
MJU66466802,부품,6.35,0.55,246.0,0.022043,
MJU66466901,부품,6.35,0.65,230.0,0.023937,
MJU66466902,부품,6.35,0.55,228.0,0.02043,
MJU66467001,부품,6.35,0.65,278.0,0.028932,
MJU66467002,부품,6.35,0.55,279.0,0.025,
MJU66467201,부품,6.35,0.65,230.0,0.023937,
MJU66467202,부품,6.35,0.55,230.0,0.02061,
MJU66467301,부품,6.35,0.65,242.0,0.025186,
MJU66467302,부품,6.35,0.55,249.0,0.022312,
MJU66467401,부품,6.35,0.65,278.0,0.028932,
MJU66467402,부품,6.35,0.55,280.0,0.02509,
MJU66467501,부품,6.35,0.65,310.0,0.032263,
MJU66467502,부품,6.35,0.55,317.0,0.028405,
MJU66467601,부품,4.76,0.65,890.0,0.066788,
MJU66467701,부품,4.76,0.65,902.0,0.067688,
MJU66467801,부품,4.76,0.65,902.0,0.067688,
MJU66467901,부품,4.76,0.65,902.0,0.067688,
MJU66468001,부품,4.76,0.65,764.0,0.057332,
MJU66468101,부품,4.76,0.65,764.0,0.057332,
MJU66468201,부품,4.76,0.65,764.0,0.057332,
MJU66468301,부품,4.76,0.65,764.0,0.057332,
MJU66468401,부품,4.76,0.65,764.0,0.057332,
MJU66468501,부품,4.76,0.65,589.0,0.0442,
MJU66468601,부품,4.76,0.65,589.0,0.0442,
MJU66468701,부품,4.76,0.65,589.0,0.0442,
MJU66468801,부품,4.76,0.65,589.0,0.0442,
MJU66470001,부품,9.52,0.65,160.0,0.025912,
MJU66471101,부품,12.7,0.75,1051.0,0.264596,
MJU66471701,부품,9.52,0.65,168.0,0.027208,
MJU66471702,부품,9.52,0.65,190.0,0.030771,
MJU66471703,부품,9.52,0.65,376.0,0.060894,
MJU66471704,부품,9.52,0.65,148.0,0.023969,
MJU66471705,부품,9.52,0.65,242.0,0.039193,
MJU66471706,부품,9.52,0.65,259.0,0.041946,
MJU66471707,부품,9.52,0.65,199.0,0.032229,
MJU66476601,부품,9.52,0.65,222.0,0.035954,
MJU66478115,부품,22.22,1.15,220.0,0.14974,
MJU66478201,부품,9.52,0.65,203.0,0.032876,
MJU66478202,부품,12.7,0.75,178.0,0.044813,
MJU66478203,부품,12.7,0.75,173.0,0.043554,
MJU66478204,부품,12.7,0.75,181.0,0.045568,
MJU66478401,부품,12.7,0.75,771.0,0.194104,
MJU66478402,부품,12.7,0.75,737.0,0.185545,
MJU66478403,부품,12.7,0.75,805.0,0.202664,
MJU66478404,부품,12.7,0.75,733.0,0.184538,
MJU66478501,부품,12.7,0.75,68.0,0.017119,
MJU66478701,부품,15.88,0.95,368.0,0.146617,
MJU66478801,부품,12.7,0.75,204.0,0.051358,
MJU66478901,부품,9.52,0.65,115.0,0.018625,
MJU66479001,부품,9.52,0.65,62.0,0.010041,
MJU66479101,부품,12.7,0.75,231.0,0.058156,
MJU66479201,부품,12.7,0.75,128.0,0.032225,
MJU66479301,부품,12.7,0.75,585.0,0.147278,
MJU66479401,부품,9.52,0.65,273.0,0.044213,
MJU66479501,부품,9.52,0.65,205.0,0.0332,
MJU66479601,부품,9.52,0.65,115.0,0.018625,
MJU66479701,부품,9.52,0.65,170.0,0.027532,
MJU66479801,부품,15.88,0.95,328.0,0.13068,
MJU66479802,부품,15.88,0.95,364.0,0.145023,
MJU66479803,부품,15.88,0.95,343.0,0.136656,
MJU66479901,부품,15.88,0.95,245.0,0.097612,
MJU66480602,부품,9.52,1.45,432.0,0.141996,
MJU66480701,부품,9.52,1.45,73.0,0.023995,
MJU66480703,부품,9.52,1.45,121.0,0.039772,
MJU66481501,부품,4.76,0.65,852.0,0.063936,
MJU66481601,부품,4.76,0.65,864.0,0.064837,
MJU66481701,부품,4.76,0.65,864.0,0.064837,
MJU66481801,부품,4.76,0.65,864.0,0.064837,
MJU66481901,부품,4.76,0.65,864.0,0.064837,
MJU66482001,부품,4.76,0.65,864.0,0.064837,
MJU66482101,부품,4.76,0.65,864.0,0.064837,
MJU66482201,부품,4.76,0.65,864.0,0.064837,
MJU66482301,부품,4.76,0.65,864.0,0.064837,
MJU66482401,부품,4.76,0.65,689.0,0.051704,
MJU66482501,부품,4.76,0.65,689.0,0.051704,
MJU66482601,부품,4.76,0.65,689.0,0.051704,
MJU66482701,부품,4.76,0.65,689.0,0.051704,
MJU66483301,부품,15.88,0.95,188.0,0.074902,
MJU66483302,부품,15.88,0.95,107.0,0.04263,
MJU66483601,부품,7.0,0.65,92.7,0.010748,
MJU66486801,부품,4.76,0.65,821.0,0.06161,
MJU66486901,부품,4.76,0.65,833.0,0.06251,
MJU66487001,부품,4.76,0.65,833.0,0.06251,
MJU66487101,부품,4.76,0.65,833.0,0.06251,
MJU66487201,부품,4.76,0.65,833.0,0.06251,
MJU66487301,부품,4.76,0.65,833.0,0.06251,
MJU66487401,부품,4.76,0.65,833.0,0.06251,
MJU66487501,부품,4.76,0.65,833.0,0.06251,
MJU66487601,부품,4.76,0.65,833.0,0.06251,
MJU66487701,부품,4.76,0.65,658.0,0.049378,
MJU66487801,부품,4.76,0.65,658.0,0.049378,
MJU66487901,부품,4.76,0.65,658.0,0.049378,
MJU66488001,부품,4.76,0.65,658.0,0.049378,
MJU66489401,부품,6.35,0.65,266.0,0.027684,
MJU66489402,부품,6.35,0.65,134.0,0.013946,
MJU66489403,부품,9.52,0.65,212.0,0.034334,
MJU66489406,부품,6.35,0.65,294.0,0.030598,
MJU66489407,부품,6.35,0.65,145.0,0.015091,
MJU66489408,부품,9.52,0.65,214.0,0.034658,
MJU66493602,부품,12.7,0.75,317.0,0.079807,
MJU66493606,부품,12.7,0.75,306.0,0.077038,
MJU66493702,부품,12.7,0.75,932.0,0.234637,
MJU66493704,부품,12.7,0.75,932.0,0.234637,
MJU66494102,부품,9.52,0.65,412.0,0.066725,
MJU66494202,부품,12.7,0.75,302.0,0.076031,
MJU66494401,부품,9.52,0.65,305.0,0.049396,
MJU66499502,부품,6.35,0.55,170.0,0.015233,
MJU66499702,부품,6.35,0.55,256.0,0.022939,
MJU66500202,부품,6.35,0.55,184.0,0.016488,
MJU66500302,부품,6.35,0.55,209.0,0.018728,
MJU66500402,부품,6.35,0.55,244.0,0.021864,
MJU66500502,부품,6.35,0.55,308.0,0.027599,
MJU66502901,부품,9.52,0.65,483.0,0.078223,
MJU66502902,부품,9.52,0.65,477.0,0.077252,
MJU66502903,부품,9.52,0.55,476.0,0.065965,
MJU66502904,부품,9.52,0.55,330.0,0.045732,
MJU66502905,부품,9.52,0.55,291.0,0.040327,
MJU66502906,부품,9.52,0.55,308.0,0.042683,
MJU66502907,부품,9.52,0.55,189.0,0.026192,
MJU66502908,부품,9.52,0.55,217.0,0.030072,
MJU66502909,부품,9.52,0.55,423.0,0.05862,
MJU66503001,부품,9.52,0.65,338.0,0.05474,
MJU66503002,부품,9.52,0.65,329.0,0.053283,
MJU66503301,부품,15.88,0.75,129.0,0.041119,
MJU66503304,부품,15.88,0.75,129.0,0.041119,
MJU66503305,부품,15.88,0.75,129.0,0.041119,
MJU66506801,부품,15.88,0.95,161.0,0.064145,
MJU66507004,부품,12.7,0.75,134.0,0.033735,
MJU66507023,부품,12.7,0.75,204.0,0.051358,
MJU66507045,부품,9.52,0.65,415.0,0.06721,
MJU66507046,부품,7.94,0.65,266.1,0.035419,
MJU66507047,부품,6.35,0.65,105.0,0.010928,
MJU66507048,부품,9.52,0.65,320.0,0.051825,
MJU66507049,부품,9.52,0.65,164.0,0.02656,
MJU66507051,부품,9.52,0.65,97.0,0.015709,
MJU66507052,부품,9.52,0.65,365.0,0.059113,
MJU66507053,부품,9.52,0.65,654.0,0.105917,
MJU66507054,부품,9.52,0.65,144.6,0.023418,
MJU66507055,부품,9.52,0.65,159.1,0.025767,
MJU66508006,부품,12.7,0.75,740.0,0.1863,
MJU66508201,부품,12.7,0.75,831.0,0.20921,
MJU66510313,부품,12.7,0.75,377.0,0.094912,
MJU66510318,부품,12.7,0.75,372.0,0.093653,
MJU66510401,부품,12.7,0.75,114.0,0.0287,
MJU66510601,부품,15.88,0.95,909.0,0.362159,
MJU66510602,부품,15.88,0.95,344.0,0.137055,
MJU66510603,부품,15.88,0.95,299.0,0.119126,
MJU66510607,부품,15.88,0.95,909.0,0.362159,
MJU66510608,부품,15.88,0.95,859.0,0.342238,
MJU66510609,부품,15.88,0.95,394.0,0.156975,
MJU66510610,부품,15.88,0.95,250.0,0.099604,
MJU66510720,부품,12.7,0.75,557.0,0.140228,
MJU66510805,부품,9.52,0.65,650.0,0.105269,
MJU66510806,부품,9.52,0.65,156.0,0.025265,
MJU66510818,부품,9.52,0.65,650.0,0.105269,
MJU66510825,부품,12.7,0.75,735.0,0.185041,
MJU66511701,부품,15.88,0.95,709.0,0.282476,
MJU66526301,부품,9.52,1.45,124.0,0.040758,
MJU66526303,부품,9.52,1.45,144.0,0.047332,
MJU66526306,부품,9.52,1.45,412.0,0.135422,
MJU66526307,부품,9.52,1.45,738.0,0.242577,
MJU66526601,부품,9.52,0.65,142.0,0.022997,
MJU66526602,부품,9.52,0.65,161.0,0.026074,
MJU66526603,부품,9.52,0.65,266.0,0.043079,
MJU66526604,부품,9.52,0.65,353.0,0.057169,
MJU66526605,부품,9.52,0.65,520.0,0.084216,
MJU66526606,부품,9.52,0.65,510.0,0.082596,
MJU66526607,부품,9.52,0.65,482.0,0.078061,
MJU66526608,부품,9.52,0.65,215.0,0.03482,
MJU66526609,부품,9.52,0.65,392.0,0.063486,
MJU66526610,부품,9.52,0.65,379.0,0.06138,
MJU66526612,부품,9.52,0.65,225.0,0.036439,
MJU66526613,부품,9.52,0.65,241.0,0.039031,
MJU66526614,부품,9.52,0.65,147.0,0.023807,
MJU66526615,부품,9.52,0.55,134.0,0.01857,
MJU66526616,부품,9.52,0.55,339.0,0.046979,
MJU66526617,부품,9.52,0.55,520.0,0.072063,
MJU66526618,부품,9.52,0.55,482.0,0.066797,
MJU66526619,부품,9.52,0.55,215.0,0.029795,
MJU66526620,부품,9.52,0.55,241.0,0.033398,
MJU66526621,부품,9.52,0.55,147.0,0.020372,
MJU66527901,부품,4.76,0.65,322.0,0.024164,
MJU66527902,부품,4.76,0.65,310.0,0.023263,
MJU66527903,부품,4.76,0.65,246.0,0.01846,
MJU66528001,부품,4.76,0.65,253.0,0.018986,
MJU66528002,부품,4.76,0.65,252.0,0.018911,
MJU66528003,부품,4.76,0.65,220.0,0.016509,
MJU66546901,부품,9.52,1.45,133.0,0.043716,
MJU66547001,부품,9.52,1.45,131.0,0.043059,
MJU66547101,부품,9.52,1.45,111.0,0.036485,
MJU66547301,부품,4.76,0.65,309.0,0.023188,
MJU66548501,부품,9.52,0.65,302.0,0.04891,
MJU66548502,부품,9.52,0.65,241.0,0.039031,
MJU66548505,부품,9.52,1.45,169.0,0.055549,
MJU66548901,부품,6.35,0.85,234.0,0.030729,
MJU66566802,부품,12.7,0.75,471.0,0.118577,
MJU66566803,부품,12.7,0.75,600.0,0.151054,
MJU66566808,부품,12.7,0.75,1005.0,0.253015,
MJU66566901,부품,15.88,0.95,431.0,0.171717,
MJU66566902,부품,15.88,0.95,296.0,0.117931,
MJU66566904,부품,15.88,0.95,431.0,0.171717,
MJU66566906,부품,15.88,0.95,438.0,0.174506,
MJU66566910,부품,15.88,0.95,179.0,0.071316,
MJU66566911,부품,15.88,0.95,257.0,0.102393,
MJU66566912,부품,15.88,0.95,267.0,0.106377,
MJU66567002,부품,15.88,0.95,564.4,0.224865,
MJU66567101,부품,7.0,0.65,100.0,0.011594,
MJU66567102,부품,7.0,0.65,176.0,0.020406,
MJU66567103,부품,7.0,0.65,176.0,0.020406,
MJU66567104,부품,7.0,0.65,128.0,0.014841,
MJU66567105,부품,7.0,0.65,126.0,0.014609,
MJU66570001,부품,9.52,0.65,400.0,0.064781,
MJU66570002,부품,9.52,0.65,553.0,0.08956,
MJU66570402,부품,22.22,1.15,439.0,0.298799,
MJU66570403,부품,22.22,1.15,181.0,0.123195,
MJU66570404,부품,22.22,1.15,310.0,0.210997,
MJU66570501,부품,19.05,0.95,521.0,0.251647,
MJU66570502,부품,19.05,0.95,521.0,0.251647,
MJU66571201,부품,15.88,0.95,134.0,0.053388,
MJU66571203,부품,15.88,0.75,129.0,0.041119,
MJU66571301,부품,9.52,0.65,219.0,0.035468,
MJU66571302,부품,9.52,0.65,219.0,0.035468,
MJU66571303,부품,9.52,0.65,415.0,0.06721,
MJU66571304,부품,9.52,0.65,343.0,0.05555,
MJU66571305,부품,9.52,0.65,347.0,0.056198,
MJU66571306,부품,9.52,0.65,446.0,0.072231,
MJU66571307,부품,9.52,0.55,219.0,0.030349,
MJU66571309,부품,9.52,0.55,343.0,0.047534,
MJU66571704,부품,28.0,1.15,353.0,0.306174,
MJU66571801,부품,22.22,1.15,443.0,0.301521,
MJU66571901,부품,19.05,0.95,304.0,0.146834,
MJU66571902,부품,19.05,0.95,304.0,0.146834,
MJU66572001,부품,19.05,0.95,81.0,0.039124,
MJU66572901,부품,6.35,0.65,362.0,0.037675,
MJU66572902,부품,6.35,0.55,362.0,0.032438,
MJU66572903,부품,6.35,0.55,154.0,0.013799,
MJU66572904,부품,6.35,0.55,266.0,0.023835,
MJU66573001,부품,6.35,0.65,277.0,0.028828,
MJU66573002,부품,6.35,0.55,272.0,0.024373,
MJU66573101,부품,9.52,0.65,440.0,0.071259,
MJU66573201,부품,9.52,0.65,246.0,0.03984,
MJU66573301,부품,9.52,0.65,112.0,0.018139,
MJU66573302,부품,9.52,0.55,112.0,0.015521,
MJU66573401,부품,6.35,0.65,159.0,0.016548,
MJU66573501,부품,6.35,0.65,278.0,0.028932,
MJU66573502,부품,6.35,0.55,269.0,0.024104,
MJU66573601,부품,9.52,0.65,329.0,0.053283,
MJU66573602,부품,9.52,0.55,329.0,0.045593,
MJU66573603,부품,9.52,0.55,440.0,0.060976,
MJU66573604,부품,9.52,0.55,246.0,0.034091,
MJU66574501,부품,6.35,0.65,98.0,0.010199,
MJU66586201,부품,15.88,0.95,488.0,0.194426,
MJU66586202,부품,15.88,0.95,489.0,0.194825,
MJU66746801,부품,9.52,1.45,156.0,0.051276,
MJU66746901,부품,9.52,1.45,545.0,0.179139,
MJU66748001,부품,12.7,0.75,275.0,0.069233,
MJU66748103,부품,7.0,0.65,83.0,0.009623,
MJU66748104,부품,7.0,0.65,132.0,0.015304,
MJU66748105,부품,6.35,0.65,182.0,0.018941,
MJU66748106,부품,7.0,0.65,222.0,0.025739,
MJU66748107,부품,7.0,0.65,306.0,0.035478,
MJU66748112,부품,6.35,0.65,143.0,0.014883,
MJU66748113,부품,6.35,0.65,116.0,0.012073,
MJU66748114,부품,9.52,0.65,64.0,0.010365,
MJU66748401,부품,15.88,0.95,705.0,0.280882,
MJU66748402,부품,15.88,0.95,261.0,0.103986,
MJU66748403,부품,15.88,0.95,707.0,0.281679,
MJU66748404,부품,15.88,0.95,273.0,0.108767,
MJU66748405,부품,12.7,0.75,1050.0,0.264344,
MJU66748701,부품,7.0,0.65,84.0,0.009739,
MJU66748702,부품,7.0,0.65,151.0,0.017507,
MJU66748703,부품,7.0,0.65,151.0,0.017507,
MJU66749006,부품,22.22,1.15,72.0,0.049006,
MJU66749602,부품,9.52,0.65,59.0,0.009555,
MJU66749603,부품,9.52,0.65,542.0,0.087778,
MJU66749608,부품,9.52,0.65,392.0,0.063486,
MJU66759901,부품,15.88,0.95,158.0,0.062949,
MJU66759902,부품,15.88,0.95,196.0,0.078089,
MJU66759904,부품,15.88,0.75,196.0,0.062475,
MJU66759906,부품,12.7,0.6,501.0,0.102171,
MJU66760005,부품,9.52,0.65,482.0,0.078061,
MJU66760006,부품,9.52,0.65,312.0,0.050529,
MJU66760012,부품,6.35,0.65,277.0,0.028828,
MJU66763402,부품,19.05,0.95,293.0,0.141521,
MJU66763405,부품,19.05,0.95,317.0,0.153113,
MJU66763502,부품,9.52,1.45,83.0,0.027282,
MJU66763702,부품,25.4,1.15,298.0,0.233441,
MJU66763704,부품,25.4,1.15,298.0,0.233441,
MJU66766301,부품,15.88,0.95,438.0,0.174506,
MJU66766602,부품,6.35,0.55,176.0,0.015771,
MJU66770002,부품,9.52,0.65,192.0,0.031095,
MJU66770003,부품,9.52,0.65,398.0,0.064457,
MJU66770101,부품,12.7,0.75,148.0,0.03726,
MJU66773001,부품,9.52,0.65,396.0,0.064133,
MJU66773002,부품,9.52,0.65,264.0,0.042756,
MJU66773701,부품,12.7,0.75,370.0,0.09315,
MJU66773702,부품,12.7,0.75,164.0,0.041288,
MJU66773703,부품,12.7,0.75,306.0,0.077038,
MJU66773809,부품,9.52,0.65,44.0,0.007126,
MJU66777001,부품,9.52,0.65,346.0,0.056036,
MJU66777501,부품,15.88,0.95,709.0,0.282476,
MJU66777701,부품,12.7,0.75,809.0,0.203671,
MJU66777702,부품,12.7,0.75,564.0,0.141991,
MJU66777703,부품,12.7,0.75,640.0,0.161124,
MJU66777704,부품,12.7,0.75,448.0,0.112787,
MJU66777901,부품,9.52,0.65,393.0,0.063647,
MJU66777902,부품,9.52,0.65,657.0,0.106403,
MJU66779301,부품,9.52,0.65,217.0,0.035144,
MJU66779302,부품,9.52,0.65,105.0,0.017005,
MJU66779303,부품,9.52,0.65,209.0,0.033848,
MJU66779304,부품,9.52,0.65,95.0,0.015386,
MJU66779306,부품,9.52,0.65,97.0,0.015709,
MJU66779307,부품,9.52,0.65,68.0,0.011013,
MJU66779308,부품,15.88,0.95,161.0,0.064145,
MJU66779315,부품,9.52,0.65,50.0,0.008098,
MJU66779316,부품,9.52,0.65,42.0,0.006802,
MJU66779318,부품,9.52,0.65,96.0,0.015547,
MJU66779319,부품,9.52,0.65,68.0,0.011013,
MJU66779320,부품,9.52,0.65,80.0,0.012956,
MJU66779324,부품,9.52,0.65,60.0,0.009717,
MJU66779325,부품,9.52,0.65,66.3,0.010737,
MJU66779401,부품,15.88,0.95,139.0,0.05538,
MJU66779501,부품,15.88,0.95,659.0,0.262555,
MJU66779502,부품,15.88,0.95,616.0,0.245423,
MJU66790801,부품,9.52,0.65,1168.0,0.189161,
MJU66790802,부품,9.52,0.65,270.0,0.043727,
MJU66790803,부품,9.52,0.65,573.0,0.092799,
MJU66792201,부품,9.52,0.65,365.0,0.059113,
MJU66792301,부품,12.7,0.75,388.0,0.097682,
MJU66792302,부품,12.7,0.75,210.0,0.052869,
MJU66792303,부품,12.7,0.75,155.0,0.039022,
MJU66792304,부품,12.7,0.75,95.0,0.023917,
MJU66792501,부품,7.0,0.65,126.0,0.014609,
MJU66792502,부품,7.0,0.65,75.0,0.008696,
MJU66792503,부품,7.0,0.65,105.0,0.012174,
MJU66792601,부품,9.52,0.65,615.0,0.099601,
MJU66792603,부품,9.52,0.65,592.0,0.095876,
MJU66792701,부품,12.7,0.75,584.0,0.147026,
MJU66792702,부품,12.7,0.75,97.0,0.02442,
MJU66792703,부품,12.7,0.75,180.0,0.045316,
MJU66792704,부품,12.7,0.75,333.0,0.083835,
MJU66792705,부품,12.7,0.75,754.0,0.189824,
MJU66795001,부품,9.52,0.65,551.0,0.089236,
MJU66797501,부품,7.0,0.65,195.0,0.022609,
MJU66798601,부품,22.22,1.15,460.0,0.313092,
MJU66798701,부품,22.22,1.15,305.0,0.207594,
MJU66798702,부품,22.22,1.15,265.0,0.180368,
MJU66798704,부품,22.22,1.15,70.0,0.047644,
MJU66798801,부품,22.22,1.15,568.0,0.386601,
MJU66798802,부품,22.22,1.15,480.0,0.326705,
MJU66799001,부품,9.52,0.65,665.0,0.107699,
MJU66799002,부품,9.52,0.65,632.0,0.102354,
MJU66799003,부품,9.52,0.65,395.0,0.063971,
MJU66799101,부품,28.0,1.15,301.0,0.261072,
MJU66799401,부품,28.0,1.15,527.0,0.457093,
MJU66799403,부품,28.0,1.15,409.0,0.354746,
MJU66799501,부품,22.22,1.15,120.0,0.081676,
MJU66799901,부품,9.52,0.65,99.0,0.016033,
MJU66800402,부품,22.22,1.15,420.0,0.285867,
MJU66800403,부품,22.22,1.15,196.0,0.133404,
MJU66800404,부품,22.22,1.15,275.0,0.187175,
MJU66800405,부품,22.22,1.15,420.0,0.285867,
MJU66801001,부품,22.22,1.15,315.0,0.2144,
MJU66803009,부품,22.22,1.15,278.0,0.189216,
MJU66803017,부품,22.22,1.15,439.0,0.298799,
MJU66803018,부품,22.22,1.15,610.0,0.415187,
MJU66805505,부품,9.52,0.65,40.0,0.006478,
MJU66805602,부품,7.0,0.65,185.0,0.021449,
MJU66805603,부품,7.0,0.65,199.0,0.023072,
MJU66805604,부품,7.0,0.65,233.0,0.027014,
MJU66805605,부품,7.0,0.65,245.0,0.028406,
MJU66805607,부품,7.0,0.65,225.0,0.026087,
MJU66805608,부품,7.0,0.65,236.0,0.027362,
MJU66806101,부품,12.7,0.75,62.0,0.015609,
MJU66806102,부품,12.7,0.75,124.0,0.031218,
MJU66806103,부품,15.88,0.95,658.0,0.262157,
MJU66806104,부품,15.88,0.95,820.0,0.3267,
MJU66806105,부품,15.88,0.95,488.0,0.194426,
MJU66806106,부품,15.88,0.95,646.0,0.257376,
MJU66806302,부품,9.52,0.65,187.0,0.030285,
MJU66806303,부품,9.52,0.65,132.0,0.021378,
MJU66806304,부품,9.52,0.65,118.0,0.01911,
MJU66806305,부품,9.52,0.65,155.0,0.025103,
MJU66806306,부품,9.52,0.65,117.0,0.018948,
MJU66810501,부품,9.52,0.65,183.0,0.029637,
MJU66810502,부품,9.52,0.65,263.0,0.042594,
MJU66810503,부품,9.52,0.65,227.0,0.036763,
MJU66810701,부품,15.88,0.95,605.0,0.241041,
MJU66810702,부품,15.88,0.95,668.0,0.266141,
MJU66818901,부품,12.7,0.75,62.0,0.015609,
MJU66821301,부품,9.52,0.65,297.0,0.0481,
MJU66821602,부품,6.35,0.65,83.0,0.008638,
MJU66821702,부품,6.35,0.65,76.0,0.00791,
MJU66822602,부품,6.35,0.65,91.0,0.009471,
MJU66823202,부품,6.35,0.65,123.0,0.012801,
MJU66823302,부품,6.35,0.65,161.0,0.016756,
MJU66823801,부품,4.76,0.65,754.0,0.056582,
MJU66823802,부품,4.76,0.65,654.0,0.049078,
MJU66823803,부품,4.76,0.65,654.0,0.049078,
MJU66823804,부품,4.76,0.65,504.0,0.037821,
MJU66823805,부품,4.76,0.65,754.0,0.056582,
MJU66823806,부품,4.76,0.65,654.0,0.049078,
MJU66823807,부품,4.76,0.65,504.0,0.037821,
MJU66823808,부품,4.76,0.65,654.0,0.049078,
MJU66823809,부품,4.76,0.65,504.0,0.037821,
MJU66823810,부품,4.76,0.65,504.0,0.037821,
MJU66824401,부품,4.76,0.65,426.0,0.031968,
MJU66824402,부품,4.76,0.65,336.0,0.025214,
MJU66824403,부품,4.76,0.65,336.0,0.025214,
MJU66824404,부품,4.76,0.65,426.0,0.031968,
MJU66824405,부품,4.76,0.65,646.0,0.048477,
MJU66824406,부품,4.76,0.65,646.0,0.048477,
MJU66824407,부품,4.76,0.65,486.0,0.036471,
MJU66824408,부품,4.76,0.65,426.0,0.031968,
MJU66824409,부품,4.76,0.65,546.0,0.040973,
MJU66824410,부품,4.76,0.65,516.0,0.038722,
MJU66824411,부품,4.76,0.65,696.0,0.05223,
MJU66824412,부품,4.0,0.6,513.0,0.029397,
MJU66824501,부품,12.7,0.75,59.0,0.014854,
MJU66824502,부품,12.7,0.75,270.0,0.067974,
MJU66824503,부품,12.7,0.75,312.0,0.078548,
MJU66824504,부품,12.7,0.75,174.0,0.043806,
MJU66824505,부품,12.7,0.75,54.0,0.013595,
MJU66824506,부품,12.7,0.75,61.0,0.015357,
MJU66824507,부품,12.7,0.75,356.0,0.089625,
MJU66824601,부품,9.52,0.65,222.0,0.035954,
MJU66824602,부품,9.52,0.65,199.0,0.032229,
MJU66824603,부품,9.52,0.65,131.0,0.021216,
MJU66824901,부품,9.52,0.65,133.0,0.02154,
MJU66824902,부품,9.52,0.65,163.0,0.026398,
MJU66824903,부품,9.52,0.65,149.0,0.024131,
MJU66824904,부품,9.52,0.65,137.0,0.022188,
MJU66824905,부품,9.52,0.65,185.0,0.029961,
MJU66824906,부품,9.52,0.65,271.0,0.043889,
MJU66825001,부품,4.76,0.65,456.0,0.034219,
MJU66825002,부품,4.76,0.65,456.0,0.034219,
MJU66825003,부품,4.76,0.65,456.0,0.034219,
MJU66825004,부품,4.76,0.65,456.0,0.034219,
MJU66825005,부품,4.76,0.65,456.0,0.034219,
MJU66825006,부품,4.76,0.65,456.0,0.034219,
MJU66825101,부품,12.7,0.75,241.0,0.060673,
MJU66825102,부품,12.7,0.75,62.0,0.015609,
MJU66825103,부품,12.7,0.75,151.0,0.038015,
MJU66825301,부품,7.0,0.65,198.0,0.022956,
MJU66825302,부품,7.0,0.65,143.0,0.01658,
MJU66825401,부품,12.7,0.75,84.0,0.021148,
MJU66825402,부품,12.7,0.75,63.0,0.015861,
MJU66825403,부품,12.7,0.75,352.0,0.088618,
MJU66825404,부품,12.7,0.75,482.0,0.121347,
MJU66825405,부품,9.52,0.65,674.0,0.109156,
MJU66829504,부품,6.35,0.55,187.0,0.016757,
MJU66829601,부품,12.7,0.75,52.0,0.013091,
MJU66829701,부품,12.7,0.75,286.0,0.072002,
MJU66830901,부품,6.35,0.65,222.0,0.023104,
MJU66831001,부품,6.35,0.65,50.0,0.005204,
MJU66837102,부품,9.52,0.65,169.0,0.02737,
MJU66837103,부품,9.52,0.65,52.0,0.008422,
MJU66845501,부품,4.76,0.65,104.0,0.007804,
MJU66845502,부품,4.76,0.65,231.0,0.017335,
MJU66845503,부품,6.35,0.65,486.0,0.05058,
MJU66845504,부품,6.35,0.65,162.0,0.01686,
MJU66845505,부품,4.76,0.65,387.0,0.029041,
MJU66845506,부품,4.76,0.65,546.0,0.040973,
MJU66845507,부품,4.76,0.65,816.0,0.061235,
MJU66845508,부품,4.76,0.65,937.0,0.070315,
MJU66845509,부품,4.76,0.65,1067.0,0.08007,
MJU66845510,부품,4.76,0.65,1206.0,0.090501,
MJU66845511,부품,4.0,0.6,645.0,0.036961,
MJU66845512,부품,4.0,0.6,754.0,0.043207,
MJU66845513,부품,4.0,0.6,898.0,0.051459,
MJU66856802,부품,9.52,0.65,472.0,0.076442,
MJU66856805,부품,9.52,0.65,60.0,0.009717,
MJU66856806,부품,6.35,0.65,65.0,0.006765,
MJU66856807,부품,9.52,0.65,108.0,0.017491,
MJU66856809,부품,6.35,0.65,199.0,0.020711,
MJU66868008,부품,12.7,0.75,986.0,0.248232,
MJU66868009,부품,15.88,0.95,4168.0,1.660592,
MJU66868012,부품,15.88,0.95,265.0,0.10558,
MJU66868605,부품,12.7,0.75,380.0,0.095668,
MJU66868606,부품,12.7,0.75,368.0,0.092646,
MJU66868624,부품,12.7,0.75,98.0,0.024672,
MJU66868627,부품,9.52,0.65,160.0,0.025912,
MJU66870401,부품,12.7,0.75,770.0,0.193853,
MJU66870501,부품,9.52,0.65,439.0,0.071097,
MJU66870601,부품,9.52,0.65,420.0,0.06802,
MJU66870701,부품,9.52,0.65,423.0,0.068506,
MJU66871201,부품,9.52,0.65,504.0,0.081624,
MJU66874101,부품,9.52,0.65,426.0,0.068992,
MJU66886909,부품,5.0,0.65,82.0,0.006513,
MJU66889201,부품,15.88,0.95,101.0,0.04024,
MJU66889401,부품,12.7,0.75,169.0,0.042547,
MJU66889501,부품,6.35,0.65,116.0,0.012073,
MJU66889502,부품,6.35,0.65,116.0,0.012073,
MJU66889503,부품,6.35,0.65,172.0,0.017901,
MJU66889504,부품,6.35,0.65,189.0,0.01967,
MJU66889901-1,부품,4.0,0.6,258.0,0.014784,
MJU66890001-1,부품,4.0,0.6,251.0,0.014383,
MJU66890101,부품,9.52,0.65,220.0,0.03563,
MJU66894810,부품,9.52,0.65,65.0,0.010527,
MJU66894823,부품,9.52,0.65,263.0,0.042594,
MJU66894824,부품,9.52,0.65,64.0,0.010365,
MJU66894825,부품,9.52,0.65,66.0,0.010689,
MJU66899402,부품,5.0,0.65,212.0,0.016838,
MJU66899501,부품,5.0,0.65,248.0,0.019697,
MJU66899503,부품,5.0,0.65,159.0,0.012628,
MJU66900003,부품,5.0,0.65,145.0,0.011517,
MJU66900004,부품,5.0,0.65,130.0,0.010325,
MJU66900005,부품,9.52,0.65,78.0,0.012632,
MJU66900101,부품,5.0,0.65,244.0,0.01938,
MJU66900103,부품,5.0,0.65,142.0,0.011278,
MJU66900304,부품,6.35,0.65,641.0,0.066711,
MJU66900501,부품,7.94,0.65,628.0,0.08359,
MJU66900503,부품,7.94,0.65,705.0,0.093839,
MJU66900504,부품,7.94,0.65,400.0,0.053242,
MJU66900505,부품,7.94,0.65,315.0,0.041928,
MJU66900801,부품,9.52,0.65,1012.0,0.163896,
MJU66902601,부품,15.88,0.95,415.0,0.165342,
MJU66902803,부품,6.35,0.65,650.0,0.067648,
MJU66904601,부품,15.88,0.95,104.0,0.041435,
MJU66905702,부품,6.35,0.65,269.0,0.027996,
MJU66907002,부품,6.35,0.65,200.0,0.020815,
MJU66908801,부품,15.88,0.95,556.0,0.221518,
MJU66909201,부품,12.7,0.75,239.0,0.06017,
MJU66909202,부품,9.52,0.65,714.0,0.115634,
MJU66909203,부품,12.7,0.65,147.0,0.032342,
MJU66909501,부품,9.52,0.65,192.0,0.031095,
MJU66909502,부품,15.88,0.95,605.0,0.241041,
MJU66909703,부품,12.7,0.75,726.0,0.182775,
MJU66909704,부품,12.7,0.75,352.0,0.088618,
MJU66913701,부품,12.7,0.75,122.0,0.030714,
MJU66913702,부품,12.7,0.75,196.0,0.049344,
MJU66913801,부품,6.35,0.65,60.0,0.006244,
MJU66914001,부품,6.35,0.65,300.0,0.031222,
MJU66914201,부품,6.35,0.65,275.0,0.02862,
MJU66927901,부품,7.0,0.65,150.0,0.017391,
MJU66927902,부품,7.0,0.65,150.0,0.017391,
MJU66927903,부품,7.0,0.65,131.0,0.015188,
MJU66927904,부품,19.05,0.95,218.0,0.105296,
MJU66927905,부품,7.0,0.65,179.0,0.020754,
MJU66928001,부품,19.05,0.95,543.4,0.262466,
MJU66928002,부품,19.05,0.95,342.0,0.165189,
MJU66928201,부품,15.88,0.95,275.0,0.109564,
MJU66928207,부품,12.7,0.65,77.0,0.016941,
MJU66928208,부품,15.88,0.95,741.0,0.295225,
MJU66928209,부품,9.52,0.65,932.0,0.15094,
MJU66928301,부품,12.7,0.75,437.0,0.110018,
MJU66928302,부품,9.52,0.65,182.0,0.029475,
MJU66928303,부품,12.7,0.75,498.0,0.125375,
MJU66928304,부품,9.52,0.65,325.0,0.052635,
MJU66928305,부품,12.7,0.75,279.0,0.07024,
MJU66928307,부품,12.7,0.75,251.0,0.063191,
MJU66928308,부품,9.52,0.65,325.0,0.052635,
MJU66928310,부품,9.52,0.65,517.0,0.08373,
MJU66928311,부품,9.52,0.65,431.0,0.069802,
MJU66928312,부품,9.52,0.65,675.0,0.109318,
MJU66928315,부품,15.88,0.95,155.0,0.061754,
MJU66928316,부품,12.7,0.75,136.0,0.034239,
MJU66928402,부품,15.88,0.95,235.0,0.093627,
MJU66929203,부품,9.52,0.55,161.0,0.022312,
MJU66929204,부품,9.52,0.55,171.0,0.023698,
MJU66929205,부품,9.52,0.55,240.0,0.03326,
MJU66929206,부품,9.52,0.55,99.0,0.01372,
MJU66929403,부품,6.35,0.55,154.0,0.013799,
MJU66929404,부품,6.35,0.55,156.0,0.013979,
MJU66929406,부품,7.94,0.55,236.0,0.026945,
MJU66929407,부품,6.35,0.55,155.0,0.013889,
MJU66929501,부품,12.7,0.6,290.0,0.059141,
MJU66929502,부품,6.35,0.55,100.0,0.008961,
MJU66929503,부품,6.35,0.55,117.0,0.010484,
MJU66929504,부품,6.35,0.55,185.0,0.016577,
MJU66930201,부품,19.05,0.8,1030.5,0.422622,
MJU66930202,부품,19.05,0.8,282.5,0.115857,
MJU66930203,부품,12.7,0.6,377.0,0.076883,
MJU66930204,부품,12.7,0.6,372.0,0.075863,
MJU66930301,부품,7.0,0.55,61.0,0.006079,
MJU66930303,부품,12.7,0.6,120.0,0.024472,
MJU66932046,부품,6.35,0.9,68.0,0.009369,
MJU66932501,부품,6.35,0.65,43.0,0.004475,
MJU66932502,부품,6.35,0.65,42.0,0.004371,
MJU66932503,부품,6.35,0.65,193.0,0.020086,
MJU66932504,부품,6.35,0.65,58.0,0.006036,
MJU66932505,부품,6.35,0.65,53.0,0.005516,
MJU66932507,부품,7.0,0.65,96.0,0.01113,
MJU66932508,부품,7.0,0.65,137.0,0.015884,
MJU66932509,부품,7.0,0.65,62.0,0.007188,
MJU66932510,부품,7.0,0.65,155.0,0.017971,
MJU66932511,부품,7.0,0.65,84.0,0.009739,
MJU66932512,부품,9.52,0.65,120.0,0.019434,
MJU66932513,부품,9.52,0.65,328.0,0.053121,
MJU66932514,부품,9.52,0.65,212.0,0.034334,
MJU66932515,부품,9.52,0.65,115.0,0.018625,
MJU66932516,부품,9.52,0.65,137.0,0.022188,
MJU66932517,부품,15.88,0.95,422.0,0.168131,
MJU66932518,부품,15.88,0.95,104.0,0.041435,
MJU66932519,부품,15.88,0.95,302.0,0.120321,
MJU66932520,부품,15.88,0.95,360.0,0.143429,
MJU66932521,부품,15.88,0.95,224.0,0.089245,
MJU66932522,부품,15.88,0.95,131.0,0.052192,
MJU66932528,부품,9.52,0.65,100.0,0.016195,
MJU66932529,부품,9.52,0.65,237.0,0.038383,
MJU66932530,부품,6.35,0.65,226.0,0.023521,
MJU66932531,부품,9.52,0.65,144.0,0.023321,
MJU66933501,부품,12.7,0.75,400.0,0.100703,
MJU66933502,부품,15.88,0.95,396.0,0.157772,
MJU66933503,부품,15.88,0.95,190.0,0.075699,
MJU66936601,부품,9.52,0.65,408.0,0.066077,
MJU66936602,부품,9.52,0.65,464.0,0.075146,
MJU66936603,부품,9.52,0.65,124.0,0.020082,
MJU66936604,부품,9.52,0.65,246.0,0.03984,
MJU66936606,부품,6.35,0.65,131.0,0.013634,
MJU66936607,부품,6.35,0.65,244.0,0.025394,
MJU66936609,부품,15.88,0.95,557.0,0.221917,
MJU66936610,부품,12.7,0.75,244.0,0.061429,
MJU66936611,부품,9.52,0.65,358.0,0.057979,
MJU66936612,부품,9.52,0.65,538.0,0.087131,
MJU66936613,부품,9.52,0.65,411.0,0.066563,
MJU66936614,부품,6.35,0.65,62.0,0.006453,
MJU66936615,부품,7.94,0.65,83.0,0.011048,
MJU66942801,부품,12.7,0.75,493.0,0.124116,
MJU66942901,부품,12.7,0.75,92.0,0.023162,
MJU66946201,부품,15.88,0.95,443.0,0.176498,
MJU66946801,부품,9.52,0.65,138.0,0.022349,
MJU66949201,부품,6.35,0.65,250.0,0.026018,
MJU66951201,부품,12.7,0.75,78.0,0.019637,
MJU66951404,부품,12.7,0.75,121.0,0.030463,
MJU66951405,부품,15.88,0.95,108.0,0.043029,
MJU66951502,부품,12.7,0.8,507.0,0.13558,
MJU66954302,부품,6.35,0.65,280.0,0.029141,
MJU66954303,부품,7.94,0.65,119.0,0.015839,
MJU66954307,부품,9.52,0.65,110.0,0.017815,
MJU66954308,부품,15.88,0.95,303.0,0.12072,
MJU66954309,부품,15.88,0.95,279.0,0.111158,
MJU66954401,부품,9.52,0.65,239.0,0.038707,
MJU66954404,부품,9.52,0.65,95.0,0.015386,
MJU66954406,부품,9.52,0.65,45.0,0.007288,
MJU66954409,부품,9.52,0.65,204.0,0.033038,
MJU66954411,부품,9.52,0.65,85.0,0.013766,
MJU66954603,부품,12.7,0.75,427.0,0.1075,
MJU66954604,부품,7.94,0.65,138.0,0.018368,
MJU66954605,부품,9.52,0.65,290.0,0.046966,
MJU66954607,부품,9.52,0.65,424.0,0.068668,
MJU66954608,부품,12.7,0.75,159.0,0.040029,
MJU66954609,부품,12.7,0.75,240.0,0.060422,
MJU66954610,부품,6.35,0.65,167.0,0.01738,
MJU66954704,부품,9.52,0.65,240.0,0.038869,
MJU66954705,부품,9.52,0.65,147.0,0.023807,
MJU66954706,부품,6.35,0.65,235.0,0.024457,
MJU66954707,부품,9.52,0.65,183.0,0.029637,
MJU66954708,부품,7.94,0.65,336.0,0.044723,
MJU66954709,부품,6.35,0.65,236.0,0.024561,
MJU66958401,부품,12.7,0.75,126.0,0.031721,
MJU66958403,부품,12.7,0.75,239.0,0.06017,
MJU66958503,부품,12.7,0.75,166.0,0.041792,
MJU66958504,부품,12.7,0.75,482.0,0.121347,
MJU66958505,부품,12.7,0.75,313.0,0.0788,
MJU66958506,부품,12.7,0.75,291.0,0.073261,
MJU66958507,부품,12.7,0.75,243.0,0.061177,
MJU66958508,부품,12.7,0.75,331.0,0.083331,
MJU66959201,부품,12.7,0.75,230.0,0.057904,
MJU66959202,부품,12.7,0.75,233.0,0.058659,
MJU66959604,부품,9.52,0.65,195.0,0.031581,
MJU66960901,부품,6.35,0.65,370.0,0.038507,
MJU66960902,부품,6.35,0.55,372.0,0.033334,
MJU66960903,부품,6.35,0.55,235.0,0.021058,
MJU66960904,부품,6.35,0.55,214.0,0.019176,
MJU66960905,부품,6.35,0.55,194.0,0.017384,
MJU66960906,부품,6.35,0.55,311.0,0.027868,
MJU66961001,부품,6.35,0.65,312.0,0.032471,
MJU66961002,부품,6.35,0.55,314.0,0.028137,
MJU66964501,부품,12.7,0.75,122.0,0.030714,
MJU66964601,부품,12.7,0.75,285.0,0.071751,
MJU66964701,부품,9.52,0.65,423.0,0.068506,
MJU66964801,부품,9.52,0.65,136.0,0.022026,
MJU66965201,부품,9.52,0.65,519.0,0.084054,
MJU66965301,부품,9.52,0.65,338.0,0.05474,
MJU66965303,부품,9.52,0.55,425.0,0.058897,
MJU66965304,부품,9.52,0.55,521.0,0.072201,
MJU66967701,부품,9.52,0.65,130.0,0.021054,
MJU66967904,부품,9.52,0.55,138.0,0.019124,
MJU66967905,부품,9.52,0.55,132.0,0.018293,
MJU66968101,부품,6.35,0.65,195.0,0.020294,
MJU66968102,부품,6.35,0.55,195.0,0.017473,
MJU66968201,부품,6.35,0.65,311.0,0.032367,
MJU66980601,부품,15.88,0.75,460.0,0.146626,
MJU66980602,부품,5.0,0.55,73.0,0.005019,
MJU66980603,부품,5.0,0.55,71.0,0.004881,
MJU66980604,부품,5.0,0.55,134.0,0.009213,
MJU66980605,부품,5.0,0.55,68.0,0.004675,
MJU66980606,부품,5.0,0.55,76.0,0.005225,
MJU66991001,부품,15.88,0.95,97.0,0.038646,
MJU66991002,부품,15.88,0.95,131.0,0.052192,
MJU66991003,부품,15.88,0.95,607.0,0.241838,
MJU66996301,부품,7.0,0.65,120.0,0.013913,
MJU66996302,부품,7.0,0.65,96.0,0.01113,
MJU66996303,부품,7.0,0.65,143.0,0.01658,
MJU66996304,부품,7.0,0.65,162.0,0.018783,
MJU66996305,부품,7.0,0.65,120.0,0.013913,
MJU66996403,부품,15.88,0.95,179.0,0.071316,
MJU66997102,부품,9.52,0.65,75.0,0.012146,
MJU66997103,부품,9.52,0.65,176.0,0.028504,
MJU66997104,부품,9.52,0.65,141.0,0.022835,
MJU66997105,부품,9.52,0.65,165.0,0.026722,
MJU66997106,부품,9.52,0.65,704.0,0.114015,
MJU66997107,부품,9.52,0.65,228.0,0.036925,
MJU66997108,부품,9.52,0.65,196.0,0.031743,
MJU66997201,부품,12.7,0.75,117.0,0.029456,
MJU66997202,부품,12.7,0.75,161.0,0.040533,
MJU66997203,부품,12.7,0.75,123.0,0.030966,
MJU66997204,부품,12.7,0.75,175.0,0.044057,
MJU66997205,부품,12.7,0.75,248.0,0.062436,
MJU66998301,부품,9.52,0.65,428.0,0.069316,
MJU66998304,부품,9.52,0.65,425.0,0.06883,
MJU66998306,부품,6.35,0.65,469.0,0.04881,
MJU66998307,부품,12.7,0.75,263.0,0.066212,
MJU66998309,부품,12.7,0.75,161.0,0.040533,
MJU66998801,부품,4.76,0.65,124.0,0.009305,
MJU66998802,부품,4.76,0.65,405.0,0.030392,
MJU66998803,부품,4.76,0.65,405.0,0.030392,
MJU66998804,부품,4.76,0.65,405.0,0.030392,
MJU66998805,부품,4.76,0.65,305.0,0.022888,
MJU66998806,부품,4.76,0.65,405.0,0.030392,
MJU66998807,부품,4.76,0.65,305.0,0.022888,
MJU66998808,부품,4.76,0.65,400.0,0.030017,
MJU66998809,부품,4.76,0.65,400.0,0.030017,
MJU66998810,부품,4.76,0.65,400.0,0.030017,
MJU66998811,부품,4.76,0.65,300.0,0.022513,
MJU66998812,부품,4.76,0.65,400.0,0.030017,
MJU66998813,부품,4.76,0.65,300.0,0.022513,
MJU66998814,부품,4.76,0.65,392.0,0.029417,
MJU66998815,부품,4.76,0.65,410.0,0.030767,
MJU66998816,부품,4.76,0.65,306.0,0.022963,
MJU66998817,부품,4.76,0.65,293.0,0.021987,
MJU66998901,부품,9.52,0.65,167.0,0.027046,
MJU66998902,부품,9.52,0.65,154.0,0.024941,
MJU66998903,부품,9.52,0.65,211.0,0.034172,
MJU66998904,부품,9.52,0.65,250.0,0.040488,
MJU66999001,부품,12.7,0.75,106.0,0.026686,
MJU66999002,부품,12.7,0.75,49.0,0.012336,
MJU66999003,부품,9.52,0.65,152.0,0.024617,
MJU66999004,부품,12.7,0.75,56.0,0.014098,
MJU66999005,부품,9.52,0.65,118.0,0.01911,
MJU66999201,부품,7.0,0.65,447.0,0.051826,
MJU66999202,부품,7.0,0.65,447.0,0.051826,
MJU66999203,부품,7.0,0.65,457.0,0.052985,
MJU66999204,부품,7.0,0.65,457.0,0.052985,
MJU66999301,부품,7.0,0.65,127.0,0.014725,
MJU66999302,부품,7.0,0.65,140.0,0.016232,
MJU66999303,부품,7.0,0.65,135.0,0.015652,
MJU66999304,부품,7.0,0.65,127.0,0.014725,
MJU66999305,부품,7.0,0.65,127.0,0.014725,
MJU66999306,부품,7.0,0.65,135.0,0.015652,
MJU66999307,부품,7.0,0.65,127.0,0.014725,
MJU66999308,부품,7.0,0.65,90.0,0.010435,
MJU66999309,부품,7.0,0.65,95.0,0.011014,
MJU66999401,부품,6.35,0.7,203.0,0.022552,
MJU67012502,부품,7.0,0.55,123.0,0.012257,
MJU67012503,부품,7.0,0.55,130.0,0.012954,
MJU67012504,부품,7.0,0.55,125.0,0.012456,
MJU67012505,부품,7.0,0.55,125.0,0.012456,
MJU67028001,부품,7.0,0.55,65.0,0.006477,
MJU67028002,부품,7.0,0.55,58.0,0.00578,
MJU67028008,부품,7.0,0.55,100.0,0.009965,
MJU67028009,부품,7.0,0.55,176.0,0.017538,
MJU67028010,부품,7.0,0.55,176.0,0.017538,
MJU67028011,부품,7.0,0.55,128.0,0.012755,
MJU67028012,부품,7.0,0.55,126.0,0.012556,
MJU67028801,부품,15.88,0.75,403.0,0.128457,
MJU67028802,부품,15.88,0.75,341.0,0.108694,
MJU67028901,부품,15.88,0.75,124.0,0.039525,
MJU67029502,부품,15.88,0.75,709.0,0.225995,
MJU67029602,부품,6.35,0.55,128.0,0.01147,
MJU67029603,부품,6.35,0.55,57.0,0.005108,
MJU67035301,부품,12.7,0.6,99.0,0.020189,
MJU67039401,부품,12.7,0.75,686.0,0.172705,
MJU67039402,부품,6.35,0.65,78.0,0.008118,
MJU67039501,부품,9.52,0.65,111.0,0.017977,
MJU67039502,부품,9.52,0.65,433.0,0.070126,
MJU67039503,부품,9.52,0.65,109.0,0.017653,
MJU6940501,부품,9.52,0.65,51.0,0.00826,
MJU77146601,부품,7.0,0.65,82.0,0.009507,
MJU77146602,부품,7.0,0.65,90.0,0.010435,
MJU77146603,부품,7.0,0.75,90.0,0.01185,
MJUI64468201,부품,9.52,0.65,252.0,0.040812,
MJUI65587802,부품,15.88,0.95,252.0,0.1004,
PIPE5,부품,7.94,0.65,54.0,0.007188,
PIPE6,부품,7.94,0.65,279.0,0.037136,
S-TUBE,부품,19.05,0.95,283.0,0.136691,
SUCTION,부품,12.7,0.75,909.0,0.228847,
SUCTION-PART1,부품,34.92,1.4,910.0,1.199569,
SUCTION-PART5,부품,28.58,1.2,146.0,0.134747,
T-88PATH-MANI-TUBE3,부품,7.0,0.65,159.0,0.018435,
T-88PATH-MANI-TUBE4,부품,7.0,0.65,162.0,0.018783,
T-88PATH-MANI-TUBE5,부품,7.0,0.65,150.0,0.017391,
T-88PATH-MANI-TUBE6,부품,7.0,0.65,423.0,0.049043,
T-88PATH-MANI-TUBE7,부품,7.0,0.65,423.0,0.049043,
T-C01806248,부품,12.7,0.75,764.0,0.192342,
T-C01807012,부품,12.7,0.75,750.0,0.188817,
T-C01818261,부품,15.88,0.95,200.0,0.079683,
T-C01818268,부품,15.88,0.95,697.0,0.277695,
T-C01818315,부품,12.7,0.75,533.0,0.134186,
T-C01825692,부품,12.7,0.75,603.0,0.151809,
T-C01825706,부품,12.7,0.75,281.0,0.070744,
T-C01830747,부품,15.88,0.95,220.0,0.087651,
T-C01830757,부품,12.7,0.75,63.0,0.015861,
T-C01830759,부품,15.88,0.95,728.0,0.290046,
T-C01830760,부품,12.7,0.75,615.0,0.15483,
T-C01834715,부품,7.0,0.65,180.0,0.020869,
T-C01834716,부품,7.0,0.65,221.0,0.025623,
T-C01834720,부품,7.0,0.65,190.0,0.022029,
T-C01840288,부품,15.88,0.95,275.0,0.109564,
T-C01843982,부품,15.88,0.95,228.0,0.090839,
T-C01844172,부품,15.88,0.95,300.0,0.119524,
T-C01846072,부품,9.52,0.65,231.0,0.037411,
T-C01846181,부품,9.52,0.65,114.0,0.018463,
T-C01848780,부품,12.7,0.75,310.0,0.078045,
T-C01868082,부품,9.52,0.65,65.0,0.010527,
T-C01876398,부품,9.52,0.65,191.0,0.030933,
T-C01876399,부품,9.52,0.65,209.0,0.033848,
T-C01882126,부품,9.52,0.7,843.0,0.1462,
T-C01882171,부품,9.52,0.7,685.0,0.118798,
T-C01890593,부품,6.35,0.65,376.0,0.039132,
T-C01895106,부품,6.35,0.65,306.0,0.031846,
T-C01895181,부품,6.35,0.65,452.0,0.047041,
T-C01895456,부품,6.35,0.65,382.0,0.039756,
T-C01895459,부품,6.35,0.65,573.0,0.059634,
T-C01895611,부품,12.7,0.75,422.0,0.106241,
T-C01896114,부품,9.52,0.65,814.0,0.13183,
T-C01918007,부품,9.52,0.65,63.0,0.010203,
T-C01971129,부품,9.52,0.65,141.0,0.022835,
T-C01972597,부품,9.52,0.65,157.0,0.025427,
T-CO1867164,부품,12.7,0.75,606.0,0.152565,
T-CO1876398,부품,9.52,0.65,203.0,0.032876,
T-CO1876399,부품,9.52,0.65,208.0,0.033686,
T-CO1876403,부품,9.52,0.65,193.0,0.031257,
T-CO1876404,부품,9.52,0.65,233.0,0.037735,
T-CO1877008,부품,9.52,0.65,160.0,0.025912,
T-CO1880440,부품,9.52,0.65,147.0,0.023807,
T-CO1895611,부품,12.7,0.75,429.0,0.108004,
T-CO1911336,부품,7.0,0.65,116.0,0.013449,
T-CO1911344,부품,7.0,0.65,98.0,0.011362,
T-CO1911428,부품,7.0,0.65,77.0,0.008927,
T-CO1914597,부품,7.94,0.65,862.0,0.114736,
T-CO1921607,부품,9.52,0.65,269.0,0.043565,
T-CO1945894,부품,7.0,0.65,126.0,0.014609,
T-CO1961663,부품,7.0,0.65,143.0,0.01658,
T-CO1961692,부품,7.0,0.65,178.0,0.020638,
T-MJU65010301,부품,9.52,0.65,115.0,0.018625,
T-MJU65010302,부품,9.52,0.65,218.0,0.035306,
T-MJU66567002,부품,15.88,0.95,415.0,0.165342,
T-U18A-SUC1-1,부품,12.7,0.75,244.0,0.061429,
T-U24A-DIS-CONNECTOR,부품,9.52,0.65,249.0,0.040326,
T-U24A-DIS-CONNECTOR-GMCC,부품,9.52,0.65,250.0,0.040488,
T-U24A-SUC-CONNECTOR-GMCC,부품,12.7,0.75,938.0,0.236148,
T-U36A-DIS-CONNECTOR-GMCC,부품,15.88,0.95,592.0,0.235861,
T-U36A-SUS-CONNECTOR-GMCC,부품,9.52,0.65,649.0,0.105107,
T-U36A.PIPE01,부품,7.0,0.65,266.0,0.03084,
T-U36A.PIPE03,부품,15.88,0.95,456.0,0.181677,
T-U36A.PIPE07,부품,15.88,0.95,263.0,0.104783,
T-U36A.PIPE08,부품,15.88,0.95,298.0,0.118728,
T-U60A-SUC-CONNECTOR2,부품,15.88,0.95,60.0,0.023905,
4010AR3071N,Assy,,,,0.458974,1
4848A20001B,Assy,,,,0.562076,2
4848A20001D,Assy,,,,0.660768,3
4848A20001J,Assy,,,,0.558801,2
4848A20004A,Assy,,,,0.117822,2
4848A20004D,Assy,,,,0.187255,2
4848A20005E,Assy,,,,0.224116,2
4848A20005F,Assy,,,,0.302689,2
4848A20005G,Assy,,,,0.286423,2
4848A20005H,Assy,,,,0.239185,2
4848A20005J,Assy,,,,0.112032,1
4848A20005L,Assy,,,,0.398415,4
4848A20005X,Assy,,,,0.224116,2
4848A20006H,Assy,,,,1.01084,3
4848A20006L,Assy,,,,0.393716,3
4848A20007A,Assy,,,,1.14212,4
4848A20007B,Assy,,,,0.045886,2
4848A20007H,Assy,,,,0.402399,4
4848A20007K,Assy,,,,0.193231,2
4848A20012B,Assy,,,,0.30738,2
4849A10047A,Assy,,,,1.888309,3
4849A10047B,Assy,,,,1.888309,3
4849A10048A,Assy,,,,1.436332,5
4849A10048D,Assy,,,,1.431503,5
4849A20001E,Assy,,,,0.469,2
4849A20001H,Assy,,,,0.410556,2
4849A20001X,Assy,,,,0.312989,2
4849A20005D,Assy,,,,0.225152,2
4849A20006J,Assy,,,,0.552203,2
4849A20006U,Assy,,,,0.393716,3
4849A20008T,Assy,,,,0.490448,2
4849A20008V,Assy,,,,0.506675,2
4849A20009A,Assy,,,,0.459684,2
4849A20009C,Assy,,,,0.451585,2
4849A20009H,Assy,,,,0.5685,2
4849A20009J,Assy,,,,0.673174,2
4849A20045A,Assy,,,,0.801212,3
4849A20060A,Assy,,,,0.585571,3
4849A20060B,Assy,,,,0.629657,4
4849A20069E,Assy,,,,0.545828,4
4849A20069F,Assy,,,,0.546865,4
4849A20069M,Assy,,,,0.43467,2
4849A20075A,Assy,,,,0.108476,2
4849A20075B,Assy,,,,0.180481,2
4849A20078B,Assy,,,,0.76605,3
4849A20078E,Assy,,,,0.720164,3
4849A20078H,Assy,,,,0.744575,4
4849A20078L,Assy,,,,1.092563,3
5210A20866E,Assy,,,,0.026265,1
5210A20866L,Assy,,,,0.055471,1
5210A21458B,Assy,,,,0.080228,2
5210A21458T,Assy,,,,0.174073,2
5210A21458U,Assy,,,,0.284073,4
5210A22950A,Assy,,,,0.017797,1
5210A23089D,Assy,,,,0.021108,1
5210A23376A,Assy,,,,0.023009,1
5210A24677N,Assy,,,,0.007072,1
5210A31181F,Assy,,,,0.012956,1
5210A31629A,Assy,,,,0.004787,1
5210A31630A,Assy,,,,0.013321,1
5210A31631A,Assy,,,,0.011136,1
5211A00011E,Assy,,,,0.009231,1
5211A03031A,Assy,,,,1.268725,4
5211A03032A,Assy,,,,1.706446,5
5211A10134G,Assy,,,,0.057032,3
5211A10134X,Assy,,,,0.08181,4
5211A10134Y,Assy,,,,0.079705,4
5211A10305J,Assy,,,,0.125021,5
5211A10530B,Assy,,,,0.055471,2
5211A10531A,Assy,,,,0.082738,4
5211A10556A,Assy,,,,0.010303,1
5211A10688A,Assy,,,,0.052141,3
5211A11023C,Assy,,,,0.115461,2
5211A11024A,Assy,,,,0.057418,2
5211A11602B,Assy,,,,0.569538,2
5211A11604A,Assy,,,,0.058385,5
5211A12318A,Assy,,,,0.410497,14
5211A19008C,Assy,,,,0.049382,4
5211A20095A,Assy,,,,0.058906,4
5211A20095M,Assy,,,,0.062809,2
5211A20133B,Assy,,,,0.03746,3
5211A20141C,Assy,,,,0.062809,2
5211A20291K,Assy,,,,0.050691,2
5211A20459-12-1,Assy,,,,0.175726,1
5211A20466A,Assy,,,,0.014258,1
5211A20466N,Assy,,,,0.017815,1
5211A20678F,Assy,,,,0.037298,3
5211A20860L,Assy,,,,0.194409,6
5211A21173A,Assy,,,,0.016195,1
5211A21233C,Assy,,,,0.021116,1
5211A21233D,Assy,,,,0.144257,1
5211A21310A,Assy,,,,0.017815,1
5211A21310B,Assy,,,,0.022997,1
5211A21483A,Assy,,,,0.380188,3
5211A21483E,Assy,,,,0.283909,2
5211A21502A,Assy,,,,0.085861,4
5211A21503A,Assy,,,,0.012905,1
5211A21504A,Assy,,,,0.016131,1
5211A21789C,Assy,,,,0.045503,2
5211A21811B,Assy,,,,0.075557,7
5211A21812B-1-1,Assy,,,,0.033835,5
5211A21904M,Assy,,,,0.008927,1
5211A22009Q,Assy,,,,0.029063,2
5211A23366A,Assy,,,,0.025602,3
5211A24032D,Assy,,,,0.251572,3
5211A24117A,Assy,,,,0.053702,3
5211A24129T,Assy,,,,0.0386,1
5211A24134C,Assy,,,,0.352597,3
5211A25726E,Assy,,,,0.69364,4
5211A26009F,Assy,,,,0.184286,1
5211A29904C,Assy,,,,0.066557,2
5211A29907A,Assy,,,,0.097933,5
5211A30050D,Assy,,,,0.011985,1
5211A30298K,Assy,,,,0.222439,7
5211A30708Z,Assy,,,,0.059634,3
5211A30731F,Assy,,,,0.043727,2
5211A31629A,Assy,,,,0.004787,1
5211A39010A,Assy,,,,0.039998,4
5211AP2678C,Assy,,,,0.138632,5
5211AP2678E,Assy,,,,0.138632,5
5211AP2678J,Assy,,,,0.138632,5
5211AP2755Q,Assy,,,,0.186869,3
5211AP4052A,Assy,,,,0.015307,1
5211AP4052B,Assy,,,,0.012638,1
5211AP4052J,Assy,,,,0.015307,1
5211AP4052K,Assy,,,,0.015768,1
5211AP4052R,Assy,,,,0.016812,1
5224A20002W,Assy,,,,0.045886,1
5256A30003G,Assy,,,,0.361676,1
5998A20002H,Assy,,,,0.157703,3
5998A20002Q,Assy,,,,0.189621,3
AAB31790004,Assy,,,,0.727106,3
AAB34431201,Assy,,,,0.378489,2
AAB34431202,Assy,,,,0.385303,2
AAB35754001,Assy,,,,0.290288,2
AAB35754002,Assy,,,,0.111092,2
AAB37023601,Assy,,,,0.206303,4
AAB37023602,Assy,,,,0.257642,2
AAB72909301,Assy,,,,0.947989,5
AAB73230901,Assy,,,,0.346799,2
AAB73230902-0,Assy,,,,2.790335,8
AAB73250401,Assy,,,,0.14297,1
AAB73250501,Assy,,,,0.479387,2
AAB73291001,Assy,,,,0.537556,2
AAB73390401,Assy,,,,0.272899,2
AAB73710401,Assy,,,,1.851273,5
AAB73710402,Assy,,,,1.955687,5
AAB73850401,Assy,,,,0.23791,4
ACQ30605001,Assy,,,,0.079033,3
ACQ30662801,Assy,,,,0.062028,2
ADM72950701,Assy,,,,0.085659,1
ADM72950714,Assy,,,,0.140242,1
ADM72950717,Assy,,,,0.297515,3
ADM73190801,Assy,,,,0.231532,2
ADM74930508,Assy,,,,0.228677,2
ADM75351201,Assy,,,,0.05538,1
AFY73489501,Assy,,,,0.089722,3
AFY73689501,Assy,,,,0.083082,2
AFY73689504,Assy,,,,0.043889,2
AFY73689511,Assy,,,,0.089789,2
AFY73769501,Assy,,,,0.02073,1
AFY73769504,Assy,,,,0.052149,2
AFY74109502,Assy,,,,0.08736,2
AFY74109506,Assy,,,,0.81753,3
AFY74209501,Assy,,,,0.231616,2
AGF30058403,Assy,,,,0.070036,1
AHQ73469301,Assy,,,,0.404789,2
AJJ30041801,Assy,,,,0.057427,2
AJJ30041802,Assy,,,,0.057631,2
AJJ30041901,Assy,,,,0.057427,2
AJJ30041902,Assy,,,,0.057631,2
AJJ32486326,Assy,,,,0.433061,4
AJJ72332408,Assy,,,,0.03147,1
AJJ73040829-9-1,Assy,,,,0.044051,2
AJJ73040838,Assy,,,,0.017304,1
AJJ73898602,Assy,,,,0.029141,1
AJJ73898612,Assy,,,,0.459383,7
AJJ73898620,Assy,,,,0.017068,1
AJJ73898629,Assy,,,,0.0903,4
AJJ74498305,Assy,,,,0.07769,3
AJJ74578301-3-1,Assy,,,,0.079033,3
AJJ74578304-3-1,Assy,,,,0.079033,3
AJJ74578309-3-1,Assy,,,,0.079033,3
AJJ74578314-1-1,Assy,,,,0.06219,3
AJJ74578316-1-1,Assy,,,,0.080814,4
AJJ74578323,Assy,,,,0.029961,1
AJJ74578324-1-1,Assy,,,,0.034334,2
AJJ74578325,Assy,,,,0.078153,2
AJJ74578327-1-1,Assy,,,,0.097905,3
AJJ74618301,Assy,,,,0.079003,4
AJJ75039502,Assy,,,,0.017068,1
AJJ75178301,Assy,,,,0.060844,3
AJJ75318301-1-1,Assy,,,,0.04146,1
AJJ75358421,Assy,,,,0.014778,1
AJJ75358426,Assy,,,,0.017692,1
AJJ75358428,Assy,,,,0.362294,4
AJJ75358441,Assy,,,,0.322626,5
AJJ75358444,Assy,,,,0.014778,1
AJJ75639404,Assy,,,,0.315579,2
AJJ75639406,Assy,,,,0.080562,1
AJJ756559010,Assy,,,,0.14974,1
AJJ756559011,Assy,,,,0.14974,1
AJJ756559013,Assy,,,,0.14974,1
AJJ756559014,Assy,,,,0.14974,1
AJJ75838620,Assy,,,,0.016868,1
AJJ75838626,Assy,,,,0.015299,1
AJJ75918402,Assy,,,,0.131668,2
AJJ75918509,Assy,,,,0.017588,1
AJJ75918512,Assy,,,,0.060422,1
AJJ76238401,Assy,,,,0.39274,2
AJJ76318301,Assy,,,,0.065754,2
AJJ76418701,Assy,,,,0.048763,2
AJJ76418702,Assy,,,,0.048763,2
AJJ76418703,Assy,,,,0.060699,2
AJJ76418704,Assy,,,,0.064884,2
AJJ76418705,Assy,,,,0.066898,2
AJJ76418706,Assy,,,,0.064884,2
AJJ76418707,Assy,,,,0.02133,1
AJJ76418713,Assy,,,,0.064884,2
AJJ76418714,Assy,,,,0.066898,2
AJJ76418715,Assy,,,,0.048763,2
AJJ76418716,Assy,,,,0.048763,2
AJJ76418717,Assy,,,,0.060699,2
AJJ76418718,Assy,,,,0.060699,2
AJJ76418719,Assy,,,,0.066898,2
AJJ76418720,Assy,,,,0.10297,4
AJJ76418721,Assy,,,,0.048763,2
AJJ76418722,Assy,,,,0.066143,2
AJJ76418723,Assy,,,,0.064884,2
AJJ76418724,Assy,,,,0.066898,2
AJJ76418725,Assy,,,,0.064884,2
AJJ76418727,Assy,,,,0.054207,2
AJJ76418728,Assy,,,,0.203947,3
AJJ76418729,Assy,,,,0.215883,3
AJJ76559001,Assy,,,,0.048763,2
AJJ76559002,Assy,,,,0.048763,2
AJJ76559003,Assy,,,,0.060699,2
AJJ76559004,Assy,,,,0.064884,2
AJJ76559005,Assy,,,,0.064884,2
AJJ76559006,Assy,,,,0.066898,2
AJJ76559007,Assy,,,,0.066898,2
AJJ76559008,Assy,,,,0.066898,2
AJJ76559009,Assy,,,,0.054207,2
AJJ76559010,Assy,,,,0.054207,2
AJJ76559011,Assy,,,,0.066143,2
AJJ76559012,Assy,,,,0.054207,2
AJJ76559013,Assy,,,,0.054207,2
AJJ76559014,Assy,,,,0.066143,2
AJJ76559015,Assy,,,,0.108414,4
AJJ76559016,Assy,,,,0.129769,4
AJJ76559017,Assy,,,,0.129769,4
AJJ76559101,Assy,,,,0.054207,2
AJJ76559103,Assy,,,,0.02133,1
AJJ76559104,Assy,,,,0.064884,2
AJJ76559105,Assy,,,,0.064884,2
AJJ76559106,Assy,,,,0.066898,2
AJJ76559107,Assy,,,,0.066898,2
AJJ76602101-12-1,Assy,,,,0.241041,1
AJR30001401,Assy,,,,0.507009,5
AJR30001402,Assy,,,,0.264344,1
AJR30003002,Assy,,,,0.210217,1
AJR30003301,Assy,,,,0.118724,6
AJR30004702-3-1,Assy,,,,0.394813,3
AJR30007101,Assy,,,,0.316833,7
AJR30007104,Assy,,,,0.050529,1
AJR30007106,Assy,,,,0.078061,1
AJR30007603,Assy,,,,0.059599,2
AJR30007604,Assy,,,,0.052797,1
AJR30008101-4-4,Assy,,,,0.750499,12
AJR30008201,Assy,,,,0.439853,3
AJR30008202,Assy,,,,0.427521,2
AJR30009001,Assy,,,,0.021216,1
AJR30009002,Assy,,,,0.037053,1
AJR30009003,Assy,,,,0.096695,2
AJR30009004,Assy,,,,0.092953,2
AJR30009005,Assy,,,,0.104731,1
AJR30009401,Assy,,,,0.158569,1
AJR30009402,Assy,,,,0.10581,4
AJR30009403,Assy,,,,0.119836,2
AJR30009701,Assy,,,,0.169725,1
AJR30010701,Assy,,,,0.061542,1
AJR30010702,Assy,,,,0.15026,3
AJR30011101,Assy,,,,0.052869,1
AJR30011102,Assy,,,,0.039022,1
AJR30011201,Assy,,,,0.008696,1
AJR30012008-1-1,Assy,,,,0.064133,1
AJR30012009,Assy,,,,0.042918,1
AJR30012101,Assy,,,,0.09315,1
AJR30019401,Assy,,,,0.345662,2
AJR30019402,Assy,,,,0.273911,2
AJR30019801-3-1,Assy,,,,0.125352,3
AJR30019901,Assy,,,,0.106403,1
AJR30020701,Assy,,,,0.666074,5
AJR30025101,Assy,,,,0.325687,3
AJR30025501,Assy,,,,0.095876,1
AJR30025601,Assy,,,,0.248259,2
AJR30025701,Assy,,,,0.012174,1
AJR30027701-12-2,Assy,,,,0.719423,5
AJR30027702-12-1,Assy,,,,0.510476,3
AJR30027703,Assy,,,,1.42958,7
AJR30027703.07,Assy,,,,1.301198,4
AJR30027704-12-1,Assy,,,,0.641839,3
AJR30027705-12-1,Assy,,,,0.405658,2
AJR30027706-12-1,Assy,,,,0.2144,1
AJR30027708,Assy,,,,0.027282,1
AJR30028411,Assy,,,,0.604404,2
AJR30029801,Assy,,,,0.099942,4
AJR30029802,Assy,,,,0.053449,2
AJR30029901,Assy,,,,1.087485,6
AJR30030101,Assy,,,,0.114825,5
AJR30031201-12-1,Assy,,,,0.476621,11
AJR30031202,Assy,,,,0.109156,1
AJR30031801,Assy,,,,0.507182,2
AJR30033101,Assy,,,,0.681739,5
AJR30037101,Assy,,,,0.0481,1
AJR30037603-20-2,Assy,,,,0.020947,2
AJR30037604,Assy,,,,0.046937,4
AJR30038101-12-1,Assy,,,,0.426536,12
AJR30038201,Assy,,,,0.248436,10
AJR30038301-12-1,Assy,,,,0.205316,6
AJR30038401,Assy,,,,0.039536,2
AJR30040301,Assy,,,,0.100703,3
AJR30051301-3-1,Assy,,,,0.079357,2
AJR30055201,Assy,,,,0.144901,6
AJR30060701,Assy,,,,0.08359,1
AJR30060702,Assy,,,,0.039077,2
AJR30060704,Assy,,,,0.235491,6
AJR30060707-16-1,Assy,,,,0.214246,6
AJR30060805,Assy,,,,0.389828,6
AJR30061101,Assy,,,,0.047106,4
AJR30061301,Assy,,,,0.163896,1
AJR30063602,Assy,,,,0.32527,2
AJR30064401,Assy,,,,0.221518,1
AJR30064601,Assy,,,,0.015887,1
AJR30064701,Assy,,,,0.208146,3
AJR30064801,Assy,,,,0.019462,1
AJR30065824,Assy,,,,0.086856,1
AJR30065901-16-1,Assy,,,,0.108269,2
AJR30065902,Assy,,,,0.091635,1
AJR30069601,Assy,,,,0.00614,1
AJR30069602,Assy,,,,0.006557,1
AJR30069701,Assy,,,,0.006244,1
AJR30069702-3-1,Assy,,,,0.051107,1
AJR30069801-12-1,Assy,,,,0.059842,2
AJR30071101,Assy,,,,0.056897,2
AJR30071102,Assy,,,,0.312733,2
AJR30073601-12-1,Assy,,,,0.03563,1
AJR30073603-12-1,Assy,,,,0.038869,1
AJR30075101-3-1,Assy,,,,0.525159,10
AJR30075401,Assy,,,,0.804129,10
AJR30077403-12-1,Assy,,,,0.03326,1
AJR30077802-20-1,Assy,,,,0.132369,8
AJR30077901-12-1,Assy,,,,0.033155,2
AJR30078601-12-1,Assy,,,,0.07334,3
AJR30078701,Assy,,,,0.189661,4
AJR30078702,Assy,,,,0.024472,1
AJR30079201,Assy,,,,0.030609,1
AJR30079401,Assy,,,,0.233471,2
AJR30083101,Assy,,,,0.026018,1
AJR30087001,Assy,,,,0.247717,3
AJR30087301,Assy,,,,0.05741,2
AJR30087401,Assy,,,,0.084054,3
AJR30089601-4-1,Assy,,,,0.032679,1
AJR30089602-4-1,Assy,,,,0.118711,3
AJR30089603-4-1,Assy,,,,0.128753,3
AJR30089604,Assy,,,,0.157121,5
AJR30089608-4-1,Assy,,,,0.081486,4
AJR30089609-4-1,Assy,,,,0.138721,5
AJR30089610-4-3,Assy,,,,0.055849,3
AJR30089611-4-1,Assy,,,,0.079962,4
AJR30089612-4-1,Assy,,,,0.147867,5
AJR30089614-4-1,Assy,,,,0.022402,3
AJR30089615-4-1,Assy,,,,0.098389,6
AJR30089616-4-1,Assy,,,,0.033782,4
AJR30089620,Assy,,,,0.110978,6
AJR30089621-1-1,Assy,,,,0.089385,3
AJR30095101,Assy,,,,0.146626,1
AJR30099601,Assy,,,,0.341604,4
AJR30101601-20-1,Assy,,,,0.432746,3
AJR30102201,Assy,,,,0.145635,6
AJR30102601,Assy,,,,0.612634,14
AJR30102602,Assy,,,,0.155837,3
AJR30103101,Assy,,,,0.066068,3
AJR30103102,Assy,,,,0.065725,3
AJR30103201,Assy,,,,0.164985,6
AJR30103203,Assy,,,,0.151072,5
AJR30103301,Assy,,,,0.105134,4
AJR30103401,Assy,,,,0.021449,2
AJR30103402,Assy,,,,0.040533,1
AJR30105801,Assy,,,,0.064005,6
AJR30106101-16-1,Assy,,,,0.357689,19
AJR30107701-3-1,Assy,,,,0.211526,5
AJR30107702-3-1,Assy,,,,0.211526,5
AJR30116401,Assy,,,,0.020189,1
AJR30116701,Assy,,,,0.335356,5
AJR30117302,Assy,,,,0.441889,7
AJR30117401-12-1,Assy,,,,0.016577,2
AJR30120401,Assy,,,,0.031884,2
AJR30120801,Assy,,,,0.010689,1
AJR30123001,Assy,,,,0.023038,1
AJR30123401,Assy,,,,0.088102,2
AJR30125501-20-1,Assy,,,,0.293145,3
AJR30125505-20-1,Assy,,,,0.285575,3
AJR30125601,Assy,,,,0.194735,3
AJR30125603-20-1,Assy,,,,0.025751,2
AJR30133604,Assy,,,,0.29267,2
AJR30133702-4-1,Assy,,,,0.281183,6
AJR30133703-4-1,Assy,,,,0.354216,8
AJR30138203,Assy,,,,0.075527,1
AJR30140101,Assy,,,,0.035954,2
AJR30140103,Assy,,,,0.032229,2
AJR30140104,Assy,,,,0.030609,2
AJR30140105,Assy,,,,0.036439,2
AJR30140301,Assy,,,,0.021506,3
AJR30228801,Assy,,,,0.090519,5
AJR30228805,Assy,,,,0.011661,1
AJR30359401,Assy,,,,0.042462,4
AJR30359801,Assy,,,,0.006244,1
AJR30672501,Assy,,,,0.526331,2
AJR32486320,Assy,,,,0.071065,3
AJR32486326,Assy,,,,0.114181,6
AJR32563602,Assy,,,,0.102408,5
AJR328839,Assy,,,,0.04429,4
AJR32883906-3-1,Assy,,,,0.322474,5
AJR32883911-3-1,Assy,,,,0.267518,4
AJR34565827-1-1,Assy,,,,0.131358,7
AJR34739807,Assy,,,,0.123603,5
AJR34739811,Assy,,,,0.256113,5
AJR34739816-3-1,Assy,,,,0.242177,5
AJR34739818,Assy,,,,0.090269,3
AJR34739819,Assy,,,,0.093918,4
AJR34739820,Assy,,,,0.355689,7
AJR34739821,Assy,,,,0.069422,3
AJR34739824-3-1,Assy,,,,0.244695,5
AJR35563502,Assy,,,,0.602403,2
AJR35744503,Assy,,,,0.076405,4
AJR35938601,Assy,,,,0.196817,3
AJR36013006,Assy,,,,0.244455,3
AJR36013007,Assy,,,,0.397456,6
AJR36013008,Assy,,,,0.096171,2
AJR36089801,Assy,,,,0.056575,1
AJR36182706,Assy,,,,0.063132,4
AJR36388606-9-2,Assy,,,,0.17248,7
AJR36388617,Assy,,,,0.064855,2
AJR36478205,Assy,,,,0.132694,5
AJR36479502,Assy,,,,0.020637,3
AJR36479506,Assy,,,,0.020637,3
AJR36479508-1-1,Assy,,,,0.077773,6
AJR36479516-11-1,Assy,,,,0.020398,1
AJR36479519,Assy,,,,0.050372,3
AJR36479521-1-1,Assy,,,,0.020086,1
AJR36541603,Assy,,,,0.012985,1
AJR36618605,Assy,,,,0.36627,4
AJR36618618,Assy,,,,0.068263,4
AJR36618620,Assy,,,,0.221917,1
AJR36618623,Assy,,,,0.087131,1
AJR36852201,Assy,,,,0.06286,3
AJR36852202-4-1,Assy,,,,0.090174,4
AJR36852209,Assy,,,,0.127336,5
AJR36852211,Assy,,,,0.115559,4
AJR36852701,Assy,,,,0.031014,3
AJR36852706-12-1,Assy,,,,0.043295,2
AJR36859101,Assy,,,,0.040974,1
AJR37039701,Assy,,,,0.134511,6
AJR37039702-4-1,Assy,,,,0.144842,6
AJR37039703-4-1,Assy,,,,0.144842,6
AJR37039706,Assy,,,,0.134511,6
AJR37042101,Assy,,,,0.047666,4
AJR37048404,Assy,,,,0.013148,1
AJR37119901,Assy,,,,0.006956,1
AJR41630601,Assy,,,,0.026643,1
AJR52676202-9-1,Assy,,,,0.048232,3
AJR52676207-9-1,Assy,,,,0.048232,3
AJR52737602,Assy,,,,0.373713,1
AJR52737610,Assy,,,,0.406383,3
AJR52737614,Assy,,,,0.368607,4
AJR52737625,Assy,,,,0.370788,4
AJR52737635,Assy,,,,0.338864,2
AJR53980903-9-1,Assy,,,,0.038724,3
AJR54072901,Assy,,,,0.07709,3
AJR54072902,Assy,,,,0.094904,3
AJR54072903,Assy,,,,0.252993,3
AJR54072905,Assy,,,,0.115305,3
AJR54072906,Assy,,,,0.279195,3
AJR54072907,Assy,,,,0.380648,3
AJR55179001,Assy,,,,0.008098,1
AJR55707001,Assy,,,,0.032159,2
AJR55707008,Assy,,,,0.016027,1
AJR55707009-20-1,Assy,,,,0.089804,5
AJR55707101,Assy,,,,0.11639,4
AJR55796806-1,Assy,,,,0.039756,2
AJR55796807,Assy,,,,0.040797,2
AJR55796808,Assy,,,,0.08149,4
AJR55908807,Assy,,,,0.202696,4
AJR62820102,Assy,,,,0.073996,4
AJR65507701,Assy,,,,0.341135,3
AJR65507702,Assy,,,,0.567232,3
AJR65507704-4-1,Assy,,,,0.162553,1
AJR65507705,Assy,,,,0.325106,2
AJR65507708-4-1,Assy,,,,0.569733,4
AJR65507709,Assy,,,,0.162553,1
AJR65507710,Assy,,,,0.162553,1
AJR65507711,Assy,,,,0.162553,1
AJR65507712,Assy,,,,0.162553,1
AJR65507713,Assy,,,,0.162553,1
AJR65507715,Assy,,,,0.201199,3
AJR65507716,Assy,,,,0.180482,1
AJR65507720-4-1,Assy,,,,0.325903,2
AJR65507726,Assy,,,,0.122313,1
AJR65507732-7-1,Assy,,,,0.218331,3
AJR65507734,Assy,,,,0.284866,2
AJR67003601,Assy,,,,1.124028,5
AJR67734301,Assy,,,,0.126329,5
AJR67734302,Assy,,,,0.126329,5
AJR68019502-12-1,Assy,,,,0.036115,1
AJR69394512-4-1,Assy,,,,0.368296,5
AJR69405502-1-1,Assy,,,,0.068897,4
AJR69405508,Assy,,,,0.088775,4
AJR69417501,Assy,,,,0.138175,5
AJR69417505,Assy,,,,0.019774,1
AJR71429315,Assy,,,,0.286858,3
AJR71429330,Assy,,,,0.460005,3
AJR71429331,Assy,,,,0.377199,3
AJR71429339,Assy,,,,0.273911,4
AJR71429341,Assy,,,,1.032861,5
AJR71429343,Assy,,,,0.199207,2
AJR71429409-3-1,Assy,,,,0.04733,1
AJR71433309,Assy,,,,0.03128,2
AJR71433340-1-1,Assy,,,,0.029349,2
AJR71433341,Assy,,,,0.028724,2
AJR72367603,Assy,,,,0.332189,7
AJR72367604,Assy,,,,0.058906,1
AJR72367702,Assy,,,,0.455658,8
AJR72367706,Assy,,,,0.198537,2
AJR72572902,Assy,,,,0.013217,1
AJR72586211,Assy,,,,0.176529,1
AJR72586221,Assy,,,,0.25859,2
AJR72586223-4-1,Assy,,,,0.249146,2
AJR72586225,Assy,,,,0.257095,2
AJR72910805,Assy,,,,0.233869,2
AJR72912302,Assy,,,,0.084404,5
AJR72912307,Assy,,,,0.097413,5
AJR72914201-3-1,Assy,,,,0.106051,3
AJR72919805,Assy,,,,0.004652,1
AJR72920608,Assy,,,,0.010203,1
AJR72926201,Assy,,,,0.081073,4
AJR72926401,Assy,,,,0.008584,1
AJR72929301,Assy,,,,0.039355,2
AJR72939602-4-1,Assy,,,,0.639535,13
AJR72942401,Assy,,,,0.011337,1
AJR72945005,Assy,,,,0.10575,2
AJR72946401,Assy,,,,0.101518,3
AJR72946403,Assy,,,,0.008098,1
AJR72946415,Assy,,,,0.077287,3
AJR72946503-9-1,Assy,,,,0.272401,2
AJR72946603,Assy,,,,0.159992,1
AJR72946805,Assy,,,,0.013442,1
AJR72946806,Assy,,,,0.023265,1
AJR72950701,Assy,,,,0.507979,4
AJR72950704,Assy,,,,0.411721,3
AJR72950705,Assy,,,,0.437873,3
AJR72952503,Assy,,,,0.107953,3
AJR72952603,Assy,,,,0.042432,1
AJR72953301-16-1,Assy,,,,0.110128,6
AJR72956301,Assy,,,,0.149381,3
AJR72956302,Assy,,,,0.150147,3
AJR72982301,Assy,,,,0.873198,6
AJR72982303-12-1,Assy,,,,0.224926,3
AJR73003001,Assy,,,,0.006956,1
AJR73005506,Assy,,,,0.056522,2
AJR73005509,Assy,,,,0.051308,3
AJR73022901,Assy,,,,0.053286,4
AJR73023302,Assy,,,,0.031552,1
AJR73023601,Assy,,,,0.00826,1
AJR73040829,Assy,,,,0.067372,3
AJR73042301-1-1,Assy,,,,0.025602,2
AJR73062401,Assy,,,,0.048726,2
AJR73062503,Assy,,,,0.277184,2
AJR73063201,Assy,,,,0.009158,2
AJR73063202,Assy,,,,0.012593,2
AJR73064602,Assy,,,,0.041414,2
AJR73065501,Assy,,,,0.046304,2
AJR73069405,Assy,,,,0.10471,3
AJR73069601,Assy,,,,0.100181,7
AJR73069602,Assy,,,,0.111799,10
AJR73163201,Assy,,,,0.140806,5
AJR73165501,Assy,,,,0.259687,4
AJR73182701,Assy,,,,0.028412,2
AJR73224001,Assy,,,,0.125256,4
AJR73323802,Assy,,,,0.092332,2
AJR73324406,Assy,,,,0.054981,1
AJR73324501,Assy,,,,0.326941,3
AJR73324503,Assy,,,,0.150144,2
AJR73326604,Assy,,,,0.408304,5
AJR73326605,Assy,,,,0.647137,5
AJR73326607,Assy,,,,0.576055,5
AJR73326616,Assy,,,,0.647137,5
AJR73326623,Assy,,,,0.932742,9
AJR73326624,Assy,,,,0.629559,5
AJR73326629,Assy,,,,0.283934,5
AJR73326630,Assy,,,,0.653325,5
AJR73326631,Assy,,,,0.653723,5
AJR73326634,Assy,,,,0.402769,5
AJR73326638,Assy,,,,0.188314,2
AJR73327007,Assy,,,,0.054981,1
AJR73342801,Assy,,,,0.262756,3
AJR73342803,Assy,,,,0.119768,3
AJR73343201-4-1,Assy,,,,0.045272,1
AJR73343301-3-1,Assy,,,,0.03986,2
AJR73343302-3-1,Assy,,,,0.03986,2
AJR73343303-3-1,Assy,,,,0.03986,2
AJR73364001,Assy,,,,0.009231,1
AJR73364601,Assy,,,,0.193718,3
AJR73502401,Assy,,,,0.883285,5
AJR73584501,Assy,,,,0.496424,4
AJR73663001-9-1,Assy,,,,0.139725,3
AJR73663004-4-1,Assy,,,,0.245463,3
AJR73663104-1-1,Assy,,,,0.142569,6
AJR73682802,Assy,,,,0.240586,4
AJR73682803,Assy,,,,0.30318,4
AJR73682805,Assy,,,,0.195963,2
AJR73682807,Assy,,,,0.141094,2
AJR73682813,Assy,,,,0.28293,3
AJR73767202,Assy,,,,0.004787,1
AJR73767206,Assy,,,,0.046846,1
AJR73767208,Assy,,,,0.082173,2
AJR73767304,Assy,,,,0.010747,1
AJR73767314,Assy,,,,0.020086,1
AJR73767511,Assy,,,,0.055874,3
AJR73767711,Assy,,,,0.125041,5
AJR73767803-3-1,Assy,,,,0.062514,2
AJR73767810-3-1,Assy,,,,0.062514,2
AJR73768801,Assy,,,,0.061091,2
AJR73768803,Assy,,,,0.085388,3
AJR73768805,Assy,,,,0.051308,2
AJR73786302,Assy,,,,0.161467,1
AJR73786303,Assy,,,,0.297507,4
AJR73786401,Assy,,,,0.023917,1
AJR73787405,Assy,,,,0.119538,5
AJR73787804,Assy,,,,0.214244,4
AJR73802705,Assy,,,,0.045792,3
AJR73803001,Assy,,,,0.008386,1
AJR73803002,Assy,,,,0.006557,1
AJR73803003,Assy,,,,0.106155,1
AJR73804102,Assy,,,,0.100637,5
AJR73804202,Assy,,,,0.148753,7
AJR73804203,Assy,,,,0.056927,3
AJR73804204,Assy,,,,0.056927,3
AJR73804303,Assy,,,,0.452773,7
AJR73804304,Assy,,,,0.452773,7
AJR73804305,Assy,,,,0.006956,1
AJR73804306,Assy,,,,0.268148,5
AJR73804307,Assy,,,,0.263852,5
AJR73822507,Assy,,,,0.02915,2
AJR73822515,Assy,,,,0.02915,2
AJR73822516,Assy,,,,0.02915,2
AJR73822601,Assy,,,,0.02529,2
AJR73823101,Assy,,,,0.355386,3
AJR73882501,Assy,,,,0.252586,16
AJR73882503,Assy,,,,0.137169,5
AJR73882504,Assy,,,,0.243428,10
AJR73882506,Assy,,,,0.152988,6
AJR73882508,Assy,,,,0.188789,9
AJR73898602,Assy,,,,0.01686,1
AJR73898604,Assy,,,,0.045408,2
AJR73903407,Assy,,,,0.021565,2
AJR73910201,Assy,,,,0.061554,3
AJR73910202,Assy,,,,0.078547,3
AJR73915607,Assy,,,,0.182097,2
AJR73915611,Assy,,,,0.116821,2
AJR73943302-9-1,Assy,,,,0.051952,4
AJR73944503,Assy,,,,0.368823,2
AJR73944504,Assy,,,,0.337606,2
AJR73944505-7-1,Assy,,,,0.253267,2
AJR73944506,Assy,,,,0.734374,6
AJR73944514-7-1,Assy,,,,0.231364,2
AJR73944516,Assy,,,,0.231364,2
AJR73944519-7-1,Assy,,,,0.230357,2
AJR73944520-7-1,Assy,,,,0.230106,2
AJR73945001,Assy,,,,0.037987,3
AJR73946102,Assy,,,,0.225826,4
AJR73946108,Assy,,,,0.009231,1
AJR73946112,Assy,,,,0.01353,1
AJR73946113,Assy,,,,0.008638,1
AJR73946115,Assy,,,,0.294827,1
AJR73947203,Assy,,,,0.216725,2
AJR73952007,Assy,,,,0.024622,3
AJR73952501,Assy,,,,0.045568,1
AJR73952502,Assy,,,,0.045064,1
AJR73952503,Assy,,,,0.038059,1
AJR73962601,Assy,,,,0.25196,2
AJR73963101,Assy,,,,0.180526,2
AJR73963104,Assy,,,,0.18004,2
AJR73964301,Assy,,,,0.066563,3
AJR73964601,Assy,,,,0.12007,5
AJR73964602,Assy,,,,0.12007,5
AJR73964609,Assy,,,,0.034982,1
AJR73964901,Assy,,,,0.219633,4
AJR73964902,Assy,,,,0.269733,4
AJR73964904,Assy,,,,0.094026,2
AJR73964905,Assy,,,,0.333385,4
AJR73964906,Assy,,,,0.433847,4
AJR73965601,Assy,,,,0.198384,1
AJR73965602,Assy,,,,0.183531,1
AJR73965606-19-1,Assy,,,,0.264513,4
AJR73965607-19-1,Assy,,,,0.264513,4
AJR73967501,Assy,,,,1.577624,5
AJR73967511-7-1,Assy,,,,0.338956,1
AJR73967512-7-1,Assy,,,,0.338956,1
AJR73967513,Assy,,,,0.024353,1
AJR73967514-7-1,Assy,,,,1.373013,3
AJR73967516-7-1,Assy,,,,0.338956,1
AJR73967517-7-1,Assy,,,,0.338956,1
AJR73968501,Assy,,,,0.099702,6
AJR73968601,Assy,,,,0.048762,3
AJR73968605-3-1,Assy,,,,0.060431,3
AJR73969401,Assy,,,,0.028828,2
AJR73970503,Assy,,,,0.170607,2
AJR73970508,Assy,,,,0.514557,3
AJR73972012,Assy,,,,0.009739,1
AJR73973702-7-1,Assy,,,,0.26107,3
AJR73973707,Assy,,,,0.309661,2
AJR73980304-3-1,Assy,,,,0.090532,3
AJR73982401,Assy,,,,0.017304,1
AJR73982802,Assy,,,,0.042203,3
AJR73984806,Assy,,,,0.18414,8
AJR73988106,Assy,,,,0.009231,1
AJR73988107-9-1,Assy,,,,0.046071,1
AJR74005701,Assy,,,,0.032214,2
AJR74005801,Assy,,,,0.033735,1
AJR74007502,Assy,,,,0.447775,5
AJR74043402,Assy,,,,0.025679,1
AJR74043406,Assy,,,,0.015998,1
AJR74064002,Assy,,,,0.041129,2
AJR74064004,Assy,,,,0.041129,2
AJR74105602,Assy,,,,0.006921,1
AJR74107911-4-1,Assy,,,,0.305129,2
AJR74107912-4-1,Assy,,,,0.19192,2
AJR74107914,Assy,,,,0.12219,1
AJR74107915,Assy,,,,0.193074,2
AJR74107918-4-1,Assy,,,,0.354474,3
AJR74125301,Assy,,,,0.022463,1
AJR74126301,Assy,,,,0.213446,8
AJR74130503,Assy,,,,0.014154,2
AJR74162504,Assy,,,,0.036925,1
AJR74165705,Assy,,,,0.067648,2
AJR74167301,Assy,,,,0.039236,4
AJR74169203,Assy,,,,0.220428,8
AJR74173801,Assy,,,,0.014576,1
AJR74182302,Assy,,,,0.092475,4
AJR74182601,Assy,,,,0.035548,1
AJR74182602,Assy,,,,0.025627,1
AJR74203209,Assy,,,,0.496823,1
AJR74203404,Assy,,,,0.079515,3
AJR74204001,Assy,,,,0.02019,2
AJR74204302,Assy,,,,0.123861,5
AJR74204401,Assy,,,,0.029799,2
AJR74205301,Assy,,,,0.204489,4
AJR74207301,Assy,,,,0.347186,5
AJR74207801,Assy,,,,0.200718,8
AJR74224202,Assy,,,,0.005401,1
AJR74227601,Assy,,,,0.195111,2
AJR74230002,Assy,,,,0.05162,3
AJR74242401,Assy,,,,0.039236,4
AJR74242408,Assy,,,,0.0386,4
AJR74243204,Assy,,,,0.227588,1
AJR74263316,Assy,,,,0.372119,2
AJR74263401,Assy,,,,0.209243,3
AJR74266005,Assy,,,,0.087455,1
AJR74268901,Assy,,,,0.048262,1
AJR74283401,Assy,,,,0.129363,4
AJR74286001,Assy,,,,0.09315,1
AJR74286002,Assy,,,,0.116033,2
AJR74289301,Assy,,,,0.024145,2
AJR74290701,Assy,,,,0.116466,1
AJR74364818-3-1,Assy,,,,0.307287,10
AJR74364825-3-1,Assy,,,,0.292272,10
AJR743649,Assy,,,,0.006348,1
AJR74364902,Assy,,,,0.0792,8
AJR74364904,Assy,,,,0.353538,10
AJR74364911-4,Assy,,,,0.463833,12
AJR74364912-4-1,Assy,,,,0.018421,2
AJR74364917,Assy,,,,0.066919,3
AJR74364918-4-1,Assy,,,,0.026018,3
AJR74364919-4-1,Assy,,,,0.095228,4
AJR74364920,Assy,,,,0.167802,8
AJR74364921-4,Assy,,,,0.358564,8
AJR74364922-4-1,Assy,,,,0.039548,4
AJR74364923-4-3,Assy,,,,0.065267,3
AJR74364924-4-1,Assy,,,,0.048424,2
AJR74364925,Assy,,,,0.088133,4
AJR74365101,Assy,,,,0.016868,1
AJR74365202,Assy,,,,0.032362,1
AJR74385301,Assy,,,,0.00556,1
AJR74385601,Assy,,,,0.072945,4
AJR74385603,Assy,,,,0.04305,1
AJR74385604,Assy,,,,0.131478,1
AJR74385607,Assy,,,,0.034865,2
AJR74423402,Assy,,,,0.00562,1
AJR74423403,Assy,,,,0.014883,1
AJR74423601,Assy,,,,0.081043,4
AJR74424612-1-1,Assy,,,,0.010203,1
AJR74424615-7-1,Assy,,,,0.533078,4
AJR74424616,Assy,,,,0.010203,1
AJR74424620-1-1,Assy,,,,0.010203,1
AJR74425401,Assy,,,,0.613924,5
AJR74425403,Assy,,,,0.522461,5
AJR74425405,Assy,,,,0.619809,5
AJR74425406,Assy,,,,0.611254,5
AJR74425407,Assy,,,,0.470209,5
AJR74425408,Assy,,,,0.073507,3
AJR74444508,Assy,,,,0.041043,2
AJR74444509,Assy,,,,0.261893,6
AJR74462302,Assy,,,,0.146019,1
AJR74462303,Assy,,,,0.16427,4
AJR74465901,Assy,,,,0.084421,5
AJR74465905,Assy,,,,0.087423,5
AJR74466305,Assy,,,,0.021681,2
AJR74467003,Assy,,,,0.083116,3
AJR74467103,Assy,,,,0.077496,5
AJR74482401,Assy,,,,0.041539,1
AJR74488601-16-1,Assy,,,,0.196315,12
AJR74488604-16-1,Assy,,,,0.070142,5
AJR74498302,Assy,,,,0.012489,1
AJR74498303,Assy,,,,0.014778,1
AJR74502703,Assy,,,,0.025364,1
AJR74522901-12-1,Assy,,,,0.037258,3
AJR74522902-3-1,Assy,,,,0.011864,1
AJR74523001-12-1,Assy,,,,0.060571,2
AJR74523003-12-1,Assy,,,,0.089877,1
AJR74523006-12-1,Assy,,,,0.269631,3
AJR74523201-12-2,Assy,,,,0.019254,2
AJR74524701-3-1,Assy,,,,0.046966,2
AJR74524709-9-1,Assy,,,,0.245841,4
AJR74578316,Assy,,,,0.080976,4
AJR74602706,Assy,,,,0.061694,3
AJR74643301,Assy,,,,0.22636,2
AJR74662702,Assy,,,,1.985469,6
AJR74662703-7-1,Assy,,,,0.687301,4
AJR74662704,Assy,,,,0.335553,1
AJR74663701,Assy,,,,0.246758,2
AJR74702901,Assy,,,,0.228595,1
AJR74758302,Assy,,,,0.111288,7
AJR74803102,Assy,,,,0.004607,1
AJR74803505-3-1,Assy,,,,0.038368,3
AJR74803512-4-1,Assy,,,,0.114013,7
AJR74803516-1-1,Assy,,,,0.034865,4
AJR74803521-4-1,Assy,,,,0.04829,3
AJR74803522-4-1,Assy,,,,0.05391,3
AJR74803541-1-1,Assy,,,,0.051516,4
AJR74803543-1-1,Assy,,,,0.084063,3
AJR74803545-12-1,Assy,,,,0.073268,4
AJR74803552-4-1,Assy,,,,0.057344,3
AJR74803553-4-1,Assy,,,,0.036113,1
AJR74823101,Assy,,,,0.063072,5
AJR74823102-20-1,Assy,,,,0.503078,12
AJR74823103-20-1,Assy,,,,0.46389,10
AJR74823104-20-1,Assy,,,,0.46389,10
AJR74824301,Assy,,,,0.114481,2
AJR74843601,Assy,,,,0.034136,1
AJR74843602,Assy,,,,0.033095,2
AJR74844101,Assy,,,,0.080463,6
AJR74844310,Assy,,,,0.017977,1
AJR74862701,Assy,,,,0.220011,6
AJR74863102,Assy,,,,0.016027,1
AJR74925001,Assy,,,,0.095342,7
AJR74942516,Assy,,,,0.113532,7
AJR74942523,Assy,,,,0.010527,1
AJR74942547,Assy,,,,0.144322,6
AJR74942561,Assy,,,,0.11459,5
AJR74942615-4-1,Assy,,,,0.250233,12
AJR74942617-4-1,Assy,,,,0.22918,10
AJR74942623-12-1,Assy,,,,0.123167,6
AJR74942627-4-1,Assy,,,,0.11459,5
AJR74942632-12-1,Assy,,,,0.114515,5
AJR74942709-3-1,Assy,,,,0.143637,6
AJR74942715-3-1,Assy,,,,0.143637,6
AJR74942724-3-1,Assy,,,,0.143637,6
AJR74942730-3-1,Assy,,,,0.143637,6
AJR74942735-3-1,Assy,,,,0.144397,6
AJR74942754-3-1,Assy,,,,0.122194,6
AJR74943201,Assy,,,,0.060753,3
AJR74943202,Assy,,,,0.056,3
AJR74944301,Assy,,,,0.168101,4
AJR74944404,Assy,,,,0.058385,2
AJR74963001-3-1,Assy,,,,0.150167,4
AJR74963002,Assy,,,,0.06029,5
AJR74963003-4-1,Assy,,,,0.06029,5
AJR74963101,Assy,,,,0.049848,2
AJR74963102,Assy,,,,0.071536,4
AJR74964808,Assy,,,,0.187541,1
AJR74982401,Assy,,,,0.006921,1
AJR74982402,Assy,,,,0.006921,1
AJR74983905,Assy,,,,0.011023,1
AJR74984101,Assy,,,,0.040488,1
AJR74984303-1-1,Assy,,,,0.478409,15
AJR74984304,Assy,,,,0.062838,1
AJR74984305,Assy,,,,0.054981,1
AJR74984307,Assy,,,,0.062838,1
AJR74984402,Assy,,,,0.536343,6
AJR74984403,Assy,,,,0.555823,3
AJR74985501,Assy,,,,0.106571,4
AJR74985503,Assy,,,,0.045688,3
AJR75002402,Assy,,,,0.030447,1
AJR75022402,Assy,,,,0.122399,5
AJR75044205,Assy,,,,0.051987,2
AJR75062906-19-2,Assy,,,,0.07947,10
AJR75062907,Assy,,,,0.026018,2
AJR75102405-7-1,Assy,,,,0.224162,2
AJR75103103,Assy,,,,0.192886,2
AJR75103201-4-1,Assy,,,,0.144441,4
AJR75104017-12-1,Assy,,,,0.044439,3
AJR75104018-13-1,Assy,,,,0.069833,3
AJR75104030,Assy,,,,0.018711,2
AJR75104601,Assy,,,,0.046622,5
AJR75104701,Assy,,,,0.042594,1
AJR75123701,Assy,,,,0.180604,2
AJR75123901-3-1,Assy,,,,0.373735,9
AJR75142602,Assy,,,,0.050782,4
AJR75142606,Assy,,,,0.069101,4
AJR75182901,Assy,,,,0.240012,5
AJR75222301,Assy,,,,0.040812,1
AJR75223401,Assy,,,,0.643763,5
AJR75242802-4-1,Assy,,,,0.06161,3
AJR75242806-4-1,Assy,,,,0.060634,3
AJR75242814-16-1,Assy,,,,0.117011,8
AJR75242816,Assy,,,,0.063485,1
AJR75243006-3-1,Assy,,,,0.172659,3
AJR75243007-3-1,Assy,,,,0.096447,3
AJR75243014,Assy,,,,0.156464,3
AJR75243019-3-1,Assy,,,,0.064696,3
AJR75243021-3-1,Assy,,,,0.07077,3
AJR75243102,Assy,,,,0.069235,3
AJR75243105,Assy,,,,0.012607,2
AJR75243106,Assy,,,,0.06116,3
AJR75243118-3-1,Assy,,,,0.156464,3
AJR75243119,Assy,,,,0.006557,1
AJR75243124,Assy,,,,0.076818,5
AJR75244301,Assy,,,,0.45537,3
AJR75245201,Assy,,,,0.204776,5
AJR75262808-9-1,Assy,,,,0.057331,2
AJR75342401,Assy,,,,0.113856,4
AJR75358421,Assy,,,,0.034344,2
AJR75462802,Assy,,,,0.400289,3
AJR75462803,Assy,,,,0.169278,1
AJR75463101,Assy,,,,0.00745,1
AJR75463108,Assy,,,,0.266095,4
AJR75463110,Assy,,,,0.496278,10
AJR75463302,Assy,,,,1.320194,25
AJR75463303-9-1,Assy,,,,0.574425,12
AJR75463304-9-2,Assy,,,,0.330794,4
AJR75463503,Assy,,,,0.395304,3
AJR75463512,Assy,,,,0.008846,1
AJR75464301,Assy,,,,0.078145,5
AJR75464302,Assy,,,,0.078376,5
AJR75464602,Assy,,,,0.060408,1
AJR75464704,Assy,,,,0.608777,2
AJR75482701,Assy,,,,0.20869,6
AJR75483401,Assy,,,,0.205433,2
AJR75483601-3-1,Assy,,,,0.121303,4
AJR75483602,Assy,,,,0.0149,1
AJR75483701-1-1,Assy,,,,0.071907,2
AJR75483702-1-1,Assy,,,,0.071907,2
AJR75504001-1-1,Assy,,,,0.170536,1
AJR75524701,Assy,,,,0.510241,7
AJR75544201,Assy,,,,0.00745,1
AJR75544202,Assy,,,,0.065205,2
AJR75544203,Assy,,,,0.930147,10
AJR75544204-4-1,Assy,,,,0.535401,5
AJR75544223,Assy,,,,0.09539,3
AJR75544505-12-1,Assy,,,,0.338464,3
AJR75544609-1-1,Assy,,,,0.042432,2
AJR75545703,Assy,,,,0.079213,5
AJR75563003,Assy,,,,0.009971,1
AJR75563101,Assy,,,,0.090694,5
AJR75563102,Assy,,,,0.090694,5
AJR75563402-4-1,Assy,,,,0.063564,3
AJR75563501,Assy,,,,0.05316,3
AJR75563502-12-1,Assy,,,,0.05724,6
AJR75563503-12-1,Assy,,,,0.020815,1
AJR75563701,Assy,,,,0.443501,6
AJR75563702,Assy,,,,0.605413,8
AJR75584501,Assy,,,,0.013444,1
AJR75584502,Assy,,,,0.02656,2
AJR75604101,Assy,,,,0.030181,3
AJR75604703,Assy,,,,0.497516,5
AJR75604801,Assy,,,,0.634672,1
AJR75605101,Assy,,,,0.080351,2
AJR75605102,Assy,,,,0.091816,2
AJR75605104,Assy,,,,0.067219,1
AJR75605801,Assy,,,,0.021855,2
AJR75605802,Assy,,,,0.02248,2
AJR75605807,Assy,,,,0.01915,2
AJR75605814,Assy,,,,0.008222,1
AJR75623703,Assy,,,,0.507834,3
AJR75624401,Assy,,,,0.015408,2
AJR75624402,Assy,,,,0.076209,3
AJR75625401-7-1,Assy,,,,0.226581,2
AJR75643001,Assy,,,,0.015224,1
AJR75645201,Assy,,,,0.140179,2
AJR75645501,Assy,,,,0.18612,2
AJR75645604,Assy,,,,0.041109,3
AJR75645605,Assy,,,,0.055887,3
AJR75645606,Assy,,,,0.051725,3
AJR75645701,Assy,,,,0.360601,12
AJR75645801,Assy,,,,0.031257,1
AJR75662308,Assy,,,,0.17369,2
AJR75662310,Assy,,,,0.229216,2
AJR75662311-4-1,Assy,,,,0.171072,2
AJR75662317,Assy,,,,0.230403,2
AJR75662320,Assy,,,,0.229216,2
AJR75662327,Assy,,,,0.316206,2
AJR75662332,Assy,,,,0.126849,1
AJR75662333,Assy,,,,0.195153,1
AJR75662335,Assy,,,,0.171072,2
AJR75662337,Assy,,,,0.229593,2
AJR75662338,Assy,,,,0.195153,1
AJR75662342,Assy,,,,0.229593,2
AJR75662343,Assy,,,,0.166991,1
AJR75662345,Assy,,,,0.108806,1
AJR75662347,Assy,,,,0.110975,1
AJR75662348,Assy,,,,0.130176,1
AJR75662349-16-1,Assy,,,,0.113943,1
AJR75662350,Assy,,,,0.113943,1
AJR75662801-4-1,Assy,,,,0.120404,6
AJR75702302,Assy,,,,0.0792,4
AJR75702801,Assy,,,,0.748173,13
AJR75704003,Assy,,,,0.108508,1
AJR75709904-3-1,Assy,,,,0.074012,2
AJR75710506,Assy,,,,0.009231,1
AJR75710903,Assy,,,,0.13183,2
AJR75711202,Assy,,,,0.138122,2
AJR75711401,Assy,,,,0.11063,6
AJR75711501,Assy,,,,0.563037,6
AJR75711503,Assy,,,,0.258554,2
AJR75711504,Assy,,,,0.419535,4
AJR75711901,Assy,,,,0.453991,3
AJR75712801,Assy,,,,0.061932,1
AJR75713001,Assy,,,,0.080329,1
AJR75713101,Assy,,,,0.034898,2
AJR75713301,Assy,,,,0.125675,2
AJR75724101,Assy,,,,0.427319,11
AJR75727201,Assy,,,,0.048327,2
AJR75743201,Assy,,,,0.089503,4
AJR75743202,Assy,,,,0.168517,2
AJR75743204,Assy,,,,0.189335,10
AJR75743207,Assy,,,,0.089503,4
AJR75743209,Assy,,,,0.199653,5
AJR75743301,Assy,,,,0.110526,4
AJR75743302,Assy,,,,0.207583,8
AJR75743307,Assy,,,,0.110526,4
AJR75744102-4-1,Assy,,,,0.57458,5
AJR75744106-1-1,Assy,,,,0.359043,5
AJR75744115,Assy,,,,0.168269,3
AJR75744116-4-1,Assy,,,,0.155301,6
AJR75744119,Assy,,,,0.403311,5
AJR75744125,Assy,,,,0.362294,4
AJR75744133,Assy,,,,0.362294,4
AJR75744137-3-1,Assy,,,,0.201145,4
AJR75744140-12-1,Assy,,,,0.091331,2
AJR75744143-16-1,Assy,,,,0.356097,4
AJR75744401,Assy,,,,0.147268,7
AJR75744515,Assy,,,,0.246331,3
AJR75747504,Assy,,,,0.098883,5
AJR75763103-1-1,Assy,,,,0.139471,2
AJR75763701-4-1,Assy,,,,0.345027,2
AJR75763801,Assy,,,,0.452964,5
AJR75782901,Assy,,,,0.150119,3
AJR75784701,Assy,,,,0.23363,3
AJR75786301-9-1,Assy,,,,0.160009,6
AJR75802401,Assy,,,,0.02248,2
AJR75802501-1-1,Assy,,,,0.060571,4
AJR75802613,Assy,,,,0.298799,1
AJR75804101,Assy,,,,0.102354,1
AJR75805201,Assy,,,,0.050666,3
AJR75826401,Assy,,,,0.183725,5
AJR75827603-12-1,Assy,,,,0.04264,4
AJR75828001-3-1,Assy,,,,0.072908,3
AJR75918402,Assy,,,,0.046323,3
AJR75918512,Assy,,,,0.120817,1
AJR75942501,Assy,,,,0.123375,6
AJR75942502,Assy,,,,0.11459,5
AJR75962501,Assy,,,,0.170611,5
AJR75983001-7-1,Assy,,,,0.241183,2
AJR75983005-7-1,Assy,,,,0.346417,2
AJR76164202,Assy,,,,0.058897,2
AJR76166401,Assy,,,,0.533149,13
AJR76166402,Assy,,,,0.533149,13
AJR76166403,Assy,,,,0.533149,13
AJR76302601,Assy,,,,0.042547,1
AJR76318301,Assy,,,,0.271734,3
AJR76322601-12-1,Assy,,,,0.093905,3
AJR76322701-1-1,Assy,,,,0.056845,3
AJR76362801,Assy,,,,0.656782,9
AJR76363001-9-1,Assy,,,,0.139725,1
AJR76363002,Assy,,,,0.184538,1
AJR76363201-1-1,Assy,,,,0.139603,3
AJR76402407,Assy,,,,0.109642,1
AJR76442502-3-1,Assy,,,,0.034434,2
AJR76442504-3-1,Assy,,,,0.051537,2
AJR76442511-3-1,Assy,,,,0.029313,1
AJR76442701,Assy,,,,0.005639,1
AJR76442702,Assy,,,,0.011517,2
AJR76462607,Assy,,,,0.124305,1
AJR76462608,Assy,,,,0.045671,1
AJR76462611,Assy,,,,0.091989,1
AJR76462620,Assy,,,,0.114339,1
AJR76462629,Assy,,,,0.013805,1
AJR76462631,Assy,,,,0.09801,1
AJR76462632,Assy,,,,0.09801,1
AJR76462634-12-1,Assy,,,,0.113367,1
AJR76483303,Assy,,,,0.037571,3
AJR76502604-3-1,Assy,,,,0.197089,7
AJR76502605-13-1,Assy,,,,0.25297,9
AJR76502606-13-1,Assy,,,,0.142033,6
AJR76502607,Assy,,,,0.128105,6
AJR76502610,Assy,,,,0.249893,12
AJR76502611,Assy,,,,0.275158,12
AJR76502612-3-1,Assy,,,,0.051501,2
AJR76502618,Assy,,,,0.089313,3
AJR76522501,Assy,,,,0.050009,3
AJR76522612-3-2,Assy,,,,0.083244,4
AJR76523001,Assy,,,,0.010203,1
AJR76523003,Assy,,,,0.356991,2
AJR76523008,Assy,,,,0.116606,2
AJR76523009,Assy,,,,0.084338,1
AJR76523011,Assy,,,,0.375873,2
AJR76523012,Assy,,,,0.172202,1
AJR76523027,Assy,,,,0.087131,2
AJR76543201-3-1,Assy,,,,0.120817,3
AJR76545301-9-1,Assy,,,,0.109318,3
AJR76545302-4-1,Assy,,,,0.112719,3
AJR76562401,Assy,,,,0.120817,3
AJR76562802-12-1,Assy,,,,0.083278,3
AJR76562804,Assy,,,,0.051358,1
AJR76562811-1,Assy,,,,0.556057,3
AJR76563201,Assy,,,,0.018109,1
AJR76582501,Assy,,,,0.145264,2
AJR76582502,Assy,,,,0.148033,2
AJR76582505,Assy,,,,0.407423,8
AJR76582506-4-1,Assy,,,,0.118961,3
AJR76582801,Assy,,,,0.120293,6
AJR76595403,Assy,,,,0.064133,3
AJR76602401,Assy,,,,0.183271,1
AJR76703602,Assy,,,,0.223998,3
AJR76703612,Assy,,,,0.176498,1
AJR76742303,Assy,,,,0.018463,1
AJR76742305,Assy,,,,0.028686,1
AJR76822701,Assy,,,,0.051794,1
AJR76823101,Assy,,,,0.123261,3
AJR76823801,Assy,,,,0.06466,1
AJR76823803,Assy,,,,0.06466,1
AJR76982401-13-1,Assy,,,,0.113367,2
AJR76982501-12-1,Assy,,,,0.488058,3
AJR76982502,Assy,,,,0.262157,1
AJR77022802,Assy,,,,0.184626,1
AJR77142502,Assy,,,,0.064145,1
AJR77142503,Assy,,,,0.023162,1
AJR77143101,Assy,,,,0.225319,2
AJR77144207,Assy,,,,0.311789,6
AJR77144301,Assy,,,,0.71229,5
AJR77144302,Assy,,,,0.71229,5
AJR77144305,Assy,,,,0.692768,5
AJR77144306,Assy,,,,0.71229,5
AJR77144603,Assy,,,,0.157904,4
AJR77144606-4-1,Assy,,,,0.157904,4
AJR77145501,Assy,,,,0.273872,2
AJR77145701,Assy,,,,0.515054,6
AJR77145702,Assy,,,,0.533287,7
AJR77163101,Assy,,,,0.187846,7
AJR77163401-13-1,Assy,,,,0.062018,2
AJR77163403-1-1,Assy,,,,0.080346,3
AJR77164003,Assy,,,,0.010365,1
AJR77167310-4-1,Assy,,,,0.234637,1
AJR77167311,Assy,,,,0.243731,2
AJR77170701,Assy,,,,0.074902,1
AJR77170902,Assy,,,,0.767754,28
AJR77171201-4-1,Assy,,,,0.815633,14
AJR77182401,Assy,,,,0.381681,3
AJR77182405,Assy,,,,0.389251,2
AJR77182406,Assy,,,,0.355386,2
AJR77182601,Assy,,,,0.433475,1
AJR77182701,Assy,,,,0.759204,13
AJR77182801,Assy,,,,0.32575,4
AJR77182802,Assy,,,,0.302514,5
AJR77182901,Assy,,,,0.322732,4
AJR77182902,Assy,,,,0.2759,4
AJR77183101,Assy,,,,0.733315,13
AJR77185702,Assy,,,,0.256209,7
AJR77187802,Assy,,,,0.007126,1
AJR77188701-1-1,Assy,,,,0.12357,4
AJR77188801,Assy,,,,0.233471,2
AJR77188802-20-1,Assy,,,,0.244627,2
AJR77189101,Assy,,,,0.010748,1
AJR77189103,Assy,,,,0.020754,2
AJR77202301,Assy,,,,0.46609,4
AJR77202401,Assy,,,,0.653156,13
AJR77202405,Assy,,,,0.033398,1
AJR77202407,Assy,,,,0.102171,1
AJR77202901,Assy,,,,0.283684,4
AJR77202902,Assy,,,,0.06302,6
AJR77203901,Assy,,,,0.149689,3
AJR77222902,Assy,,,,0.696858,7
AJR77222904,Assy,,,,0.106377,1
AJR77222905-9-1,Assy,,,,0.461364,3
AJR77223102,Assy,,,,0.014725,1
AJR77223105,Assy,,,,0.377696,8
AJR77223106,Assy,,,,0.138632,2
AJR77224001.02,Assy,,,,0.334192,2
AJR77224002-20-1,Assy,,,,0.251647,1
AJR77224008-20-1,Assy,,,,0.316428,2
AJR77224501-12-1,Assy,,,,0.676801,10
AJR77224502,Assy,,,,0.146617,1
AJR77224503-3-1,Assy,,,,0.032225,1
AJR77224504,Assy,,,,0.146617,1
AJR77224505,Assy,,,,0.063486,1
AJR77224506,Assy,,,,0.016033,1
AJR77224507,Assy,,,,0.297993,4
AJR77224508-1-1,Assy,,,,0.341308,3
AJR77224517-3-1,Assy,,,,0.103449,3
AJR77224518-16-1,Assy,,,,0.012628,1
AJR77224519-12-1,Assy,,,,0.328158,3
AJR772245SER,Assy,,,,0.009717,1
AJR77225301-1-1,Assy,,,,0.506265,12
AJR77225303,Assy,,,,0.077883,2
AJR77225601.02,Assy,,,,0.875421,3
AJR77225602-20-1,Assy,,,,0.185475,2
AJR77225607-20-1,Assy,,,,0.275035,3
AJR77226301-9-1,Assy,,,,0.957393,20
AJR77226302-4-1,Assy,,,,0.18862,5
AJR77226303-4-5,Assy,,,,0.023835,1
AJR77243601,Assy,,,,0.18414,5
AJR77244805,Assy,,,,0.432234,5
AJR77263001,Assy,,,,0.304309,7
AJR77263002-9-1,Assy,,,,0.555984,13
AJR77263004,Assy,,,,0.068506,1
AJR77263005,Assy,,,,0.081624,1
AJR77263007-4-1,Assy,,,,0.091741,2
AJR77263009-4-1,Assy,,,,0.108648,2
ARJ34739818,Assy,,,,0.077568,2
MAA41415105,Assy,,,,1.052912,4
MAA62464401,Assy,,,,0.282077,1
MAA63264602,Assy,,,,0.253912,2
MHH62041502,Assy,,,,0.411623,6
MHH62041507,Assy,,,,0.196667,3
MJG62142002,Assy,,,,0.148301,2
MJU37361117,Assy,,,,0.029557,1
MJU41941706,Assy,,,,0.24247,1
MJU42282712,Assy,,,,0.032493,1
MJU42378901,Assy,,,,0.007587,1
MJU42937801,Assy,,,,0.008584,1
MJU48957501,Assy,,,,0.007587,1
MJU60436406,Assy,,,,0.028448,1
MJU61940002,Assy,,,,0.134765,1
MJU61942901,Assy,,,,0.020406,1
MJU62287008,Assy,,,,0.146617,1
MJU62356410,Assy,,,,0.012801,1
MJU62792304,Assy,,,,0.098408,1
MJU62918101,Assy,,,,0.049304,1
MJU62918102,Assy,,,,0.037471,1
MJU62968801-19-1,Assy,,,,0.009684,1
MJU63156816,Assy,,,,0.124871,1
MJU63209818,Assy,,,,0.119836,1
MJU63407306,Assy,,,,0.008011,1
MJU63616901,Assy,,,,0.00826,1
MJU63691214,Assy,,,,0.014337,1
MJU63908201,Assy,,,,0.11292,1
MJU63947901,Assy,,,,0.120309,1
MJU64193401,Assy,,,,0.071745,1
MJU64287701,Assy,,,,0.029583,1
MJU64370101,Assy,,,,0.012593,1
MJU64671117,Assy,,,,0.04005,1
MJU64671118,Assy,,,,0.05086,1
MJU64794405,Assy,,,,0.020815,1
MJU64856601,Assy,,,,0.031742,1
MJU64856602,Assy,,,,0.031742,1
MJU64856603,Assy,,,,0.018005,1
MJU64856604,Assy,,,,0.018005,1
MJU64856605,Assy,,,,0.031118,1
MJU64856606,Assy,,,,0.031118,1
MJU65517914,Assy,,,,0.013858,1
MJU65517915,Assy,,,,0.016353,1
MJU65517916,Assy,,,,0.070677,1
MJU65517917,Assy,,,,0.030211,1
MJU65517918,Assy,,,,0.035061,1
MJU65517919,Assy,,,,0.061392,1
MJU65517921,Assy,,,,0.032567,1
MJU65517922,Assy,,,,0.021342,1
MJU65517924,Assy,,,,0.025638,1
MJU65517925,Assy,,,,0.024113,1
MJU65521402,Assy,,,,0.028497,1
MJU65749703,Assy,,,,0.014778,1
MJU66478501,Assy,,,,0.017119,1
MJU66503301,Assy,,,,0.041119,1
MJU66503304,Assy,,,,0.041119,1
MJU66503305,Assy,,,,0.041119,1
MJU66526615,Assy,,,,0.01857,1
MJU66526618,Assy,,,,0.066797,1
MJU66526619,Assy,,,,0.029795,1
MJU66526621,Assy,,,,0.020372,1
MJU66548505,Assy,,,,0.111099,2
MJU66548901,Assy,,,,0.03874,2
MJU66571203,Assy,,,,0.041119,1
MJU66572903,Assy,,,,0.027599,2
MJU66573002,Assy,,,,0.024373,1
MJU66573502,Assy,,,,0.048209,2
MJU66574501,Assy,,,,0.010199,1
MJU66763402,Assy,,,,0.141521,1
MJU66763405,Assy,,,,0.153113,1
MJU66824501,Assy,,,,0.01435,1
MJU66845501-19-1,Assy,,,,0.05058,1
MJU66845502-19-1,Assy,,,,0.01686,1
MJU66889901,Assy,,,,0.014784,1
MJU66890001,Assy,,,,0.014383,1
MJU66932515,Assy,,,,0.013766,1
MJU66932516,Assy,,,,0.030285,1
MJU66942801,Assy,,,,0.124116,1
MJU66960903,Assy,,,,0.021058,1
T-U18A-SUC1-1,Assy,,,,0.061429,1
WPC-12RT,Assy,,,,1.742791,5
WPC-3000M,Assy,,,,0.499954,4
WPC-3000N,Assy,,,,0.349335,5
WPC-4000M,Assy,,,,0.5069,4
WPC-5RT,Assy,,,,1.785239,8
WPC-6000M,Assy,,,,0.467116,3
WSC-4000,Assy,,,,0.55861,3
