품번,품명,소분류,종류,협력사,입고수량,입고일수
AJR30140102-AL-1,Sub,120,SUB,ECOLINK(중신),5,1
EAP00689102,"Coil Module,Gear Expansi",310,매입,LT정밀,60,1
MJX30151802,"Valve,Gear Expansion",310,매입,LT정밀,60,1
4848A20005A,Accumulator,230,SUB-ASS,MTS,260,26
4848A20005L,Accumulator,230,SUB-ASS,MTS,5054,29
4848A20005X,ACCUM,230,SUB-ASS,MTS,75,12
4848A20007H,ACCUM,230,SUB-ASS,MTS,2,1
4848A20007K,Accumulator,230,SUB-ASS,MTS,6,1
4848A20007P,Accumulator,230,SUB-ASS,MTS,461,17
4849A10003J,"Pan,Oil",110,ASSY,MTS,10,4
4849A10047A,Accumulator Assembly,110,ASSY,MTS,90,3
4849A10047B,Accumulator Assembly,110,ASSY,MTS,30,1
4A00232N,Muffler,230,SUB-ASS,MTS,60,3
5210A21458T,Accumulator,230,SUB-ASS,MTS,5532,21
5256A30003G,Muffler,230,SUB-ASS,MTS,1600,7
5998A20002A,"Oil, Separator",130,단품(가공품),MTS,26,3
5998A20002L,"Separator,Oil",230,SUB-ASS,MTS,5898,14
5998A20002Q,"Separator, Oil",230,SUB-ASS,MTS,2585,51
AAB35754002,Accumulator,230,SUB-ASS,MTS,1341,30
AAB73250401,Accumulator Assembly,120,SUB,MTS,574,25
AAB73390401,Accumulator Assembly,230,SUB-ASS,MTS,6,1
AFY73689501,AFY73689501,120,SUB,MTS,3,1
AFY73689504,Muffler Assy,230,SUB-ASS,MTS,139,2
AFY73689511,MTS SUB,120,SUB,MTS,6,1
AFY73769504,Muffler Assembly,230,SUB-ASS,MTS,15,3
AFY74109506,Muffler Assembly,110,ASSY,MTS,1970,11
AJR71429331,"Tube Assembly,Suction",120,SUB,MTS,5,1
AJR71429341-7-1,MTS SUB,120,SUB,MTS,3567,36
AJR71429343,"Tube Assembly,Suction",120,SUB,MTS,3413,29
AJR73944505-7-1,AJR73944509-7-1 동일,120,SUB,MTS,450,12
AJR73944506-7-1,MTS SUB,120,SUB,MTS,121,15
AJR73973707,"Tube Assembly,Discharge(",110,ASSY,MTS,1275,24
AJR74424615-7-1,SUB ASSY,120,SUB,MTS,1072,17
AJR75102405-7-1,MTS SUB ASSY,120,SUB,MTS,10,1
AJR75244301,"Tube Assembly,Suction(Ou",120,SUB,MTS,6,2
AJR75625401-7-1,AJR75625401-7-1,120,SUB,MTS,29,1
AJR75711901-7-1,AJR75711901-7-1,120,SUB,MTS,38,12
AJR77167310-7-1,MTS SUB,120,SUB,MTS,12,1
AJR77223101,"Tube Assembly,Discharge",120,SUB,MTS,3,1
AJR77223102,"Tube Assembly,Discharge",120,SUB,MTS,417,7
MAA63804601,Accumulator,230,SUB-ASS,MTS,2924,66
MAA63804701,Accumulator,230,SUB-ASS,MTS,5,1
MAZ61974302,BRACKET,230,SUB-ASS,MTS,330,2
MAZ62144002,BRACKET,230,SUB-ASS,MTS,265,2
MHH41401201,OIL SEPARATOR,230,SUB-ASS,MTS,1152,61
MHH61981504,"Separator,Oil",110,ASSY,MTS,454,12
MHH61981504-7-1,MHH61981504-7-1,230,SUB-ASS,MTS,4578,81
MHH62041502,"Separator,Oil",230,SUB-ASS,MTS,5592,79
MHH62041507,"Oil, Separator",230,SUB-ASS,MTS,3558,84
5210A23089A,Tube Pinchoff,130,단품(가공품),대원산업,591,12
5210A23089D,"Tube,Pinch off",130,단품(가공품),대원산업,1844,24
5211A20459K-12-1,대원 SUB,120,SUB,대원산업,3688,16
ADM74930508-12-2,대원 SUB,120,SUB,대원산업,119,18
AJJ30041801,Supporter Assembly,110,ASSY,대원산업,563,44
AJJ30041802,Supporter Assembly,110,ASSY,대원산업,1402,52
AJJ30041901,Supporter Assembly,110,ASSY,대원산업,2152,39
AJJ30041902,Supporter Assembly,110,ASSY,대원산업,3257,53
AJJ75698803,Supporter Assembly,110,ASSY,대원산업,24,4
AJJ75698804,Supporter Assembly,110,ASSY,대원산업,585,23
AJJ75698806,Supporter Assembly,110,ASSY,대원산업,32,2
AJJ76418701,Supporter Assembly,110,ASSY,대원산업,1193,54
AJJ76418702,Supporter Assembly,110,ASSY,대원산업,1081,52
AJJ76418703,Supporter Assembly,110,ASSY,대원산업,1460,71
AJJ76418704,Supporter Assembly,110,ASSY,대원산업,683,36
AJJ76418705,Supporter Assembly,110,ASSY,대원산업,2773,88
AJJ76418706,Supporter Assembly,110,ASSY,대원산업,591,56
AJJ76418707,Supporter Assembly,110,ASSY,대원산업,99,14
AJJ76418720,Supporter Assembly,110,ASSY,대원산업,40,11
AJJ76418721,Supporter Assembly,110,ASSY,대원산업,147,29
AJJ76418722,Supporter Assembly,110,ASSY,대원산업,2197,64
AJJ76418723,Supporter Assembly,110,ASSY,대원산업,4005,81
AJJ76418724,Supporter Assembly,110,ASSY,대원산업,3883,61
AJJ76418725,Supporter Assembly,110,ASSY,대원산업,3883,69
AJJ76418727,Supporter Assembly,110,ASSY,대원산업,954,46
AJJ76418728,Supporter Assembly,110,ASSY,대원산업,1903,48
AJJ76418729,Supporter Assembly,110,ASSY,대원산업,3264,48
AJJ76559001,Supporter Assembly,110,ASSY,대원산업,218,32
AJJ76559002,Supporter Assembly,110,ASSY,대원산업,160,23
AJJ76559003,Supporter Assembly,110,ASSY,대원산업,652,44
AJJ76559004,Supporter Assembly,110,ASSY,대원산업,2857,94
AJJ76559005,Supporter Assembly,110,ASSY,대원산업,579,50
AJJ76559006,Supporter Assembly,110,ASSY,대원산업,2133,56
AJJ76559007,Supporter Assembly,110,ASSY,대원산업,67,10
AJJ76559008,Supporter Assembly,110,ASSY,대원산업,612,52
AJJ76559009,Supporter Assembly,110,ASSY,대원산업,626,46
AJJ76559010,Supporter Assembly,110,ASSY,대원산업,697,47
AJJ76559011,Supporter Assembly,110,ASSY,대원산업,150,9
AJJ76559012,Supporter Assembly,110,ASSY,대원산업,176,20
AJJ76559013,Supporter Assembly,110,ASSY,대원산업,299,22
AJJ76559014,Supporter Assembly,110,ASSY,대원산업,440,24
AJJ76559015,Supporter Assembly,110,ASSY,대원산업,267,23
AJJ76559016,Supporter Assembly,110,ASSY,대원산업,576,32
AJJ76559017,Supporter Assembly,110,ASSY,대원산업,912,39
AJJ76559102,Supporter Assembly,110,ASSY,대원산업,7,3
AJJ76559103,Supporter Assembly,110,ASSY,대원산업,122,18
AJJ76559106,Supporter Assembly,110,ASSY,대원산업,210,23
AJJ76617501,Supporter Assembly,110,ASSY,대원산업,809,33
AJJ76617502,Supporter Assembly,110,ASSY,대원산업,698,26
AJR30003301,"Tube Assembly, Conedense",110,ASSY,대원산업,1,1
AJR30012008-9-1,대원 SUB,120,SUB,대원산업,2280,74
AJR30027701-12-1,대원 SUB,120,SUB,대원산업,2066,68
AJR30027701-12-2,대원 SUB(01/05작업 공용),120,SUB,대원산업,2298,80
AJR30027701-12-3,대원 SUB(01/05작업 공용),120,SUB,대원산업,2298,80
AJR30027702-12-1,대원 SUB,120,SUB,대원산업,3615,95
AJR30027703-12-3,대원 SUB(03/07작업 공용),120,SUB,대원산업,3782,88
AJR30027704-12-1,대원 SUB,120,SUB,대원산업,877,59
AJR30027705-12-1,대원 SUB,120,SUB,대원산업,232,19
AJR30038201-12-1,대원 SUB,120,SUB,대원산업,1460,31
AJR30038201-12-2,대원 SUB,120,SUB,대원산업,730,31
AJR30038201-12-3,대원 SUB,120,SUB,대원산업,730,31
AJR30038201-12-4,대원 SUB,120,SUB,대원산업,730,31
AJR30038201-12-5,대원 SUB,120,SUB,대원산업,365,31
AJR30069801-12-1,대원 SUB,120,SUB,대원산업,73,11
AJR30073601-12-1,대원SUB,120,SUB,대원산업,1279,3
AJR30077403-12-1,대원 SUB,120,SUB,대원산업,11000,13
AJR30077901-12-1,대원 SUB,110,ASSY,대원산업,4004,3
AJR30078601-12-1,대원 SUB,120,SUB,대원산업,6797,67
AJR30078601-12-2,대원 SUB,120,SUB,대원산업,6797,67
AJR30078601-12-3,대원 SUB,120,SUB,대원산업,6797,67
AJR30117401-12-1,대원 SUB,120,SUB,대원산업,4542,65
AJR30117401-12-2,대원 SUB,120,SUB,대원산업,31794,65
AJR30133603-12-1,대원 sub,120,SUB,대원산업,417,12
AJR30133604-12-1,대원 SUB,120,SUB,대원산업,394,6
AJR68019502-12-1,대원 SUB,120,SUB,대원산업,97,5
AJR72982301,"Tube Assembly,Manifold(I",110,ASSY,대원산업,10336,113
AJR72982303-12-1,대원산업 Sub,110,ASSY,대원산업,183,7
AJR73768803,"Tube Assembly,Condenser(",110,ASSY,대원산업,5,1
AJR74522901-12-1,대원 SUB,120,SUB,대원산업,4579,74
AJR74523001-12-1,대원 SUB,120,SUB,대원산업,4579,74
AJR74523003-12-1,대원 SUB,120,SUB,대원산업,1004,21
AJR74523006-12-1,대원 SUB,120,SUB,대원산업,2775,59
AJR74942623-12-1,대원 SUB,120,SUB,대원산업,35,3
AJR74942632-12-1,대원 SUB,120,SUB,대원산업,70,4
AJR74983904-12-1,대원 SUB,120,SUB,대원산업,18,2
AJR74983904-12-2,대원 SUB,120,SUB,대원산업,23,3
AJR74983904-12-3,대원 SUB,120,SUB,대원산업,23,3
AJR74983905-12-1,대원 SUB,120,SUB,대원산업,42,4
AJR74983905-12-2,대원 SUB,120,SUB,대원산업,42,4
AJR74983905-12-3,대원 SUB,120,SUB,대원산업,32,3
AJR74983905-12-4,대원 SUB,120,SUB,대원산업,42,4
AJR74983906-12-1,대원 SUB,120,SUB,대원산업,10,1
AJR74983910-12-1,대원 SUB,120,SUB,대원산업,5,1
AJR75242815-12-1,대원 Sub,120,SUB,대원산업,250,4
AJR75544505-12-1,대원 SUB,120,SUB,대원산업,41,8
AJR75563501-12-1,대원 SUB,120,SUB,대원산업,12,2
AJR75563502-12-1,대원 SUB/태국 Sub,120,SUB,대원산업,40,1
AJR75563502-12-2,대원 SUB/태국 Sub,120,SUB,대원산업,40,1
AJR75605101,"Tube Assembly,Connector",110,ASSY,대원산업,130,3
AJR75605102,"Tube Assembly,Connector",110,ASSY,대원산업,77,4
AJR75605104,"Tube Assembly,Connector",110,ASSY,대원산업,839,9
AJR75662310-12-1,AJR75662310-12-1,120,SUB,대원산업,10,1
AJR75662343,"Tube Assembly,Discharge(",110,ASSY,대원산업,6471,29
AJR75744140-12-1,대원 SUB,120,SUB,대원산업,3619,12
AJR76322601-12-1,SUB ASSY,120,SUB,대원산업,10,2
AJR76362801,"Tube Assembly,Connector",110,ASSY,대원산업,849,22
AJR76462607,ADM73210506 SUB(대원직납),120,SUB,대원산업,103,19
AJR76462608,ADM73210506 SUB(대원직납),120,SUB,대원산업,103,19
AJR76462611,ADM74930502 SUB(대원직납),120,SUB,대원산업,16,7
AJR76462634-12-1,대원 SUB,120,SUB,대원산업,16,3
AJR76982501-12-1,대원 SUB,120,SUB,대원산업,41,8
AJR77224002-12-1,대원 SUB,120,SUB,대원산업,736,8
AJR77224501-12-1,대원 SUB,120,SUB,대원산업,15570,125
AJR77224501-12-2,대원 SUB,120,SUB,대원산업,9546,119
AJR77224519-12-1,대원 sub,120,SUB,대원산업,6024,101
MJU00743201,"Tube,Connector",130,단품(가공품),대원산업,1070,25
MJU00777204,"Tube,Connector",130,단품(가공품),대원산업,1468,54
MJU00777206,"Tube,Connector",130,단품(가공품),대원산업,1468,54
MJU00777211,"Tube,Connector",130,단품(가공품),대원산업,898,38
MJU30589201,Tube Connector,130,단품(가공품),대원산업,5,1
MJU42282703,"TUBE, CONNECTOR",130,단품(가공품),대원산업,5,1
MJU61942802,"Tube,Connector",130,단품(가공품),대원산업,1014,69
MJU61986601,"Tube,Connector",130,단품(가공품),대원산업,45,1
MJU61986701,"Tube,Connector",130,단품(가공품),대원산업,225,1
MJU61986801,"Tube,Connector",130,단품(가공품),대원산업,30,1
MJU63297801,"Tube,Connector",130,단품(가공품),대원산업,3,1
MJU63297802,"Tube,Connector",130,단품(가공품),대원산업,6,1
MJU63297803,"Tube,Connector",130,단품(가공품),대원산업,3,1
MJU63297804,"Tube, Connector",130,단품(가공품),대원산업,3,1
MJU63436501,"Tube,Conncetor",130,단품(가공품),대원산업,760,60
MJU63648301,"Tube,Connector",130,단품(가공품),대원산업,8760,33
MJU63648302,"Tube,Connector",130,단품(가공품),대원산업,795,33
MJU63648303,"Tube,Connector",130,단품(가공품),대원산업,2364,32
MJU63648304,"Tube,Connector",130,단품(가공품),대원산업,3969,33
MJU64963001,"Tube,Connector",130,단품(가공품),대원산업,40,1
MJU64987004,"Tube,Connector",130,단품(가공품),대원산업,3,1
MJU65048401,"Tube,Connector",130,단품(가공품),대원산업,476,6
MJU65149402,"Tube,Connector",130,단품(가공품),대원산업,6,2
MJU65587701,"Tube,Connector",130,단품(가공품),대원산업,270,7
MJU65587801,Tube Connector,130,단품(가공품),대원산업,270,7
MJU65587802,Tube Connector,130,단품(가공품),대원산업,270,7
MJU65626403,Tube Connector,130,단품(가공품),대원산업,10,2
MJU65626509,TUbe Connector,130,단품(가공품),대원산업,10,2
MJU65707415,Tube Connector,130,단품(가공품),대원산업,10,2
MJU65707425,Tube Connector,130,단품(가공품),대원산업,16,2
MJU66266606,Tube Connector,130,단품(가공품),대원산업,41,8
MJU66478501,Tube Connector,130,단품(가공품),대원산업,5692,67
MJU66507023,"Tube,Connector",130,단품(가공품),대원산업,840,23
MJU66773701,Tube Connector,130,단품(가공품),대원산업,1457,41
MJU66798704,Tube Connector,130,단품(가공품),대원산업,1494,42
MJU66801001,Tube Connector,130,단품(가공품),대원산업,3615,95
MJU66818901,"Tube,Connector",130,단품(가공품),대원산업,1264,66
MJU66824501,Tube Connector,130,단품(가공품),대원산업,365,31
MJU66829601,"Tube,Connector",130,단품(가공품),대원산업,1265,67
MJU66829701,"Tube,Connector",130,단품(가공품),대원산업,1264,66
MJU66930301,"Tube,Connector",130,단품(가공품),대원산업,5424,27
MJU66958401,"Tube,Connector",130,단품(가공품),대원산업,1070,25
4H00049A-1,Tube Pinchoff,130,단품(가공품),두진산업,2284,3
4H00049C,Tube Pinchoff,130,단품(가공품),두진산업,5075,2
4H00901F,"Tube,Pinch off",130,단품(가공품),두진산업,1000,1
5210A20539A,"TUBE, CONNECTOR",130,단품(가공품),두진산업,5,1
5210A20540A,"TUBE, CONNECTOR",130,단품(가공품),두진산업,25,1
5210A22950A,"Tube,Connector",130,단품(가공품),두진산업,362,9
5210A24677N,Tube Connector,130,단품(가공품),두진산업,3510,9
5210A30334M,"Tube,Pinch Off",130,단품(가공품),두진산업,583,14
5210A31001B,"Tube,Connector",130,단품(가공품),두진산업,40,2
MJU40306901,"TUBE, CONNECTOR",130,단품(가공품),두진산업,12,1
MJU40306902,"TUBE, CONNECTOR",130,단품(가공품),두진산업,12,1
MJU40306903,"TUBE, CONNECTOR",130,단품(가공품),두진산업,12,1
MJU40306907,"TUBE, CONNECTOR",130,단품(가공품),두진산업,12,1
MJU57152901,"Tube,Connector",130,단품(가공품),두진산업,1362,2
MJU61364501,"Tube,Connector",130,단품(가공품),두진산업,22,2
MJU61721601,"Tube,Connector",130,단품(가공품),두진산업,22,2
MJU61721701,"Tube,Connector",130,단품(가공품),두진산업,22,2
MJU61972902,"Tube,Connector",130,단품(가공품),두진산업,1424,9
MJU62989602,"Tube,Connector",130,단품(가공품),두진산업,101,3
MJU63032122,Tube Connector,130,단품(가공품),두진산업,669,1
MJU63126401,"Tube,Connector",130,단품(가공품),두진산업,20,3
MJU64093711,Tube Connector,130,단품(가공품),두진산업,344,2
MJU64226602,"Tube,Connector",130,단품(가공품),두진산업,1,1
MJU66526302,"Tube,Connector",130,단품(가공품),두진산업,11,2
MJU66526304,"Tube,Connector",130,단품(가공품),두진산업,11,2
MJU66567102,"Tube,Connector",130,단품(가공품),두진산업,330,3
MJU66567103,"Tube,Connector",130,단품(가공품),두진산업,330,3
MJU66567104,"Tube,Connector",130,단품(가공품),두진산업,330,3
MJU66567105,"Tube,Connector",130,단품(가공품),두진산업,330,3
MJU66570001,"Tube,Connector",130,단품(가공품),두진산업,2154,26
MJU66763501,Tube Connector,130,단품(가공품),두진산업,453,6
MJU66913901,Tube Connector,130,단품(가공품),두진산업,85,4
MJU66942401,Tube Connector,130,단품(가공품),두진산업,402,17
MJU67012502,"Tube, Connector",130,단품(가공품),두진산업,4220,7
MJU67012503,"Tube, Connector",130,단품(가공품),두진산업,1055,7
MJU67012504,"Tube, Connector",130,단품(가공품),두진산업,1055,7
MJU67012505,"Tube, Connector",130,단품(가공품),두진산업,1055,7
MJU67028008,"Tube, Connecotor",130,단품(가공품),두진산업,5530,8
MJU67028009,"Tube,Connector",130,단품(가공품),두진산업,395,8
MJU67028010,"Tube, Connector",130,단품(가공품),두진산업,395,8
MJU67028011,"Tube, Connector",130,단품(가공품),두진산업,395,8
MJU67028012,"Tube, Connector",130,단품(가공품),두진산업,395,8
5210A22526C,"Tube,Capillary Bending",130,단품(가공품),명진산업,15,3
5210A30994B,"Tube,Connector",130,단품(가공품),명진산업,70,4
5210A30994C,"Tube,Connector",130,단품(가공품),명진산업,70,4
5210A30994D,"Tube,Connector",130,단품(가공품),명진산업,70,4
5210A30994H,"TUBE, CONNECTOR",130,단품(가공품),명진산업,200,6
5210A30994J,"TUBE, CONNECTOR",130,단품(가공품),명진산업,200,6
5210A30994K,"TUBE, CONNECTOR",130,단품(가공품),명진산업,200,6
5210A30998B,"Tube,Connector",130,단품(가공품),명진산업,70,4
5210A30998C,"Tube,Connector",130,단품(가공품),명진산업,70,4
5210A30998F,"TUBE, CONNECTOR",130,단품(가공품),명진산업,200,6
5210A30998G,"TUBE, CONNECTOR",130,단품(가공품),명진산업,200,6
AGR30801601,"Pipe,Assembly",110 ASSY,110 ASSY,명진산업,4199,13
AGR30801602,Pipe Assembly,110,ASSY,명진산업,2791,10
AGR30801604,Pipe Assembly,110,ASSY,명진산업,123,1
AJR30060805-19-1,명진 SUB,120,SUB,명진산업,12075,32
AJR33796512-19-1,명진SUB,110,ASSY,명진산업,2087,43
AJR73782506,"Tube Assembly, Capillary",130,단품(가공품),명진산업,34,5
AJR73965601-19-1,명진Sub,120,SUB,명진산업,356,6
AJR73965601-19-10,명진Sub,110,ASSY,명진산업,356,6
AJR73965601-19-2,명진Sub,110,ASSY,명진산업,356,6
AJR73965601-19-3,명진Sub,110,ASSY,명진산업,356,6
AJR73965601-19-4,명진Sub,110,ASSY,명진산업,356,6
AJR73965601-19-5,명진Sub,110,ASSY,명진산업,356,6
AJR73965601-19-6,명진Sub,110,ASSY,명진산업,358,6
AJR73965601-19-7,명진Sub,110,ASSY,명진산업,356,6
AJR73965601-19-8,명진Sub,110,ASSY,명진산업,356,6
AJR73965601-19-9,명진Sub,110,ASSY,명진산업,356,6
AJR73965602-19-1,명진Sub,120,SUB,명진산업,375,5
AJR73965602-19-10,명진Sub,120,SUB,명진산업,375,5
AJR73965602-19-2,명진Sub,120,SUB,명진산업,375,5
AJR73965602-19-3,명진Sub,120,SUB,명진산업,375,5
AJR73965602-19-4,명진Sub,120,SUB,명진산업,375,5
AJR73965602-19-5,명진Sub,120,SUB,명진산업,375,5
AJR73965602-19-6,명진Sub,120,SUB,명진산업,375,5
AJR73965602-19-7,명진Sub,120,SUB,명진산업,375,5
AJR73965602-19-8,명진Sub,120,SUB,명진산업,375,5
AJR73965602-19-9,명진Sub,120,SUB,명진산업,375,5
AJR73965606-19-1,명진Sub,110,ASSY,명진산업,356,6
AJR73965606-19-2,명진Sub,110,ASSY,명진산업,356,6
AJR73965607-19-1,명진Sub,120,SUB,명진산업,375,5
AJR73965607-19-2,명진Sub,120,SUB,명진산업,375,5
AJR75645201-19-1,명진SUB,120,SUB,명진산업,992,25
AJR75645201-19-10,명진SIB,120,SUB,명진산업,992,25
AJR75645201-19-11,명진SUB,120,SUB,명진산업,992,25
AJR75645201-19-12,명진SUB,120,SUB,명진산업,992,25
AJR75645201-19-13,명진SUB,120,SUB,명진산업,992,25
AJR75645201-19-14,명진SUB,120,SUB,명진산업,992,25
AJR75645201-19-2,명진SUB,120,SUB,명진산업,992,25
AJR75645201-19-3,명진 SUB,120,SUB,명진산업,992,25
AJR75645201-19-4,명진SUB,120,SUB,명진산업,992,25
AJR75645201-19-5,명진SUB,120,SUB,명진산업,992,25
AJR75645201-19-6,명진SUB,120,SUB,명진산업,992,25
AJR75645201-19-7,명진SUB,120,SUB,명진산업,992,25
AJR75645201-19-8,명진SUB,120,SUB,명진산업,992,25
AJR75645201-19-9,명진 SUB,120,SUB,명진산업,992,25
AJR76264102-19-1,명진 SUB,120,SUB,명진산업,3,1
AJR76264102-19-2,명진 SUB,120,SUB,명진산업,3,1
AJR76264102-19-3,명진 SUB,120,SUB,명진산업,3,1
AJR77142502-19-1,명진 SUB,120,SUB,명진산업,1379,24
AJR77142502-19-2,명진 SUB,120,SUB,명진산업,1379,24
AJR77142503-19-1,명진 SUB,120,SUB,명진산업,3015,41
AJR77142503-19-2,명진 SUB,120,SUB,명진산업,3015,41
AJR77202902-19-1,명진 SUB,120,SUB,명진산업,1256,26
MJU00698801,Tube Connector,130,단품(가공품),명진산업,15,4
MJU00702401,"Tube, Connector",130,단품(가공품),명진산업,10,1
MJU00702402,"Tube, Connector",130,단품(가공품),명진산업,10,1
MJU00702403,"Tube, Connector",130,단품(가공품),명진산업,10,1
MJU00702404,"Tube, Connector",130,단품(가공품),명진산업,10,1
MJU00702405,"Tube, Connector",130,단품(가공품),명진산업,10,1
MJU00702406,"Tube, Connector",130,단품(가공품),명진산업,10,1
MJU00702407,"Tube, Connector",130,단품(가공품),명진산업,10,1
MJU00702408,"Tube, Connector",130,단품(가공품),명진산업,10,1
MJU00702409,"Tube, Connector",130,단품(가공품),명진산업,20,1
MJU00788501,"Tube,Connector",130,단품(가공품),명진산업,30,1
MJU00788502,"Tube,Connector",130,단품(가공품),명진산업,30,1
MJU00788503,"Tube,Connector",130,단품(가공품),명진산업,19,3
MJU00788504,"Tube,Connector",130,단품(가공품),명진산업,7,3
MJU38273201,"Tube,Bending",130,단품(가공품),명진산업,60,2
MJU38273203,"Tube,Bending",130,단품(가공품),명진산업,60,2
MJU38273205,"Tube,Bending",130,단품(가공품),명진산업,60,2
MJU38273403,"Tube,Bending",130,단품(가공품),명진산업,60,2
MJU38273406,"Tube,Bending",130,단품(가공품),명진산업,60,2
MJU40157910,"Tube,Connector",130,단품(가공품),명진산업,2,1
MJU40157911,Tube Connector,130,단품(가공품),명진산업,397,7
MJU40307301,"TUBE, CAPI BENDING",130,단품(가공품),명진산업,5,1
MJU40307901,"TUBE, CAPI BENDING",130,단품(가공품),명진산업,5,1
MJU40308101,"TUBE, CAPI BENDING",130,단품(가공품),명진산업,5,1
MJU40308701,"TUBE, CAPI BENDING",130,단품(가공품),명진산업,5,1
MJU41491701,"Tube,Capillary",130,단품(가공품),명진산업,35,2
MJU42356104,"Tube,Connector",130,단품(가공품),명진산업,40,2
MJU42643701,"Tube,Capillary",130,단품(가공품),명진산업,30,2
MJU42805401,"TUBE, CAPILLARY BENDING",130,단품(가공품),명진산업,5,1
MJU42805402,"TUBE, CAPILLARY BENDING",130,단품(가공품),명진산업,5,1
MJU42805403,"TUBE, CAPILLARY BENDING",130,단품(가공품),명진산업,5,1
MJU42886501,Tube Capillary,130,단품(가공품),명진산업,30,2
MJU42886601,"Tube,Capillary",130,단품(가공품),명진산업,30,2
MJU42886701,"Tube,Capillary",130,단품(가공품),명진산업,30,2
MJU42938502,"Tube,Connector",130,단품(가공품),명진산업,245,10
MJU47979201-19-1,Tube Capaillry,130,단품(가공품),명진산업,1362,3
MJU61346401,"Tube,Connector",130,단품(가공품),명진산업,22,2
MJU61346601,"Tube,Connector",130,단품(가공품),명진산업,22,2
MJU61351101,"Tube,Connector",130,단품(가공품),명진산업,22,2
MJU61351201,"Tube,Connector",130,단품(가공품),명진산업,22,2
MJU61351501,"Tube,Connector",130,단품(가공품),명진산업,22,2
MJU61351601,"Tube,Connector",130,단품(가공품),명진산업,24,2
MJU61351801,"Tube,Connector",130,단품(가공품),명진산업,20,1
MJU61380001,"Tube,Connector",130,단품(가공품),명진산업,25,2
MJU61380201,"Tube,Connector",130,단품(가공품),명진산업,25,2
MJU61380401,"Tube,Connector",130,단품(가공품),명진산업,25,2
MJU61380501,"Tube,Connector",130,단품(가공품),명진산업,25,2
MJU61382801,"Tube,Connector",130,단품(가공품),명진산업,25,2
MJU61382901,"Tube,Connector",130,단품(가공품),명진산업,25,2
MJU61387701,"Tube,Connector",130,단품(가공품),명진산업,25,2
MJU61940501,"Tube,Connector",130,단품(가공품),명진산업,8,1
MJU61943601,"Tube, capillary",130,단품(가공품),명진산업,7502,94
MJU61943608,"Tube,Connector",130,단품(가공품),명진산업,599,23
MJU62066901,"Tube,Capillary Bending",130,단품(가공품),명진산업,60,2
MJU62078701,"Tube,Connector",130,단품(가공품),명진산업,857,40
MJU62078802,"Tube,Connector",130,단품(가공품),명진산업,857,40
MJU62078902,"Tube,Connector",130,단품(가공품),명진산업,858,41
MJU62194501,"Tube,Connector",130,단품(가공품),명진산업,25,1
MJU62490101,"Tube,Connector",130,단품(가공품),명진산업,35,2
MJU62490201,"Tube,Connector",130,단품(가공품),명진산업,35,2
MJU62490301,"Tube,Connector",130,단품(가공품),명진산업,35,2
MJU62490401,"Tube,Connector",130,단품(가공품),명진산업,35,2
MJU62791001,"Tube,Connector",130,단품(가공품),명진산업,3,1
MJU62911901,"Tube,Capillary Bending",130,단품(가공품),명진산업,74,9
MJU62911903,"Tube,Capillary Bending",130,단품(가공품),명진산업,131,11
MJU62968508,"Tube,Bending",130,단품(가공품),명진산업,70,3
MJU62968521,"Tube,Bending",130,단품(가공품),명진산업,70,3
MJU62968522,"Tube,Bending",130,단품(가공품),명진산업,70,3
MJU62968523,"Tube,Bending",130,단품(가공품),명진산업,70,3
MJU62968524,"Tube,Bending",130,단품(가공품),명진산업,70,3
MJU62968525,"Tube,Bending",130,단품(가공품),명진산업,70,3
MJU62968526,"Tube,Bending",130,단품(가공품),명진산업,70,3
MJU62968527,"Tube,Bending",130,단품(가공품),명진산업,70,3
MJU62968528,"Tube,Bending",130,단품(가공품),명진산업,70,3
MJU62968529,"Tube,Bending",130,단품(가공품),명진산업,70,3
MJU62968530,"Tube,Bending",130,단품(가공품),명진산업,70,3
MJU62968801,"Tube,Connector",130,단품(가공품),명진산업,20,1
MJU62989202,"Tube,Connector",130,단품(가공품),명진산업,14,2
MJU63009003,"Tube,Connector",130,단품(가공품),명진산업,10,1
MJU63043601,"Tube,Capillary Bending",130,단품(가공품),명진산업,5,1
MJU63043604,"Tube,Capillary Bending",130,단품(가공품),명진산업,7,2
MJU63043605,"Tube,Capillary Bending",130,단품(가공품),명진산업,5,1
MJU63043607,"Tube,Capillary Bending",130,단품(가공품),명진산업,5,1
MJU63043608,"Tube,Capillary Bending",130,단품(가공품),명진산업,5,1
MJU63043609,"Tube,Capillary Bending",130,단품(가공품),명진산업,5,1
MJU63043617,"Tube,Capillary Bending",130,단품(가공품),명진산업,2,1
MJU63043621,"Tube,Capillary Bending",130,단품(가공품),명진산업,2,1
MJU63086901,"Tube,Capillary Bending",130,단품(가공품),명진산업,3,1
MJU63086902,"Tube,Capillary Bending",130,단품(가공품),명진산업,3,1
MJU63287901,"Tube,Capillary",130,단품(가공품),명진산업,84,7
MJU63612901,"Tube,Capillary Bending",130,단품(가공품),명진산업,746,29
MJU63612902,"Tube,Capillary Bending",130,단품(가공품),명진산업,746,29
MJU63612903,"Tube,Capillary Bending",130,단품(가공품),명진산업,746,29
MJU63612904,"Tube,Capillary Bending",130,단품(가공품),명진산업,746,29
MJU63612905,"Tube,Capillary Bending",130,단품(가공품),명진산업,746,29
MJU63612906,"Tube,Capillary Bending",130,단품(가공품),명진산업,747,30
MJU63618001,"Tube,Connector",130,단품(가공품),명진산업,3505,84
MJU63618002,"Tube,Connector",130,단품(가공품),명진산업,10,2
MJU63650904-19-1,Tube Connector,130,단품(가공품),명진산업,7900,5
MJU63772601,"Tube,Capillary Bending",130,단품(가공품),명진산업,1022,63
MJU63772602,"Tube Capillary,Bending",130,단품(가공품),명진산업,66,4
MJU64093707,Tube Connector,130,단품(가공품),명진산업,102,4
MJU64093708,Tube Connector,130,단품(가공품),명진산업,102,4
MJU64093709,Tube Connector,130,단품(가공품),명진산업,102,4
MJU64093710,Tube Connector,130,단품(가공품),명진산업,102,4
MJU64794302,Tube Connector,130,단품(가공품),명진산업,100,1
MJU64794402-19-1,"Tube,Connector",130,단품(가공품),명진산업,40,1
MJU64809907,"Tube,Connector",130,단품(가공품),명진산업,1110,11
MJU64809908,"Tube,Connector",130,단품(가공품),명진산업,1110,11
MJU64809909,"Tube,Connector",130,단품(가공품),명진산업,1110,11
MJU64809910,"Tube,Connector",130,단품(가공품),명진산업,1110,11
MJU64809911,"Tube,Connector",130,단품(가공품),명진산업,1110,11
MJU64874301,"Tube,Connector",130,단품(가공품),명진산업,10,1
MJU64874302,"Tube,Connector",130,단품(가공품),명진산업,10,1
MJU64874303,"Tube,Connector",130,단품(가공품),명진산업,10,1
MJU64874304,"Tube,Connector",130,단품(가공품),명진산업,10,1
MJU64874305,"Tube,Connector",130,단품(가공품),명진산업,10,1
MJU64921201-19-1,"Tube,Capillary",130,단품(가공품),명진산업,40,1
MJU64948501,"Tube,Connector",130,단품(가공품),명진산업,3,1
MJU64948601,"Tube,Connector",130,단품(가공품),명진산업,3,1
MJU64948701,"Tube,Connector",130,단품(가공품),명진산업,3,1
MJU64948801,"Tube,Connector",130,단품(가공품),명진산업,3,1
MJU64948901,"Tube,Connector",130,단품(가공품),명진산업,3,1
MJU64949001,"TUBE, CONNECTOR",130,단품(가공품),명진산업,3,1
MJU64949101,"TUBE, CONNECTOR",130,단품(가공품),명진산업,3,1
MJU64949201,"TUBE, CONNECTOR",130,단품(가공품),명진산업,3,1
MJU64949301,"TUBE, CONNECTOR",130,단품(가공품),명진산업,3,1
MJU64949401,"TUBE, CONNECTOR",130,단품(가공품),명진산업,3,1
MJU64949501,"TUBE, CONNECTOR",130,단품(가공품),명진산업,3,1
MJU64949601,"TUBE, CONNECTOR",130,단품(가공품),명진산업,3,1
MJU64949701,"TUBE, CONNECTOR",130,단품(가공품),명진산업,3,1
MJU65030903,"Tube,Connector",130,단품(가공품),명진산업,30,3
MJU65030904,"Tube,Connector",130,단품(가공품),명진산업,30,3
MJU65030905,"Tube,Connector",130,단품(가공품),명진산업,30,3
MJU65030906,"Tube,Connector",130,단품(가공품),명진산업,30,3
MJU65030907,"Tube,Connector",130,단품(가공품),명진산업,30,3
MJU65030908,"Tube,Connector",130,단품(가공품),명진산업,30,3
MJU65030909,"Tube,Connector",130,단품(가공품),명진산업,30,3
MJU65030910,"Tube,Connector",130,단품(가공품),명진산업,30,3
MJU65030911,"Tube,Connector",130,단품(가공품),명진산업,30,3
MJU65030912,"Tube,Connector",130,단품(가공품),명진산업,30,3
MJU65030913,"Tube,Connector",130,단품(가공품),명진산업,30,3
MJU65529704,"Tube,Connector",130,단품(가공품),명진산업,3,1
MJU65529705,"Tube,Connector",130,단품(가공품),명진산업,3,1
MJU65529706,"Tube,Connector",130,단품(가공품),명진산업,3,1
MJU65529707,"Tube,Connector",130,단품(가공품),명진산업,3,1
MJU65529708,"Tube,Connector",130,단품(가공품),명진산업,3,1
MJU65529709,"Tube,Connector",130,단품(가공품),명진산업,3,1
MJU65529710,"Tube,Connector",130,단품(가공품),명진산업,3,1
MJU65529711,"Tube,Connector",130,단품(가공품),명진산업,3,1
MJU65529712,"Tube,Connector",130,단품(가공품),명진산업,3,1
MJU65529713,"Tube,Connector",130,단품(가공품),명진산업,3,1
MJU65529714,"Tube,Connector",130,단품(가공품),명진산업,3,1
MJU65529715,"Tube,Connector",130,단품(가공품),명진산업,3,1
MJU65529716,"Tube,Connector",130,단품(가공품),명진산업,3,1
MJU65849601,ADM75404604 내재화 SUB ASSY,130,단품(가공품),명진산업,260,27
MJU66489402,TUBE CONNECTOR,130,단품(가공품),명진산업,41,8
MJU66507047,"Tube,Connector",130,단품(가공품),명진산업,1491,30
MJU66507048,"Tube,Connector",130,단품(가공품),명진산업,1491,30
MJU66507049,"Tube,Connector",130,단품(가공품),명진산업,1491,30
MJU66548501,"Tube,Connector",130,단품(가공품),명진산업,8,1
MJU66548502,"Tube,Connector",130,단품(가공품),명진산업,8,1
MJU66824401,Tube Connector,130,단품(가공품),명진산업,365,26
MJU66824402,Tube Connector,130,단품(가공품),명진산업,365,26
MJU66824403,Tube Connector,130,단품(가공품),명진산업,365,26
MJU66824404,Tube Connector,130,단품(가공품),명진산업,365,26
MJU66824405,Tube Connector,130,단품(가공품),명진산업,365,26
MJU66824406,Tube Connector,130,단품(가공품),명진산업,365,26
MJU66824407,Tube Connector,130,단품(가공품),명진산업,365,26
MJU66824408,Tube Connector,130,단품(가공품),명진산업,365,26
MJU66824409,Tube Connector,130,단품(가공품),명진산업,365,26
MJU66824410,Tube Connector,130,단품(가공품),명진산업,365,26
MJU66824411,Tube Connector,130,단품(가공품),명진산업,365,26
MJU66824412,Tube Connector,130,단품(가공품),명진산업,365,26
MJU66825001,Tube Connector,130,단품(가공품),명진산업,365,26
MJU66825002,Tube Connector,130,단품(가공품),명진산업,365,26
MJU66825003,Tube Connector,130,단품(가공품),명진산업,365,26
MJU66825004,Tube Connector,130,단품(가공품),명진산업,365,26
MJU66825005,Tube Connector,130,단품(가공품),명진산업,365,26
MJU66825006,Tube Connector,130,단품(가공품),명진산업,365,26
MJU66845510,Tube Connector,130,단품(가공품),명진산업,4394,54
MJU66845511,Tube Connector,130,단품(가공품),명진산업,4394,54
MJU66845512,Tube Connector,130,단품(가공품),명진산업,4394,54
MJU66845513,Tube Connector,130,단품(가공품),명진산업,4394,54
MJU66889701,"Tube,Connector",130,단품(가공품),명진산업,4308,9
MJU66889701-19-1,"Tube,Connector",130,단품(가공품),명진산업,14348,16
MJU66889801,"Tube,Connector",130,단품(가공품),명진산업,4274,10
MJU66889801-19-1,"Tube,Connector",130,단품(가공품),명진산업,14109,15
MJU66889901-19-1,"Tube,Connector",130,단품(가공품),명진산업,12280,11
MJU66890001-19-1,"Tube,Connector",130,단품(가공품),명진산업,12280,11
MJU66900304,"Tube,Connector",130,단품(가공품),명진산업,12092,32
냉매누설PIPE,Ø4.0 * 4턴,130,단품(가공품),명진산업,600,2
5210A26667G,"Tube,Connector",130,단품(가공품),미래정밀,20,2
5210A26761A,"Tube,Connector",130,단품(가공품),미래정밀,20,2
5210A26762A,"Tube,Connector",130,단품(가공품),미래정밀,20,2
5210A26764A,"Tube,Connector",130,단품(가공품),미래정밀,20,2
5210A26764B,"Tube,Connector",130,단품(가공품),미래정밀,20,2
5210A26768A,"Tube,Connector",130,단품(가공품),미래정밀,20,2
5210A30554F,"Tube,Connector",130,단품(가공품),미래정밀,14780,14
5210A30846A,"Tube,Connector",130,단품(가공품),미래정밀,3695,14
ACQ30605001-4-1,미래 sub,120,SUB,미래정밀,49,13
AHQ73469301-4-1,미래 sub,120,SUB,미래정밀,1413,28
AJJ73040829-9-1,SUB ASSY,120,SUB,미래정밀,1684,28
AJR30007101-9-2,미래 SUB,120,SUB,미래정밀,8015,47
AJR30007102-9-1,미래 Sub(용접링),120,SUB,미래정밀,1145,47
AJR30007102-9-2,미래 Sub(용접링),120,SUB,미래정밀,1145,47
AJR30007102-9-3,미래 Sub(용접링),120,SUB,미래정밀,1145,47
AJR30007102-9-4,미래 Sub,120,SUB,미래정밀,1158,48
AJR30008101-4-1,미래 SUB,120,SUB,미래정밀,6,2
AJR30008101-4-2,미래 SUB,120,SUB,미래정밀,6,2
AJR30008101-4-3,미래 SUB,120,SUB,미래정밀,6,2
AJR30008101-4-4,미래 SUB,120,SUB,미래정밀,6,2
AJR30008101-4-5,미래 SUB,120,SUB,미래정밀,6,2
AJR30008101-4-6,미래 SUB,120,SUB,미래정밀,6,2
AJR30008101-4-7,미래 SUB,120,SUB,미래정밀,6,2
AJR30008101-4-8,미래 SUB,120,SUB,미래정밀,6,2
AJR30008101-4-9,미래 SUB,120,SUB,미래정밀,6,2
AJR30008202,"Tube Assembly,Discharge",110,ASSY,미래정밀,1114,34
AJR30019401,"Tube Assembly,Discharge",110,ASSY,미래정밀,1,1
AJR30060805-4-1,미래 sub,120,SUB,미래정밀,12083,31
AJR30075401-4-1,미래정밀 Sub,120,SUB,미래정밀,2037,31
AJR30075401-4-3,미래정밀 Sub,120,SUB,미래정밀,1934,31
AJR30075401-4-4,미래정밀 Sub,120,SUB,미래정밀,583,22
AJR30075401-4-5,미래 SUB,120,SUB,미래정밀,583,22
AJR30075401-4-6,미래 SUB,120,SUB,미래정밀,583,22
AJR30077403-4-2,미래 SUB,120,SUB,미래정밀,11000,5
AJR30087401-4-1,미래 sub,110,ASSY,미래정밀,203,14
AJR30089608-4-1,미래 Sub(용접링포함),120,SUB,미래정밀,41426,79
AJR30089608-4-2,미래 Sub,120,SUB,미래정밀,3766,79
AJR30089608-4-3,미래 Sub,120,SUB,미래정밀,3767,80
AJR30089608-4-4,미래 Sub,120,SUB,미래정밀,3766,79
AJR30089609-4-1,미래 SUB,120,SUB,미래정밀,30031,56
AJR30089609-4-2,미래 SUB,120,SUB,미래정밀,2502,56
AJR30089609-4-3,미래 SUB,120,SUB,미래정밀,2502,56
AJR30089609-4-4,미래 SUB,120,SUB,미래정밀,2502,56
AJR30089609-4-5,미래 SUB,120,SUB,미래정밀,2503,56
AJR30089610-4-1,미래 SUB,120,SUB,미래정밀,1088,22
AJR30089610-4-2,미래 SUB,120,SUB,미래정밀,136,22
AJR30089610-4-3,미래 SUB,120,SUB,미래정밀,136,22
AJR30089611-4-1,sub-assy,120,SUB,미래정밀,4389,50
AJR30089611-4-2,sub-assy,120,SUB,미래정밀,399,50
AJR30089611-4-3,sub-assy,120,SUB,미래정밀,399,50
AJR30089611-4-4,sub-assy,120,SUB,미래정밀,399,50
AJR30089612-4-1,미래 SUB,120,SUB,미래정밀,33550,59
AJR30089612-4-2,미래 SUB,120,SUB,미래정밀,6100,59
AJR30089612-4-3,미래 SUB,120,SUB,미래정밀,3051,60
AJR30089612-4-4,미래 SUB,120,SUB,미래정밀,3050,59
AJR30089612-4-5,미래 SUB,120,SUB,미래정밀,3050,59
AJR30089614-4-1,미래 SUB,120,SUB,미래정밀,28017,81
AJR30089614-4-2,미래 SUB,120,SUB,미래정밀,2547,81
AJR30089614-4-3,미래 SUB,120,SUB,미래정밀,2547,81
AJR30089615-4-1,미래 SUB,120,SUB,미래정밀,55056,55
AJR30089615-4-2,미래 SUB,120,SUB,미래정밀,4588,55
AJR30089615-4-3,미래 SUB,120,SUB,미래정밀,4588,55
AJR30089615-4-4,미래 SUB,120,SUB,미래정밀,4588,55
AJR30089616-4-1,미래 SUB,120,SUB,미래정밀,23551,67
AJR30089616-4-2,미래 SUB,120,SUB,미래정밀,2141,67
AJR30089616-4-3,미래 SUB,120,SUB,미래정밀,2141,67
AJR30089616-4-4,미래 SUB,120,SUB,미래정밀,2140,67
AJR30133702,"Tube Assembly,Manifold(O",110,ASSY,미래정밀,20,1
AJR30133702-4-1,미래 SUB,120,SUB,미래정밀,7093,94
AJR30133702-4-2,미래 SUB,120,SUB,미래정밀,7093,94
AJR30133703-4-1,미래 sub,120,SUB,미래정밀,172,12
AJR30133703-4-2,미래 sub,120,SUB,미래정밀,172,12
AJR30133707-4-1,미래 SUB,120,SUB,미래정밀,114,5
AJR34739807,"Tube Assembly,Manifold(O",110,ASSY,미래정밀,5,2
AJR36388606-4-1,미래 SUB,120,SUB,미래정밀,390,19
AJR36388606-4-2,미래 SUB,120,SUB,미래정밀,413,21
AJR37039701-4-1,미래 SUB,120,SUB,미래정밀,255,2
AJR65507705-4-1,미래 SUB,120,SUB,미래정밀,375,16
AJR68019502-4-1,미래 SUB,120,SUB,미래정밀,1457,7
AJR68019502-4-2,미래 SUB,120,SUB,미래정밀,1457,7
AJR71433340-13-1,미래정밀 SUB,120,SUB,미래정밀,6621,24
AJR71433340-4-1,미래 SUB,120,SUB,미래정밀,3261,19
AJR73324501,"Tube Assembly,Manifold(I",110,ASSY,미래정밀,1304,28
AJR73324503,"Tube Assembly,Manifold(I",110,ASSY,미래정밀,60,2
AJR73342801,"Tube Assembly,Manifold(I",110,ASSY,미래정밀,65,3
AJR73342803,"Tube Assembly,Manifold(I",110,ASSY,미래정밀,35,3
AJR73364601,"Tube Assembly,Manifold(I",110,ASSY,미래정밀,467,10
AJR73663001-9-1,SUB ASSY,120,SUB,미래정밀,3,1
AJR73943301-9-1,외주 SUB,120,SUB,미래정밀,30,1
AJR73988107-9-1,AJR73988107-9-1,120,SUB,미래정밀,5,1
AJR74302403-4-1,미래 SUB,120,SUB,미래정밀,285,3
AJR74364911-4-1,SUB ASSY,120,SUB,미래정밀,750,29
AJR74364911-4-2,SUB ASSY,120,SUB,미래정밀,729,28
AJR74364911-4-3,SUB ASSY,120,SUB,미래정밀,8500,30
AJR74364911-4-4,SUB ASSY,120,SUB,미래정밀,736,29
AJR74364912-4-1,미래 SUB,120,SUB,미래정밀,194,21
AJR74364912-4-2,미래 SUB,120,SUB,미래정밀,1746,21
AJR74364918-4-1,미래 SUB,120,SUB,미래정밀,5,1
AJR74364918-4-2,미래 SUB,120,SUB,미래정밀,5,1
AJR74364918-4-3,미래 SUB,120,SUB,미래정밀,55,1
AJR74364921-4-4(링X),SUB ASSY,120,SUB,미래정밀,1136,12
AJR74364922-4-1,미래 SUB,120,SUB,미래정밀,10,2
AJR74364922-4-2,SUB ASSY,120,SUB,미래정밀,10,2
AJR74364922-4-3,SUB ASSY,120,SUB,미래정밀,110,2
AJR74364922-4-4,SUB ASSY,120,SUB,미래정밀,10,2
AJR74364924-4-1,미래 SUB,120,SUB,미래정밀,142,12
AJR74364924-4-2,미래 SUB,120,SUB,미래정밀,142,12
AJR74482401,"Tube Assembly, Connector",120,SUB,미래정밀,577,5
AJR74482401-4-1,미래정밀 Sub,120,SUB,미래정밀,19576,65
AJR74522901-4-1,미래 SUB,120,SUB,미래정밀,1835,58
AJR74522901-4-2,미래 SUB,120,SUB,미래정밀,4418,71
AJR74702901,"Tube Assembly,Discharge",110,ASSY,미래정밀,21,4
AJR74803512-4-1,외주 SUB,120,SUB,미래정밀,60,3
AJR74803522-4-1,외주 SUB,120,SUB,미래정밀,3,1
AJR74803545-12-1,미래정밀 Sub,120,SUB,미래정밀,14029,38
AJR74803552-4-1,미래 SUB,120,SUB,미래정밀,9337,15
AJR74803552-4-2,미래 SUB,120,SUB,미래정밀,9336,15
AJR74803552-4-3,미래 SUB,120,SUB,미래정밀,3083,8
AJR74803553-4-1,미래 sub,120,SUB,미래정밀,550,2
AJR74942617-4-1,미래 SUB,120,SUB,미래정밀,1288,41
AJR74942627-4-1,AJR74942617 sub,120,SUB,미래정밀,55,5
AJR74963002-4-1,미래 SUB,120,SUB,미래정밀,85,6
AJR74963003-4-1,미래 SUB,120,SUB,미래정밀,195,9
AJR75242802-4-1,SUB ASSY,120,SUB,미래정밀,2528,24
AJR75262808-9-1,SUB ASSY,120,SUB,미래정밀,1684,28
AJR75463101-4-1,미래 SUB,120,SUB,미래정밀,695,14
AJR75463302-9-5,미래 SUB,120,SUB,미래정밀,4914,15
AJR75463302-9-6,미래 SUB,120,SUB,미래정밀,702,15
AJR75463302-9-7,미래 SUB,120,SUB,미래정밀,702,15
AJR75463302-9-8,미래 SUB,120,SUB,미래정밀,702,15
AJR75463302-9-9,미래 SUB,120,SUB,미래정밀,702,15
AJR75483401-4-1,미래 SUB,120,SUB,미래정밀,280,7
AJR75544201-4-1,SUB 용접,120,SUB,미래정밀,1120,11
AJR75544204-4-1,미래 SUB,120,SUB,미래정밀,30,3
AJR75662308,"Tube Assembly,Discharge(",110,ASSY,미래정밀,16,3
AJR75662327,"Tube Assembly,Discharge(",110,ASSY,미래정밀,77,4
AJR75662342,"Tube Assembly,Discharge(",110,ASSY,미래정밀,832,7
AJR75743301,"Tube Assembly,Condenser(",110,ASSY,미래정밀,25,2
AJR75763701-4-1,미래 SUB,120,SUB,미래정밀,75,12
AJR76166401-9-1,외주 SUB,120,SUB,미래정밀,191,29
AJR76166401-9-2,외주 SUB,120,SUB,미래정밀,191,29
AJR76322601-4-1,SUB ASSY,120,SUB,미래정밀,10,2
AJR76363001-9-1,미래 SUB,120,SUB,미래정밀,116,9
AJR76522501,"Tube Assembly,Manifold(O",110,ASSY,미래정밀,22,8
AJR76545302-4-1,미래 SUB,120,SUB,미래정밀,1648,17
AJR76582505-4-1,미래정밀 SUB,120,SUB,미래정밀,5052,70
AJR76582505-4-2,미래정밀 SUB,120,SUB,미래정밀,5052,70
AJR76582505-4-3,미래정밀 SUB,120,SUB,미래정밀,5052,70
AJR76582505-4-4,미래정밀 Sub,120,SUB,미래정밀,5052,70
AJR76582506-4-1,미래정밀 Sub,120,SUB,미래정밀,5085,64
AJR76982401-13-1,SUB ASSY,120,SUB,미래정밀,41,8
AJR76982501-4-1,SUB ASSY,120,SUB,미래정밀,60,9
AJR76982501-4-2,미래 SUB,120,SUB,미래정밀,41,8
AJR77022802,"Tube Assembly,Discharge",110,ASSY,미래정밀,5,1
AJR77144606-4-1,미래 SUB,120,SUB,미래정밀,429,40
AJR77144606-4-2,미래 SUB,120,SUB,미래정밀,429,40
AJR77163101-4-1,SUB ASSY ,120,SUB,미래정밀,1114,25
AJR77163401-13-1,미래 SUB,120,SUB,미래정밀,41,8
AJR77163401-9-1,미래 SUB,120,SUB,미래정밀,41,8
AJR77167310-4-1,미래 SUB,120,SUB,미래정밀,12,1
AJR77171201-4-1,미래 SUB,120,SUB,미래정밀,697,13
AJR77171201-4-10,미래 SUB,120,SUB,미래정밀,703,14
AJR77171201-4-2,미래 SUB,120,SUB,미래정밀,697,13
AJR77171201-4-3,미래 SUB,120,SUB,미래정밀,697,13
AJR77171201-4-4,미래 SUB,120,SUB,미래정밀,697,13
AJR77171201-4-5,미래 SUB,120,SUB,미래정밀,697,13
AJR77171201-4-6,미래 SUB,120,SUB,미래정밀,697,13
AJR77171201-4-7,미래 SUB,120,SUB,미래정밀,697,13
AJR77171201-4-8,미래 SUB,120,SUB,미래정밀,697,13
AJR77171201-4-9,미래 SUB,120,SUB,미래정밀,697,13
AJR77222905-9-1,진성 SUB,120,SUB,미래정밀,27,4
AJR77226302-4-1,미래 SUB,120,SUB,미래정밀,4501,37
AJR77226302-4-2,미래 SUB,120,SUB,미래정밀,643,37
AJR77226302-4-3,미래 SUB,120,SUB,미래정밀,643,37
AJR77226302-4-4,미래 SUB,120,SUB,미래정밀,643,37
AJR77226302-4-5,미래 SUB,120,SUB,미래정밀,535,21
AJR77226303-4-5,미래 SUB,120,SUB,미래정밀,108,21
AJR77263007-4-1,sub,120,SUB,미래정밀,7517,99
AJR77263007-4-2,sub,120,SUB,미래정밀,7517,99
AJR77263009-4-1,미래 SUB,120,SUB,미래정밀,316,7
AJR77263009-4-2,미래 SUB,120,SUB,미래정밀,316,7
MJU00702205,Tube Connector,130,단품(가공품),미래정밀,10,1
MJU00750604,"Tube, Connector",130,단품(가공품),미래정밀,1400,2
MJU00750605,"Tube, Connector",130,단품(가공품),미래정밀,420,2
MJU00776601,"Tube,Connector",130,단품(가공품),미래정밀,7103,94
MJU00776602,"Tube,Connector",130,단품(가공품),미래정밀,7103,94
MJU00776603,"Tube,Connector",130,단품(가공품),미래정밀,7103,94
MJU00776605,"Tube,Connector",130,단품(가공품),미래정밀,7103,94
MJU00777401,"Tube,Connector",130,단품(가공품),미래정밀,2904,13
MJU00792311,"Tube,Connector",130,단품(가공품),미래정밀,74,1
MJU00792312,"Tube,Connector",130,단품(가공품),미래정밀,91,4
MJU00792313,"Tube,Connector",130,단품(가공품),미래정밀,91,4
MJU00792314,"Tube,Connector",130,단품(가공품),미래정밀,198,6
MJU00792315,"Tube,Connector",130,단품(가공품),미래정밀,198,6
MJU00792316,"Tube,Connector",130,단품(가공품),미래정밀,58,6
MJU00792317,"Tube,Connector",130,단품(가공품),미래정밀,58,6
MJU00792318,"Tube,Connector",130,단품(가공품),미래정밀,142,4
MJU00792319,"Tube,Connector",130,단품(가공품),미래정밀,142,4
MJU00792320,"Tube,Connector",130,단품(가공품),미래정밀,74,1
MJU00855301,"Tube,Connector",130,단품(가공품),미래정밀,217,12
MJU00855302,"Tube,Connector",130,단품(가공품),미래정밀,217,12
MJU00855305,"Tube,Connector",130,단품(가공품),미래정밀,45,1
MJU00855306,"Tube,Connector",130,단품(가공품),미래정밀,217,12
MJU00855307,"Tube,Connector",130,단품(가공품),미래정밀,217,12
MJU00855308,"Tube,Connector",130,단품(가공품),미래정밀,45,1
MJU00855315,"Tube,Connector",130,단품(가공품),미래정밀,114,5
MJU00855316,"Tube,Connector",130,단품(가공품),미래정밀,114,5
MJU00855806,"Tube, Connector",130,단품(가공품),미래정밀,102,3
MJU00855812,"Tube, Connector",130,단품(가공품),미래정밀,132,4
MJU00855813,"Tube, Connector",130,단품(가공품),미래정밀,132,4
MJU00855819,"Tube, Connector",130,단품(가공품),미래정밀,394,3
MJU00855825,"Tube, Connector",130,단품(가공품),미래정밀,181,2
MJU00855826,"Tube, Connector",130,단품(가공품),미래정밀,181,2
MJU37361324,"Tube,Connector",130,단품(가공품),미래정밀,5,1
MJU37361325,"Tube,Connector",130,단품(가공품),미래정밀,5,1
MJU37499607,"Tube,Connector",130,단품(가공품),미래정밀,2062,37
MJU41838703,"TUBE, CONNECTOR",130,단품(가공품),미래정밀,5,1
MJU42756802,Tube Connector,130,단품(가공품),미래정밀,125,5
MJU42805302,Tube Connector,130,단품(가공품),미래정밀,1765,39
MJU42813101,Tube Connector,130,단품(가공품),미래정밀,1765,39
MJU42822201,Tube Connector,130,단품(가공품),미래정밀,1765,39
MJU42822701,Tube Connector,130,단품(가공품),미래정밀,1765,39
MJU42822901,Tube Connector,130,단품(가공품),미래정밀,1765,39
MJU42823701,Tube Connector,130,단품(가공품),미래정밀,1765,39
MJU42827501,Tube Connector,130,단품(가공품),미래정밀,30,2
MJU47979201,Tube Connector,130,단품(가공품),미래정밀,1337,4
MJU56926001,Tube Connector,130,단품(가공품),미래정밀,10,1
MJU56926201,Tube Connector,130,단품(가공품),미래정밀,10,1
MJU56926301,Tube Connector,130,단품(가공품),미래정밀,10,1
MJU56926401,Tube Connector,130,단품(가공품),미래정밀,10,1
MJU56926501,Tube Connector,130,단품(가공품),미래정밀,10,1
MJU58941301,Tube Connector,130,단품(가공품),미래정밀,125,5
MJU58941302,Tube Connector,130,단품(가공품),미래정밀,125,5
MJU58941303,Tube Connector,130,단품(가공품),미래정밀,125,5
MJU60436638,"Tube,Connector",130,단품(가공품),미래정밀,5,1
MJU60436639,"Tube,Connector",130,단품(가공품),미래정밀,5,1
MJU61851002,"Tube,Suction",130,단품(가공품),미래정밀,1128,37
MJU61870401,"Tube,Connector",130,단품(가공품),미래정밀,2,1
MJU61880901,"Tube,Connector",130,단품(가공품),미래정밀,111,11
MJU61881001,"Tube,Connector",130,단품(가공품),미래정밀,86,10
MJU61881301,"Tube,Connector",130,단품(가공품),미래정밀,86,10
MJU61882401,"Tube,Connector",130,단품(가공품),미래정밀,40,2
MJU61882414,"Tube,Connector",130,단품(가공품),미래정밀,40,2
MJU61882501,"Tube,Connector",130,단품(가공품),미래정밀,40,2
MJU61882801,"Tube,Connector",130,단품(가공품),미래정밀,40,2
MJU61882901,"Tube,Connector",130,단품(가공품),미래정밀,40,2
MJU61883001,"Tube,Connector",130,단품(가공품),미래정밀,40,2
MJU61949301,"Tube,Connector",130,단품(가공품),미래정밀,881,65
MJU61949302,"Tube,Connector",130,단품(가공품),미래정밀,857,64
MJU61949303,"Tube,Connector",130,단품(가공품),미래정밀,857,64
MJU61949304,"Tube,Connector",130,단품(가공품),미래정밀,857,64
MJU62072902,"Tube,Connector",130,단품(가공품),미래정밀,821,58
MJU62072903,"Tube,Connector",130,단품(가공품),미래정밀,821,58
MJU62267502,"Tube,Connector",130,단품(가공품),미래정밀,720,6
MJU62267504,"Tube,Connector",130,단품(가공품),미래정밀,70,4
MJU62267505,"Tube,Connector",130,단품(가공품),미래정밀,70,4
MJU62326609,"Tube,Connector",130,단품(가공품),미래정밀,62,9
MJU62326610,"Tube,Connector",130,단품(가공품),미래정밀,62,9
MJU62326612,"Tube,Connector",130,단품(가공품),미래정밀,197,20
MJU62326613,"Tube,Connector",130,단품(가공품),미래정밀,197,20
MJU62371104,"Tube,Connector",130,단품(가공품),미래정밀,85,3
MJU62770301,"Tube,Connector",130,단품(가공품),미래정밀,257,26
MJU62770401,"Tube,Connector",130,단품(가공품),미래정밀,62,9
MJU62770402,"Tube,Connector",130,단품(가공품),미래정밀,197,20
MJU62793401,"Tube,Connector",130,단품(가공품),미래정밀,252,27
MJU62834701,"Tube,Connector",130,단품(가공품),미래정밀,84,8
MJU62866302,"Tube,Form",130,단품(가공품),미래정밀,50,1
MJU62970702,"Tube,Connector",130,단품(가공품),미래정밀,25,2
MJU63039509,"Tube,Connector",130,단품(가공품),미래정밀,1,1
MJU63039612,"Tube,Connector",130,단품(가공품),미래정밀,1,1
MJU63060001,Tube Connector,130,단품(가공품),미래정밀,6,2
MJU63060002,Tube Connector,130,단품(가공품),미래정밀,16,6
MJU63076601,"Tube,Connector",130,단품(가공품),미래정밀,1280,11
MJU63076701,"Tube,Connector",130,단품(가공품),미래정밀,340,5
MJU63076702,"Tube,Connector",130,단품(가공품),미래정밀,940,6
MJU63076801,"Tube,Connector",130,단품(가공품),미래정밀,340,5
MJU63076802,"Tube,Connector",130,단품(가공품),미래정밀,940,6
MJU63088211,"Tube,Connector",130,단품(가공품),미래정밀,308,14
MJU63088212,"Tube,Connector",130,단품(가공품),미래정밀,308,14
MJU63125203,"Tube,Manifold",130,단품(가공품),미래정밀,3,1
MJU63208004,Tube Connector,130,단품(가공품),미래정밀,1386,34
MJU63208005,Tube Connector,130,단품(가공품),미래정밀,3338,33
MJU63208101,"Tube,Connector",130,단품(가공품),미래정밀,6,5
MJU63208102,"Tube,Connector",130,단품(가공품),미래정밀,6,5
MJU63287701,"Tube,Connector",130,단품(가공품),미래정밀,109,9
MJU63357501,"Tube,Connector",110,ASSY,미래정밀,1400,1
MJU63429401,"Tube,Connector",130,단품(가공품),미래정밀,997,23
MJU63429402,"Tube,Connector",130,단품(가공품),미래정밀,997,23
MJU63429403,"Tube,Connector",130,단품(가공품),미래정밀,997,23
MJU63429404,"Tube,Connector",130,단품(가공품),미래정밀,960,21
MJU63429405,"Tube,Connector",130,단품(가공품),미래정밀,801,8
MJU63467003,"Tube,Connector",130,단품(가공품),미래정밀,20,3
MJU63467004,"Tube,Connector",130,단품(가공품),미래정밀,20,3
MJU63467006,"Tube,Connector",130,단품(가공품),미래정밀,20,3
MJU63483405,"Tube,Connector",130,단품(가공품),미래정밀,1700,37
MJU63483406,"Tube,Connector",130,단품(가공품),미래정밀,1700,37
MJU63483407,"Tube,Connector",130,단품(가공품),미래정밀,1700,37
MJU63483408,"Tube,Connector",130,단품(가공품),미래정밀,1700,37
MJU63483902,"Tube,Connector",130,단품(가공품),미래정밀,1700,37
MJU63485402,"Tube,Connector",130,단품(가공품),미래정밀,126,4
MJU63494201,"Tube,Connector",130,단품(가공품),미래정밀,320,3
MJU63494301,"Tube,Connector",130,단품(가공품),미래정밀,120,2
MJU63494302,"Tube,Connector",130,단품(가공품),미래정밀,320,3
MJU63501403,"Tube,Connector",130,단품(가공품),미래정밀,642,50
MJU63616702,"Tube,Connector",130,단품(가공품),미래정밀,130,10
MJU63617901,"Tube,Connector",130,단품(가공품),미래정밀,3520,88
MJU63650908,"Tube,Connector",130,단품(가공품),미래정밀,4042,28
MJU63650909,"Tube,Connector",130,단품(가공품),미래정밀,4050,28
MJU63650911,"Tube,Connector",130,단품(가공품),미래정밀,5,1
MJU63687703,"Tube,Connector",130,단품(가공품),미래정밀,10,1
MJU63689401,"Tube,Connector",130,단품(가공품),미래정밀,5,1
MJU63691201,"Tube,Connector",130,단품(가공품),미래정밀,5,1
MJU63691214,"Tube,Connector",130,단품(가공품),미래정밀,7133,103
MJU63706401,"Tube,Connector",130,단품(가공품),미래정밀,3467,86
MJU63707001,"Tube,Connector",130,단품(가공품),미래정밀,3658,93
MJU63707101,"Tube,Connector",130,단품(가공품),미래정밀,60,4
MJU63711305,"Tube,Connector",130,단품(가공품),미래정밀,24560,7
MJU63788601,"Tube,Connector",130,단품(가공품),미래정밀,1,1
MJU64067401,"TUBE, CONNECTOR",130,단품(가공품),미래정밀,747,27
MJU64067501,"Tube,Connector",130,단품(가공품),미래정밀,747,27
MJU64091101,"Tube, Connector",130,단품(가공품),미래정밀,6,1
MJU64091102,"Tube, Connector",130,단품(가공품),미래정밀,4,1
MJU64091103,"Tube, Connector",130,단품(가공품),미래정밀,14,1
MJU64091104,"Tube, Connector",130,단품(가공품),미래정밀,4,1
MJU64095001,"Tube,Connector",130,단품(가공품),미래정밀,4632,29
MJU64095002,"Tube,Connector",130,단품(가공품),미래정밀,4464,29
MJU64226412,Tube Connector,130,단품(가공품),미래정밀,418,8
MJU64226616,"Tube,Connector",130,단품(가공품),미래정밀,8622,50
MJU64346901,"Tube,Connector",130,단품(가공품),미래정밀,255,10
MJU64346902,"Tube,Connector",130,단품(가공품),미래정밀,255,10
MJU64346903,"Tube,Connector",130,단품(가공품),미래정밀,255,10
MJU64346904,"Tube,Connector",130,단품(가공품),미래정밀,255,10
MJU64347001,"Tube,Connector",130,단품(가공품),미래정밀,343,11
MJU64347002,"Tube,Connector",130,단품(가공품),미래정밀,343,11
MJU64347003,"Tube,Connector",130,단품(가공품),미래정밀,343,11
MJU64347004,"Tube,Connector",130,단품(가공품),미래정밀,343,11
MJU64406301,"Tube,Connector",130,단품(가공품),미래정밀,208,10
MJU64406302,"Tube,Connector",130,단품(가공품),미래정밀,208,10
MJU64406303,"Tube,Connector",130,단품(가공품),미래정밀,208,10
MJU64406304,"Tube,Connector",130,단품(가공품),미래정밀,208,10
MJU64406401,"Tube,Connector",130,단품(가공품),미래정밀,216,9
MJU64406402,"Tube,Connector",130,단품(가공품),미래정밀,204,8
MJU64406403,"Tube,Connector",130,단품(가공품),미래정밀,204,8
MJU64406404,"Tube,Connector",130,단품(가공품),미래정밀,206,9
MJU64428802,"Tube,Connector",130,단품(가공품),미래정밀,488,21
MJU64706401,"Tube,Connector",130,단품(가공품),미래정밀,1277,14
MJU64707501,"Tube,Connector",130,단품(가공품),미래정밀,2095,30
MJU64707502,"Tube,Connector",130,단품(가공품),미래정밀,30,3
MJU64708702,"Tube,Connector",130,단품(가공품),미래정밀,697,14
MJU64712301,"Tube,Connector",130,단품(가공품),미래정밀,702,15
MJU64712401,"Tube,Connector",130,단품(가공품),미래정밀,4914,15
MJU64786109,Tube Connector,130,단품(가공품),미래정밀,418,8
MJU64790807,"TUBE, CONNECTOR",130,단품(가공품),미래정밀,1995,21
MJU64790808,"Tube,Connector",130,단품(가공품),미래정밀,280,7
MJU64794201,Tube Connector,130,단품(가공품),미래정밀,120,3
MJU64794202,Tube Connector,130,단품(가공품),미래정밀,120,3
MJU64794301,Tube Connector,130,단품(가공품),미래정밀,20,2
MJU64795601,"Tube,Connector",130,단품(가공품),미래정밀,240,1
MJU64795602,Tube Connector,130,단품(가공품),미래정밀,23760,24
MJU64795603,Tube Connector,130,단품(가공품),미래정밀,990,24
MJU64795604,Tube Connector,130,단품(가공품),미래정밀,990,24
MJU64795605,Tube Connector,130,단품(가공품),미래정밀,990,24
MJU64795608,"Tube,Connector",130,단품(가공품),미래정밀,101,2
MJU64795609,"Tube,Connector",130,단품(가공품),미래정밀,1111,2
MJU64795610,"Tube,Connector",130,단품(가공품),미래정밀,101,2
MJU64795701,"Tube,Connector",130,단품(가공품),미래정밀,10,1
MJU64868527,"Tube,Connector",130,단품(가공품),미래정밀,3622,7
MJU64868529,"Tube,Connector",130,단품(가공품),미래정밀,3620,7
MJU64868531,"Tube,Connector",130,단품(가공품),미래정밀,3719,18
MJU64868535,"Tube,Connector",130,단품(가공품),미래정밀,60,3
MJU64868548,"Tube,Connector",130,단품(가공품),미래정밀,3672,18
MJU64868556,"Tube,Connector",130,단품(가공품),미래정밀,3,1
MJU64868568,"Tube,Connector",130,단품(가공품),미래정밀,26462,54
MJU64868570,"Tube,Connector",130,단품(가공품),미래정밀,14029,38
MJU64868579,"Tube, Connector",130,단품(가공품),미래정밀,12969,25
MJU64890919,"Tube,Connector",130,단품(가공품),미래정밀,15,2
MJU64890920,"Tube,Connector",130,단품(가공품),미래정밀,15,2
MJU64930003,"Tube,Connector",130,단품(가공품),미래정밀,426,8
MJU64964203,"Tube,Connector",130,단품(가공품),미래정밀,38,12
MJU64964218,"Tube,Connector",130,단품(가공품),미래정밀,38,12
MJU64964401,Tube Connector,130,단품(가공품),미래정밀,3,1
MJU64964402,Tube Connector,130,단품(가공품),미래정밀,3,1
MJU64967801,"Tube,Connector",130,단품(가공품),미래정밀,10,1
MJU64967901,"Tube,Connector",130,단품(가공품),미래정밀,10,1
MJU64980103,"Tube,Connector",130,단품(가공품),미래정밀,9,1
MJU64980104,"Tube,Connector",130,단품(가공품),미래정밀,9,1
MJU64980105,"Tube,Connector",130,단품(가공품),미래정밀,9,1
MJU65008407,"Tube,Connector",130,단품(가공품),미래정밀,6,1
MJU65008410,"Tube,Connector",130,단품(가공품),미래정밀,6,1
MJU65008411,"Tube,Connector",130,단품(가공품),미래정밀,6,1
MJU65026201,"Tube, Connector",130,단품(가공품),미래정밀,40,12
MJU65026202,"Tube, Connector",130,단품(가공품),미래정밀,120,12
MJU65486401,"Tube,Connector",130,단품(가공품),미래정밀,245,10
MJU65486405,"Tube,Connector",130,단품(가공품),미래정밀,3768,60
MJU65486429,"Tube,Connector",130,단품(가공품),미래정밀,1070,24
MJU65486430,Tube Connector,130,단품(가공품),미래정밀,1070,24
MJU65517901,Tube Connector,130,단품(가공품),미래정밀,33,1
MJU65517901+용접링,Connector+용접링,120,SUB,미래정밀,2068,28
MJU65517902,Tube Connector,130,단품(가공품),미래정밀,15,1
MJU65517902+용접링,Connector+용접링,120,SUB,미래정밀,940,28
MJU65517903,Tube Connector,130,단품(가공품),미래정밀,3,1
MJU65517903+용접링,Connector+용접링,120,SUB,미래정밀,188,28
MJU65517904,Tube Connector,130,단품(가공품),미래정밀,3,1
MJU65517904+용접링,Connector+용접링,120,SUB,미래정밀,188,28
MJU65517905,Tube Connector,130,단품(가공품),미래정밀,3,1
MJU65517905+용접링,Connector+용접링,120,SUB,미래정밀,188,28
MJU65517906,Tube Connector,130,단품(가공품),미래정밀,3,1
MJU65517906+용접링,Connector+용접링,120,SUB,미래정밀,188,28
MJU65517908,Tube Connector,130,단품(가공품),미래정밀,3,1
MJU65517908+용접링,Connector+용접링,120,SUB,미래정밀,188,28
MJU65517909,Tube Connector,130,단품(가공품),미래정밀,3,1
MJU65517909+용접링,Connector+용접링,120,SUB,미래정밀,188,28
MJU65517911,Tube Connector,130,단품(가공품),미래정밀,3,1
MJU65517911+용접링,Connector+용접링,120,SUB,미래정밀,188,28
MJU65517912,Tube Connector,130,단품(가공품),미래정밀,3,1
MJU65517912+용접링,Connector+용접링,120,SUB,미래정밀,188,28
MJU65517913,Tube Connector,130,단품(가공품),미래정밀,3,1
MJU65517913+용접링,Connector+용접링,120,SUB,미래정밀,99,14
MJU65517914+용접링,sub,120,SUB,미래정밀,82758,99
MJU65517915+용접링,sub,120,SUB,미래정밀,37585,99
MJU65517916+용접링,Tube Connector,120,SUB,미래정밀,7525,101
MJU65517917+용접링,Tube Connector,120,SUB,미래정밀,7518,99
MJU65517918+용접링,Tube Connector,120,SUB,미래정밀,7517,99
MJU65517919+용접링,Tube Connector,120,SUB,미래정밀,7517,99
MJU65517921+용접링,Tube Connector,120,SUB,미래정밀,7517,99
MJU65517922+용접링,Tube Connector,120,SUB,미래정밀,7517,99
MJU65517924+용접링,Tube Connector,120,SUB,미래정밀,7520,99
MJU65517925+용접링,Tube Connector,120,SUB,미래정밀,7520,99
MJU65533902,"Tube,Connector",130,단품(가공품),미래정밀,9981,24
MJU65534002,"Tube,Connector",130,단품(가공품),미래정밀,1109,24
MJU65587603,Tube Connector,130,단품(가공품),미래정밀,554,29
MJU65588301,"Tube,Connector",130,단품(가공품),미래정밀,115,8
MJU65588303,"Tube,Connector",130,단품(가공품),미래정밀,245,10
MJU65588304,"Tube,Connector",130,단품(가공품),미래정밀,130,8
MJU65588306,"Tube,Connector",130,단품(가공품),미래정밀,245,10
MJU65588307,"Tube,Connector",130,단품(가공품),미래정밀,130,8
MJU65588308,"Tube,Connector",130,단품(가공품),미래정밀,115,8
MJU65707420,Tube Connector,130,단품(가공품),미래정밀,108,20
MJU65707422,Tube Connector,130,단품(가공품),미래정밀,11,5
MJU65707423,Tube Connector,130,단품(가공품),미래정밀,16,3
MJU65707424,"Tube,Connector",130,단품(가공품),미래정밀,15,2
MJU65766110,"Tube,Connector",130,단품(가공품),미래정밀,59,15
MJU65766111,"Tube,Connector",130,단품(가공품),미래정밀,59,15
MJU65766112,"Tube,Connector",130,단품(가공품),미래정밀,59,15
MJU65766113,"Tube,Connector",130,단품(가공품),미래정밀,59,15
MJU65787707,Tube Connector,130,단품(가공품),미래정밀,1219,42
MJU65787708,Tube Connector,130,단품(가공품),미래정밀,1234,38
MJU65787709,Tube Connector,130,단품(가공품),미래정밀,2453,43
MJU65986405,Tube Connector,130,단품(가공품),미래정밀,3598,91
MJU66006802,"TUBE, CONNECTOR",130,단품(가공품),미래정밀,3510,87
MJU66166605,Tube Connector,130,단품(가공품),미래정밀,3416,5
MJU66266601,Tube Connector,130,단품(가공품),미래정밀,41,9
MJU66266602,Tube Connector,130,단품(가공품),미래정밀,41,9
MJU66266607,Tube Connector,130,단품(가공품),미래정밀,640,25
MJU66266618,Tube Connector,130,단품(가공품),미래정밀,599,22
MJU66307104,Tube Connector,130,단품(가공품),미래정밀,41,8
MJU66307105,Tube Connector,130,단품(가공품),미래정밀,41,8
MJU66366804,Tube Connector,130,단품(가공품),미래정밀,1114,25
MJU66366805,Tube Connector,130,단품(가공품),미래정밀,1114,25
MJU66366806,Tube Connector,130,단품(가공품),미래정밀,1206,25
MJU66366812,Tube Connector,130,단품(가공품),미래정밀,1114,25
MJU66366813,Tube Connector,130,단품(가공품),미래정밀,1114,25
MJU66366814,Tube Connector,130,단품(가공품),미래정밀,1114,25
MJU66478801,Tube Connector,130,단품(가공품),미래정밀,22692,84
MJU66493602,Tube Connector,130,단품(가공품),미래정밀,12,1
MJU66494202,Tube Connector,130,단품(가공품),미래정밀,12,1
MJU66502904+용접링,Connector+용접링,120,SUB,미래정밀,316,7
MJU66502905+용접링,Connector+용접링,120,SUB,미래정밀,316,7
MJU66502907+용접링,Connector+용접링,120,SUB,미래정밀,316,7
MJU66502908+용접링,Connector+용접링,120,SUB,미래정밀,316,7
MJU66506801,"Tube,Connector",130,단품(가공품),미래정밀,1281,24
MJU66510401,"Tube,Connector",130,단품(가공품),미래정밀,10,1
MJU66526615,"Tube,Connector",130,단품(가공품),미래정밀,39627,58
MJU66526616,"Tube,Connector",130,단품(가공품),미래정밀,4403,58
MJU66526617,"Tube,Connector",130,단품(가공품),미래정밀,4403,58
MJU66526618,"Tube,Connector",130,단품(가공품),미래정밀,4406,61
MJU66526619,"Tube,Connector",130,단품(가공품),미래정밀,4403,58
MJU66526620,"Tube,Connector",130,단품(가공품),미래정밀,95,10
MJU66526621,"Tube,Connector",130,단품(가공품),미래정밀,13209,58
MJU66566901,"Tube,Connector",130,단품(가공품),미래정밀,1113,35
MJU66566902,"Tube,Connector",130,단품(가공품),미래정밀,445,11
MJU66566904,"Tube,Connector",130,단품(가공품),미래정밀,418,8
MJU66566910,"Tube,Connector",130,단품(가공품),미래정밀,418,8
MJU66566912,"Tube,Connector",130,단품(가공품),미래정밀,4,2
MJU66570402,"Tube,Connector",130,단품(가공품),미래정밀,14611,117
MJU66571201,"Tube,Connector",130,단품(가공품),미래정밀,2081,73
MJU66572903,"Tube,Connector",130,단품(가공품),미래정밀,3966,37
MJU66573002,"Tube,Connector",130,단품(가공품),미래정밀,535,21
MJU66573401,"Tube,Connector",130,단품(가공품),미래정밀,8016,48
MJU66573502,"Tube,Connector",130,단품(가공품),미래정밀,643,37
MJU66759901,Tube Connector,130,단품(가공품),미래정밀,1145,47
MJU66759904,Tube Connector,130,단품(가공품),미래정밀,108,21
MJU66760005,Tube Connector,130,단품(가공품),미래정밀,72,8
MJU66760012,Tube Connector,130,단품(가공품),미래정밀,1073,46
MJU66763702,Tube Connector,130,단품(가공품),미래정밀,2834,9
MJU66763704,Tube Connector,130,단품(가공품),미래정밀,46,4
MJU66771601,"Tube,Connector",130,단품(가공품),미래정밀,1,1
MJU66774702,Tube Connector,130,단품(가공품),미래정밀,1,1
MJU66777703,Tube Discharge,130,단품(가공품),미래정밀,839,24
MJU66777704,Tube Discharge,130,단품(가공품),미래정밀,839,24
MJU66779301,Tube Connector,130,단품(가공품),미래정밀,458,2
MJU66779302,Tube Connector,130,단품(가공품),미래정밀,458,2
MJU66779303,Tube Connector,130,단품(가공품),미래정밀,458,2
MJU66779304,Tube Connector,130,단품(가공품),미래정밀,458,2
MJU66779306,Tube Connector,130,단품(가공품),미래정밀,458,2
MJU66779307,Tube Connector,130,단품(가공품),미래정밀,458,2
MJU66798601,Tube Connector,130,단품(가공품),미래정밀,2197,77
MJU66803009,"Tube,Connector",130,단품(가공품),미래정밀,428,7
MJU66803015,"Tube,Connector",130,단품(가공품),미래정밀,266,1
MJU66803017-1,"밴딩,확관후 제이에스",130,단품(가공품),미래정밀,423,7
MJU66803018,"Tube,Connector",130,단품(가공품),미래정밀,428,7
MJU66806302,Tube Connector,130,단품(가공품),미래정밀,116,5
MJU66806303,Tube Connector,130,단품(가공품),미래정밀,116,5
MJU66806304,Tube Connector,130,단품(가공품),미래정밀,116,5
MJU66806305,Tube Connector,130,단품(가공품),미래정밀,116,5
MJU66806306,Tube Connector,130,단품(가공품),미래정밀,812,5
MJU66810501,Tube Connector,130,단품(가공품),미래정밀,488,5
MJU66810502,Tube Connector,130,단품(가공품),미래정밀,244,5
MJU66810503,Tube Connector,130,단품(가공품),미래정밀,244,5
MJU66824502,Tube Connector,130,단품(가공품),미래정밀,365,31
MJU66824503,Tube Connector,130,단품(가공품),미래정밀,365,31
MJU66824504,Tube Connector,130,단품(가공품),미래정밀,365,31
MJU66824505,Tube Connector,130,단품(가공품),미래정밀,365,31
MJU66824506,Tube Connector,130,단품(가공품),미래정밀,730,31
MJU66824507,Tube Connector,130,단품(가공품),미래정밀,365,31
MJU66830901,"Tube,Connector",130,단품(가공품),미래정밀,193,21
MJU66831001,Tube Connector,130,단품(가공품),미래정밀,193,21
MJU66894824,"Tube,Connector",130,단품(가공품),미래정밀,300,1
MJU66894825,"Tube,Connector",130,단품(가공품),미래정밀,298,1
MJU66902601,Tube Connector,130,단품(가공품),미래정밀,599,22
MJU66902803,Tube Connector,130,단품(가공품),미래정밀,4347,49
MJU66928201,"Tube, Connector",130,단품(가공품),미래정밀,2548,50
MJU66928208,"Tube, Connector",130,단품(가공품),미래정밀,1135,22
MJU66928301,"Tube,Connector",130,단품(가공품),미래정밀,1919,30
MJU66928303,"Tube,Connector",130,단품(가공품),미래정밀,401,1
MJU66928305,"Tube,Connector",130,단품(가공품),미래정밀,297,1
MJU66928307,"Tube,Connector",130,단품(가공품),미래정밀,299,1
MJU66928312,"Tube,Connector",130,단품(가공품),미래정밀,1919,30
MJU66929204,"Tube,Connector",130,단품(가공품),미래정밀,7000,2
MJU66929206,Tube Connector,130,단품(가공품),미래정밀,11000,3
MJU66929501,Tube Connector,130,단품(가공품),미래정밀,9039,4
MJU66929502,Tube Connector,130,단품(가공품),미래정밀,9039,4
MJU66929503,Tube Connector,130,단품(가공품),미래정밀,9039,4
MJU66929504,Tube Connector,130,단품(가공품),미래정밀,9039,4
MJU66932501,"Tube,Connector",130,단품(가공품),미래정밀,34,5
MJU66932502,"Tube,Connector",130,단품(가공품),미래정밀,34,5
MJU66932503,"Tube,Connector",130,단품(가공품),미래정밀,34,5
MJU66932504,"Tube,Connector",130,단품(가공품),미래정밀,34,5
MJU66932505,"Tube,Connector",130,단품(가공품),미래정밀,34,5
MJU66932507,"Tube,Connector",130,단품(가공품),미래정밀,68,6
MJU66932508,"Tube,Connector",130,단품(가공품),미래정밀,34,6
MJU66932509,"Tube,Connector",130,단품(가공품),미래정밀,204,5
MJU66932510,"Tube,Connector",130,단품(가공품),미래정밀,34,5
MJU66932511,"Tube,Connector",130,단품(가공품),미래정밀,68,5
MJU66932530,"Tube, Connector",130,단품(가공품),미래정밀,34,5
MJU66942901,Tube Connector,130,단품(가공품),미래정밀,3014,43
MJU66949201,Tube Connector,130,단품(가공품),미래정밀,1462,44
MJU66954303,"Tube,Connector",130,단품(가공품),미래정밀,74,18
MJU66954308,"Tube,Connector",130,단품(가공품),미래정밀,49,13
MJU66954309,"Tube,Connector",130,단품(가공품),미래정밀,49,13
MJU66954608,"Tube, Connector",130,단품(가공품),미래정밀,203,12
MJU66954610,"Tube, Connector",130,단품(가공품),미래정밀,203,12
MJU66958506,"Tube,Connector",130,단품(가공품),미래정밀,2253,35
MJU66959604,"Tube,Connector",130,단품(가공품),미래정밀,1070,24
MJU66960902,"Tube,Connector",130,단품(가공품),미래정밀,4588,55
MJU66960903,"Tube,Connector",130,단품(가공품),미래정밀,2649,83
MJU66960905,Tube Connector,130,단품(가공품),미래정밀,991,25
MJU67028001,"Tube, Connector",130,단품(가공품),미래정밀,16566,21
MJU67035301,"Tube, Connector",130,단품(가공품),미래정밀,2782,22
MJU00777004,"Tube,Connector",130,단품(가공품),세광산업,1290,45
MJU00777501,"Tube,Connector",130,단품(가공품),세광산업,3023,36
MJU00777604,"Tube,Connector",130,단품(가공품),세광산업,1990,27
MJU00777605,"Tube,Connector",130,단품(가공품),세광산업,1990,27
MJU66570403,"Tube,Connector",130,단품(가공품),세광산업,14667,111
MJU66570404,"Tube,Connector",130,단품(가공품),세광산업,14650,111
MJU66571704,"Tube,Connector",130,단품(가공품),세광산업,9998,108
MJU66571801,"Tube,Connector",130,단품(가공품),세광산업,10043,70
MJU66799101,"Tube,Connector",130,단품(가공품),세광산업,3519,87
MJU66799401,"Tube,Connector",130,단품(가공품),세광산업,3519,87
MJU66799403,"Tube,Connector",130,단품(가공품),세광산업,3519,87
AAB32861207,ACCUMULATOR,230,SUB-ASS,수테크,13,3
AAB73970501,Accumulator,230,SUB-ASS,수테크,245,9
AJL74852201,"Tank Assembly,Oil",110,ASSY,수테크,417,23
AJR76443003,ACCUM,230,SUB-ASS,수테크,1114,23
MAA63804704,Accumulator,230,SUB-ASS,수테크,79,19
MAA63804705,Accumulator,230,SUB-ASS,수테크,1187,27
MHH62041504,"Separator,Oil",130,단품(가공품),수테크,608,5
MHH62041508,"Separator,Oil",230,SUB-ASS,수테크,1,1
AJR30004702-20-1,썬텍 SUB,120,SUB,썬텍코리아주식회사,12683,42
AJR30012008-20-1,썬텍 SUB,120,SUB,썬텍코리아주식회사,108,2
AJR30012009-20-1,썬텍 SUB,120,SUB,썬텍코리아주식회사,20,3
AJR30012010-20-1,썬텍 SUB,120,SUB,썬텍코리아주식회사,62,2
AJR30012011-20-1,썬텍 SUB,120,SUB,썬텍코리아주식회사,40,2
AJR30037603-20-1,썬텍 SUB,120,SUB,썬텍코리아주식회사,2770,27
AJR30037603-20-2,썬텍 SUB,120,SUB,썬텍코리아주식회사,1108,27
AJR30037604-20-1,썬텍 SUB,120,SUB,썬텍코리아주식회사,3260,41
AJR30037604-20-2,썬텍 SUB,120,SUB,썬텍코리아주식회사,978,41
AJR30077901-20-1,썬텍 sub,110,ASSY,썬텍코리아주식회사,3000,3
AJR30101601-20-1,썬텍 SUB,120,SUB,썬텍코리아주식회사,1461,27
AJR30102601-20-1,썬텍 SUB,120,SUB,썬텍코리아주식회사,901,25
AJR30102601-20-2,썬텍 SUB,120,SUB,썬텍코리아주식회사,901,25
AJR30102601-20-3,썬텍 SUB,120,SUB,썬텍코리아주식회사,901,25
AJR30125501-20-1,썬텍 sub,120,SUB,썬텍코리아주식회사,5535,55
AJR30125505-20-1,썬텍 SUB,120,SUB,썬텍코리아주식회사,173,11
AJR30125601-20-1,썬텍 SUB,120,SUB,썬텍코리아주식회사,5023,51
AJR30125601-20-2,썬텍 SUB,120,SUB,썬텍코리아주식회사,4691,48
AJR30125603-20-1,썬텍 SUB,120,SUB,썬텍코리아주식회사,84,7
AJR73952501-20-1,썬텍 SUB,120,SUB,썬텍코리아주식회사,1365,36
AJR73952502-20-1,썬텍 SUB,120,SUB,썬텍코리아주식회사,4360,54
AJR74823101-20-1,썬텍 SUB,120,SUB,썬텍코리아주식회사,348,20
AJR74823102-20-1,썬텍 SUB,120,SUB,썬텍코리아주식회사,401,23
AJR74823103-20-1,썬텍 SUB,120,SUB,썬텍코리아주식회사,4115,78
AJR74823104-20-1,썬텍 SUB,120,SUB,썬텍코리아주식회사,5109,80
AJR75462802-20-1,썬텍 SUB,120,SUB,썬텍코리아주식회사,1178,18
AJR76523027-20-1,썬텍 SUB,120,SUB,썬텍코리아주식회사,3407,28
AJR76562804-20-1,썬텍 SUB,120,SUB,썬텍코리아주식회사,528,14
AJR76562804-20-2,썬텍 SUB,120,SUB,썬텍코리아주식회사,528,14
AJR77170902,"Tube Assembly, Condenser",110,ASSY,썬텍코리아주식회사,374,19
AJR77182802,"Tube Assembly,Condenser(",110,ASSY,썬텍코리아주식회사,1086,32
AJR77182902,"Tube Assembly,Condenser(",110,ASSY,썬텍코리아주식회사,1089,30
AJR77188801-20-1,썬텍 SUB,120,SUB,썬텍코리아주식회사,1670,78
AJR77188802-20-1,썬텍 SUB,120,SUB,썬텍코리아주식회사,13558,119
AJR77224002-20-1,썬텍 SUB,120,SUB,썬텍코리아주식회사,6240,56
AJR77224008-20-1,썬텍 SUB,120,SUB,썬텍코리아주식회사,428,23
AJR77224501-20-1,썬텍 SUB,120,SUB,썬텍코리아주식회사,7172,111
AJR77224518-20-1,썬텍 SUB,120,SUB,썬텍코리아주식회사,8056,103
AJR77225602-20-1,썬텍 SUB,120,SUB,썬텍코리아주식회사,2534,45
AJR77225607-20-1,썬텍 SUB,120,SUB,썬텍코리아주식회사,639,14
MJU00787901,"Tube,Connector",130,단품(가공품),썬텍코리아주식회사,12,1
MJU00787902,"Tube,Connector",130,단품(가공품),썬텍코리아주식회사,26,1
MJU00787903,"Tube,Connector",130,단품(가공품),썬텍코리아주식회사,38,1
MJU00788001,"Tube,Connector",130,단품(가공품),썬텍코리아주식회사,38,1
MJU00788002,"Tube,Connector",130,단품(가공품),썬텍코리아주식회사,38,1
MJU00788306,"Tube,Connector",130,단품(가공품),썬텍코리아주식회사,12,1
MJU00788307,"Tube,Connector",130,단품(가공품),썬텍코리아주식회사,38,1
MJU00788308,"Tube,Connector",130,단품(가공품),썬텍코리아주식회사,38,1
MJU00788309,"Tube,Connector",130,단품(가공품),썬텍코리아주식회사,38,1
MJU00788310,"Tube,Connector",130,단품(가공품),썬텍코리아주식회사,38,1
MJU61986901,"Tube,Connector",130,단품(가공품),썬텍코리아주식회사,1000,2
MJU61987101,"Tube,Connector",130,단품(가공품),썬텍코리아주식회사,1000,2
MJU63208002,Tube Connector,130,단품(가공품),썬텍코리아주식회사,23,4
MJU63208003,Tube Connector,130,단품(가공품),썬텍코리아주식회사,21,3
MJU63208104,Tube Connector,130,단품(가공품),썬텍코리아주식회사,67,6
MJU63208105,Tube Connector,130,단품(가공품),썬텍코리아주식회사,44,6
MJU63208106,Tube Connector,130,단품(가공품),썬텍코리아주식회사,42,3
MJU64948401,"Tube,Connector",130,단품(가공품),썬텍코리아주식회사,3,1
MJU66479601,Tube Connector,130,단품(가공품),썬텍코리아주식회사,2417,31
MJU66479701,Tube Connector,130,단품(가공품),썬텍코리아주식회사,124,4
MJU66479802,Tube Connector,130,단품(가공품),썬텍코리아주식회사,1633,23
MJU66479803,"Tube,Connector",130,단품(가공품),썬텍코리아주식회사,100,1
MJU66507045,"Tube,Connector",130,단품(가공품),썬텍코리아주식회사,1485,27
MJU66507051,"Tube,Connector",130,단품(가공품),썬텍코리아주식회사,1486,28
MJU66507052,"Tube,Connector",130,단품(가공품),썬텍코리아주식회사,1485,27
MJU66507053,"Tube,Connector",130,단품(가공품),썬텍코리아주식회사,1485,27
MJU66570002,"Tube,Connector",130,단품(가공품),썬텍코리아주식회사,3765,27
MJU66749602,Tube Connector,130,단품(가공품),썬텍코리아주식회사,2496,34
MJU66799901,"Tube,Connector",130,단품(가공품),썬텍코리아주식회사,2496,34
MJU66823202,"Tube,Connector",130,단품(가공품),썬텍코리아주식회사,326,41
MJU66823302,"Tube,Connector",130,단품(가공품),썬텍코리아주식회사,326,41
5210A20851E,TUBE RETURN BENDING,130,단품(가공품),이젠터,3,1
5210A20851M,"TUBE, CONNECTOR",130,단품(가공품),이젠터,3,1
5210A22034A,"Tube, Connector",130,단품(가공품),이젠터,84,2
5210A22034B,"Tube, Connector",130,단품(가공품),이젠터,20,1
5210A24677G,"Tube,Connector",130,단품(가공품),이젠터,30,1
5210A24677J,"Tube,Connector",130,단품(가공품),이젠터,11032,26
5210A31939A,"Tube,Connector",130,단품(가공품),이젠터,3093,33
AJJ74578301-3-1,이젠터 SUB,120,SUB,이젠터,365,17
AJJ74578301-3-2,이젠터 SUB,120,SUB,이젠터,365,17
AJJ74578304-3-1,AJJ74578304-3-1,120,SUB,이젠터,13,3
AJJ74578304-3-2,AJJ74578304-3-2,120,SUB,이젠터,13,3
AJJ74578309-3-1,이젠터 SUB,120,SUB,이젠터,3,1
AJJ74578309-3-2,이젠터 SUB,120,SUB,이젠터,3,1
AJR30001401,Tube Assembly Manifold,110,ASSY,이젠터,387,21
AJR30004702-3-1,이젠터 SUB,120,SUB,이젠터,12183,45
AJR30019801-3-1,이젠터 SUB,120,SUB,이젠터,42,5
AJR30051301-3-1,이젠터 sub,120,SUB,이젠터,146,8
AJR30069701-3-1,이젠터 SUB,120,SUB,이젠터,71,10
AJR30069702-3-1,이젠터 SUB ,120,SUB,이젠터,2,1
AJR30075401-3-1,이젠터 Sub,120,SUB,이젠터,1950,31
AJR30075401-3-2,이젠터 Sub,120,SUB,이젠터,1965,31
AJR30075401-3-3,이젠터 Sub,120,SUB,이젠터,1873,30
AJR30075401-3-4,이젠터 Sub,110,ASSY,이젠터,1873,30
AJR30075401-3-5,이젠터 Sub,120,SUB,이젠터,1869,30
AJR30075401-3-6,이젠터 Sub,120,SUB,이젠터,1908,31
AJR30075401-3-7,이젠터 SUB,120,SUB,이젠터,582,18
AJR30077901-3-1,이젠 SUB,120,SUB,이젠터,11536,11
AJR30078701,Condenser(고강도),110,ASSY,이젠터,57,1
AJR30107701-3-1,이젠터 SUB,120,SUB,이젠터,1909,45
AJR30116701,"Tube Assembly, Manifold(",,,이젠터,364,13
AJR30117302,"Tube Assembly, Manifold(",110,ASSY,이젠터,1109,33
AJR30125601-3-1,이젠터 SUB,120,SUB,이젠터,4691,48
AJR30125601-3-2,이젠터 SUB,120,SUB,이젠터,1670,18
AJR34739811,"Tube Assembly,Manifold(O",110,ASSY,이젠터,145,3
AJR34739816,"Tube Assembly, Manifold",110,ASSY,이젠터,835,9
AJR34739820,"Tube Assembly,Manifold(O",110,ASSY,이젠터,4550,12
AJR34739824,"Tube Assembly,Manifold(O",110,ASSY,이젠터,1649,23
AJR52676202-3-1,AJR52676202-3-1,120,SUB,이젠터,8,6
AJR52676207-3-1,이젠터 SUB,120,SUB,이젠터,400,2
AJR53980903-3-1,이젠터 SUB,120,SUB,이젠터,8489,80
AJR71429409-3-1,AJR71429409-3-1,120,SUB,이젠터,4,1
AJR72914201-3-1,이젠터 sub,120,SUB,이젠터,1257,44
AJR72914508,"Tube Assembly,Connector",110,ASSY,이젠터,378,21
AJR72919805,"Tube Assembly,Connector",110,ASSY,이젠터,2571,18
AJR73326604,"Tube Assembly,Manifold(O",110,ASSY,이젠터,10,1
AJR73326623,"Tube Assembly,Manifold(O",110,ASSY,이젠터,64,16
AJR73326629,"Tube Assembly,Manifold(O",110,ASSY,이젠터,103,5
AJR73326630,"Tube Assembly,Manifold(O",110,ASSY,이젠터,25,2
AJR73343303-3-1,이젠터 SUB,120,SUB,이젠터,60,2
AJR73767803-3-1,AJR73767803-3-1,120,SUB,이젠터,35,5
AJR73767810-3-1,AJR73767810-3-1,120,SUB,이젠터,25,4
AJR73964301,"Tube Assembly,Connector",110,ASSY,이젠터,892,54
AJR73980304-3-1,이젠터 SUB,120,SUB,이젠터,56,11
AJR74364818-3-1,Sub Assy,120,SUB,이젠터,4721,59
AJR74364818-3-2,Sub Assy,120,SUB,이젠터,4721,59
AJR74364818-3-3,이젠터 SUB,120,SUB,이젠터,5916,57
AJR74364825-3-1,이젠터 SUB,120,SUB,이젠터,8139,56
AJR74364825-3-2,이젠터 SUB,120,SUB,이젠터,8139,56
AJR74364825-3-3,이젠터 SUB,120,SUB,이젠터,4801,47
AJR74425405,"Tube Assembly,Manifold(O",110,ASSY,이젠터,15,4
AJR74522902-3-1,SUB ASSY,120,SUB,이젠터,2503,68
AJR74524701-3-1,SUB ASSY,120,SUB,이젠터,4287,82
AJR74803521-3-1,이젠터 sub,120,SUB,이젠터,3551,17
AJR74923002-3-1,이젠터 SUB,120,SUB,이젠터,204,3
AJR74942709-3-1,SUB ASSY,120,SUB,이젠터,90,4
AJR74942724-3-1,이젠터 SUB,120,SUB,이젠터,1097,37
AJR74942730-3-1,SUB ASSY,120,SUB,이젠터,45,4
AJR74942735-3-1,SUB ASSY,120,SUB,이젠터,15,2
AJR74942754-3-1,이젠터 SUB,120,SUB,이젠터,212,10
AJR74943201-1-1,AJR74943201 SUB,120,SUB,이젠터,341,13
AJR74963001-3-1,이젠터 SUB,120,SUB,이젠터,1076,19
AJR74963101-1-1,AJR74963101 SUB,120,SUB,이젠터,808,18
AJR75123901,"Tube Assembly,Manifold(O",110,ASSY,이젠터,1324,37
AJR75243006-3-1,SUB ASSY,120,SUB,이젠터,1616,15
AJR75243021-3-1,외주 SUB,120,SUB,이젠터,584,10
AJR75243118-3-1,이젠터 저압 SUB,120,SUB,이젠터,902,16
AJR75462802-3-1,이젠터 SUB,120,SUB,이젠터,1178,18
AJR75483601-3-1,이젠터 SUB,120,SUB,이젠터,687,12
AJR75544201-3-1,이젠터 SUB,120,SUB,이젠터,1150,15
AJR75709904-3-1,이젠터 SUB,120,SUB,이젠터,7660,102
AJR75743209,"Tube Assembly,Condenser(",110,ASSY,이젠터,6,2
AJR75744106,"Tube Assembly, Suciton",120,SUB,이젠터,35,1
AJR75744119,AJR75744119,120,SUB,이젠터,150,4
AJR75744125,"Tube Assembly, Suciton",120,SUB,이젠터,8,2
AJR75744137-3-1,이젠터 Sub,120,SUB,이젠터,808,11
AJR76442511-3-1,이젠터 Sub,120,SUB,이젠터,27635,52
AJR76502604-3-1,SUB ASSY,120,SUB,이젠터,24,9
AJR76502604-3-2,SUB ASSY,120,SUB,이젠터,24,9
AJR76502610-3-1,Sub Assy,120,SUB,이젠터,92,15
AJR76502610-3-2,Sub Assy,120,SUB,이젠터,92,15
AJR76502611-3-1,SUB ASSY,120,SUB,이젠터,32,3
AJR76502611-3-2,SUB ASSY,120,SUB,이젠터,32,3
AJR76502612-3-1,SUB ASSY,120,SUB,이젠터,1,1
AJR76502612-3-2,SUB ASSY,120,SUB,이젠터,1,1
AJR76582505-3-1,이젠터 Sub,120,SUB,이젠터,10068,75
AJR76582506-3-1,이젠터 Sub,120,SUB,이젠터,5050,66
AJR76582506-3-2,이젠터 Sub,120,SUB,이젠터,5050,66
AJR76582506-3-3,이젠터 Sub,120,SUB,이젠터,5165,65
AJR76822701-3-1,AJR76822701-3-1,120,SUB,이젠터,5914,85
AJR77144207,"Tube Assembly, Condenser",110,ASSY,이젠터,6,2
AJR77144305,"Tube Assembly,Manifold(O",110,ASSY,이젠터,65,4
AJR77145701,"Tube Assembly,Manifold(O",110,ASSY,이젠터,437,9
AJR77223105-3-1,이젠터 SUB,120,SUB,이젠터,24,3
AJR77224517-3-1,이젠터 sub,120,SUB,이젠터,7739,106
AJR77224519-3-1,이젠터 sub,120,SUB,이젠터,7270,111
MJU00722803,"Tube,Connector",130,단품(가공품),이젠터,25,6
MJU00722804,"Tube,Connector",130,단품(가공품),이젠터,25,6
MJU00750702,"Tube, Connector",130,단품(가공품),이젠터,1120,2
MJU00752701,"Tube,Connector",130,단품(가공품),이젠터,2694,49
MJU00752901,"Tube,Connector",130,단품(가공품),이젠터,1907,31
MJU00753001,"Tube,Connector",130,단품(가공품),이젠터,1841,29
MJU00792302,"Tube,Connector",130,단품(가공품),이젠터,91,3
MJU00792304,"Tube,Connector",130,단품(가공품),이젠터,173,3
MJU00792306,"Tube,Connector",130,단품(가공품),이젠터,43,2
MJU00792308,"Tube,Connector",130,단품(가공품),이젠터,142,3
MJU00792310,"Tube,Connector",130,단품(가공품),이젠터,74,1
MJU37361115,"TUBE, CONNECTOR",130,단품(가공품),이젠터,25,3
MJU40246001,"Tube, Connector",130,단품(가공품),이젠터,10,1
MJU47146601,"Tube,Connector",130,단품(가공품),이젠터,596,24
MJU47146602,"Tube,Connector",130,단품(가공품),이젠터,296,24
MJU47146603,"Tube,Connector",130,단품(가공품),이젠터,4,1
MJU60436226,"Tube,Connector",130,단품(가공품),이젠터,5,1
MJU60436237,"Tube,Connector",130,단품(가공품),이젠터,139,2
MJU61940901,"Tube,Connector",130,단품(가공품),이젠터,208,11
MJU62672401,"Tube,Connector",130,단품(가공품),이젠터,20,1
MJU62837001,"Tube,Connector",130,단품(가공품),이젠터,1130,58
MJU62837201,"Tube,Connector",130,단품(가공품),이젠터,842,54
MJU62837202,"Tube,Connector",130,단품(가공품),이젠터,150,6
MJU62842304,"Tube,Connector",130,단품(가공품),이젠터,1612,19
MJU62842305,"Tube,Connector",130,단품(가공품),이젠터,806,19
MJU62842317,"Tube,Connector",130,단품(가공품),이젠터,681,10
MJU62842318,"Tube,Connector",130,단품(가공품),이젠터,340,9
MJU62842319,"Tube,Connector",130,단품(가공품),이젠터,340,9
MJU62914601,"Tube,Connector",130,단품(가공품),이젠터,842,54
MJU62914602,"Tube,Connector",130,단품(가공품),이젠터,150,6
MJU63009601,"Tube,Connector",130,단품(가공품),이젠터,932,55
MJU63083101,"Tube,Connector",130,단품(가공품),이젠터,208,11
MJU63083202,"Tube,Connector",130,단품(가공품),이젠터,15,2
MJU63083302,"Tube,Connector",130,단품(가공품),이젠터,15,2
MJU63160502,"Tube,Connector",130,단품(가공품),이젠터,10,1
MJU63491101,"Tube,Connector",130,단품(가공품),이젠터,686,17
MJU63491102,"Tube,Connector",130,단품(가공품),이젠터,343,17
MJU63491103,"Tube,Connector",130,단품(가공품),이젠터,343,17
MJU63491105,"Tube,Connector",130,단품(가공품),이젠터,343,17
MJU63612304,"Tube,Connector",130,단품(가공품),이젠터,5,1
MJU63612307,"Tube,Connector",130,단품(가공품),이젠터,3413,30
MJU63612308,"Tube,Connector",130,단품(가공품),이젠터,3413,30
MJU63612402,"Tube,Connector",130,단품(가공품),이젠터,6783,33
MJU63614801,"Tube,Connector",130,단품(가공품),이젠터,10,1
MJU63650902,Tube Connector,130,단품(가공품),이젠터,3418,31
MJU63650912,Tube Connector,130,단품(가공품),이젠터,7405,50
MJU64350801,"Tube,Connector",130,단품(가공품),이젠터,3,1
MJU64387101,"Tube,Connector",130,단품(가공품),이젠터,735,10
MJU64408005,"Tube,Connector",130,단품(가공품),이젠터,5,1
MJU64408010,"Tube,Connector",130,단품(가공품),이젠터,5,1
MJU64428601,"Tube,Connector",130,단품(가공품),이젠터,1209,39
MJU64431904,"Tube,Connector",130,단품(가공품),이젠터,270,4
MJU64431905,"Tube,Connector",130,단품(가공품),이젠터,540,4
MJU64433701,"Tube,Return Bending",130,단품(가공품),이젠터,46363,100
MJU64687501,"TUBE, CONNECTOR",130,단품(가공품),이젠터,3607,51
MJU64687701-01,"Tube,Connector",130,단품(가공품),이젠터,4504,61
MJU64688401-8301,8401 8301 일체형 커넥터,130,단품(가공품),이젠터,3398,50
MJU64706602,"Tube,Connector",130,단품(가공품),이젠터,41,8
MJU64707301-1,"Tube,Connector",130,단품(가공품),이젠터,1150,15
MJU64790901,"TUBE, CONNECTOR",130,단품(가공품),이젠터,1150,15
MJU64927401,"TUBE, MANIFOLD",130,단품(가공품),이젠터,25,2
MJU65486408,"Tube,Connector",130,단품(가공품),이젠터,1759,30
MJU65486409,"Tube,Connector",130,단품(가공품),이젠터,2696,51
MJU65486419,"Tube,Connector",130,단품(가공품),이젠터,2696,51
MJU65846917,TUBE CONNECTOR,130,단품(가공품),이젠터,8,1
MJU65946701,Tube Connector,130,단품(가공품),이젠터,1218,42
MJU65946702,Tube Connector,130,단품(가공품),이젠터,1233,40
MJU65946703,Tube Connector,130,단품(가공품),이젠터,2451,46
MJU65946704,Tube Connector,130,단품(가공품),이젠터,1233,40
MJU65946705,Tube Connector,130,단품(가공품),이젠터,1218,42
MJU66266603,TUbe Connector,130,단품(가공품),이젠터,41,8
MJU66266706,Tube Connector,130,단품(가공품),이젠터,41,8
MJU66366304,Tube Connector,130,단품(가공품),이젠터,282,30
MJU66366305,Tube Connector,130,단품(가공품),이젠터,282,30
MJU66366308,Tube Connector,130,단품(가공품),이젠터,1206,24
MJU66759906,Tube Connector,130,단품(가공품),이젠터,2932,38
MJU66779315,Tube Connector,130,단품(가공품),이젠터,1953,19
MJU66797501,"Tube,Connector",130,단품(가공품),이젠터,806,19
MJU66805505,"Tube,Connector",130,단품(가공품),이젠터,163,6
MJU66821301,Tube Connector,130,단품(가공품),이젠터,199,20
MJU66824906,Tube Connector,130,단품(가공품),이젠터,335,30
MJU66825101,Tube Connector,130,단품(가공품),이젠터,335,30
MJU66825102,Tube Connector,130,단품(가공품),이젠터,335,30
MJU66825103,Tube Connector,130,단품(가공품),이젠터,335,30
MJU66825301,Tube Connector,130,단품(가공품),이젠터,614,29
MJU66825302,Tube Connector,130,단품(가공품),이젠터,1228,29
MJU66868009,"Tube,Connector",130,단품(가공품),이젠터,5,1
MJU66868012,"Tube,Connector",130,단품(가공품),이젠터,5,1
MJU66868605,"Tube,Connector",130,단품(가공품),이젠터,10,1
MJU66868606,"Tube,Connector",130,단품(가공품),이젠터,10,1
MJU66868607,"Tube,Connector",130,단품(가공품),이젠터,10,1
MJU66894810,"Tube,Connector",130,단품(가공품),이젠터,3888,17
MJU66900005,Tube Connector,130,단품(가공품),이젠터,2174,2
MJU66909701,Tube Connector,130,단품(가공품),이젠터,5,1
MJU66930201,"Tube,Manifold",130,단품(가공품),이젠터,6148,36
MJU66930202,"Tube,Manifold",130,단품(가공품),이젠터,6148,36
MJU66930303,"Tube,Connector",130,단품(가공품),이젠터,678,29
MJU66933502,"Tube, Manifold",130,단품(가공품),이젠터,34,6
MJU66933503,"Tube, Manifold ",130,단품(가공품),이젠터,32,5
MJU66936610,Tube Connector,130,단품(가공품),이젠터,1648,18
MJU66936612,Tube Connector,130,단품(가공품),이젠터,840,11
MJU66946201,"TUBE, CONNECTOR",130,단품(가공품),이젠터,1446,31
MJU66951201,"Tube, Connector",130,단품(가공품),이젠터,6,1
MJU66951404,"Tube, Connector",130,단품(가공품),이젠터,6,1
MJU66951405,"Tube, Connector",130,단품(가공품),이젠터,3,1
MJU66954401,"Tube, Connector ",130,단품(가공품),이젠터,49,13
MJU66954406,"Tube, Connector ",110,ASSY,이젠터,74,17
MJU66954409,"Tube, Connector ",110,ASSY,이젠터,49,13
MJU66954603,"Tube, Connector",130,단품(가공품),이젠터,203,12
MJU66954605,"Tube, Connector",130,단품(가공품),이젠터,203,12
MJU66954607,"Tube, Connector",130,단품(가공품),이젠터,203,12
MJU66954704,"Tube, Connector ",130,단품(가공품),이젠터,203,13
MJU66954705,"Tube, Connector ",130,단품(가공품),이젠터,203,13
MJU66954707,"Tube, Connector ",130,단품(가공품),이젠터,203,13
MJU66958403,Tube Connector,130,단품(가공품),이젠터,1070,24
MJU66958505,"Tube,Connector",130,단품(가공품),이젠터,1804,34
MJU66980601,"Tube, Manifold",130,단품(가공품),이젠터,3620,19
MJU66991001,"Tube, Connector",130,단품(가공품),이젠터,1379,26
MJU66991002,"Tube, Connector",130,단품(가공품),이젠터,1379,26
MJU66991003,"Tube, Connector",130,단품(가공품),이젠터,1379,26
MJU66997102,"Tube, Connector",130,단품(가공품),이젠터,972,17
MJU66997103,"Tube, Connector",130,단품(가공품),이젠터,974,18
MJU66997105,"Tube, Connector",130,단품(가공품),이젠터,975,18
MJU66997108,"Tube, Connector",130,단품(가공품),이젠터,976,18
MJU66998904,"Tube, Connector",130,단품(가공품),이젠터,10,1
MJU66999005,"Tube, Connector",130,단품(가공품),이젠터,10,1
MJU66999401,"Tube, Connector",130,단품(가공품),이젠터,10,1
5210A22690F,"Tube,Connector",130,단품(가공품),중앙정밀,2,1
5210A23937A,"Tube,Connector",130,단품(가공품),중앙정밀,20,2
5210A25501E,"TUBE, CONNECTOR",130,단품(가공품),중앙정밀,5,1
5210A26765A,"Tube,Connector",130,단품(가공품),중앙정밀,2,1
5210A26766A,"Tube,Connector",130,단품(가공품),중앙정밀,2,1
5210A26767A,"Tube,Connector",130,단품(가공품),중앙정밀,2,1
AJJ74578314-1-1,중앙 SUB,120,SUB,중앙정밀,1316,29
AJJ74578314-1-2,중앙 SUB,120,SUB,중앙정밀,1316,29
AJJ74578316-1-1,중앙 SUB,120,SUB,중앙정밀,4366,57
AJJ74578316-1-2,중앙 SUB,120,SUB,중앙정밀,4376,59
AJJ74578324-1-1,중앙 SUB,120,SUB,중앙정밀,10,2
AJJ75318301-1-1,SUB ASSY,120,SUB,중앙정밀,76,11
AJR30012008-1-1,중앙 SUB,120,SUB,중앙정밀,2280,72
AJR30089619-1-1(링),중앙 Sub(+용접링),120,SUB,중앙정밀,1924,83
AJR30089619-1-3(링),중앙 Sub(+용접링),120,SUB,중앙정밀,1924,83
AJR30089620-1-1,중앙 SUB,120,SUB,중앙정밀,329,42
AJR30089620-1-2,중앙 SUB,120,SUB,중앙정밀,329,42
AJR30089621-1-1,중앙 SUB,120,SUB,중앙정밀,2122,55
AJR30089621-1-2,중앙 SUB,120,SUB,중앙정밀,2122,55
AJR30089621-1-3,중앙 SUB,120,SUB,중앙정밀,2122,55
AJR30089621-1-4,중앙 SUB,120,SUB,중앙정밀,48931,107
AJR34565827-1-1,SUB ASSY,120,SUB,중앙정밀,142,4
AJR34565827-1-2,SUB ASSY,120,SUB,중앙정밀,142,4
AJR36479516-11-1,AJR36479516-11-1,120,SUB,중앙정밀,15,1
AJR36479521-1-1,SUB ASSY,120,SUB,중앙정밀,3,1
AJR72586225-1-1,SUB ASSY,120,SUB,중앙정밀,3,1
AJR73343201-9-1,SUB ASSY,120,SUB,중앙정밀,60,2
AJR73663104-1-1,AJR73663104-1-1,120,SUB,중앙정밀,43,4
AJR73663104-1-2,AJR73663104-1-2,120,SUB,중앙정밀,43,4
AJR73882504-1-1,SUB ASSY,120,SUB,중앙정밀,65,4
AJR73882504-1-2,SUB ASSY,120,SUB,중앙정밀,65,4
AJR74424612-1-1,중앙 SUB,120,SUB,중앙정밀,1077,17
AJR74424616,Muffler Assembly,110,ASSY,중앙정밀,2977,10
AJR74424620-1-1,중앙 SUB,120,SUB,중앙정밀,6,2
AJR74803541-1-1,중앙 SUB,120,SUB,중앙정밀,808,11
AJR74803541-1-2,중앙 SUB,120,SUB,중앙정밀,1649,18
AJR74803543-1-1,중앙 SUB,120,SUB,중앙정밀,841,13
AJR74943202-1-1,AJR74943202 SUB,120,SUB,중앙정밀,341,11
AJR74963102-1-1,AJR74963102 SUB,120,SUB,중앙정밀,807,17
AJR74984303-1-3,중앙 SUB,120,SUB,중앙정밀,1076,17
AJR74984303-1-4,중앙 SUB,120,SUB,중앙정밀,1076,17
AJR75463101-1-1,중앙 SUB,120,SUB,중앙정밀,695,13
AJR75463101-1-2,중앙 SUB,120,SUB,중앙정밀,695,13
AJR75483401-1-1,중앙 SUB,120,SUB,중앙정밀,280,7
AJR75483401-1-2,중앙 SUB,120,SUB,중앙정밀,280,7
AJR75483701-1-1,AJR75483701-1-1,120,SUB,중앙정밀,240,6
AJR75483701-1-2,AJR75483701-1-2,120,SUB,중앙정밀,240,6
AJR75712102,"Tube Assembly,Connector",110,ASSY,중앙정밀,40,12
AJR75802501-1-1,중앙 SUB,120,SUB,중앙정밀,44,13
AJR75802501-1-2,중앙 SUB,120,SUB,중앙정밀,44,13
AJR76322701-1-1,SUB ASSY,120,SUB,중앙정밀,10,2
AJR76363201-1-1,SUB ASSY,120,SUB,중앙정밀,81,17
AJR76363201-1-2,SUB ASSY,120,SUB,중앙정밀,81,17
AJR76502605-1-1,외주 SUB,120,SUB,중앙정밀,68,2
AJR76502605-13-1,SUB ASSY,120,SUB,중앙정밀,68,2
AJR76502605-13-2,중앙 Sub,120,SUB,중앙정밀,68,2
AJR77224501-1-2,중앙 SUB,120,SUB,중앙정밀,237,23
AJR77224502-1-2,중앙 SUB,120,SUB,중앙정밀,5958,102
AJR77224505-1-2,중앙 SUB,120,SUB,중앙정밀,1041,67
AJR77224507-1-1,중앙 SUB,120,SUB,중앙정밀,396,10
AJR77224508-1-1,중앙 SUB,120,SUB,중앙정밀,7456,101
AJR77224508-1-2,중앙 SUB,120,SUB,중앙정밀,7658,102
AJR77225301-1-1(링),중앙 Sub(+용접링),120,SUB,중앙정밀,827,53
AJR77225301-1-2(링),중앙 Sub(+용접링),110,ASSY,중앙정밀,827,53
AJR77225303-1-1(링),중앙sub,120,SUB,중앙정밀,4717,102
AJR77225303-1-2(링),중앙sub,120,SUB,중앙정밀,4603,98
MJU30589101,Tube Connector,130,단품(가공품),중앙정밀,5,1
MJU36873402,Tube Connector,130,단품(가공품),중앙정밀,159,14
MJU36873403,Tube Connector,130,단품(가공품),중앙정밀,159,14
MJU36873404,Tube Connector,130,단품(가공품),중앙정밀,159,14
MJU36873405,Tube Connector,130,단품(가공품),중앙정밀,159,14
MJU42756504,"TUBE, CONNECTOR",130,단품(가공품),중앙정밀,5,1
MJU42756505,"TUBE, CONNECTOR",130,단품(가공품),중앙정밀,10,1
MJU42756506,"TUBE, CONNECTOR",130,단품(가공품),중앙정밀,5,1
MJU61940102,"Tube,Connector",130,단품(가공품),중앙정밀,912,59
MJU61942701,"Tube,Connector",130,단품(가공품),중앙정밀,912,59
MJU62032601,"Tube,Connector",130,단품(가공품),중앙정밀,10,2
MJU62032701,"Tube,Connector",130,단품(가공품),중앙정밀,5,1
MJU62079301,"Tube,Connector",130,단품(가공품),중앙정밀,184,38
MJU62079303,"Tube,Connector",130,단품(가공품),중앙정밀,183,38
MJU62079304,"Tube,Connector",130,단품(가공품),중앙정밀,183,38
MJU62098801,"Tube,Connector",130,단품(가공품),중앙정밀,854,44
MJU62098901,"Tube,Connector",130,단품(가공품),중앙정밀,854,44
MJU62099001,"Tube,Connector",130,단품(가공품),중앙정밀,854,44
MJU62099101,"Tube,Connector",130,단품(가공품),중앙정밀,854,44
MJU62614301,"Tube,Connector",130,단품(가공품),중앙정밀,120,4
MJU62817601,"Tube,Connector",130,단품(가공품),중앙정밀,85,7
MJU62971201,"Tube,Connector",130,단품(가공품),중앙정밀,650,4
MJU62971802,"Tube,Connector",130,단품(가공품),중앙정밀,325,4
MJU63048501,"Tube,Connector",130,단품(가공품),중앙정밀,912,59
MJU63048901,"Tube,Connector",130,단품(가공품),중앙정밀,912,59
MJU63057301,"Tube,Connector",130,단품(가공품),중앙정밀,832,59
MJU63057302,"Tube,Connector",130,단품(가공품),중앙정밀,80,2
MJU63076102,"Tube,Connector",130,단품(가공품),중앙정밀,65,4
MJU63076202,"Tube,Connector",130,단품(가공품),중앙정밀,65,4
MJU63156802,Tube Connector,130,단품(가공품),중앙정밀,2786,22
MJU63156903,Tube Connector,130,단품(가공품),중앙정밀,2786,22
MJU63209803,Tube Connector,130,단품(가공품),중앙정밀,2786,22
MJU63308302,"Tube,Connector",130,단품(가공품),중앙정밀,65,4
MJU63329001,"Tube,Connector",130,단품(가공품),중앙정밀,130,4
MJU63329101,"Tube,Connector",130,단품(가공품),중앙정밀,65,4
MJU63335901,Tube Connector,130,단품(가공품),중앙정밀,318,14
MJU63406917,"Tube,Connector",130,단품(가공품),중앙정밀,3684,23
MJU63406931,"Tube,Connector",130,단품(가공품),중앙정밀,1,1
MJU63406932,"Tube,Connector",130,단품(가공품),중앙정밀,1,1
MJU63435001,"Tube,Suction",130,단품(가공품),중앙정밀,2,1
MJU63437401,"Tube,Connector",130,단품(가공품),중앙정밀,1350,64
MJU63447304,"Tube,Connector",130,단품(가공품),중앙정밀,20,2
MJU63470901,"Tube,Connector",130,단품(가공품),중앙정밀,5,1
MJU63470903,"Tube,Connector",130,단품(가공품),중앙정밀,5,1
MJU63479101,"Tube,Connector",130,단품(가공품),중앙정밀,8100,64
MJU63482301,"Tube,Connector",130,단품(가공품),중앙정밀,1350,64
MJU63482401,"Tube,Connector",130,단품(가공품),중앙정밀,1350,64
MJU63482501,"Tube,Connector",130,단품(가공품),중앙정밀,1350,64
MJU63507801,"Tube,Suction",130,단품(가공품),중앙정밀,2,1
MJU63507901,"Tube,Suction",130,단품(가공품),중앙정밀,2,1
MJU63508001,"Tube,Suction",130,단품(가공품),중앙정밀,2,1
MJU63650903,Tube Connector,130,단품(가공품),중앙정밀,3817,22
MJU63669531,"Tube,Connector",130,단품(가공품),중앙정밀,457,26
MJU63669533,"Tube,Connector",130,단품(가공품),중앙정밀,451,25
MJU63669538,"Tube,Connector",130,단품(가공품),중앙정밀,7,1
MJU63669540,"Tube,Connector",130,단품(가공품),중앙정밀,329,42
MJU63669543,"Tube,Connector",130,단품(가공품),중앙정밀,329,42
MJU63669544,"Tube,Connector",130,단품(가공품),중앙정밀,451,25
MJU63669615,"Tube,Connector",130,단품(가공품),중앙정밀,3710,26
MJU63669616,"Tube,Connector",130,단품(가공품),중앙정밀,77,1
MJU63691215,"Tube,Connector",130,단품(가공품),중앙정밀,1932,85
MJU64046501,"Tube,Connector",130,단품(가공품),중앙정밀,13,3
MJU64095003,"Tube,Connector",130,단품(가공품),중앙정밀,7587,52
MJU64095004,"Tube,Connector",130,단품(가공품),중앙정밀,5128,53
MJU64095005,"Tube,Connector",130,단품(가공품),중앙정밀,321,25
MJU64095006,"Tube, Connector",130,단품(가공품),중앙정밀,176,13
MJU64329102,"Tube, Manifold",130,단품(가공품),중앙정밀,161,15
MJU64671103+용접링,Connector+용접링,120,SUB,중앙정밀,2014,65
MJU64671104+용접링,Connector+용접링,120,SUB,중앙정밀,2143,68
MJU64671105+용접링,Connector+용접링,120,SUB,중앙정밀,2143,68
MJU64671107,"Tube,Connector",130,단품(가공품),중앙정밀,1316,22
MJU64671109+용접링,Connector+용접링,120,SUB,중앙정밀,3459,68
MJU64671112,"Tube,Connector",130,단품(가공품),중앙정밀,240,6
MJU64671115+용접링,Connector+용접링,120,SUB,중앙정밀,4603,98
MJU64671116+용접링,Connector+용접링,120,SUB,중앙정밀,4603,98
MJU64671117+용접링,Connector+용접링,120,SUB,중앙정밀,5012,104
MJU64671118+용접링,Connector+용접링,120,SUB,중앙정밀,5012,104
MJU64671119+용접링,중앙 SUB,120,SUB,중앙정밀,1194,69
MJU64706603,"Tube,Connector",130,단품(가공품),중앙정밀,41,8
MJU64706701,"Tube,Connector",130,단품(가공품),중앙정밀,975,19
MJU64706901,"Tube,Connector",130,단품(가공품),중앙정밀,695,13
MJU64707301,"Tube,Connector",130,단품(가공품),중앙정밀,695,13
MJU64707601,"Tube,Connector",130,단품(가공품),중앙정밀,695,13
MJU64707801,"Tube,Connector",130,단품(가공품),중앙정밀,690,12
MJU64768701,"Tube,Connector",130,단품(가공품),중앙정밀,280,7
MJU64768901,"Tube,Connector",130,단품(가공품),중앙정밀,280,7
MJU64769001,"TUBE, CONNECTOR",130,단품(가공품),중앙정밀,280,7
MJU64769101,"TUBE, CONNECTOR",130,단품(가공품),중앙정밀,280,7
MJU64787101,"TUBE, CONNECTOR",130,단품(가공품),중앙정밀,1482,38
MJU64787103,"Tube,Connector",130,단품(가공품),중앙정밀,1279,25
MJU64794101,"TUBE, CONNECTOR",130,단품(가공품),중앙정밀,12,2
MJU64795606,Tube Connector,130,단품(가공품),중앙정밀,7,1
MJU65008412,"Tube,Connector",130,단품(가공품),중앙정밀,6,1
MJU65207303,"Tube,Connector",130,단품(가공품),중앙정밀,299,22
MJU65486418,"Tube,Connector",130,단품(가공품),중앙정밀,245,10
MJU65588302,"Tube,Connector",130,단품(가공품),중앙정밀,130,8
MJU65626510,"TUBE, CONNECTOR",130,단품(가공품),중앙정밀,5,1
MJU65626701,Tube Connector,130,단품(가공품),중앙정밀,10,2
MJU65626703,Tube Connector,130,단품(가공품),중앙정밀,10,2
MJU65686703,Tube Connector,130,단품(가공품),중앙정밀,607,26
MJU65846918,TUBE CONNECTOR,130,단품(가공품),중앙정밀,68,2
MJU65868013,Tube Connector,130,단품(가공품),중앙정밀,808,11
MJU66366302,Tube Connector,130,단품(가공품),중앙정밀,1206,24
MJU66366303,Tube Connector,130,단품(가공품),중앙정밀,1206,24
MJU66366801,Tube Connector,130,단품(가공품),중앙정밀,1206,24
MJU66366802,Tube Connector,130,단품(가공품),중앙정밀,2224,23
MJU66470001,Tube Connector,130,단품(가공품),중앙정밀,1112,23
MJU66479501,Tube Connector,130,단품(가공품),중앙정밀,2422,31
MJU66571301,"Tube,Connector",130,단품(가공품),중앙정밀,1,1
MJU66571302+용접링,Connector+용접링,120,SUB,중앙정밀,827,53
MJU66571305+용접링,Connector+용접링,120,SUB,중앙정밀,827,53
MJU66571306+용접링,Connector+용접링,120,SUB,중앙정밀,827,53
MJU66571307,"Tube,Connector",130,단품(가공품),중앙정밀,5,1
MJU66571308+용접링,Connector+용접링,120,SUB,중앙정밀,4722,102
MJU66571310+용접링,Connector+용접링,120,SUB,중앙정밀,4603,98
MJU66571311+용접링,Connector+용접링,120,SUB,중앙정밀,3528,84
MJU66749603,Tube Connector,130,단품(가공품),중앙정밀,201,14
MJU66760006,Tube Connector,130,단품(가공품),중앙정밀,129,11
MJU66773002,"Tube,Connector",130,단품(가공품),중앙정밀,1117,63
MJU66799001,"Tube,Connector",130,단품(가공품),중앙정밀,3619,61
MJU66799002,"Tube,Connector",130,단품(가공품),중앙정밀,2696,56
MJU66824601,Tube Connector,130,단품(가공품),중앙정밀,365,31
MJU66824602,Tube Connector,130,단품(가공품),중앙정밀,365,31
MJU66824603,Tube Connector,130,단품(가공품),중앙정밀,365,31
MJU66870701,Tube Connector,130,단품(가공품),중앙정밀,542,21
MJU66871201,Tube Connector,130,단품(가공품),중앙정밀,14709,126
MJU66936605,Tube Connector,130,단품(가공품),중앙정밀,808,11
MJU66936608,Tube Connector,130,단품(가공품),중앙정밀,808,11
MJU66960904,"Tube,Connector",130,단품(가공품),중앙정밀,1932,85
MJU66960906,Tube Connector,130,단품(가공품),중앙정밀,2122,55
MJU66968102,Tube Connector,130,단품(가공품),중앙정밀,2122,55
4H01281C,"TUBE,PINCHOFF",130,단품(가공품),케이비,25,1
5210A21605N,"Tube, Connector",130,단품(가공품),케이비,80,1
5210A22520B,"Tube,Connector",130,단품(가공품),케이비,3581,51
5210A23376A,"Tube,Connector",130,단품(가공품),케이비,52883,27
5210A25793A,"Tube,Connector",130,단품(가공품),케이비,6,2
5210A25793B,"Tube,Connector",130,단품(가공품),케이비,6,2
5210A26787A,"Tube, Connector",130,단품(가공품),케이비,25,2
5210A26787B,"Tube, Connector",130,단품(가공품),케이비,25,2
5210A26787C,"Tube, Connector",130,단품(가공품),케이비,25,2
5210A26787D,"Tube, Connector",130,단품(가공품),케이비,25,2
5210A26787E,"Tube, Connector",130,단품(가공품),케이비,50,2
5210A26790B,"TUBE, CONNECTOR",130,단품(가공품),케이비,4,1
5210A26790E,"TUBE, CONNECTOR",130,단품(가공품),케이비,8,1
5210A26795A,"Tube,Connector",130,단품(가공품),케이비,126,4
5210A26795B,"Tube,Connector",130,단품(가공품),케이비,252,4
5210A26795C,"Tube,Connector",130,단품(가공품),케이비,126,4
5210A26795D,"Tube,Connector",130,단품(가공품),케이비,126,4
5210A26795E,"Tube,Connector",130,단품(가공품),케이비,126,4
5210A26795F,"Tube,Connector",130,단품(가공품),케이비,126,4
5210A26860A,"Tube, Connector",130,단품(가공품),케이비,25,3
5210A26861A,"Tube, Connector",130,단품(가공품),케이비,25,3
5210A26862A,"Tube, Connector",130,단품(가공품),케이비,25,3
5210A26863A,"Tube, Connector",130,단품(가공품),케이비,25,3
5210A26864A,"Tube, Connector",130,단품(가공품),케이비,25,3
5210A30999N,"TUBE, CONNECTOR",130,단품(가공품),케이비,200,5
5210A31619A,"Tube,Evaporator",130,단품(가공품),케이비,4,1
5210A31620A,"Tube,Evaporator",130,단품(가공품),케이비,4,1
5210A31621A,"Tube,Evaporator",130,단품(가공품),케이비,4,1
5210A31622A,"Tube,Evaporator",130,단품(가공품),케이비,4,1
5210A31623A,"Tube,Evaporator",130,단품(가공품),케이비,4,1
5210A31624A,"Tube,Evaporator",130,단품(가공품),케이비,4,1
5210A31625A,"Tube,Evaporator",130,단품(가공품),케이비,8,2
5210A31626A,"Tube,Evaporator",130,단품(가공품),케이비,4,1
5210A31627A,"Tube,Evaporator",130,단품(가공품),케이비,4,1
5211AP4052A,"Tube Assembly,Connector",130,단품(가공품),케이비,25,1
ACQ30662801-16-1,케이비 Sub,120,SUB,케이비,25,6
AHQ73469301-16-1,케이비 SUB,120,SUB,케이비,582,19
AJR30012101-16-1,케이비 sub,120,SUB,케이비,724,19
AJR30012101-16-2,케이비 sub,120,SUB,케이비,2779,66
AJR30012101-16-3,케이비 sub,120,SUB,케이비,2226,50
AJR30060704-16-1,케이비 sub,120,SUB,케이비,8997,25
AJR30060707,"Tube Assembly,Condenser(",110,ASSY,케이비,2,1
AJR30060707-16-1,케이비 sub,120,SUB,케이비,3344,8
AJR30061101,"Tube Assembly,Evaporator",110,ASSY,케이비,12019,29
AJR30102601-16-1,케이비 SUB,120,SUB,케이비,175,18
AJR30102601-16-2,케이비 SUB,120,SUB,케이비,782,24
AJR30102601-16-3,케이비 SUB,120,SUB,케이비,782,24
AJR30102602-16-1,케이비 SUB,120,SUB,케이비,607,15
AJR30106101-16-1,케이비sub,110,ASSY,케이비,34,4
AJR30106101-16-2,케이비 SUB,110,ASSY,케이비,34,4
AJR30123401-16-1,케이비 SUB,120,SUB,케이비,3356,32
AJR30123401-16-2,케이비 SUB,120,SUB,케이비,3252,29
AJR34739818,"Tube Assembly,Manifold(O",110,ASSY,케이비,1,1
AJR72953301-16-1,케이비 SUB,120,SUB,케이비,30,3
AJR74007502-16-1,케이비 SUB,120,SUB,케이비,2786,20
AJR74007502-16-2,케이비 SUB,120,SUB,케이비,2786,20
AJR74444508,"Tube Assembly,Condenser(",110,ASSY,케이비,1686,29
AJR74962904-16-1,케이비 sub,120,SUB,케이비,119,4
AJR75242816-16-1,AJR75242816-16-1,120,SUB,케이비,584,10
AJR75462802-16-1,케이비 sub,120,SUB,케이비,496,8
AJR75662347,"Tube Assembly,Discharge(",110,ASSY,케이비,3418,10
AJR75662350,"Tube Assembly,Discharge(",110,ASSY,케이비,54515,54
AJR75713001-16-1,케이비 Sub,120,SUB,케이비,3,1
AJR75744143-16-1,케이비 SUB,120,SUB,케이비,15,2
AJR77224518-16-1,케이비 SUB,120,SUB,케이비,336,10
MJU00695801,"Tube, Connector",130,단품(가공품),케이비,115,8
MJU00697601,"Tube, Connector",130,단품(가공품),케이비,130,8
MJU00698701,Tube Connector,130,단품(가공품),케이비,62,1
MJU00698901,Tube Connector,130,단품(가공품),케이비,31,1
MJU00699101,"Tube,Connector",130,단품(가공품),케이비,31,1
MJU00702203,"Tube, Connector",130,단품(가공품),케이비,10,1
MJU00702204,Tube Connector,130,단품(가공품),케이비,10,1
MJU00702501,Tube Connector,130,단품(가공품),케이비,10,1
MJU00702502,Tube Connector,130,단품(가공품),케이비,10,1
MJU00722805,"Tube,Connector",130,단품(가공품),케이비,25,6
MJU00722808,"Tube,Connector",130,단품(가공품),케이비,14,4
MJU00722811,"Tube,Connector",130,단품(가공품),케이비,14,4
MJU00722812,"Tube,Connector",130,단품(가공품),케이비,14,4
MJU00722813,4402 Connector,130,단품(가공품),케이비,14,4
MJU00722814,4402 Connector,130,단품(가공품),케이비,14,4
MJU00732401,"Tube,Suction",130,단품(가공품),케이비,12071,18
MJU00732801,"Tube,Connector",130,단품(가공품),케이비,535,20
MJU00732901,"Tube,Connector",130,단품(가공품),케이비,535,20
MJU00734301,"Tube,Connector",130,단품(가공품),케이비,535,20
MJU00734401,"Tube,Connector",130,단품(가공품),케이비,536,21
MJU00743301,"Tube,Connector",130,단품(가공품),케이비,1070,24
MJU00743601,"Tube,Connector",130,단품(가공품),케이비,1070,24
MJU00788201,"Tube,Connector",130,단품(가공품),케이비,86,5
MJU00788301,"Tube,Connector",130,단품(가공품),케이비,56,5
MJU00788302,"Tube,Connector",130,단품(가공품),케이비,56,5
MJU00788303,"Tube,Connector",220,캐필러리,케이비,56,5
MJU00788304,"Tube,Connector",130,단품(가공품),케이비,56,5
MJU00788305,"Tube,Connector",130,단품(가공품),케이비,112,5
MJU00788401,"Tube,Connector",130,단품(가공품),케이비,30,1
MJU00788402,"Tube,Connector",130,단품(가공품),케이비,56,5
MJU00788403,"Tube,Connector",130,단품(가공품),케이비,30,1
MJU00788404,"Tube,Connector",130,단품(가공품),케이비,26,4
MJU00788405,"Tube,Connector",130,단품(가공품),케이비,26,4
MJU30588601,Tube Connector,130,단품(가공품),케이비,5,1
MJU30588701,Tube Connector,130,단품(가공품),케이비,5,1
MJU30588801,Tube Connector,130,단품(가공품),케이비,5,1
MJU30588901,Tube Connector,130,단품(가공품),케이비,5,1
MJU30589001,Tube Connector,130,단품(가공품),케이비,5,1
MJU37361117,"TUBE, CONNECTOR",130,단품(가공품),케이비,20,2
MJU37361316,"TUBE, CONNECTOR",130,단품(가공품),케이비,5,1
MJU37361317,"TUBE, CONNECTOR",130,단품(가공품),케이비,5,1
MJU37361320,Tube Connector,130,단품(가공품),케이비,15,1
MJU37361321,Tube Connector,130,단품(가공품),케이비,15,1
MJU37499501,"Tube,Connector",130,단품(가공품),케이비,360,3
MJU38274201,"Tube,Connector",130,단품(가공품),케이비,306,12
MJU38274202,"Tube,Connector",130,단품(가공품),케이비,76,12
MJU38274203,"Tube,Connector",130,단품(가공품),케이비,89,8
MJU38274204,"Tube,Connector",130,단품(가공품),케이비,68,10
MJU41489502,"Tube,Connector",130,단품(가공품),케이비,45,3
MJU41491102,"Tube,Connector",130,단품(가공품),케이비,45,3
MJU41838701,"TUBE, CONNECTOR",130,단품(가공품),케이비,86,2
MJU41838702,"TUBE, CONNECTOR",130,단품(가공품),케이비,10,1
MJU41941910,"Tube,Connector",130,단품(가공품),케이비,3,1
MJU41942202,"Tube,Connector",130,단품(가공품),케이비,2,1
MJU41942216,"TUBE, CONNECTOR",130,단품(가공품),케이비,25,1
MJU42239001,"Tube,Connector",130,단품(가공품),케이비,90,4
MJU42239004,Tube Connector,130,단품(가공품),케이비,45,5
MJU42282712,"Tube,Connector",130,단품(가공품),케이비,5,1
MJU42316801,"Tube,Connector",130,단품(가공품),케이비,8,1
MJU42823801,Tube Connector,130,단품(가공품),케이비,30,2
MJU42823901,Tube Connector,130,단품(가공품),케이비,30,2
MJU42824001,Tube Connector,130,단품(가공품),케이비,60,2
MJU42933505,"Tube,Connector",130,단품(가공품),케이비,3,1
MJU42948301,"Tube,Connector",130,단품(가공품),케이비,120,1
MJU47213201,"Tube,Connector",130,단품(가공품),케이비,3,1
MJU54133202,"Tube,Suction",130,단품(가공품),케이비,5,1
MJU57152902,"Tube,Connector",130,단품(가공품),케이비,60,1
MJU57271806,"Tube,Suction",130,단품(가공품),케이비,70,2
MJU57271811,"Tube,Connector",130,단품(가공품),케이비,210,3
MJU57271814,"Tube,Connector",130,단품(가공품),케이비,40,1
MJU60436406,"Tube,Connector",130,단품(가공품),케이비,5,1
MJU60436412,"Tube,Connector",130,단품(가공품),케이비,5,1
MJU60436413,Tube Connector,130,단품(가공품),케이비,15,1
MJU60436608,"TUBE, CONNECTOR",130,단품(가공품),케이비,5,1
MJU60436609,"TUBE, CONNECTOR",130,단품(가공품),케이비,5,1
MJU60436625,Tube Connector,130,단품(가공품),케이비,15,1
MJU60436626,Tube Connector,130,단품(가공품),케이비,15,1
MJU61356001,"Tube,Connector",130,단품(가공품),케이비,22,2
MJU61722001,"Tube,Connector",130,단품(가공품),케이비,25,2
MJU61722101,"Tube,Connector",130,단품(가공품),케이비,25,2
MJU61880501,"Tube,Connector",130,단품(가공품),케이비,25,3
MJU61880502,"Tube,Connector",130,단품(가공품),케이비,25,3
MJU61880503,"Tube,Connector",130,단품(가공품),케이비,25,3
MJU61880601,"Tube,Connector",130,단품(가공품),케이비,30,4
MJU61880701,"Tube,Connector",130,단품(가공품),케이비,30,4
MJU61881601,"Tube,Connector",130,단품(가공품),케이비,30,3
MJU61882416,"Tube,Connector",130,단품(가공품),케이비,4,1
MJU61882601,"Tube,Connector",130,단품(가공품),케이비,2,1
MJU61882701,"Tube,Connector",130,단품(가공품),케이비,2,1
MJU61883101,"Tube,Connector",130,단품(가공품),케이비,2,1
MJU61883201,"Tube,Connector",130,단품(가공품),케이비,2,1
MJU61883301,"Tube,Connector",130,단품(가공품),케이비,19,4
MJU61884601,"Tube,Connector",130,단품(가공품),케이비,700,4
MJU61884602,"Tube,Connector",130,단품(가공품),케이비,70,4
MJU61884603,"Tube,Connector",130,단품(가공품),케이비,140,4
MJU61884604,"Tube,Connector",130,단품(가공품),케이비,70,4
MJU61885401,"Tube,Connector",130,단품(가공품),케이비,30,4
MJU61885501,"Tube,Connector",130,단품(가공품),케이비,30,4
MJU61885701,"Tube,Connector",130,단품(가공품),케이비,30,4
MJU61885801,"Tube,Connector",130,단품(가공품),케이비,30,4
MJU61886101,"Tube,Connector",130,단품(가공품),케이비,5,1
MJU61903201,"Tube,Connector",130,단품(가공품),케이비,5,1
MJU61903202,"Tube,Connector",130,단품(가공품),케이비,3,1
MJU61919701,"Tube,Connector",130,단품(가공품),케이비,5,1
MJU61919702,"Tube,Connector",130,단품(가공품),케이비,3,1
MJU61919905,"Tube,Connector",130,단품(가공품),케이비,3,1
MJU61926702,"Tube,Connector",130,단품(가공품),케이비,3,1
MJU61926803,"Tube,Connector",130,단품(가공품),케이비,3,1
MJU61926804,"Tube,Connector",130,단품(가공품),케이비,3,1
MJU61940004,"Tube,Connector",130,단품(가공품),케이비,40,3
MJU61940701,"Tube,Connector",130,단품(가공품),케이비,5,1
MJU61942801,"Tube,Connector",130,단품(가공품),케이비,65,3
MJU61942901,"Tube,Connector",130,단품(가공품),케이비,25,3
MJU61949501,"Tube,Connector",130,단품(가공품),케이비,837,61
MJU61949502,"Tube,Connector",130,단품(가공품),케이비,837,61
MJU61953603,"Tube,Connector",130,단품(가공품),케이비,3,1
MJU61953702,"Tube,Connector",130,단품(가공품),케이비,3,1
MJU61987003,"Tube,Connector",130,단품(가공품),케이비,183,5
MJU62066801,"Tube,Connector",130,단품(가공품),케이비,60,3
MJU62078201,Tube Connector,130,단품(가공품),케이비,839,36
MJU62078401,Tube Connector,130,단품(가공품),케이비,839,36
MJU62079801,Tube Connector,130,단품(가공품),케이비,839,36
MJU62096501,축관만 가공,130,단품(가공품),케이비,8515,10
MJU62207801,"Tube,Connector",130,단품(가공품),케이비,25,1
MJU62207802,"Tube,Connector",130,단품(가공품),케이비,25,1
MJU62287006,"Tube,Connector",130,단품(가공품),케이비,62,8
MJU62287008,"Tube,Connector",130,단품(가공품),케이비,197,21
MJU62357301,"Tube,Connector",130,단품(가공품),케이비,5,1
MJU62360301,Tube Connector,130,단품(가공품),케이비,27,3
MJU62360401,Tube Connector,130,단품(가공품),케이비,27,3
MJU62360501,Tube Connector,130,단품(가공품),케이비,27,3
MJU62360601,Tube Connector,130,단품(가공품),케이비,27,3
MJU62389801,"Tube,Connector",130,단품(가공품),케이비,5,1
MJU62390701,Tube Connector,130,단품(가공품),케이비,5,2
MJU62393501,"Tube,Connector",130,단품(가공품),케이비,27,3
MJU62393601,"Tube,Connector",130,단품(가공품),케이비,27,3
MJU62393806,"Tube,Connector",130,단품(가공품),케이비,48,4
MJU62406601,"Tube,Connector",130,단품(가공품),케이비,1254,74
MJU62406703,"Tube,Connector",130,단품(가공품),케이비,10,1
MJU62597001,"Tube,Connector",130,단품(가공품),케이비,30,4
MJU62597101,"Tube,Connector",130,단품(가공품),케이비,30,4
MJU62672402,"Tube,Connector",130,단품(가공품),케이비,2,1
MJU62692001,"Tube,Connector",130,단품(가공품),케이비,100,5
MJU62792001,"Tube,Connector",130,단품(가공품),케이비,62,8
MJU62792003,"Tube,Connector",130,단품(가공품),케이비,197,21
MJU62792301,"Tube,Connector",130,단품(가공품),케이비,62,8
MJU62792304,"Tube,Connector",130,단품(가공품),케이비,198,22
MJU62807413,"Tube,Connector",130,단품(가공품),케이비,90,5
MJU62808301,"Tube,Connector",130,단품(가공품),케이비,60,2
MJU62808401,"Tube,Connector",130,단품(가공품),케이비,60,2
MJU62808501,"Tube,Connector",130,단품(가공품),케이비,60,2
MJU62816201,"Tube,Connector",130,단품(가공품),케이비,129,6
MJU62816401,"Tube,Connector",130,단품(가공품),케이비,60,8
MJU62817603,Tube Connector,130,단품(가공품),케이비,5,1
MJU62818901,"Tube,Connector",130,단품(가공품),케이비,213,8
MJU62819201,"Tube,Connector",130,단품(가공품),케이비,126,5
MJU62819701,"Tube,Connector",130,단품(가공품),케이비,19,4
MJU62836101,"Tube,Connector",130,단품(가공품),케이비,126,5
MJU62836201,"Tube,Connector",130,단품(가공품),케이비,126,5
MJU62839701,"Tube,Connector",130,단품(가공품),케이비,5,1
MJU62841603,"Tube,Connector",130,단품(가공품),케이비,5,1
MJU62866401,"Tube,Connector",130,단품(가공품),케이비,177,6
MJU62866402,"Tube,Connector",230,SUB-ASS,케이비,60,4
MJU62912101,"Tube,Connector",130,단품(가공품),케이비,135,10
MJU62913103,Tube Connector,130,단품(가공품),케이비,1,1
MJU62913104,"Tube,Connector",130,단품(가공품),케이비,12,1
MJU62915301,"Tube,Connector",130,단품(가공품),케이비,455,3
MJU62915302,"Tube,Connector",130,단품(가공품),케이비,474,3
MJU62916122,"Tube,Connector",130,단품(가공품),케이비,2930,23
MJU62916123,"Tube,Connector",130,단품(가공품),케이비,2780,23
MJU62916124,"Tube,Connector",130,단품(가공품),케이비,5961,26
MJU62916125,"Tube,Connector",130,단품(가공품),케이비,6196,26
MJU62916126,"Tube,Connector",130,단품(가공품),케이비,115262,25
MJU62916127,"Tube,Connector",130,단품(가공품),케이비,2947,25
MJU62916128,"Tube,Connector",130,단품(가공품),케이비,3128,25
MJU62921203,"Tube,Connector",130,단품(가공품),케이비,20,2
MJU62921204,"Tube,Connector",130,단품(가공품),케이비,20,2
MJU62921209,"Tube,Connector",130,단품(가공품),케이비,5,1
MJU62921210,"Tube,Connector",130,단품(가공품),케이비,5,1
MJU62922201,"Tube,Connector",130,단품(가공품),케이비,128,5
MJU62968604,"Tube,Connector",130,단품(가공품),케이비,180,3
MJU62970901,"Tube,Connector",130,단품(가공품),케이비,19,3
MJU62971001,"Tube,Connector",130,단품(가공품),케이비,15,2
MJU62987402,"Tube,Connector",130,단품(가공품),케이비,7645,24
MJU62989201,"Tube,Connector",130,단품(가공품),케이비,70,6
MJU62989301,"Tube,Connector",130,단품(가공품),케이비,126,5
MJU62989601,"Tube,Connector",130,단품(가공품),케이비,25,3
MJU62993602,"Tube,Connector",130,단품(가공품),케이비,30,2
MJU62993603,"Tube,Connector",130,단품(가공품),케이비,132,2
MJU62993604,"Tube,Connector",130,단품(가공품),케이비,12,1
MJU62993606,"Tube,Connector",130,단품(가공품),케이비,18,2
MJU62993607,Tube Connector,130,단품(가공품),케이비,30,2
MJU62993610,"Tube,Connector",130,단품(가공품),케이비,6,1
MJU62993705,"Tube,Connector",130,단품(가공품),케이비,116,1
MJU62993710,"Tube,Conncetor",130,단품(가공품),케이비,20,1
MJU62993711,"Tube,Conncetor",130,단품(가공품),케이비,14,1
MJU62998002,"Tube,Connector",130,단품(가공품),케이비,3,1
MJU62998101,"Tube,Connector",130,단품(가공품),케이비,3,1
MJU62998102,"Tube,Connector",130,단품(가공품),케이비,3,1
MJU62998402,"Tube,Connector",130,단품(가공품),케이비,5,1
MJU63000401,"Tube,Connector",130,단품(가공품),케이비,5,1
MJU63000402,"Tube,Connector",130,단품(가공품),케이비,5,1
MJU63000403,"Tube,Connector",130,단품(가공품),케이비,5,1
MJU63001010,"Tube,Connector",130,단품(가공품),케이비,5,1
MJU63006501,"Tube,Connector",130,단품(가공품),케이비,60,2
MJU63009001,"Tube,Connector",130,단품(가공품),케이비,20,3
MJU63009002,"Tube,Connector",130,단품(가공품),케이비,50,3
MJU63009004,"Tube,Connector",130,단품(가공품),케이비,29,3
MJU63010004,"Tube,Connector",130,단품(가공품),케이비,1428,21
MJU63010005,"Tube,Connector",130,단품(가공품),케이비,714,21
MJU63010006,"Tube,Connector",130,단품(가공품),케이비,714,21
MJU63032113,Tube Connector,130,단품(가공품),케이비,5,1
MJU63032114,Tube Connector,130,단품(가공품),케이비,5,1
MJU63037905,"Tube,Connector",130,단품(가공품),케이비,2,1
MJU63058301,"Tube,Connector",130,단품(가공품),케이비,1871,35
MJU63058302,"Tube,Connector",130,단품(가공품),케이비,1859,35
MJU63058303,"Tube,Connector",130,단품(가공품),케이비,5629,35
MJU63058304,"Tube,Connector",130,단품(가공품),케이비,1855,35
MJU63058305,"Tube,Connector",130,단품(가공품),케이비,1871,35
MJU63067407,"Tube,Connector",130,단품(가공품),케이비,20,1
MJU63067507,"Tube,Connector",130,단품(가공품),케이비,20,1
MJU63067601,"Tube,Connector",130,단품(가공품),케이비,38,5
MJU63083401,"Tube,Connector",130,단품(가공품),케이비,90,8
MJU63083601,"Tube,Connector",130,단품(가공품),케이비,34,6
MJU63083701,"Tube,Connector",130,단품(가공품),케이비,34,6
MJU63113701,"Tube,Connector",130,단품(가공품),케이비,12,1
MJU63113801,"Tube,Connector",130,단품(가공품),케이비,3,1
MJU63122901,"Tube,Connector",130,단품(가공품),케이비,3,1
MJU63146301,"Tube,Connector",130,단품(가공품),케이비,50,3
MJU63152001,"Tube,Connector",130,단품(가공품),케이비,3,1
MJU63152201,"Tube,Connector",130,단품(가공품),케이비,3,1
MJU63160501,"Tube,Connector",130,단품(가공품),케이비,10,1
MJU63208001,"Tube,Connector",130,단품(가공품),케이비,34,6
MJU63208803,"Tube,Connector",130,단품(가공품),케이비,3,1
MJU63208804,"Tube,Connector",130,단품(가공품),케이비,6,1
MJU63208805,"Tube,Connector",130,단품(가공품),케이비,3,1
MJU63208806,"Tube,Connector",130,단품(가공품),케이비,12,1
MJU63208807,"Tube,Connector",130,단품(가공품),케이비,6,1
MJU63234801,"Tube,Connector",130,단품(가공품),케이비,49,7
MJU63234802,"Tube,Connector",130,단품(가공품),케이비,20,1
MJU63310701,"Tube,Connector",130,단품(가공품),케이비,3,1
MJU63310702,"Tube,Connector",130,단품(가공품),케이비,20,2
MJU63336102,"Tube,Connector",130,단품(가공품),케이비,3,1
MJU63336103,"Tube,Connector",130,단품(가공품),케이비,3,1
MJU63337501,"Tube,Connector",130,단품(가공품),케이비,8,2
MJU63341510,Tube Discharge,130,단품(가공품),케이비,3,1
MJU63406104,"Tube,Connector",130,단품(가공품),케이비,30,4
MJU63406105,"Tube,Connector",130,단품(가공품),케이비,4,2
MJU63407201,"Tube,Connector",130,단품(가공품),케이비,100,1
MJU63407305,"Tube,Connector",130,단품(가공품),케이비,15,2
MJU63407306,"Tube,Connector",130,단품(가공품),케이비,20,3
MJU63407307,"Tube,Connector",130,단품(가공품),케이비,15,2
MJU63407308,"Tube,Connector",130,단품(가공품),케이비,15,2
MJU63426601,"Tube,Connector",130,단품(가공품),케이비,129,6
MJU63426701,"Tube,Connector",130,단품(가공품),케이비,3,1
MJU63429801,"Tube,Connector",130,단품(가공품),케이비,135,8
MJU63436601,"Tube,Conncetor",130,단품(가공품),케이비,754,59
MJU63447303,"Tube,Connector",130,단품(가공품),케이비,5,1
MJU63467005,"Tube,Connector",130,단품(가공품),케이비,5,1
MJU63467201,"Tube,Connector",130,단품(가공품),케이비,20,1
MJU63467701,"Tube,Connector",130,단품(가공품),케이비,34,6
MJU63470916,"Tube,Connector",130,단품(가공품),케이비,110,4
MJU63470920,"Tube,Connector",130,단품(가공품),케이비,20,1
MJU63479112,"Tube,Connector",130,단품(가공품),케이비,45,5
MJU63482704,"Tube,Connector",130,단품(가공품),케이비,3,1
MJU63502401,"Tube,Connector",130,단품(가공품),케이비,66,7
MJU63509602,"Tube,Connector",130,단품(가공품),케이비,1125,12
MJU63509916,"Tube,Connector",130,단품(가공품),케이비,10,1
MJU63509917,"Tube,Connector",130,단품(가공품),케이비,10,1
MJU63509918,"Tube,Connector",130,단품(가공품),케이비,10,1
MJU63509919,"Tube,Connector",130,단품(가공품),케이비,40,1
MJU63509920,"Tube,Connector",130,단품(가공품),케이비,10,1
MJU63510701,"Tube,Connector",130,단품(가공품),케이비,1125,12
MJU63510702,"Tube,Connector",130,단품(가공품),케이비,1125,12
MJU63526201,"Tube,Connector",130,단품(가공품),케이비,3,1
MJU63526202,"Tube,Connector",130,단품(가공품),케이비,3,1
MJU63526203,"Tube,Connector",130,단품(가공품),케이비,3,1
MJU63526204,"Tube,Connector",130,단품(가공품),케이비,3,1
MJU63526205,"Tube,Connector",130,단품(가공품),케이비,3,1
MJU63526206,"Tube,Connector",130,단품(가공품),케이비,3,1
MJU63616501,"Tube,Connector",130,단품(가공품),케이비,55,5
MJU63616504,"Tube,Connector",130,단품(가공품),케이비,75,5
MJU63616601,"Tube,Connector",130,단품(가공품),케이비,55,5
MJU63616605,"Tube,Connector",130,단품(가공품),케이비,75,5
MJU63616901,"Tube,Connector",130,단품(가공품),케이비,130,10
MJU63617301,"Tube,Connector",130,단품(가공품),케이비,130,10
MJU63618202,"Tube,Connector",130,단품(가공품),케이비,10,2
MJU63626311,"Tube,Connector",130,단품(가공품),케이비,30,1
MJU63648401,"Tube,Connector",130,단품(가공품),케이비,130,10
MJU63706501,"Tube,Connector",130,단품(가공품),케이비,708,22
MJU63706901-01,"Tube,Connector",130,단품(가공품),케이비,22038,97
MJU63713901,"Tube,Connector",130,단품(가공품),케이비,2146,69
MJU63714001,"Tube,Connector",130,단품(가공품),케이비,1008,67
MJU63714003,"Tube,Connector",130,단품(가공품),케이비,65,3
MJU63714101,"Tube,Connector",130,단품(가공품),케이비,1008,67
MJU63714102,"Tube,Connector",130,단품(가공품),케이비,65,3
MJU63730503,"Tube,Connector",130,단품(가공품),케이비,2,1
MJU63730504,"Tube,Connector",130,단품(가공품),케이비,2,1
MJU63730505,"Tube,Connector",130,단품(가공품),케이비,2,1
MJU63751002,Tube Connector,130,단품(가공품),케이비,708,22
MJU63754102,"Tube,Connector",130,단품(가공품),케이비,20,1
MJU63787801,"Tube,Connector",130,단품(가공품),케이비,4471,72
MJU63908201,Tube Connector,130,단품(가공품),케이비,20,2
MJU63947901,Tube Connector,130,단품(가공품),케이비,15,2
MJU64032301,Tube Connector,130,단품(가공품),케이비,15,1
MJU64050301,"Tube,Connector",130,단품(가공품),케이비,26,3
MJU64050302,"Tube,Connector",130,단품(가공품),케이비,25,2
MJU64050303,"Tube,Connector",130,단품(가공품),케이비,25,2
MJU64226404,"Tube,Connector",130,단품(가공품),케이비,70,16
MJU64287701,"TUBE, CONNECTOR",130,단품(가공품),케이비,576,12
MJU64329103,"Tube,Connector",130,단품(가공품),케이비,1705,15
MJU64329104,"Tube,Connector",130,단품(가공품),케이비,310,15
MJU64329105,"Tube,Connector",130,단품(가공품),케이비,155,15
MJU64329106,"Tube,Connector",130,단품(가공품),케이비,155,15
MJU64329109,"Tube,Connector",130,단품(가공품),케이비,155,15
MJU64407201,"TUBE, CONNECTOR",130,단품(가공품),케이비,7810,109
MJU64408006,"TUBE, MANIFOLD",130,단품(가공품),케이비,3,1
MJU64408007,"Tube,Connector",130,단품(가공품),케이비,3,1
MJU64427301,"Tube,Connector",130,단품(가공품),케이비,10,2
MJU64427701,"Tube,Connector",130,단품(가공품),케이비,2153,34
MJU64428201,"Tube,Connector",130,단품(가공품),케이비,45,4
MJU64428601-1,"Tube,Connector",130,단품(가공품),케이비,91,13
MJU64428702,"Tube,Connector",130,단품(가공품),케이비,488,23
MJU64428703,"Tube,Connector",130,단품(가공품),케이비,488,23
MJU64428801,Tube Connector,130,단품(가공품),케이비,45,4
MJU64429224,Tube Connector,130,단품(가공품),케이비,40,2
MJU64429225,Tube Connector,130,단품(가공품),케이비,40,2
MJU64429226,Tube Connector,130,단품(가공품),케이비,40,2
MJU64429227,Tube Connector,130,단품(가공품),케이비,40,2
MJU64431914,"Tube,Connector",130,단품(가공품),케이비,235,4
MJU64431915,"Tube,Connector",130,단품(가공품),케이비,210,3
MJU64431916,"Tube,Connector",130,단품(가공품),케이비,230,4
MJU64687502,"TUBE, CONNECTOR",130,단품(가공품),케이비,4390,97
MJU64688201,"TUBE, CONNECTOR",130,단품(가공품),케이비,4102,58
MJU64688202,"TUBE, CONNECTOR",130,단품(가공품),케이비,901,22
MJU64708703,"Tube,Connector",130,단품(가공품),케이비,5,1
MJU64708801,"Tube,Connector",130,단품(가공품),케이비,45,4
MJU64711201,"Tube,Connector",130,단품(가공품),케이비,115,12
MJU64711202,"Tube,Connector",130,단품(가공품),케이비,115,12
MJU64711203,"Tube,Connector",130,단품(가공품),케이비,115,12
MJU64711204,"Tube,Connector",130,단품(가공품),케이비,115,12
MJU64711205,"Tube,Connector",130,단품(가공품),케이비,115,12
MJU64711301,"Tube,Connector",130,단품(가공품),케이비,115,12
MJU64711302,"Tube,Connector",130,단품(가공품),케이비,115,12
MJU64711303,"Tube,Connector",130,단품(가공품),케이비,115,12
MJU64711304,"Tube,Connector",130,단품(가공품),케이비,115,12
MJU64711305,"Tube,Connector",130,단품(가공품),케이비,115,12
MJU64731605,"Tube,Connector",130,단품(가공품),케이비,482,13
MJU64749001,"Tube,Connector",130,단품(가공품),케이비,238,6
MJU64773401,"Tube,Connector",130,단품(가공품),케이비,48,1
MJU64773402,"Tube,Connector",130,단품(가공품),케이비,3,1
MJU64773403,"Tube,Connector",130,단품(가공품),케이비,3,1
MJU64787001,"Tube,Connector",130,단품(가공품),케이비,884,21
MJU64787402,"Tube,Connector",130,단품(가공품),케이비,1079,34
MJU64790804,"TUBE, CONNECTOR",130,단품(가공품),케이비,25,2
MJU64809901,"Tube,Connector",130,단품(가공품),케이비,885,15
MJU64809902,"Tube,Connector",130,단품(가공품),케이비,886,15
MJU64809903,"Tube,Connector",130,단품(가공품),케이비,886,15
MJU64809904,"Tube,Connector",130,단품(가공품),케이비,886,15
MJU64809905,"Tube,Connector",130,단품(가공품),케이비,885,15
MJU64809906,"Tube,Connector",130,단품(가공품),케이비,888,15
MJU64809912,"Tube,Connector",130,단품(가공품),케이비,874,14
MJU64809913,"Tube,Connector",130,단품(가공품),케이비,885,15
MJU64809914,"Tube,Connector",130,단품(가공품),케이비,886,15
MJU64809915,"Tube,Connector",130,단품(가공품),케이비,1188,19
MJU64809916,"Tube,Connector",130,단품(가공품),케이비,925,18
MJU64809917,"Tube,Connector",130,단품(가공품),케이비,886,15
MJU64809918,"Tube,Connector",130,단품(가공품),케이비,888,15
MJU64831101,"Tube,Connector",130,단품(가공품),케이비,10,2
MJU64850701,"TUbe,Conector",130,단품(가공품),케이비,307,23
MJU64850702,"Tube, Connector",130,단품(가공품),케이비,307,23
MJU64850703,"Tube,Connector",130,단품(가공품),케이비,614,23
MJU64856901,"Tube,Connector",130,단품(가공품),케이비,896,24
MJU64867635,"Tube, Connector",130,단품(가공품),케이비,3,1
MJU64868534,"Tube,Connector",130,단품(가공품),케이비,1205,2
MJU64868549,"Tube,Connector",130,단품(가공품),케이비,1380,1
MJU64868550,"Tube,Connector",130,단품(가공품),케이비,2890,1
MJU64870520,"TUbe, Connector",130,단품(가공품),케이비,489,9
MJU64874401,"Tube,Connector",130,단품(가공품),케이비,10,2
MJU64874501,"Tube,Connector",130,단품(가공품),케이비,10,2
MJU64890925,"Tube,Connector",130,단품(가공품),케이비,4,2
MJU64890926,"Tube,Connector",130,단품(가공품),케이비,4,2
MJU64910601,"Tube,Connector",130,단품(가공품),케이비,14,2
MJU64930001,"Tube,Connector",130,단품(가공품),케이비,33,6
MJU64930002,"Tube,Connector",130,단품(가공품),케이비,67,7
MJU64961301,Tube Connector,130,단품(가공품),케이비,912,28
MJU64961302,Tube Connector,130,단품(가공품),케이비,912,28
MJU64961303,Tube Connector,130,단품(가공품),케이비,6384,28
MJU64961304,Tube Connector,130,단품(가공품),케이비,912,28
MJU64961305,Tube Connector,130,단품(가공품),케이비,912,28
MJU64961306,Tube Connector,130,단품(가공품),케이비,912,28
MJU64964403,Tube Connector,130,단품(가공품),케이비,3,1
MJU64966203,Tube Discharge,130,단품(가공품),케이비,3,1
MJU64967601,"Tube,Connector",130,단품(가공품),케이비,488,23
MJU64980101,"Tube,Connector",130,단품(가공품),케이비,9,2
MJU64980102,"Tube,Connector",130,단품(가공품),케이비,9,2
MJU64987002,"Tube,Connector",130,단품(가공품),케이비,3,1
MJU64988901,"Tube,Connector",130,단품(가공품),케이비,15,2
MJU65008415,"Tube,Connector",130,단품(가공품),케이비,4,2
MJU65030901,"Tube,Connector",130,단품(가공품),케이비,30,3
MJU65030902,"Tube,Connector",130,단품(가공품),케이비,30,3
MJU65030914,"Tube,Connector",130,단품(가공품),케이비,30,3
MJU65030915,"Tube,Connector",130,단품(가공품),케이비,30,3
MJU65048501,"Tube,Connector",130,단품(가공품),케이비,34,6
MJU65048502,"TUBE, CONNECTOR",130,단품(가공품),케이비,408,6
MJU65048504,"TUBE, CONNECTOR",130,단품(가공품),케이비,34,6
MJU65048701,"Tube,Connector",130,단품(가공품),케이비,34,6
MJU65048703,"Tube,Connector",130,단품(가공품),케이비,34,6
MJU65048704,"Tube,Connector",130,단품(가공품),케이비,34,6
MJU65048705,"Tube,Connector",130,단품(가공품),케이비,34,6
MJU65048708,"Tube,Connector",130,단품(가공품),케이비,34,6
MJU65149401,"Tube,Connector",130,단품(가공품),케이비,9,2
MJU65149403,"Tube,Connector",130,단품(가공품),케이비,9,2
MJU65149407,"Tube,Connector",130,단품(가공품),케이비,9,2
MJU65166801,"Tube,Connector",130,단품(가공품),케이비,9,3
MJU65166802,"Tube,Connector",130,단품(가공품),케이비,9,3
MJU65166803,"Tube,Connector",130,단품(가공품),케이비,9,3
MJU65207201,"Tube,Connector",130,단품(가공품),케이비,299,22
MJU65207202,"Tube,Connector",130,단품(가공품),케이비,300,23
MJU65207301,"Tube,Connector",130,단품(가공품),케이비,299,22
MJU65207302,"Tube,Connector",130,단품(가공품),케이비,299,22
MJU65207304,"Tube,Connector",130,단품(가공품),케이비,598,22
MJU65247403,"Tube,Connector",130,단품(가공품),케이비,160,6
MJU65247404,"Tube,Connector",130,단품(가공품),케이비,160,6
MJU65247405,"Tube,Connector",130,단품(가공품),케이비,1080,7
MJU65247406,"Tube,Connector",130,단품(가공품),케이비,160,6
MJU65247407,"Tube,Connector",130,단품(가공품),케이비,160,6
MJU65247408,"Tube,Connector",130,단품(가공품),케이비,30,2
MJU65247409,"Tube,Connector",130,단품(가공품),케이비,30,2
MJU65486416,"Tube,Connector",130,단품(가공품),케이비,245,10
MJU65516635,Tube Connector,130,단품(가공품),케이비,425,1
MJU65588310,"Tube,Connector",130,단품(가공품),케이비,245,10
MJU65626401,Tube Connector,130,단품(가공품),케이비,15,3
MJU65626402,TUbe Connector,130,단품(가공품),케이비,15,3
MJU65626502,Tube Connector,130,단품(가공품),케이비,5,1
MJU65686706,Tube Connector,130,단품(가공품),케이비,31,1
MJU65749902,"Tube, Connector",130,단품(가공품),케이비,4890,9
MJU65749904,"Tube, Connector",130,단품(가공품),케이비,4401,9
MJU65966704,"Tube,Connector",130,단품(가공품),케이비,18,1
MJU66366306,Tube Connector,130,단품(가공품),케이비,1409,32
MJU66480602,Tube Connector,130,단품(가공품),케이비,2105,69
MJU66480701,Tube Connector,130,단품(가공품),케이비,5516,102
MJU66480703,Tube Connector,130,단품(가공품),케이비,2105,69
MJU66483601,"Tube,Connector",130,단품(가공품),케이비,255,21
MJU66503304,"Tube,Connector",130,단품(가공품),케이비,391,9
MJU66503305,"Tube,Connector",130,단품(가공품),케이비,7529,93
MJU66507046,"Tube,Connector",130,단품(가공품),케이비,1491,29
MJU66507054,"Tube,Connector",130,단품(가공품),케이비,1491,29
MJU66507055,"Tube,Connector",130,단품(가공품),케이비,1491,29
MJU66508202,"Tube,Connector",130,단품(가공품),케이비,30,1
MJU66508203,"Tube,Connector",130,단품(가공품),케이비,5,1
MJU66526301,"Tube,Connector",130,단품(가공품),케이비,92,9
MJU66526303,"Tube,Connector",130,단품(가공품),케이비,46,9
MJU66526306,"Tube,Connector",130,단품(가공품),케이비,46,9
MJU66526307,"Tube,Connector",130,단품(가공품),케이비,46,9
MJU66527901,"Tube,Connector",130,단품(가공품),케이비,10,2
MJU66527902,"Tube,Connector",130,단품(가공품),케이비,10,2
MJU66527903,"Tube,Connector",130,단품(가공품),케이비,10,2
MJU66528001,"Tube,Connector",130,단품(가공품),케이비,10,2
MJU66528002,"Tube,Connector",130,단품(가공품),케이비,10,2
MJU66528003,"Tube,Connector",130,단품(가공품),케이비,10,2
MJU66548505,"Tube,Connector",130,단품(가공품),케이비,5,1
MJU66548901,"Tube,Connector",130,단품(가공품),케이비,5,1
MJU66566802,"Tube,Connector",130,단품(가공품),케이비,453,4
MJU66566803,"Tube,Connector",130,단품(가공품),케이비,450,3
MJU66566911,"Tube,Connector",130,단품(가공품),케이비,415,6
MJU66567002,"Tube,Connector",130,단품(가공품),케이비,442,8
MJU66571203,"Tube,Connector",130,단품(가공품),케이비,5138,100
MJU66572001,"Tube,Connector",130,단품(가공품),케이비,7899,57
MJU66746801,Tube Connector,130,단품(가공품),케이비,2105,69
MJU66746901,Tube Connector,130,단품(가공품),케이비,2105,69
MJU66763502,Tube Connector,130,단품(가공품),케이비,282,29
MJU66773702,Tube Connector,130,단품(가공품),케이비,820,24
MJU66773703,Tube Connector,130,단품(가공품),케이비,820,24
MJU66777902,"Tube,Connector",130,단품(가공품),케이비,45,4
MJU66779316,Tube Connector,130,단품(가공품),케이비,16,3
MJU66832708,"Tube,Connector",130,단품(가공품),케이비,10,1
MJU66845505,Tube Connector,130,단품(가공품),케이비,4381,53
MJU66845506,Tube Connector,130,단품(가공품),케이비,4381,53
MJU66845507,Tube Connector,130,단품(가공품),케이비,4381,53
MJU66845508,Tube Connector,130,단품(가공품),케이비,4381,53
MJU66845509,Tube Connector,130,단품(가공품),케이비,4381,53
MJU66868008,"Tube,Connector",130,단품(가공품),케이비,5,1
MJU66868010,"Tube,Connector",130,단품(가공품),케이비,5,1
MJU66868011,"Tube,Connector",130,단품(가공품),케이비,15,1
MJU66868608,"Tube,Connector",130,단품(가공품),케이비,60,3
MJU66899402,"Tube,Connector",130,단품(가공품),케이비,12076,19
MJU66899503,Tube Condenser,130,단품(가공품),케이비,10,1
MJU66900103,"Tube,Connector",130,단품(가공품),케이비,10,1
MJU66908501,"Tube,Connector",130,단품(가공품),케이비,10,1
MJU66908502,"Tube,Connector",130,단품(가공품),케이비,10,1
MJU66908503,"Tube,Connector",130,단품(가공품),케이비,10,1
MJU66908504,"Tube,Connector",130,단품(가공품),케이비,10,1
MJU66909102,Tube Connector,130,단품(가공품),케이비,10,2
MJU66909103,Tube Connector,130,단품(가공품),케이비,10,2
MJU66909104,Tube Connector,130,단품(가공품),케이비,10,2
MJU66928207,"Tube, Connector",130,단품(가공품),케이비,2055,23
MJU66928209,"Tube, Connector",130,단품(가공품),케이비,1966,31
MJU66928316,"Tube,Connector",130,단품(가공품),케이비,6030,12
MJU66932516,"Tube,Connector",130,단품(가공품),케이비,34,5
MJU66936609,Tube Connector,130,단품(가공품),케이비,1646,18
MJU66954302,"Tube,Connector",130,단품(가공품),케이비,40,12
MJU66954307,"Tube,Connector",130,단품(가공품),케이비,60,17
MJU66954404,"Tube, Connector ",110,ASSY,케이비,49,13
MJU66954411,"Tube,Connector",130,단품(가공품),케이비,25,6
MJU66954604,"Tube, Connector",130,단품(가공품),케이비,203,12
MJU66954609,"Tube, Connector",130,단품(가공품),케이비,203,12
MJU66954706,"Tube, Connector ",130,단품(가공품),케이비,203,14
MJU66954708,"Tube, Connector",130,단품(가공품),케이비,203,14
MJU66954709," Tube, Connector",130,단품(가공품),케이비,203,14
MJU66980602,"Tube, Manifold",130,단품(가공품),케이비,3074,20
MJU66980603,"Tube, Manifold",130,단품(가공품),케이비,5907,20
MJU66980604,"Tube, Manifold",130,단품(가공품),케이비,5989,20
MJU66980605,"Tube, Manifold",130,단품(가공품),케이비,34002,20
MJU66980606,"Tube, Manifold",130,단품(가공품),케이비,3074,20
MJU66997104,"Tube, Connector",130,단품(가공품),케이비,967,17
MJU66997106,"Tube, Connector",130,단품(가공품),케이비,989,17
MJU66997107,"Tube, Connector",130,단품(가공품),케이비,996,16
MJU66997201,"Tube, Connector",130,단품(가공품),케이비,974,17
MJU66997202,"Tube, Connector",130,단품(가공품),케이비,985,17
MJU66997203,"Tube, Connector",130,단품(가공품),케이비,1004,17
MJU66997204,"Tube, Connector",130,단품(가공품),케이비,42,4
MJU66997205,"Tube, Connector",130,단품(가공품),케이비,940,16
MJU66999302,"Tube, Connector",130,단품(가공품),케이비,20,1
MJU66999305,"Tube, Connector",130,단품(가공품),케이비,10,1
MJU66999306,"Tube, Connector",130,단품(가공품),케이비,20,1
MJU66999307,"Tube, Connector",130,단품(가공품),케이비,10,1
MJU67039401,"Tube, Connector",130,단품(가공품),케이비,104,1
MJU67039402,"Tube, Connector",130,단품(가공품),케이비,104,1
